run_id,scenario_id,rate_regime,replication,parameter_set_id,cumulative_new_credit,cumulative_output,shock
c040d0bd380c4f1b5ac10dd6,local_calibrated_baseline,administered,0,baseline-calibrated,10.637189756101993,2868.2361874874537,False
286ae883a1770a6e372117cd,local_calibrated_baseline,administered,1,baseline-calibrated,12.45937306717657,2941.8577000097152,False
421adb2c4bbfd85fb22c4ca8,local_calibrated_baseline,administered,2,baseline-calibrated,6.073944370248577,3119.4979232758724,False
22befaf39d8d9b261d343d29,local_calibrated_baseline,administered,3,baseline-calibrated,14.811079733606144,2924.9670641824846,False
7f4664edad9cf70a724c3bee,local_calibrated_baseline,administered,4,baseline-calibrated,8.927736739578274,3023.3487710382337,False
ea35bb00bc19a6dadf107188,local_calibrated_baseline,administered,5,baseline-calibrated,21.881773949228847,2824.4459650583426,False
bb5636fe96c57268b339c5d8,local_calibrated_baseline,administered,6,baseline-calibrated,13.300380749210985,2836.00397427095,False
7aa93934e14f0acfd0b3ab61,local_calibrated_baseline,administered,7,baseline-calibrated,7.3957035991689155,2903.0650483933027,False
3b29d9054780e7c56c3c6871,local_calibrated_baseline,administered,8,baseline-calibrated,17.256231698039542,2960.8806222388507,False
b5179eeff995808af9eb0bb0,local_calibrated_baseline,administered,9,baseline-calibrated,3.782710918143563,2929.388597864456,False
ca6374cc32aedb043cb359dc,local_calibrated_baseline,administered,10,baseline-calibrated,13.518419777886574,2919.7699256122664,False
7aa24fe0aea166cbd1a5419a,local_calibrated_baseline,administered,11,baseline-calibrated,9.475409351007766,2923.3530147965134,False
7d70cd2e0741c5b12b28ceb2,local_calibrated_baseline,administered,12,baseline-calibrated,13.44054869621672,2641.58115019706,False
8a8a5525c60469a62c1b9fcf,local_calibrated_baseline,administered,13,baseline-calibrated,8.30105730600639,3019.7654089354282,False
0bba9544a40bb3b553d53fa5,local_calibrated_baseline,administered,14,baseline-calibrated,5.778034259903134,2954.572020531389,False
dbbab30ec6b33a9b50389bb2,local_calibrated_baseline,administered,15,baseline-calibrated,10.943689221137879,2819.62169523572,False
5c52425db0b2a6538f210c04,local_calibrated_baseline,administered,16,baseline-calibrated,15.045342331261281,2901.3803805173743,False
11bdbbe1456ddfafdca97d59,local_calibrated_baseline,administered,17,baseline-calibrated,9.889627372071402,3000.1976242160486,False
1c38cdb6710441bd7d7306fe,local_calibrated_baseline,administered,18,baseline-calibrated,5.139491390210335,2945.1633904627324,False
38366fd7996bc4cca8712f5a,local_calibrated_baseline,administered,19,baseline-calibrated,10.94867408278141,2819.508991154929,False
502fb6d591c514af085e2b77,local_calibrated_baseline,market,0,baseline-calibrated,6.136241235584459,2858.767973706083,False
45349c5ddbb3fbd69192ad60,local_calibrated_baseline,market,1,baseline-calibrated,6.089518586582548,2929.684515302227,False
6054991e483891af53d168ad,local_calibrated_baseline,market,2,baseline-calibrated,3.0058237524563474,3113.0095500203097,False
86e463d6aac2add9026d88ad,local_calibrated_baseline,market,3,baseline-calibrated,8.11416670999874,2917.3275029381575,False
35e5405a5cb38d84a1401ac2,local_calibrated_baseline,market,4,baseline-calibrated,3.9714251651625316,3013.290045528241,False
76b2fa07b6560d461f3035d7,local_calibrated_baseline,market,5,baseline-calibrated,13.456122912550695,2813.487485561618,False
3f6bb0c472ccb9a797698355,local_calibrated_baseline,market,6,baseline-calibrated,7.475623840305942,2823.844945316393,False
bc5b412491397adc98f98f12,local_calibrated_baseline,market,7,baseline-calibrated,2.8500815891166402,2895.534968857104,False
8d278e96e71da517acf4516f,local_calibrated_baseline,market,8,baseline-calibrated,8.425651036678152,2946.5569783733795,False
ae4d14aaccb7697953485744,local_calibrated_baseline,market,9,baseline-calibrated,1.2459373067176567,2925.0155440086887,False
324b99a246203095cba532a8,local_calibrated_baseline,market,10,baseline-calibrated,7.132991080958585,2911.365633553444,False
89c672ec7a9832b888338ada,local_calibrated_baseline,market,11,baseline-calibrated,3.644366622149146,2913.7963645820932,False
b21982258d41bbb6f3f39509,local_calibrated_baseline,market,12,baseline-calibrated,8.09859249366477,2636.8508062038386,False
3a8033f7f5b76d54e464ff71,local_calibrated_baseline,market,13,baseline-calibrated,6.852655186947111,3014.335943304434,False
4ee70fc3b0257a32b474aacd,local_calibrated_baseline,market,14,baseline-calibrated,3.737811920152971,2951.3956608501494,False
96b0aadb2e231d55aba85bc0,local_calibrated_baseline,market,15,baseline-calibrated,2.3049840174276652,2805.9537154228065,False
bcbda9016603696c302a971b,local_calibrated_baseline,market,16,baseline-calibrated,8.269908873338446,2894.9973821714866,False
0be4bbbf0cf4f651a803fa3f,local_calibrated_baseline,market,17,baseline-calibrated,7.89612768132315,2992.9750106244405,False
c9e01d058ad631f437d9a6da,local_calibrated_baseline,market,18,baseline-calibrated,3.4419018098075274,2941.8372496644824,False
53db9729b5c1e8e2c0912912,local_calibrated_baseline,market,19,baseline-calibrated,5.809182692571075,2814.808314812634,False
4a3f9e6bf1e8950153463837,local_calibrated_shock,administered,0,baseline-calibrated,14.300759678415305,2890.7195716017154,True
34ef729dd3efdd3a8755c7c9,local_calibrated_shock,administered,1,baseline-calibrated,16.956428033610607,2956.1705467891657,True
def4fe15e309963a1484e2d6,local_calibrated_shock,administered,2,baseline-calibrated,8.234866886587012,3122.106210836346,True
ad453de0422c61f624570de2,local_calibrated_shock,administered,3,baseline-calibrated,18.06609094740603,2934.2503965098717,True
0da8e430a9baf18b1ce53f9e,local_calibrated_shock,administered,4,baseline-calibrated,13.129578758720456,3041.797966941048,True
70e441d5fa60f079bd357efc,local_calibrated_shock,administered,5,baseline-calibrated,26.33989337482796,2831.5206641515533,True
13f7915518de4bada3beee33,local_calibrated_shock,administered,6,baseline-calibrated,17.676735539056754,2843.1417949572347,True
c8ef82bf06016c13506876d0,local_calibrated_shock,administered,7,baseline-calibrated,11.367128764331447,2938.2638472756134,True
fb5f33e526884438350baa13,local_calibrated_shock,administered,8,baseline-calibrated,23.43919558262592,2977.9456733754264,True
dc2a0e382472718cb9a62e37,local_calibrated_shock,administered,9,baseline-calibrated,4.633380493387625,2930.2091627936898,True
b61e78aa40f5791ec9643a5e,local_calibrated_shock,administered,10,baseline-calibrated,18.482701234339736,2971.612332410873,True
89c13317fd7d0fe0506a5774,local_calibrated_shock,administered,11,baseline-calibrated,12.834254596710707,2928.4362427758238,True
b2bbe0a5a23573a802a6f9b1,local_calibrated_shock,administered,12,baseline-calibrated,18.00768763615363,2726.265447626377,True
3f2fbc249fe9b6a13d20544b,local_calibrated_shock,administered,13,baseline-calibrated,10.169963266082874,3024.539659249794,True
13cd4b01966b53d18c02ba60,local_calibrated_shock,administered,14,baseline-calibrated,7.748172626150427,2957.078720058402,True
564267bb09c8a03a558e8802,local_calibrated_shock,administered,15,baseline-calibrated,16.508669314008948,2857.4700961166395,True
1bde55af292ab5291f272c74,local_calibrated_shock,administered,16,baseline-calibrated,20.382755627084165,2962.2971207830105,True
97a5a8ba59d971d30d95135f,local_calibrated_shock,administered,17,baseline-calibrated,13.59531395725698,3020.6635001764976,True
e5d047bf33e7891f1caa0ed0,local_calibrated_shock,administered,18,baseline-calibrated,7.027865120704281,2950.2862273596943,True
f9d281b4b2cee2876b96fedd,local_calibrated_shock,administered,19,baseline-calibrated,16.62547593651373,2910.13735528728,True
645e4446f312b8f90f537746,local_calibrated_shock,market,0,baseline-calibrated,9.562568829058014,2880.6507694138263,True
5e4d0426a8ff3d6f15c4e837,local_calibrated_shock,market,1,baseline-calibrated,10.29845055083813,2943.5005324288945,True
634c4d7fb59008c2032ff509,local_calibrated_shock,market,2,baseline-calibrated,5.127810727959855,3115.7358133540815,True
04c25272c625e1b1f606f575,local_calibrated_shock,market,3,baseline-calibrated,12.369821323256234,2928.096557771726,True
d0ad3884cc45e47280e9edac,local_calibrated_shock,market,4,baseline-calibrated,8.3477799550083,3032.413959997096,True
d0d946bc2bf04ff4d4ce73b9,local_calibrated_shock,market,5,baseline-calibrated,18.05051673107205,2821.2270133218717,True
8bf4e055dfb641206cae57ab,local_calibrated_shock,market,6,baseline-calibrated,10.469766930511808,2830.038725927892,True
12d1e362facaf84a85e5c5e0,local_calibrated_shock,market,7,baseline-calibrated,5.809182692571074,2929.1941655089813,True
82553312dbb3f51ebe9da8ea,local_calibrated_shock,market,8,baseline-calibrated,14.659231124349928,2964.013080405579,True
d8e56090f386a3e11afc4324,local_calibrated_shock,market,9,baseline-calibrated,2.2582613684257526,2926.406270193749,True
cf7359c22e681e5205cfdd73,local_calibrated_shock,market,10,baseline-calibrated,12.381501985506711,2963.0704487951093,True
ee9eeca33740ce53e4fcf59c,local_calibrated_shock,market,11,baseline-calibrated,7.759853288400903,2919.877180227423,True
1be8decf5e94dc705fe62086,local_calibrated_shock,market,12,baseline-calibrated,12.731921853021055,2721.142327183759,True
7db3bb1ed64430f749b0b747,local_calibrated_shock,market,13,baseline-calibrated,8.156995804917159,3018.8824624981685,True
4c259c2404c576957b84125e,local_calibrated_shock,market,14,baseline-calibrated,4.866942604365845,2953.0034773319167,True
57eb42a3ecf34c8501aa8fe3,local_calibrated_shock,market,15,baseline-calibrated,9.219936069710657,2846.6412921245133,True
f523534098882d6316cbe6ca,local_calibrated_shock,market,16,baseline-calibrated,13.958391389321243,2955.735946119066,True
349d3e72b627b7013b437f25,local_calibrated_shock,market,17,baseline-calibrated,9.47301708513768,3010.155092349526,True
928ab034236a5353238d4923,local_calibrated_shock,market,18,baseline-calibrated,5.275765783132576,2947.100476367908,True
57f880bf816c00076b203d44,local_calibrated_shock,market,19,baseline-calibrated,10.831867460276625,2902.9296223981314,True
b737155791a2b6ad9f2d299f,local_base_credit_demand_minus10_baseline,administered,0,v0.4-local-sensitivity-2-base_credit_demand_minus10,9.643554753994662,2866.4076871227953,False
75cd27d59056ab070301ebf8,local_base_credit_demand_minus10_baseline,administered,1,v0.4-local-sensitivity-2-base_credit_demand_minus10,11.24135352379044,2939.4523526267053,False
f9ed432d42edce969a28f3c5,local_base_credit_demand_minus10_baseline,administered,2,v0.4-local-sensitivity-2-base_credit_demand_minus10,5.478748484172429,3118.3075862715996,False
5816c8bab2ed40a66e3be988,local_base_credit_demand_minus10_baseline,administered,3,v0.4-local-sensitivity-2-base_credit_demand_minus10,13.456122912550692,2922.8665320137256,False
bbc939c72c1c4536e0ea1073,local_base_credit_demand_minus10_baseline,administered,4,v0.4-local-sensitivity-2-base_credit_demand_minus10,8.05965695282984,3021.54907602197,False
e395900032918d9404805885,local_base_credit_demand_minus10_baseline,administered,5,v0.4-local-sensitivity-2-base_credit_demand_minus10,19.69359655430596,2821.208297340076,False
68c94a08d17e2321e37043a1,local_base_credit_demand_minus10_baseline,administered,6,v0.4-local-sensitivity-2-base_credit_demand_minus10,12.040426647792753,2833.7315035192028,False
102574831e6defa766962d41,local_base_credit_demand_minus10_baseline,administered,7,v0.4-local-sensitivity-2-base_credit_demand_minus10,6.657977482772475,2901.750946099455,False
ae21159b79025373112dee53,local_base_credit_demand_minus10_baseline,administered,8,v0.4-local-sensitivity-2-base_credit_demand_minus10,15.53060852823558,2957.7975932349923,False
eb256cd053cb430d4f53c62f,local_base_credit_demand_minus10_baseline,administered,9,v0.4-local-sensitivity-2-base_credit_demand_minus10,3.4849248376939754,2928.848274525841,False
b4ea68309f153915ef14eb1e,local_base_credit_demand_minus10_baseline,administered,10,v0.4-local-sensitivity-2-base_credit_demand_minus10,12.236661773600783,2917.602984807329,False
e81a3682d89b15bdc0aa75a4,local_base_credit_demand_minus10_baseline,administered,11,v0.4-local-sensitivity-2-base_credit_demand_minus10,8.550244767349916,2921.6854532950933,False
16e6bbde61d7261bcbae4c9d,local_base_credit_demand_minus10_baseline,administered,12,v0.4-local-sensitivity-2-base_credit_demand_minus10,12.157390920052908,2639.9389179865784,False
bd60ae8c5a18367cbb9dabd9,local_base_credit_demand_minus10_baseline,administered,13,v0.4-local-sensitivity-2-base_credit_demand_minus10,7.541035548908614,3018.1970191991913,False
2cd3d249dbd259842bcb19f8,local_base_credit_demand_minus10_baseline,administered,14,v0.4-local-sensitivity-2-base_credit_demand_minus10,5.200230833912819,2953.651153952249,False
98ea25f600edb53633665980,local_base_credit_demand_minus10_baseline,administered,15,v0.4-local-sensitivity-2-base_credit_demand_minus10,9.853806674503266,2817.603222524109,False
e21ee2d6e12a1d956424b1e5,local_base_credit_demand_minus10_baseline,administered,16,v0.4-local-sensitivity-2-base_credit_demand_minus10,13.988761111172487,2899.751629179562,False
720e3f1018c0cbdd8c393344,local_base_credit_demand_minus10_baseline,administered,17,v0.4-local-sensitivity-2-base_credit_demand_minus10,8.900664634864256,2998.2174349034385,False
0bf7d2779bfb85501df4cddb,local_base_credit_demand_minus10_baseline,administered,18,v0.4-local-sensitivity-2-base_credit_demand_minus10,4.6255422511893,2944.3482431362067,False
25639fcb25fa15f17325a572,local_base_credit_demand_minus10_baseline,administered,19,v0.4-local-sensitivity-2-base_credit_demand_minus10,9.925716321853312,2818.1423994363486,False
bb33278419b6f5aa1c32d741,local_base_credit_demand_minus10_baseline,market,0,v0.4-local-sensitivity-2-base_credit_demand_minus10,5.6347514696306025,2857.83594853822,False
1ca246306806f0b85d731b81,local_base_credit_demand_minus10_baseline,market,1,v0.4-local-sensitivity-2-base_credit_demand_minus10,5.59270108552888,2928.607613409044,False
69a5ead6800c7d876fd19450,local_base_credit_demand_minus10_baseline,market,2,v0.4-local-sensitivity-2-base_credit_demand_minus10,2.733274966611859,3112.4587290110453,False
d3f78f40fb2a7fa356ac9cbe,local_base_credit_demand_minus10_baseline,market,3,v0.4-local-sensitivity-2-base_credit_demand_minus10,7.33078362840001,2915.904295328003,False
d681942fd5ffd543060c79ac,local_base_credit_demand_minus10_baseline,market,4,v0.4-local-sensitivity-2-base_credit_demand_minus10,3.5742826486462755,3012.426515889317,False
9ffcce616403258b4ad8b94d,local_base_credit_demand_minus10_baseline,market,5,v0.4-local-sensitivity-2-base_credit_demand_minus10,12.152561005397343,2811.3901919609257,False
079962872f0f6ac603ef0e9c,local_base_credit_demand_minus10_baseline,market,6,v0.4-local-sensitivity-2-base_credit_demand_minus10,6.728061456275342,2822.7171727281943,False
9ef7c795782a91dd63c73d76,local_base_credit_demand_minus10_baseline,market,7,v0.4-local-sensitivity-2-base_credit_demand_minus10,2.565073430204976,2894.9530394984167,False
8685c23824cb89f45be5903b,local_base_credit_demand_minus10_baseline,market,8,v0.4-local-sensitivity-2-base_credit_demand_minus10,7.653169906513203,2944.9781819644077,False
24c598e5e141194f6e1d793b,local_base_credit_demand_minus10_baseline,market,9,v0.4-local-sensitivity-2-base_credit_demand_minus10,1.121343576045891,2924.8307577309297,False
4f45f3d4d101b836548dd08b,local_base_credit_demand_minus10_baseline,market,10,v0.4-local-sensitivity-2-base_credit_demand_minus10,6.489775946365595,2910.1146039792056,False
65597c9f316faf5751a87ad8,local_base_credit_demand_minus10_baseline,market,11,v0.4-local-sensitivity-2-base_credit_demand_minus10,3.279929959934231,2913.0621468619383,False
f4b8e39b35c8660c6a28390e,local_base_credit_demand_minus10_baseline,market,12,v0.4-local-sensitivity-2-base_credit_demand_minus10,7.316766833699439,2635.648208192024,False
5c4eaf6e9f195adec274a6bc,local_base_credit_demand_minus10_baseline,market,13,v0.4-local-sensitivity-2-base_credit_demand_minus10,6.167389668252398,3013.166356559285,False
50a917f415e5d91a6af8a8b1,local_base_credit_demand_minus10_baseline,market,14,v0.4-local-sensitivity-2-base_credit_demand_minus10,3.364030728137671,2950.791857045963,False
9d548ecd9b6c5ee62f0643fe,local_base_credit_demand_minus10_baseline,market,15,v0.4-local-sensitivity-2-base_credit_demand_minus10,2.1866199732894867,2805.4588790782213,False
d80c5f174daed7b99a0ebbb6,local_base_credit_demand_minus10_baseline,market,16,v0.4-local-sensitivity-2-base_credit_demand_minus10,7.527018754208041,2893.691831478259,False
e4c537a8174dee051cdabbdc,local_base_credit_demand_minus10_baseline,market,17,v0.4-local-sensitivity-2-base_credit_demand_minus10,7.106514913190832,2991.7342486138914,False
3358d9c4630c59f6a1fbfd92,local_base_credit_demand_minus10_baseline,market,18,v0.4-local-sensitivity-2-base_credit_demand_minus10,3.0977116288267728,2941.3541444831653,False
336130ac39ad32429746e134,local_base_credit_demand_minus10_baseline,market,19,v0.4-local-sensitivity-2-base_credit_demand_minus10,5.2282644233139655,2813.8049729122604,False
e7ddb96b69414523865d8337,local_base_credit_demand_minus10_shock,administered,0,v0.4-local-sensitivity-2-base_credit_demand_minus10,13.017472743797835,2888.501350223738,True
3375f2426ce4f405e8c15578,local_base_credit_demand_minus10_shock,administered,1,v0.4-local-sensitivity-2-base_credit_demand_minus10,15.269980051608226,2953.1624324515387,True
96b4d1210bd4dc8e774cdc77,local_base_credit_demand_minus10_shock,administered,2,v0.4-local-sensitivity-2-base_credit_demand_minus10,7.481464171431177,3120.7354088918346,True
5467766dc8edf6733c561e0b,local_base_credit_demand_minus10_shock,administered,3,v0.4-local-sensitivity-2-base_credit_demand_minus10,16.25948185266542,2931.6928042773743,True
1908decfba4b500f5d5733a8,local_base_credit_demand_minus10_shock,administered,4,v0.4-local-sensitivity-2-base_credit_demand_minus10,11.88672412487091,3039.4559709460373,True
bc9d49e14aaa5ed21dddd474,local_base_credit_demand_minus10_shock,administered,5,v0.4-local-sensitivity-2-base_credit_demand_minus10,23.775988010848028,2827.8142719232337,True
40acb995db8a914ec3c8238e,local_base_credit_demand_minus10_shock,administered,6,v0.4-local-sensitivity-2-base_credit_demand_minus10,15.909061985151075,2840.3076411593925,True
56903f44cc81feb4a7d4e270,local_base_credit_demand_minus10_shock,administered,7,v0.4-local-sensitivity-2-base_credit_demand_minus10,10.319865098297338,2936.439009895424,True
7832ab3555652aeb07de082b,local_base_credit_demand_minus10_shock,administered,8,v0.4-local-sensitivity-2-base_credit_demand_minus10,21.095276024363315,2974.1075109352323,True
2d1cadae6de4b4bed987146a,local_base_credit_demand_minus10_shock,administered,9,v0.4-local-sensitivity-2-base_credit_demand_minus10,4.21632851446263,2929.5847640272837,True
39ff9673f32db748710cca68,local_base_credit_demand_minus10_shock,administered,10,v0.4-local-sensitivity-2-base_credit_demand_minus10,16.63443111090576,2968.6606241827644,True
4bd2a8736cc32c5fbfb8cc5d,local_base_credit_demand_minus10_shock,administered,11,v0.4-local-sensitivity-2-base_credit_demand_minus10,11.563855627973247,2926.3688384807565,True
4a83eabcda088ac5ac60abe3,local_base_credit_demand_minus10_shock,administered,12,v0.4-local-sensitivity-2-base_credit_demand_minus10,16.206918872538264,2723.7953927474427,True
bb8dbb990ea3efcf6dd9d3d7,local_base_credit_demand_minus10_shock,administered,13,v0.4-local-sensitivity-2-base_credit_demand_minus10,9.152966939474581,3022.6708542106758,True
fa085e2a47c961dc53396ba6,local_base_credit_demand_minus10_shock,administered,14,v0.4-local-sensitivity-2-base_credit_demand_minus10,6.973355363535382,2955.9076026638627,True
2fc365d5db6810efea8145e8,local_base_credit_demand_minus10_shock,administered,15,v0.4-local-sensitivity-2-base_credit_demand_minus10,14.969936740212642,2854.8104342119277,True
5b1b0699b85955d296232c22,local_base_credit_demand_minus10_shock,administered,16,v0.4-local-sensitivity-2-base_credit_demand_minus10,18.34448006437574,2959.403515900911,True
f0b4509351bfc979c3f68d8c,local_base_credit_demand_minus10_shock,administered,17,v0.4-local-sensitivity-2-base_credit_demand_minus10,12.264695363001934,3018.1578127501834,True
052519b5916e18565f6475d6,local_base_credit_demand_minus10_shock,administered,18,v0.4-local-sensitivity-2-base_credit_demand_minus10,6.39516258213672,2949.3127312586553,True
42b99e7cac9d11b1dcd9c5e3,local_base_credit_demand_minus10_shock,administered,19,v0.4-local-sensitivity-2-base_credit_demand_minus10,15.0117406253237,2907.757333511761,True
d3245267b0ea3087fcd0678d,local_base_credit_demand_minus10_shock,market,0,v0.4-local-sensitivity-2-base_credit_demand_minus10,8.60631194615221,2879.216715140115,True
2747520e80a27a846241c99b,local_base_credit_demand_minus10_shock,market,1,v0.4-local-sensitivity-2-base_credit_demand_minus10,9.268605495754311,2941.746379792507,True
d64e832c869ce08215c3bce3,local_base_credit_demand_minus10_shock,market,2,v0.4-local-sensitivity-2-base_credit_demand_minus10,4.6570800392655896,3114.9125768612103,True
769cbe95db45806f3edb8021,local_base_credit_demand_minus10_shock,market,3,v0.4-local-sensitivity-2-base_credit_demand_minus10,11.174889575032333,2926.165836318514,True
3dca7ff95ce890cd4440f8bd,local_base_credit_demand_minus10_shock,market,4,v0.4-local-sensitivity-2-base_credit_demand_minus10,7.55505234360919,3030.9395835589335,True
8d4690d91af748ca632e16ee,local_base_credit_demand_minus10_shock,market,5,v0.4-local-sensitivity-2-base_credit_demand_minus10,16.343582620868858,2818.630701904979,True
4a3395e7017da23081210f37,local_base_credit_demand_minus10_shock,market,6,v0.4-local-sensitivity-2-base_credit_demand_minus10,9.52090780036464,2828.590528820866,True
63fbb4f91259e85bbeec8b32,local_base_credit_demand_minus10_shock,market,7,v0.4-local-sensitivity-2-base_credit_demand_minus10,5.228264423313962,2928.1647852796395,True
c125ab629c399dec18bd6b53,local_base_credit_demand_minus10_shock,market,8,v0.4-local-sensitivity-2-base_credit_demand_minus10,13.235358396016654,2961.6021873017326,True
0cbbf5461491c9b10c4a9ec7,local_base_credit_demand_minus10_shock,market,9,v0.4-local-sensitivity-2-base_credit_demand_minus10,2.0324352315831775,2926.0826629800727,True
530dda7f2a01a3575bf23652,local_base_credit_demand_minus10_shock,market,10,v0.4-local-sensitivity-2-base_credit_demand_minus10,11.213435760458907,2961.039529417454,True
800f6079c78d8995605de6c1,local_base_credit_demand_minus10_shock,market,11,v0.4-local-sensitivity-2-base_credit_demand_minus10,7.011901548961961,2918.651159266786,True
3608150013d6c79efcd69a18,local_base_credit_demand_minus10_shock,market,12,v0.4-local-sensitivity-2-base_credit_demand_minus10,11.486763257120092,2719.256480857016,True
d5d9a657982b69e505bdb548,local_base_credit_demand_minus10_shock,market,13,v0.4-local-sensitivity-2-base_credit_demand_minus10,7.341296224425439,3017.531639059268,True
0b00faa2d1ab96738469e5a8,local_base_credit_demand_minus10_shock,market,14,v0.4-local-sensitivity-2-base_credit_demand_minus10,4.38024834392926,2952.239242103898,True
739b47b73e6c3ed6cb7201d8,local_base_credit_demand_minus10_shock,market,15,v0.4-local-sensitivity-2-base_credit_demand_minus10,8.466143999146473,2845.197713663851,True
3da4f8e55329b23f39a931bd,local_base_credit_demand_minus10_shock,market,16,v0.4-local-sensitivity-2-base_credit_demand_minus10,12.67468660799371,2953.5632044018143,True
21efb2acaa968a13a6e47aa9,local_base_credit_demand_minus10_shock,market,17,v0.4-local-sensitivity-2-base_credit_demand_minus10,8.560757363375345,3008.7232481453348,True
3fbf562f75f8052a518b1ff4,local_base_credit_demand_minus10_shock,market,18,v0.4-local-sensitivity-2-base_credit_demand_minus10,4.783231191570755,2946.4145911602523,True
3f2c58adbcd3448f10af0185,local_base_credit_demand_minus10_shock,market,19,v0.4-local-sensitivity-2-base_credit_demand_minus10,9.776714303650108,2901.1807244319457,True
ac635b49d57eb57976933f4f,local_base_credit_demand_plus10_baseline,administered,0,v0.4-local-sensitivity-2-base_credit_demand_plus10,11.70090873171219,2870.1812558853335,False
0a6a7b4e288bd8df86e858e3,local_base_credit_demand_plus10_baseline,administered,1,v0.4-local-sensitivity-2-base_credit_demand_plus10,13.705310373894225,2944.2971662688997,False
4bf34242e9123f9f041f0777,local_base_credit_demand_plus10_baseline,administered,2,v0.4-local-sensitivity-2-base_credit_demand_plus10,6.647075531338698,3120.695152283209,False
8971f6a77e5a8e7a03eb1872,local_base_credit_demand_plus10_baseline,administered,3,v0.4-local-sensitivity-2-base_credit_demand_plus10,16.292187706966757,2927.136201032405,False
d427ea6e7447931eaf4f5c91,local_base_credit_demand_plus10_baseline,administered,4,v0.4-local-sensitivity-2-base_credit_demand_plus10,9.76503364139963,3024.9662163785424,False
4df330a6b11a6b775768988e,local_base_credit_demand_plus10_baseline,administered,5,v0.4-local-sensitivity-2-base_credit_demand_plus10,24.06995134415174,2827.682523398612,False
cd8195d1d934314b47f65dee,local_base_credit_demand_plus10_baseline,administered,6,v0.4-local-sensitivity-2-base_credit_demand_plus10,14.57902391022998,2838.2899509896856,False
6487eb05c22774b61ffce271,local_base_credit_demand_plus10_baseline,administered,7,v0.4-local-sensitivity-2-base_credit_demand_plus10,7.966211654826015,2904.236613633287,False
9d605c7e84a46cd7f66a2581,local_base_credit_demand_plus10_baseline,administered,8,v0.4-local-sensitivity-2-base_credit_demand_plus10,18.981854867843506,2963.961965311109,False
7342d28e52217351c3175145,local_base_credit_demand_plus10_baseline,administered,9,v0.4-local-sensitivity-2-base_credit_demand_plus10,4.096980399538444,2929.9025535292963,False
771e7780be4e517985de72b5,local_base_credit_demand_plus10_baseline,administered,10,v0.4-local-sensitivity-2-base_credit_demand_plus10,14.733208651936291,2921.8298444732245,False
813cdf4a6b4dc25f9fbedafa,local_base_credit_demand_plus10_baseline,administered,11,v0.4-local-sensitivity-2-base_credit_demand_plus10,10.326380574674921,2924.940087978139,False
490862c6dbd84291b04c0e40,local_base_credit_demand_plus10_baseline,administered,12,v0.4-local-sensitivity-2-base_credit_demand_plus10,14.784603565838399,2643.2554528177584,False
d9035663fb93d0e94290027c,local_base_credit_demand_plus10_baseline,administered,13,v0.4-local-sensitivity-2-base_credit_demand_plus10,9.131163036607024,3021.456589438341,False
d89286a76bdbf9e816c8f6be,local_base_credit_demand_plus10_baseline,administered,14,v0.4-local-sensitivity-2-base_credit_demand_plus10,6.355837685893446,2955.4925909850517,False
f41399e35a046145031c4896,local_base_credit_demand_plus10_baseline,administered,15,v0.4-local-sensitivity-2-base_credit_demand_plus10,11.66938388899616,2821.2063878289937,False
fb828951c934756c902e4a4c,local_base_credit_demand_plus10_baseline,administered,16,v0.4-local-sensitivity-2-base_credit_demand_plus10,16.496915353431895,2903.355708253633,False
3f94f6448717bf0cd5186236,local_base_credit_demand_plus10_baseline,administered,17,v0.4-local-sensitivity-2-base_credit_demand_plus10,10.878590109278537,3002.192102484164,False
694c272c1d4b38b9212ea926,local_base_credit_demand_plus10_baseline,administered,18,v0.4-local-sensitivity-2-base_credit_demand_plus10,5.653440529231368,2945.9782545519156,False
c6ddc41bde369922ff00d0f9,local_base_credit_demand_plus10_baseline,administered,19,v0.4-local-sensitivity-2-base_credit_demand_plus10,12.043541491059546,2820.988965035137,False
c2f90558a67afc5724d2f8ca,local_base_credit_demand_plus10_baseline,market,0,v0.4-local-sensitivity-2-base_credit_demand_plus10,6.698470445240801,2859.7157509002213,False
9ce7b545d442ce62d852742d,local_base_credit_demand_plus10_baseline,market,1,v0.4-local-sensitivity-2-base_credit_demand_plus10,6.647075531338696,2930.8404138911037,False
2555ddc676ad81b22d440614,local_base_credit_demand_plus10_baseline,market,2,v0.4-local-sensitivity-2-base_credit_demand_plus10,3.3064061277019814,3113.5913797897038,False
06bfed897d790abf98536c6e,local_base_credit_demand_plus10_baseline,market,3,v0.4-local-sensitivity-2-base_credit_demand_plus10,8.839925191161774,2918.6765268655386,False
8662518684082d49954c71ab,local_base_credit_demand_plus10_baseline,market,4,v0.4-local-sensitivity-2-base_credit_demand_plus10,4.334304405744047,3014.103002263468,False
f45468e9c7550bb6227f6878,local_base_credit_demand_plus10_baseline,market,5,v0.4-local-sensitivity-2-base_credit_demand_plus10,14.767471927871028,2815.5970268305527,False
c354b3803836bfc66246c0b8,local_base_credit_demand_plus10_baseline,market,6,v0.4-local-sensitivity-2-base_credit_demand_plus10,8.223186224336532,2824.9723941376765,False
0842b0669c8de8d0bfccb6fd,local_base_credit_demand_plus10_baseline,market,7,v0.4-local-sensitivity-2-base_credit_demand_plus10,3.135089748028304,2896.0460402576996,False
7f41cd1eb32ebfb2d3491303,local_base_credit_demand_plus10_baseline,market,8,v0.4-local-sensitivity-2-base_credit_demand_plus10,9.216821226443866,2948.153079917332,False
a7716575e50cc7854eb32bde,local_base_credit_demand_plus10_baseline,market,9,v0.4-local-sensitivity-2-base_credit_demand_plus10,1.3705310373894226,2925.2002791695277,False
4c0d0984002f9289c1db01cf,local_base_credit_demand_plus10_baseline,market,10,v0.4-local-sensitivity-2-base_credit_demand_plus10,7.846290189054443,2912.71201504781,False
5b14bfd9c663d9372ac1b08a,local_base_credit_demand_plus10_baseline,market,11,v0.4-local-sensitivity-2-base_credit_demand_plus10,4.00880328436406,2914.530307762264,False
6054c4b8fd8aed0a2afba80f,local_base_credit_demand_plus10_baseline,market,12,v0.4-local-sensitivity-2-base_credit_demand_plus10,8.857056829129142,2637.99126942453,False
9414f5ab0d6e8aa2e9e8d656,local_base_credit_demand_plus10_baseline,market,13,v0.4-local-sensitivity-2-base_credit_demand_plus10,7.537920705641824,3015.5051755574864,False
ce91d41d440aba40235cc15d,local_base_credit_demand_plus10_baseline,market,14,v0.4-local-sensitivity-2-base_credit_demand_plus10,4.111593112168266,2951.999293645813,False
8e52883a21c2f6e9cd542ecb,local_base_credit_demand_plus10_baseline,market,15,v0.4-local-sensitivity-2-base_credit_demand_plus10,2.4155609533988556,2806.460205123902,False
3bacdf3885414c1952fd1385,local_base_credit_demand_plus10_baseline,market,16,v0.4-local-sensitivity-2-base_credit_demand_plus10,8.891320105063878,2896.1986025788833,False
b6ecc115c88de8f860c16b7e,local_base_credit_demand_plus10_baseline,market,17,v0.4-local-sensitivity-2-base_credit_demand_plus10,8.565818983683888,2994.11198980443,False
b77779e18df17a269243dcf3,local_base_credit_demand_plus10_baseline,market,18,v0.4-local-sensitivity-2-base_credit_demand_plus10,3.786091990788278,2942.3201970171403,False
6f151f8460a1a7be144247bf,local_base_credit_demand_plus10_baseline,market,19,v0.4-local-sensitivity-2-base_credit_demand_plus10,6.3387060479260775,2815.7817557711974,False
fdcba1d6a0b6d32387724c30,local_base_credit_demand_plus10_shock,administered,0,v0.4-local-sensitivity-2-base_credit_demand_plus10,15.585100007141211,2892.9358927115045,True
dc6eadcf9ecbe92e4bdf8678,local_base_credit_demand_plus10_shock,administered,1,v0.4-local-sensitivity-2-base_credit_demand_plus10,18.65207083697166,2959.1856649720326,True
b6e83f23787b96448c825cd9,local_base_credit_demand_plus10_shock,administered,2,v0.4-local-sensitivity-2-base_credit_demand_plus10,9.05835357524571,3123.595557030473,True
f144b640c5246d8e00dedf1e,local_base_credit_demand_plus10_shock,administered,3,v0.4-local-sensitivity-2-base_credit_demand_plus10,19.872700042146626,2936.7773757528216,True
c9af7adde62cb954661aa0ad,local_base_credit_demand_plus10_shock,administered,4,v0.4-local-sensitivity-2-base_credit_demand_plus10,14.433404987507355,3044.157206398908,True
fe1aa2ff5674e0ac0107bda6,local_base_credit_demand_plus10_shock,administered,5,v0.4-local-sensitivity-2-base_credit_demand_plus10,28.88822452247391,2835.16028887335,True
6ff2a54f4bd1220fdb13779a,local_base_credit_demand_plus10_shock,administered,6,v0.4-local-sensitivity-2-base_credit_demand_plus10,19.358750903125593,2845.8900743191457,True
4e87992940f8175bca262ce4,local_base_credit_demand_plus10_shock,administered,7,v0.4-local-sensitivity-2-base_credit_demand_plus10,12.420437526341637,2940.1001239519965,True
01c9b5c6c3070b7f789baa45,local_base_credit_demand_plus10_shock,administered,8,v0.4-local-sensitivity-2-base_credit_demand_plus10,25.718853788720097,2981.7236311105935,True
b9c7f02461cb1f9d05c755c8,local_base_credit_demand_plus10_shock,administered,9,v0.4-local-sensitivity-2-base_credit_demand_plus10,5.091674699164226,2930.9042243627896,True
5d9e9b9d830e737f20ac03ba,local_base_credit_demand_plus10_shock,administered,10,v0.4-local-sensitivity-2-base_credit_demand_plus10,20.2199196519672,2974.44465513487,True
7a80bc467864ae4515de1735,local_base_credit_demand_plus10_shock,administered,11,v0.4-local-sensitivity-2-base_credit_demand_plus10,14.047943133241578,2930.4486491099183,True
6835f5850f7c7968e8105ee8,local_base_credit_demand_plus10_shock,administered,12,v0.4-local-sensitivity-2-base_credit_demand_plus10,19.808456399768996,2728.7324185844836,True
21925ce07ed0314f62635d7e,local_base_credit_demand_plus10_shock,administered,13,v0.4-local-sensitivity-2-base_credit_demand_plus10,11.135564678789052,3026.3904392347117,True
99ce13d2fad2cb850f455ded,local_base_credit_demand_plus10_shock,administered,14,v0.4-local-sensitivity-2-base_credit_demand_plus10,8.52298988876547,2958.2494507321157,True
3e395ace7c72c00239d46a11,local_base_credit_demand_plus10_shock,administered,15,v0.4-local-sensitivity-2-base_credit_demand_plus10,18.15953624540984,2860.2226598068337,True
315cbc73fe1b4d7c411f031f,local_base_credit_demand_plus10_shock,administered,16,v0.4-local-sensitivity-2-base_credit_demand_plus10,22.421031189792572,2965.193572532056,True
5614ff19e51cb738b68cd7c9,local_base_credit_demand_plus10_shock,administered,17,v0.4-local-sensitivity-2-base_credit_demand_plus10,14.808998239817559,3023.106483029322,True
b841cd8f312c5964e0ad71fc,local_base_credit_demand_plus10_shock,administered,18,v0.4-local-sensitivity-2-base_credit_demand_plus10,7.730651632774711,2951.337289521668,True
d870fd5271cc14dfd0ddda03,local_base_credit_demand_plus10_shock,administered,19,v0.4-local-sensitivity-2-base_credit_demand_plus10,18.2880235301651,2912.6317131264736,True
d2a8da5ad8ae2604db87b428,local_base_credit_demand_plus10_shock,market,0,v0.4-local-sensitivity-2-base_credit_demand_plus10,10.433167522126977,2882.0030683655436,True
8693501bf1f1e91a0d50178b,local_base_credit_demand_plus10_shock,market,1,v0.4-local-sensitivity-2-base_credit_demand_plus10,11.22978868760958,2945.1337181441054,True
f65d3506783c81191e26ef36,local_base_credit_demand_plus10_shock,market,2,v0.4-local-sensitivity-2-base_credit_demand_plus10,5.6063285248211026,3116.5604198105557,True
d4bdff3c9395f6a5e2882f42,local_base_credit_demand_plus10_shock,market,3,v0.4-local-sensitivity-2-base_credit_demand_plus10,13.572540179647113,2930.023722061894,True
f562dc5d15c0ce609e36d931,local_base_credit_demand_plus10_shock,market,4,v0.4-local-sensitivity-2-base_credit_demand_plus10,9.131163036607024,3033.870235876337,True
10a6f2a2b4ba8879e75478f5,local_base_credit_demand_plus10_shock,market,5,v0.4-local-sensitivity-2-base_credit_demand_plus10,19.821305128244507,2823.8694452540963,True
12d7fd174be86d0af7c93aad,local_base_credit_demand_plus10_shock,market,6,v0.4-local-sensitivity-2-base_credit_demand_plus10,11.482480347628254,2831.533087421919,True
3a75282f118dd83131618329,local_base_credit_demand_plus10_shock,market,7,v0.4-local-sensitivity-2-base_credit_demand_plus10,6.390100961828177,2930.1504637019307,True
5c8d75d8698117dca9832908,local_base_credit_demand_plus10_shock,market,8,v0.4-local-sensitivity-2-base_credit_demand_plus10,16.125154236784915,2966.461543384343,True
128d3c8c81912dfc4f23424e,local_base_credit_demand_plus10_shock,market,9,v0.4-local-sensitivity-2-base_credit_demand_plus10,2.484087505268327,2926.729770998505,True
3ed90cd14aafacee25c6bb72,local_base_credit_demand_plus10_shock,market,10,v0.4-local-sensitivity-2-base_credit_demand_plus10,13.619652184057381,2965.1708271615735,True
1921ff1b7fa67fd0ca223d11,local_base_credit_demand_plus10_shock,market,11,v0.4-local-sensitivity-2-base_credit_demand_plus10,8.484443703338895,2921.0618340302162,True
cf23011c7fc83d0998c4e1ed,local_base_credit_demand_plus10_shock,market,12,v0.4-local-sensitivity-2-base_credit_demand_plus10,13.885192572551578,2722.9542151479345,True
5a67f0693994656a7d02cfbe,local_base_credit_demand_plus10_shock,market,13,v0.4-local-sensitivity-2-base_credit_demand_plus10,8.972695385408873,3020.232844399104,True
8fe8396316caaf93f9ae2cac,local_base_credit_demand_plus10_shock,market,14,v0.4-local-sensitivity-2-base_credit_demand_plus10,5.3536368648024295,2953.7674650822614,True
a5e687dda2590aaf973ee9f3,local_base_credit_demand_plus10_shock,market,15,v0.4-local-sensitivity-2-base_credit_demand_plus10,10.039139848877515,2848.1892290553915,True
77fe7254b0123f5a6a8bf892,local_base_credit_demand_plus10_shock,market,16,v0.4-local-sensitivity-2-base_credit_demand_plus10,15.25144070044916,2957.845236690194,True
9111b6b49873d48df4cfe152,local_base_credit_demand_plus10_shock,market,17,v0.4-local-sensitivity-2-base_credit_demand_plus10,10.386055517716718,3011.6248023757958,True
9f9db5fe07c56a854d36de79,local_base_credit_demand_plus10_shock,market,18,v0.4-local-sensitivity-2-base_credit_demand_plus10,5.803342361445836,2947.8336664370267,True
0807b4f86d08a8499f516681,local_base_credit_demand_plus10_shock,market,19,v0.4-local-sensitivity-2-base_credit_demand_plus10,11.86365929240218,2904.647346398812,True
1b8696b3e9ee3bf1343c89be,local_capital_price_minus10_baseline,administered,0,v0.4-local-sensitivity-2-capital_price_minus10,10.637189756101993,2868.2361874874537,False
ed0af2870dbe3ae0e9834ab1,local_capital_price_minus10_baseline,administered,1,v0.4-local-sensitivity-2-capital_price_minus10,12.45937306717657,2941.8577000097152,False
27114c7edf63344c081636af,local_capital_price_minus10_baseline,administered,2,v0.4-local-sensitivity-2-capital_price_minus10,6.073944370248577,3119.4979232758724,False
18b0c7aa6b1aee0271626718,local_capital_price_minus10_baseline,administered,3,v0.4-local-sensitivity-2-capital_price_minus10,14.811079733606144,2924.9670641824846,False
c2f534440f1a82f82aa319e6,local_capital_price_minus10_baseline,administered,4,v0.4-local-sensitivity-2-capital_price_minus10,8.927736739578274,3023.3487710382337,False
39532a2adeaddfcbf99a1e6a,local_capital_price_minus10_baseline,administered,5,v0.4-local-sensitivity-2-capital_price_minus10,21.881773949228847,2824.4459650583426,False
dda581533b0c462f45c1e30f,local_capital_price_minus10_baseline,administered,6,v0.4-local-sensitivity-2-capital_price_minus10,13.300380749210985,2836.00397427095,False
cb6024c637ef1804e14577d9,local_capital_price_minus10_baseline,administered,7,v0.4-local-sensitivity-2-capital_price_minus10,7.3957035991689155,2903.0650483933027,False
671273f8dc64ad5b8fd9f559,local_capital_price_minus10_baseline,administered,8,v0.4-local-sensitivity-2-capital_price_minus10,17.256231698039542,2960.8806222388507,False
c7aca8ee97026906ffb4647b,local_capital_price_minus10_baseline,administered,9,v0.4-local-sensitivity-2-capital_price_minus10,3.782710918143563,2929.388597864456,False
13ca20b08f755e4d1ec91779,local_capital_price_minus10_baseline,administered,10,v0.4-local-sensitivity-2-capital_price_minus10,13.518419777886574,2919.7699256122664,False
6cbdeeae39dbc6dd0b5eccfd,local_capital_price_minus10_baseline,administered,11,v0.4-local-sensitivity-2-capital_price_minus10,9.475409351007766,2923.3530147965134,False
a87ada1e1f182a71ffc2a10e,local_capital_price_minus10_baseline,administered,12,v0.4-local-sensitivity-2-capital_price_minus10,13.44054869621672,2641.58115019706,False
d75507ca95f6ada58dcca4c6,local_capital_price_minus10_baseline,administered,13,v0.4-local-sensitivity-2-capital_price_minus10,8.30105730600639,3019.7654089354282,False
19744e0f70d6f61656420c95,local_capital_price_minus10_baseline,administered,14,v0.4-local-sensitivity-2-capital_price_minus10,5.778034259903134,2954.572020531389,False
a5c4e94ee02517c10f2b5699,local_capital_price_minus10_baseline,administered,15,v0.4-local-sensitivity-2-capital_price_minus10,10.943689221137879,2819.62169523572,False
0a7fa3a6042d25d77d3a38a4,local_capital_price_minus10_baseline,administered,16,v0.4-local-sensitivity-2-capital_price_minus10,15.045342331261281,2901.3803805173743,False
f53f140981e6d0db5409bba3,local_capital_price_minus10_baseline,administered,17,v0.4-local-sensitivity-2-capital_price_minus10,9.889627372071402,3000.1976242160486,False
c6d9b59a80bafb88b4c8cb9f,local_capital_price_minus10_baseline,administered,18,v0.4-local-sensitivity-2-capital_price_minus10,5.139491390210335,2945.1633904627324,False
91f94d225f78dbc0e7821118,local_capital_price_minus10_baseline,administered,19,v0.4-local-sensitivity-2-capital_price_minus10,10.94867408278141,2819.508991154929,False
f09c5a8eda8eaab6bc9e2a2c,local_capital_price_minus10_baseline,market,0,v0.4-local-sensitivity-2-capital_price_minus10,6.136241235584459,2858.767973706083,False
9efe47063ea8de581ab5b4a8,local_capital_price_minus10_baseline,market,1,v0.4-local-sensitivity-2-capital_price_minus10,6.089518586582548,2929.684515302227,False
391558e65b6f2402122fec52,local_capital_price_minus10_baseline,market,2,v0.4-local-sensitivity-2-capital_price_minus10,3.0058237524563474,3113.0095500203097,False
b6f94525876f06d0d71df0f3,local_capital_price_minus10_baseline,market,3,v0.4-local-sensitivity-2-capital_price_minus10,8.11416670999874,2917.3275029381575,False
45564c41bb15a7ae355043e0,local_capital_price_minus10_baseline,market,4,v0.4-local-sensitivity-2-capital_price_minus10,3.9714251651625316,3013.290045528241,False
40f7fb9abb60831139f3dbda,local_capital_price_minus10_baseline,market,5,v0.4-local-sensitivity-2-capital_price_minus10,13.456122912550695,2813.487485561618,False
ebf2c1e131edd93567c6a062,local_capital_price_minus10_baseline,market,6,v0.4-local-sensitivity-2-capital_price_minus10,7.475623840305942,2823.844945316393,False
d8b59daa663f46a32d18d2b8,local_capital_price_minus10_baseline,market,7,v0.4-local-sensitivity-2-capital_price_minus10,2.8500815891166402,2895.534968857104,False
87eb4b5bf6ea00de28a97d0b,local_capital_price_minus10_baseline,market,8,v0.4-local-sensitivity-2-capital_price_minus10,8.425651036678152,2946.5569783733795,False
ade4b9ddcff7e34e7b47f143,local_capital_price_minus10_baseline,market,9,v0.4-local-sensitivity-2-capital_price_minus10,1.2459373067176567,2925.0155440086887,False
ac3c4c644cedbe6fa4d3c854,local_capital_price_minus10_baseline,market,10,v0.4-local-sensitivity-2-capital_price_minus10,7.132991080958585,2911.365633553444,False
7c16fe552b477c95f93e1fd9,local_capital_price_minus10_baseline,market,11,v0.4-local-sensitivity-2-capital_price_minus10,3.644366622149146,2913.7963645820932,False
c41f54bd74464d9b286efc4c,local_capital_price_minus10_baseline,market,12,v0.4-local-sensitivity-2-capital_price_minus10,8.09859249366477,2636.8508062038386,False
d558886dd2bfd3e0d1a6c5bf,local_capital_price_minus10_baseline,market,13,v0.4-local-sensitivity-2-capital_price_minus10,6.852655186947111,3014.335943304434,False
7fc6075dd8e2f6883a15101a,local_capital_price_minus10_baseline,market,14,v0.4-local-sensitivity-2-capital_price_minus10,3.737811920152971,2951.3956608501494,False
01e844d4b23bf8b0b6f9b77a,local_capital_price_minus10_baseline,market,15,v0.4-local-sensitivity-2-capital_price_minus10,2.3049840174276652,2805.9537154228065,False
f122b0f4e9db911ca6f33f52,local_capital_price_minus10_baseline,market,16,v0.4-local-sensitivity-2-capital_price_minus10,8.269908873338446,2894.9973821714866,False
f97f34ff0809752f225176db,local_capital_price_minus10_baseline,market,17,v0.4-local-sensitivity-2-capital_price_minus10,7.89612768132315,2992.9750106244405,False
b02484466d38fcdbd5c08b36,local_capital_price_minus10_baseline,market,18,v0.4-local-sensitivity-2-capital_price_minus10,3.4419018098075274,2941.8372496644824,False
1c5958c4e1999d30a42d194a,local_capital_price_minus10_baseline,market,19,v0.4-local-sensitivity-2-capital_price_minus10,5.809182692571075,2814.808314812634,False
75b185835ee028191481f4cf,local_capital_price_minus10_shock,administered,0,v0.4-local-sensitivity-2-capital_price_minus10,14.300759678415305,2890.7195716017154,True
e8df2afc19307e8a5739c3c3,local_capital_price_minus10_shock,administered,1,v0.4-local-sensitivity-2-capital_price_minus10,16.956428033610607,2956.1705467891657,True
7e553ce956625f8d48369af5,local_capital_price_minus10_shock,administered,2,v0.4-local-sensitivity-2-capital_price_minus10,8.234866886587012,3122.106210836346,True
96a7d06742fe3525e91f9229,local_capital_price_minus10_shock,administered,3,v0.4-local-sensitivity-2-capital_price_minus10,18.06609094740603,2934.2503965098717,True
c2c55950d5d3eb9b341ee6cb,local_capital_price_minus10_shock,administered,4,v0.4-local-sensitivity-2-capital_price_minus10,13.129578758720456,3041.797966941048,True
4c2dadc603f7c47683f01c39,local_capital_price_minus10_shock,administered,5,v0.4-local-sensitivity-2-capital_price_minus10,26.33989337482796,2831.5206641515533,True
1e6dc4d3ad1c8217b68c2e8d,local_capital_price_minus10_shock,administered,6,v0.4-local-sensitivity-2-capital_price_minus10,17.676735539056754,2843.1417949572347,True
41858f7ec781dffdd6b09627,local_capital_price_minus10_shock,administered,7,v0.4-local-sensitivity-2-capital_price_minus10,11.367128764331447,2938.2638472756134,True
42019fd7165090c869e240d9,local_capital_price_minus10_shock,administered,8,v0.4-local-sensitivity-2-capital_price_minus10,23.43919558262592,2977.9456733754264,True
d0265616230a364f014aed9a,local_capital_price_minus10_shock,administered,9,v0.4-local-sensitivity-2-capital_price_minus10,4.633380493387625,2930.2091627936898,True
889c8c0d590cd56bde9ff2bd,local_capital_price_minus10_shock,administered,10,v0.4-local-sensitivity-2-capital_price_minus10,18.482701234339736,2971.612332410873,True
7293ee42fc2d72782b6e269b,local_capital_price_minus10_shock,administered,11,v0.4-local-sensitivity-2-capital_price_minus10,12.834254596710707,2928.4362427758238,True
acf978ca0a772d70daa0fb08,local_capital_price_minus10_shock,administered,12,v0.4-local-sensitivity-2-capital_price_minus10,18.00768763615363,2726.265447626377,True
e6ad904d19439a2b574197bb,local_capital_price_minus10_shock,administered,13,v0.4-local-sensitivity-2-capital_price_minus10,10.169963266082874,3024.539659249794,True
dff8866520a6267c8c13bbee,local_capital_price_minus10_shock,administered,14,v0.4-local-sensitivity-2-capital_price_minus10,7.748172626150427,2957.078720058402,True
8fc36bb87bacdd8ac4d43f04,local_capital_price_minus10_shock,administered,15,v0.4-local-sensitivity-2-capital_price_minus10,16.508669314008948,2857.4700961166395,True
1533f61a3a09f385415996ab,local_capital_price_minus10_shock,administered,16,v0.4-local-sensitivity-2-capital_price_minus10,20.382755627084165,2962.2971207830105,True
3316f0a44fd531ca1144066c,local_capital_price_minus10_shock,administered,17,v0.4-local-sensitivity-2-capital_price_minus10,13.59531395725698,3020.6635001764976,True
61f065f1a6ab1253f56e3d81,local_capital_price_minus10_shock,administered,18,v0.4-local-sensitivity-2-capital_price_minus10,7.027865120704281,2950.2862273596943,True
5f418f85cc354c50c1b87221,local_capital_price_minus10_shock,administered,19,v0.4-local-sensitivity-2-capital_price_minus10,16.62547593651373,2910.13735528728,True
b481f6214a608a88933eba44,local_capital_price_minus10_shock,market,0,v0.4-local-sensitivity-2-capital_price_minus10,9.562568829058014,2880.6507694138263,True
e305e9c35db7d665596d4b89,local_capital_price_minus10_shock,market,1,v0.4-local-sensitivity-2-capital_price_minus10,10.29845055083813,2943.5005324288945,True
7a476ef422ae3b562b6140ba,local_capital_price_minus10_shock,market,2,v0.4-local-sensitivity-2-capital_price_minus10,5.127810727959855,3115.7358133540815,True
1e37229a5ba0389b1a4e4e19,local_capital_price_minus10_shock,market,3,v0.4-local-sensitivity-2-capital_price_minus10,12.369821323256234,2928.096557771726,True
fbd31fee3ab4fb77f4ab2ca1,local_capital_price_minus10_shock,market,4,v0.4-local-sensitivity-2-capital_price_minus10,8.3477799550083,3032.413959997096,True
cd9896929464c8a9877a8cba,local_capital_price_minus10_shock,market,5,v0.4-local-sensitivity-2-capital_price_minus10,18.05051673107205,2821.2270133218717,True
91e5b08d80e95eed6e83841d,local_capital_price_minus10_shock,market,6,v0.4-local-sensitivity-2-capital_price_minus10,10.469766930511808,2830.038725927892,True
88cf0f26d87eb49f4fd09bb8,local_capital_price_minus10_shock,market,7,v0.4-local-sensitivity-2-capital_price_minus10,5.809182692571074,2929.1941655089813,True
5fe96fc81b2b7e3507c5b5cd,local_capital_price_minus10_shock,market,8,v0.4-local-sensitivity-2-capital_price_minus10,14.659231124349928,2964.013080405579,True
d958606f02f4b220d1e955fe,local_capital_price_minus10_shock,market,9,v0.4-local-sensitivity-2-capital_price_minus10,2.2582613684257526,2926.406270193749,True
56383fc46dd8f5c99c717126,local_capital_price_minus10_shock,market,10,v0.4-local-sensitivity-2-capital_price_minus10,12.381501985506711,2963.0704487951093,True
87069018da12e2fd1ad57fe1,local_capital_price_minus10_shock,market,11,v0.4-local-sensitivity-2-capital_price_minus10,7.759853288400903,2919.877180227423,True
17ea43bed0b639d3dee66ca4,local_capital_price_minus10_shock,market,12,v0.4-local-sensitivity-2-capital_price_minus10,12.731921853021055,2721.142327183759,True
64aea2b564ffdbb8496ca076,local_capital_price_minus10_shock,market,13,v0.4-local-sensitivity-2-capital_price_minus10,8.156995804917159,3018.8824624981685,True
b0322ab5bb782b86a1d72df1,local_capital_price_minus10_shock,market,14,v0.4-local-sensitivity-2-capital_price_minus10,4.866942604365845,2953.0034773319167,True
35235c85abd1e5bfae26bcd8,local_capital_price_minus10_shock,market,15,v0.4-local-sensitivity-2-capital_price_minus10,9.219936069710657,2846.6412921245133,True
f817df490c7673e235c9903a,local_capital_price_minus10_shock,market,16,v0.4-local-sensitivity-2-capital_price_minus10,13.958391389321243,2955.735946119066,True
00125def26f864b12693eee8,local_capital_price_minus10_shock,market,17,v0.4-local-sensitivity-2-capital_price_minus10,9.47301708513768,3010.155092349526,True
5ac370c473a642da376670e6,local_capital_price_minus10_shock,market,18,v0.4-local-sensitivity-2-capital_price_minus10,5.275765783132576,2947.100476367908,True
d53ce0485ff26b53b87c5dd1,local_capital_price_minus10_shock,market,19,v0.4-local-sensitivity-2-capital_price_minus10,10.831867460276625,2902.9296223981314,True
54979401887353fcf7fd41f4,local_capital_price_plus10_baseline,administered,0,v0.4-local-sensitivity-2-capital_price_plus10,10.637189756101993,2868.2361874874537,False
013a5f58c6bc6dc8af1d7baa,local_capital_price_plus10_baseline,administered,1,v0.4-local-sensitivity-2-capital_price_plus10,12.45937306717657,2941.8577000097152,False
95b9317d926918e1cdce57c4,local_capital_price_plus10_baseline,administered,2,v0.4-local-sensitivity-2-capital_price_plus10,6.073944370248577,3119.4979232758724,False
c8ca0a80d4a565cdf3dfde8f,local_capital_price_plus10_baseline,administered,3,v0.4-local-sensitivity-2-capital_price_plus10,14.811079733606144,2924.9670641824846,False
0fa7feca30ee68390b9354d0,local_capital_price_plus10_baseline,administered,4,v0.4-local-sensitivity-2-capital_price_plus10,8.927736739578274,3023.3487710382337,False
7f9d6332a42e909a2b068c22,local_capital_price_plus10_baseline,administered,5,v0.4-local-sensitivity-2-capital_price_plus10,21.881773949228847,2824.4459650583426,False
06283b0e862c8bf2e2f8908d,local_capital_price_plus10_baseline,administered,6,v0.4-local-sensitivity-2-capital_price_plus10,13.300380749210985,2836.00397427095,False
37f841e7e3765946dfb59834,local_capital_price_plus10_baseline,administered,7,v0.4-local-sensitivity-2-capital_price_plus10,7.3957035991689155,2903.0650483933027,False
6d8931c67e3b4dba813ac179,local_capital_price_plus10_baseline,administered,8,v0.4-local-sensitivity-2-capital_price_plus10,17.256231698039542,2960.8806222388507,False
eb18929bd6cd7c44a67009ad,local_capital_price_plus10_baseline,administered,9,v0.4-local-sensitivity-2-capital_price_plus10,3.782710918143563,2929.388597864456,False
4e2d35cb4e1d6c8663ea7eda,local_capital_price_plus10_baseline,administered,10,v0.4-local-sensitivity-2-capital_price_plus10,13.518419777886574,2919.7699256122664,False
c9c914ffc36618f9505376e8,local_capital_price_plus10_baseline,administered,11,v0.4-local-sensitivity-2-capital_price_plus10,9.475409351007766,2923.3530147965134,False
d4785f7961929375af309f5b,local_capital_price_plus10_baseline,administered,12,v0.4-local-sensitivity-2-capital_price_plus10,13.44054869621672,2641.58115019706,False
700bf4e0009aa072c49c9d80,local_capital_price_plus10_baseline,administered,13,v0.4-local-sensitivity-2-capital_price_plus10,8.30105730600639,3019.7654089354282,False
4d741a4bd711ffa5806e39af,local_capital_price_plus10_baseline,administered,14,v0.4-local-sensitivity-2-capital_price_plus10,5.778034259903134,2954.572020531389,False
017ce5b77f1e8b7d568cbc83,local_capital_price_plus10_baseline,administered,15,v0.4-local-sensitivity-2-capital_price_plus10,10.943689221137879,2819.62169523572,False
0ba36b041eb6190fab43edca,local_capital_price_plus10_baseline,administered,16,v0.4-local-sensitivity-2-capital_price_plus10,15.045342331261281,2901.3803805173743,False
38ccd3df22bd352bd7fa24d3,local_capital_price_plus10_baseline,administered,17,v0.4-local-sensitivity-2-capital_price_plus10,9.889627372071402,3000.1976242160486,False
6503ca58f25128e571dace71,local_capital_price_plus10_baseline,administered,18,v0.4-local-sensitivity-2-capital_price_plus10,5.139491390210335,2945.1633904627324,False
9f95fc81de38f30e511a7ba5,local_capital_price_plus10_baseline,administered,19,v0.4-local-sensitivity-2-capital_price_plus10,10.94867408278141,2819.508991154929,False
40521874f22cb19d11ddc5dc,local_capital_price_plus10_baseline,market,0,v0.4-local-sensitivity-2-capital_price_plus10,6.136241235584459,2858.767973706083,False
e681001a5424d9b7a473200b,local_capital_price_plus10_baseline,market,1,v0.4-local-sensitivity-2-capital_price_plus10,6.089518586582548,2929.684515302227,False
607926e1a43b36e91806a31e,local_capital_price_plus10_baseline,market,2,v0.4-local-sensitivity-2-capital_price_plus10,3.0058237524563474,3113.0095500203097,False
1d2652f64a80255f45503c67,local_capital_price_plus10_baseline,market,3,v0.4-local-sensitivity-2-capital_price_plus10,8.11416670999874,2917.3275029381575,False
237ba3ec69a74ebe62a146ce,local_capital_price_plus10_baseline,market,4,v0.4-local-sensitivity-2-capital_price_plus10,3.9714251651625316,3013.290045528241,False
16cfb86120d0aed1e8403824,local_capital_price_plus10_baseline,market,5,v0.4-local-sensitivity-2-capital_price_plus10,13.456122912550695,2813.487485561618,False
08d0521b1d565f1b620c5c7f,local_capital_price_plus10_baseline,market,6,v0.4-local-sensitivity-2-capital_price_plus10,7.475623840305942,2823.844945316393,False
c2bd8c578d8a0af5f6ede278,local_capital_price_plus10_baseline,market,7,v0.4-local-sensitivity-2-capital_price_plus10,2.8500815891166402,2895.534968857104,False
64e5555252238620c6d02772,local_capital_price_plus10_baseline,market,8,v0.4-local-sensitivity-2-capital_price_plus10,8.425651036678152,2946.5569783733795,False
1b3a2357f1ad59f052295c39,local_capital_price_plus10_baseline,market,9,v0.4-local-sensitivity-2-capital_price_plus10,1.2459373067176567,2925.0155440086887,False
ff19914f43f79900f589c48a,local_capital_price_plus10_baseline,market,10,v0.4-local-sensitivity-2-capital_price_plus10,7.132991080958585,2911.365633553444,False
2dc04252782b482df4a8cbf4,local_capital_price_plus10_baseline,market,11,v0.4-local-sensitivity-2-capital_price_plus10,3.644366622149146,2913.7963645820932,False
d22e910dc283b2ebd7059c6b,local_capital_price_plus10_baseline,market,12,v0.4-local-sensitivity-2-capital_price_plus10,8.09859249366477,2636.8508062038386,False
85538846cfe83caf10708bdc,local_capital_price_plus10_baseline,market,13,v0.4-local-sensitivity-2-capital_price_plus10,6.852655186947111,3014.335943304434,False
dc50314ca8909fb7cdd0b0a2,local_capital_price_plus10_baseline,market,14,v0.4-local-sensitivity-2-capital_price_plus10,3.737811920152971,2951.3956608501494,False
4d199749b5ade841e2d57adf,local_capital_price_plus10_baseline,market,15,v0.4-local-sensitivity-2-capital_price_plus10,2.3049840174276652,2805.9537154228065,False
743b6d75918b01f2073713ed,local_capital_price_plus10_baseline,market,16,v0.4-local-sensitivity-2-capital_price_plus10,8.269908873338446,2894.9973821714866,False
07064f18424e861f50a4863b,local_capital_price_plus10_baseline,market,17,v0.4-local-sensitivity-2-capital_price_plus10,7.89612768132315,2992.9750106244405,False
391130f8e05111023ee1ae3d,local_capital_price_plus10_baseline,market,18,v0.4-local-sensitivity-2-capital_price_plus10,3.4419018098075274,2941.8372496644824,False
b1cb1824b7f14b4e209e2ed3,local_capital_price_plus10_baseline,market,19,v0.4-local-sensitivity-2-capital_price_plus10,5.809182692571075,2814.808314812634,False
29b7a0c43168ceeb2a820431,local_capital_price_plus10_shock,administered,0,v0.4-local-sensitivity-2-capital_price_plus10,14.300759678415305,2890.7195716017154,True
9fd0121ee5ec55e5ab761503,local_capital_price_plus10_shock,administered,1,v0.4-local-sensitivity-2-capital_price_plus10,16.956428033610607,2956.1705467891657,True
ffc0966e72d234aba1912f1a,local_capital_price_plus10_shock,administered,2,v0.4-local-sensitivity-2-capital_price_plus10,8.234866886587012,3122.106210836346,True
552cfebb42d2bd6cbb40f071,local_capital_price_plus10_shock,administered,3,v0.4-local-sensitivity-2-capital_price_plus10,18.06609094740603,2934.2503965098717,True
cc945009734da1e5b36061e0,local_capital_price_plus10_shock,administered,4,v0.4-local-sensitivity-2-capital_price_plus10,13.129578758720456,3041.797966941048,True
1040dffa6381a745e7910b5d,local_capital_price_plus10_shock,administered,5,v0.4-local-sensitivity-2-capital_price_plus10,26.33989337482796,2831.5206641515533,True
8633f06ce14bd1ba64fa71f2,local_capital_price_plus10_shock,administered,6,v0.4-local-sensitivity-2-capital_price_plus10,17.676735539056754,2843.1417949572347,True
c0da4e9abac7aa66665ce215,local_capital_price_plus10_shock,administered,7,v0.4-local-sensitivity-2-capital_price_plus10,11.367128764331447,2938.2638472756134,True
6e75a9e2b96fde6629b391e0,local_capital_price_plus10_shock,administered,8,v0.4-local-sensitivity-2-capital_price_plus10,23.43919558262592,2977.9456733754264,True
b0ee9d32573d08b44e309db9,local_capital_price_plus10_shock,administered,9,v0.4-local-sensitivity-2-capital_price_plus10,4.633380493387625,2930.2091627936898,True
8006c53fd06bb05a053ee15e,local_capital_price_plus10_shock,administered,10,v0.4-local-sensitivity-2-capital_price_plus10,18.482701234339736,2971.612332410873,True
b11eba05d7f8e7caa6daf48a,local_capital_price_plus10_shock,administered,11,v0.4-local-sensitivity-2-capital_price_plus10,12.834254596710707,2928.4362427758238,True
572d736e5757a2d97d354a6b,local_capital_price_plus10_shock,administered,12,v0.4-local-sensitivity-2-capital_price_plus10,18.00768763615363,2726.265447626377,True
507fe1162840df647f5de3d0,local_capital_price_plus10_shock,administered,13,v0.4-local-sensitivity-2-capital_price_plus10,10.169963266082874,3024.539659249794,True
08849b05b168969a4f6ff346,local_capital_price_plus10_shock,administered,14,v0.4-local-sensitivity-2-capital_price_plus10,7.748172626150427,2957.078720058402,True
b78bf45b39fcae163e7d4a0b,local_capital_price_plus10_shock,administered,15,v0.4-local-sensitivity-2-capital_price_plus10,16.508669314008948,2857.4700961166395,True
0fe76ec148a91f2eb999866b,local_capital_price_plus10_shock,administered,16,v0.4-local-sensitivity-2-capital_price_plus10,20.382755627084165,2962.2971207830105,True
6e784b413412c43c9adcf764,local_capital_price_plus10_shock,administered,17,v0.4-local-sensitivity-2-capital_price_plus10,13.59531395725698,3020.6635001764976,True
efb2d0aecdb5402f91959d0a,local_capital_price_plus10_shock,administered,18,v0.4-local-sensitivity-2-capital_price_plus10,7.027865120704281,2950.2862273596943,True
ebc8e0b6a55d9651eba0d4e5,local_capital_price_plus10_shock,administered,19,v0.4-local-sensitivity-2-capital_price_plus10,16.62547593651373,2910.13735528728,True
63c065701be6022aa8ededd7,local_capital_price_plus10_shock,market,0,v0.4-local-sensitivity-2-capital_price_plus10,9.562568829058014,2880.6507694138263,True
39414681ef28c2a26931fe9f,local_capital_price_plus10_shock,market,1,v0.4-local-sensitivity-2-capital_price_plus10,10.29845055083813,2943.5005324288945,True
86173ac6db56bbba60f83e09,local_capital_price_plus10_shock,market,2,v0.4-local-sensitivity-2-capital_price_plus10,5.127810727959855,3115.7358133540815,True
1db23743566776d6d516591f,local_capital_price_plus10_shock,market,3,v0.4-local-sensitivity-2-capital_price_plus10,12.369821323256234,2928.096557771726,True
30741479e9d9b8bf6d8c717e,local_capital_price_plus10_shock,market,4,v0.4-local-sensitivity-2-capital_price_plus10,8.3477799550083,3032.413959997096,True
7808506e3680165ac9acd711,local_capital_price_plus10_shock,market,5,v0.4-local-sensitivity-2-capital_price_plus10,18.05051673107205,2821.2270133218717,True
c0a48d76943c8c3645c82280,local_capital_price_plus10_shock,market,6,v0.4-local-sensitivity-2-capital_price_plus10,10.469766930511808,2830.038725927892,True
d26a9bfd113c8d457ffd262c,local_capital_price_plus10_shock,market,7,v0.4-local-sensitivity-2-capital_price_plus10,5.809182692571074,2929.1941655089813,True
049aa63634a30ebd95d2b9a2,local_capital_price_plus10_shock,market,8,v0.4-local-sensitivity-2-capital_price_plus10,14.659231124349928,2964.013080405579,True
41be33671beee47548ff7613,local_capital_price_plus10_shock,market,9,v0.4-local-sensitivity-2-capital_price_plus10,2.2582613684257526,2926.406270193749,True
c3c950d57f0d8d9c220b48e0,local_capital_price_plus10_shock,market,10,v0.4-local-sensitivity-2-capital_price_plus10,12.381501985506711,2963.0704487951093,True
24de76d4335b8b7aac71d77e,local_capital_price_plus10_shock,market,11,v0.4-local-sensitivity-2-capital_price_plus10,7.759853288400903,2919.877180227423,True
d7ed4a2d4f081e8310c4dec1,local_capital_price_plus10_shock,market,12,v0.4-local-sensitivity-2-capital_price_plus10,12.731921853021055,2721.142327183759,True
e4121ff249cda357faa1a576,local_capital_price_plus10_shock,market,13,v0.4-local-sensitivity-2-capital_price_plus10,8.156995804917159,3018.8824624981685,True
30e8ffffec6e1a85ba6bc71a,local_capital_price_plus10_shock,market,14,v0.4-local-sensitivity-2-capital_price_plus10,4.866942604365845,2953.0034773319167,True
a1348e2407f01f190a95c381,local_capital_price_plus10_shock,market,15,v0.4-local-sensitivity-2-capital_price_plus10,9.219936069710657,2846.6412921245133,True
138c9709855d16b301f1a522,local_capital_price_plus10_shock,market,16,v0.4-local-sensitivity-2-capital_price_plus10,13.958391389321243,2955.735946119066,True
13707867b4082dd7d171a324,local_capital_price_plus10_shock,market,17,v0.4-local-sensitivity-2-capital_price_plus10,9.47301708513768,3010.155092349526,True
a6afefc8befef7726b7496dc,local_capital_price_plus10_shock,market,18,v0.4-local-sensitivity-2-capital_price_plus10,5.275765783132576,2947.100476367908,True
b2378dee2b6dba51378b0b44,local_capital_price_plus10_shock,market,19,v0.4-local-sensitivity-2-capital_price_plus10,10.831867460276625,2902.9296223981314,True
f520965b57a685d9484e1d12,local_investment_share_minus10_baseline,administered,0,v0.4-local-sensitivity-2-investment_share_minus10,10.637189756101993,2867.4706777046954,False
1afdd8dfe11758e739cc1ac3,local_investment_share_minus10_baseline,administered,1,v0.4-local-sensitivity-2-investment_share_minus10,12.45937306717657,2940.902874537107,False
f84c30557eb7b54fc613acaf,local_investment_share_minus10_baseline,administered,2,v0.4-local-sensitivity-2-investment_share_minus10,6.073944370248577,3118.99969321358,False
4a384f30aec6be0822013608,local_investment_share_minus10_baseline,administered,3,v0.4-local-sensitivity-2-investment_share_minus10,14.811079733606144,2924.3277852221277,False
4cad8c8b6c72c53b68d6b9a1,local_investment_share_minus10_baseline,administered,4,v0.4-local-sensitivity-2-investment_share_minus10,8.903563737081244,3022.555204882824,False
ac674d80286ea3f3ec6964fd,local_investment_share_minus10_baseline,administered,5,v0.4-local-sensitivity-2-investment_share_minus10,21.881773949228847,2823.4896542498946,False
0b55e6a11c649e11cfa3ae20,local_investment_share_minus10_baseline,administered,6,v0.4-local-sensitivity-2-investment_share_minus10,13.300380749210985,2835.155223597727,False
e3368c1fceec0ba24eb57a66,local_investment_share_minus10_baseline,administered,7,v0.4-local-sensitivity-2-investment_share_minus10,7.370681499224259,2902.508592567764,False
a4ab63c788ebc790dc8d3180,local_investment_share_minus10_baseline,administered,8,v0.4-local-sensitivity-2-investment_share_minus10,17.256231698039542,2959.7757926163767,False
8fe61595246a5204de8ee089,local_investment_share_minus10_baseline,administered,9,v0.4-local-sensitivity-2-investment_share_minus10,3.7740098184286595,2929.1700609321165,False
a4d87eef53cc9c8ec278d910,local_investment_share_minus10_baseline,administered,10,v0.4-local-sensitivity-2-investment_share_minus10,13.518419777886574,2919.0584726345555,False
bd02744bd601d0c076cf8856,local_investment_share_minus10_baseline,administered,11,v0.4-local-sensitivity-2-investment_share_minus10,9.422400882052276,2922.742210050295,False
d46343a60d4c06fa66aa4aa2,local_investment_share_minus10_baseline,administered,12,v0.4-local-sensitivity-2-investment_share_minus10,13.44054869621672,2641.3217842977756,False
f7147477c7fd40f5d2e4b018,local_investment_share_minus10_baseline,administered,13,v0.4-local-sensitivity-2-investment_share_minus10,8.30105730600639,3019.0604370616534,False
f22ebb718d4c4e494d6e170b,local_investment_share_minus10_baseline,administered,14,v0.4-local-sensitivity-2-investment_share_minus10,5.778034259903134,2954.310950768608,False
3b3ad3c1837ee2095010ee14,local_investment_share_minus10_baseline,administered,15,v0.4-local-sensitivity-2-investment_share_minus10,10.90121942072453,2818.8433898114617,False
3359329e1aefd2940d81ad54,local_investment_share_minus10_baseline,administered,16,v0.4-local-sensitivity-2-investment_share_minus10,15.029118762281733,2900.9156764045892,False
764a09e78147a807381573a8,local_investment_share_minus10_baseline,administered,17,v0.4-local-sensitivity-2-investment_share_minus10,9.889627372071402,2999.3644829886803,False
094ca9fcac86caf14ee57b63,local_investment_share_minus10_baseline,administered,18,v0.4-local-sensitivity-2-investment_share_minus10,5.139491390210335,2944.909835727167,False
4542b2fc1d7a2d5f9e47caaf,local_investment_share_minus10_baseline,administered,19,v0.4-local-sensitivity-2-investment_share_minus10,10.94867408278141,2818.9522829813454,False
1d78a1722760f5cdc2781e67,local_investment_share_minus10_baseline,market,0,v0.4-local-sensitivity-2-investment_share_minus10,6.136241235584459,2858.4680296116953,False
a49a3061b15e07150a0b38ba,local_investment_share_minus10_baseline,market,1,v0.4-local-sensitivity-2-investment_share_minus10,6.089518586582548,2929.2340187836476,False
bfd5cdd650cb70cb6e0079b4,local_investment_share_minus10_baseline,market,2,v0.4-local-sensitivity-2-investment_share_minus10,3.0058237524563474,3112.8215191811873,False
b2862d2face4f6fb78188a5e,local_investment_share_minus10_baseline,market,3,v0.4-local-sensitivity-2-investment_share_minus10,8.11416670999874,2916.8299622686905,False
b994b4ef0b2e913ae06069bd,local_investment_share_minus10_baseline,market,4,v0.4-local-sensitivity-2-investment_share_minus10,3.9714251651625316,3012.9692283575905,False
fb77eea9026e961939e93e27,local_investment_share_minus10_baseline,market,5,v0.4-local-sensitivity-2-investment_share_minus10,13.456122912550695,2812.8407575920414,False
5ad3415ad0b66d1ce0a9d9dc,local_investment_share_minus10_baseline,market,6,v0.4-local-sensitivity-2-investment_share_minus10,7.475623840305942,2823.523266846782,False
2ce6eae937ba042e155cd208,local_investment_share_minus10_baseline,market,7,v0.4-local-sensitivity-2-investment_share_minus10,2.8500815891166402,2895.316049241881,False
839e97f8290f0f7de72e01fa,local_investment_share_minus10_baseline,market,8,v0.4-local-sensitivity-2-investment_share_minus10,8.378928387676241,2945.8610502328165,False
3bbb2fb9c2894508aba16960,local_investment_share_minus10_baseline,market,9,v0.4-local-sensitivity-2-investment_share_minus10,1.2459373067176567,2924.9638897340988,False
cbc78dee2e6390409531ee15,local_investment_share_minus10_baseline,market,10,v0.4-local-sensitivity-2-investment_share_minus10,7.132991080958585,2910.9243945013654,False
a4fbf776186bd4caf61930aa,local_investment_share_minus10_baseline,market,11,v0.4-local-sensitivity-2-investment_share_minus10,3.644366622149146,2913.5226680384494,False
2c484414fd4eb8f6643906af,local_investment_share_minus10_baseline,market,12,v0.4-local-sensitivity-2-investment_share_minus10,8.09859249366477,2636.640690534981,False
4e8d188eff5d519f1627c392,local_investment_share_minus10_baseline,market,13,v0.4-local-sensitivity-2-investment_share_minus10,6.852655186947111,3014.028976064174,False
851944f6a861812c6c274472,local_investment_share_minus10_baseline,market,14,v0.4-local-sensitivity-2-investment_share_minus10,3.737811920152971,2951.2359412971678,False
88aaa11947a6f3e086a08ad4,local_investment_share_minus10_baseline,market,15,v0.4-local-sensitivity-2-investment_share_minus10,2.273835584759724,2805.5155256422945,False
9badd862393cc28c4cd81abd,local_investment_share_minus10_baseline,market,16,v0.4-local-sensitivity-2-investment_share_minus10,8.223186224336533,2894.4688326042346,False
50cc1f17fd9bda9505d1f981,local_investment_share_minus10_baseline,market,17,v0.4-local-sensitivity-2-investment_share_minus10,7.89612768132315,2992.6737678373574,False
dc249b86852ee647d36ef609,local_investment_share_minus10_baseline,market,18,v0.4-local-sensitivity-2-investment_share_minus10,3.4419018098075274,2941.7108911976425,False
69934e2cdc647e750b976c27,local_investment_share_minus10_baseline,market,19,v0.4-local-sensitivity-2-investment_share_minus10,5.809182692571075,2814.466759089457,False
07fd29a210b8196aceb8020e,local_investment_share_minus10_shock,administered,0,v0.4-local-sensitivity-2-investment_share_minus10,14.287258665381767,2889.887884571321,True
ecfeceb01f20a08a108defdf,local_investment_share_minus10_shock,administered,1,v0.4-local-sensitivity-2-investment_share_minus10,16.956428033610607,2955.1432709992023,True
1d8df14eaac7975bb7106a40,local_investment_share_minus10_shock,administered,2,v0.4-local-sensitivity-2-investment_share_minus10,8.234866886587012,3121.5769417003744,True
e60644726d5d55fe2c0a5daa,local_investment_share_minus10_shock,administered,3,v0.4-local-sensitivity-2-investment_share_minus10,18.06609094740603,2933.5905599776984,True
bb1a8c4bb803f78b70e1ac46,local_investment_share_minus10_shock,administered,4,v0.4-local-sensitivity-2-investment_share_minus10,13.114962585488879,3040.9804004243924,True
65a96848c95f0be4dc3a7ec9,local_investment_share_minus10_shock,administered,5,v0.4-local-sensitivity-2-investment_share_minus10,26.311249686719652,2830.493048342615,True
5fadaa630b13ffb6a1834006,local_investment_share_minus10_shock,administered,6,v0.4-local-sensitivity-2-investment_share_minus10,17.647798692199817,2842.1773109777323,True
438bf39e4d8bbe574f63a8cd,local_investment_share_minus10_shock,administered,7,v0.4-local-sensitivity-2-investment_share_minus10,11.34210666438679,2937.6180344187896,True
b2422f25494c62352542018a,local_investment_share_minus10_shock,administered,8,v0.4-local-sensitivity-2-investment_share_minus10,23.408047149957977,2976.760903566081,True
482dbddeb323117c292c97fc,local_investment_share_minus10_shock,administered,9,v0.4-local-sensitivity-2-investment_share_minus10,4.6402406856374565,2930.008039372714,True
ab0f40fc444d8474b17d9486,local_investment_share_minus10_shock,administered,10,v0.4-local-sensitivity-2-investment_share_minus10,18.435978585337825,2970.828457858143,True
dd94edb75233ff181a731d23,local_investment_share_minus10_shock,administered,11,v0.4-local-sensitivity-2-investment_share_minus10,12.771115120232903,2927.7679474121587,True
7a7c97701cd02829d98f1a06,local_investment_share_minus10_shock,administered,12,v0.4-local-sensitivity-2-investment_share_minus10,18.00768763615363,2725.8704105380466,True
eaadfbb1c868982815a0f44f,local_investment_share_minus10_shock,administered,13,v0.4-local-sensitivity-2-investment_share_minus10,10.169963266082874,3023.8098702499074,True
7bcfa868fc336385422c0df6,local_investment_share_minus10_shock,administered,14,v0.4-local-sensitivity-2-investment_share_minus10,7.748172626150427,2956.793431582871,True
c873a86c114e206e81b7f9ee,local_investment_share_minus10_shock,administered,15,v0.4-local-sensitivity-2-investment_share_minus10,16.508669314008948,2856.6232361659763,True
33f38916530c63c08c596bfd,local_investment_share_minus10_shock,administered,16,v0.4-local-sensitivity-2-investment_share_minus10,20.382755627084165,2961.656117938531,True
15ba714b2920e17224886f62,local_investment_share_minus10_shock,administered,17,v0.4-local-sensitivity-2-investment_share_minus10,13.62027100164724,3019.7487124974105,True
84978567fd185c7f78477f21,local_investment_share_minus10_shock,administered,18,v0.4-local-sensitivity-2-investment_share_minus10,7.027865120704281,2950.0163085430904,True
c33eb6eacea8ac8b495ea58a,local_investment_share_minus10_shock,administered,19,v0.4-local-sensitivity-2-investment_share_minus10,16.62547593651373,2909.4466877586656,True
481c097899168d954ab61c42,local_investment_share_minus10_shock,market,0,v0.4-local-sensitivity-2-investment_share_minus10,9.562568829058014,2880.302356679649,True
051fabd08ca658821d7d1936,local_investment_share_minus10_shock,market,1,v0.4-local-sensitivity-2-investment_share_minus10,10.240047239585738,2942.9191704173977,True
e2853ca4ca39b0eeb2782c6c,local_investment_share_minus10_shock,market,2,v0.4-local-sensitivity-2-investment_share_minus10,5.127810727959855,3115.5026284990727,True
d41c63219140bf17fd18a309,local_investment_share_minus10_shock,market,3,v0.4-local-sensitivity-2-investment_share_minus10,12.369821323256234,2927.5174660346815,True
c9e0754ef600c9a1e4418d81,local_investment_share_minus10_shock,market,4,v0.4-local-sensitivity-2-investment_share_minus10,8.3477799550083,3031.9952711256074,True
fba1335705819f4d4deef278,local_investment_share_minus10_shock,market,5,v0.4-local-sensitivity-2-investment_share_minus10,18.05051673107205,2820.499776036581,True
45b22eb281ef4cee9286ee0f,local_investment_share_minus10_shock,market,6,v0.4-local-sensitivity-2-investment_share_minus10,10.469766930511808,2829.6560556147383,True
28a204e3892a8987727c9259,local_investment_share_minus10_shock,market,7,v0.4-local-sensitivity-2-investment_share_minus10,5.809182692571074,2928.8920158758056,True
704d548e744cee7f8d189dde,local_investment_share_minus10_shock,market,8,v0.4-local-sensitivity-2-investment_share_minus10,14.659231124349928,2963.275501520227,True
966191838381fdb48a6acdaa,local_investment_share_minus10_shock,market,9,v0.4-local-sensitivity-2-investment_share_minus10,2.2582613684257526,2926.32559451001,True
6615f12d7f2d060f83aa865d,local_investment_share_minus10_shock,market,10,v0.4-local-sensitivity-2-investment_share_minus10,12.381501985506711,2962.545934083717,True
f6534dcc27a9c7c5a604c424,local_investment_share_minus10_shock,market,11,v0.4-local-sensitivity-2-investment_share_minus10,7.713130639398991,2919.518580567222,True
f1373ddc06b7c86b0f233e03,local_investment_share_minus10_shock,market,12,v0.4-local-sensitivity-2-investment_share_minus10,12.731921853021055,2720.8511908085766,True
d8ebc42d7da911da932d8035,local_investment_share_minus10_shock,market,13,v0.4-local-sensitivity-2-investment_share_minus10,8.156995804917159,3018.552087201888,True
e8b1b18cd0c15746af6a4a40,local_investment_share_minus10_shock,market,14,v0.4-local-sensitivity-2-investment_share_minus10,4.866942604365845,2952.8112469122266,True
7470bedcf7295f91d500aae8,local_investment_share_minus10_shock,market,15,v0.4-local-sensitivity-2-investment_share_minus10,9.219936069710657,2846.1588416376653,True
7555b4f60ec2c87681166c7f,local_investment_share_minus10_shock,market,16,v0.4-local-sensitivity-2-investment_share_minus10,13.911668740319332,2955.0640204595284,True
c6a3caf7fbea7faea766548b,local_investment_share_minus10_shock,market,17,v0.4-local-sensitivity-2-investment_share_minus10,9.47301708513768,3009.804533275239,True
ed60d16dcdc580142cbe1137,local_investment_share_minus10_shock,market,18,v0.4-local-sensitivity-2-investment_share_minus10,5.275765783132576,2946.9538888261277,True
069978d291d98a74ae2d8575,local_investment_share_minus10_shock,market,19,v0.4-local-sensitivity-2-investment_share_minus10,10.831867460276625,2902.497168883178,True
c881b6183501c596ae2ff968,local_investment_share_plus10_baseline,administered,0,v0.4-local-sensitivity-2-investment_share_plus10,10.6387927231927,2869.0051221507533,False
90019d7aa1fa5669bec8632c,local_investment_share_plus10_baseline,administered,1,v0.4-local-sensitivity-2-investment_share_plus10,12.45937306717657,2942.809633504115,False
af8fe15234a6306b0b209125,local_investment_share_plus10_baseline,administered,2,v0.4-local-sensitivity-2-investment_share_plus10,6.073944370248577,3120.000894150906,False
eef9466b05351b133f78a2fd,local_investment_share_plus10_baseline,administered,3,v0.4-local-sensitivity-2-investment_share_plus10,14.842228166274086,2925.632281756021,False
7e624ad8e3d99aa230a22a84,local_investment_share_plus10_baseline,administered,4,v0.4-local-sensitivity-2-investment_share_plus10,8.951302752428619,3024.1191057798233,False
f16d2e7d8f7afc4582176201,local_investment_share_plus10_baseline,administered,5,v0.4-local-sensitivity-2-investment_share_plus10,21.881773949228847,2825.398061116282,False
f6288cbe8769a092cedc8054,local_investment_share_plus10_baseline,administered,6,v0.4-local-sensitivity-2-investment_share_plus10,13.303712073138252,2836.853216297036,False
e374545d3ed015c5cbf0b89b,local_investment_share_plus10_baseline,administered,7,v0.4-local-sensitivity-2-investment_share_plus10,7.397752758636087,2903.6221901390977,False
6981bcc387ba60ac5cfe4563,local_investment_share_plus10_baseline,administered,8,v0.4-local-sensitivity-2-investment_share_plus10,17.256231698039542,2961.98154858069,False
1d2a55878dbf0933c7aefb44,local_investment_share_plus10_baseline,administered,9,v0.4-local-sensitivity-2-investment_share_plus10,3.784534569154883,2929.595185950139,False
384a5313ee6a6f303dd79b31,local_investment_share_plus10_baseline,administered,10,v0.4-local-sensitivity-2-investment_share_plus10,13.52486510367875,2920.4636035662265,False
a3032bf8fc1b74a9e4142fa8,local_investment_share_plus10_baseline,administered,11,v0.4-local-sensitivity-2-investment_share_plus10,9.500271963722131,2923.935589574934,False
696fa3a1fdb60576aebf51fb,local_investment_share_plus10_baseline,administered,12,v0.4-local-sensitivity-2-investment_share_plus10,13.44054869621672,2641.821613432391,False
ca08579546ec55717f6d0225,local_investment_share_plus10_baseline,administered,13,v0.4-local-sensitivity-2-investment_share_plus10,8.323383879114266,3020.499499370885,False
e3cba6e5c640eb4defd9a382,local_investment_share_plus10_baseline,administered,14,v0.4-local-sensitivity-2-investment_share_plus10,5.778034259903134,2954.8318901378116,False
49bec0a263400d10818e0935,local_investment_share_plus10_baseline,administered,15,v0.4-local-sensitivity-2-investment_share_plus10,10.948674082781409,2820.360141851703,False
c33c32bdd26fd4ea6f35d4ca,local_investment_share_plus10_baseline,administered,16,v0.4-local-sensitivity-2-investment_share_plus10,15.173068944048081,2901.9379663003,False
b86db9602c8fcbc37d912cb8,local_investment_share_plus10_baseline,administered,17,v0.4-local-sensitivity-2-investment_share_plus10,9.889627372071402,3001.0281326786558,False
88afdd0024d92ff307be49eb,local_investment_share_plus10_baseline,administered,18,v0.4-local-sensitivity-2-investment_share_plus10,5.139491390210335,2945.41599540904,False
29b00b6a9d9e219b95159896,local_investment_share_plus10_baseline,administered,19,v0.4-local-sensitivity-2-investment_share_plus10,10.94867408278141,2820.041582947123,False
efc7cff2a88c7ede8faf5d4b,local_investment_share_plus10_baseline,market,0,v0.4-local-sensitivity-2-investment_share_plus10,6.136241235584459,2859.0664963328845,False
1d4407361a8c86bfc824141c,local_investment_share_plus10_baseline,market,1,v0.4-local-sensitivity-2-investment_share_plus10,6.120667019250489,2930.1681749275613,False
6cbc14fb11daff4724dc5f86,local_investment_share_plus10_baseline,market,2,v0.4-local-sensitivity-2-investment_share_plus10,3.036972185124289,3113.2318377972547,False
cb709f34ca3508ef860f82ac,local_investment_share_plus10_baseline,market,3,v0.4-local-sensitivity-2-investment_share_plus10,8.11416670999874,2917.8232667894367,False
7569fd593f6450e52bee9103,local_investment_share_plus10_baseline,market,4,v0.4-local-sensitivity-2-investment_share_plus10,3.9714251651625316,3013.609870193928,False
0e52b211d9825cef540b1839,local_investment_share_plus10_baseline,market,5,v0.4-local-sensitivity-2-investment_share_plus10,13.456122912550695,2814.131504357906,False
039cc3fb0adf2ba8cac06575,local_investment_share_plus10_baseline,market,6,v0.4-local-sensitivity-2-investment_share_plus10,7.475623840305942,2824.1651442388306,False
88ccdcd322eddaa11f0401f2,local_investment_share_plus10_baseline,market,7,v0.4-local-sensitivity-2-investment_share_plus10,2.8500815891166402,2895.753000261661,False
102bb5f9c93afa7a60750769,local_investment_share_plus10_baseline,market,8,v0.4-local-sensitivity-2-investment_share_plus10,8.472373685680065,2947.242758237604,False
92d1082951bfc52fc065c215,local_investment_share_plus10_baseline,market,9,v0.4-local-sensitivity-2-investment_share_plus10,1.2459373067176567,2925.066952945392,False
827d5c81bfed89e3b79b29bb,local_investment_share_plus10_baseline,market,10,v0.4-local-sensitivity-2-investment_share_plus10,7.132991080958585,2911.805089294804,False
efcf5dfec268bef754a731f8,local_investment_share_plus10_baseline,market,11,v0.4-local-sensitivity-2-investment_share_plus10,3.644366622149146,2914.0692036501464,False
a3cd499921c5e7210b1b0544,local_investment_share_plus10_baseline,market,12,v0.4-local-sensitivity-2-investment_share_plus10,8.09859249366477,2637.0592332893857,False
d487af6b7653cc7c814b9970,local_investment_share_plus10_baseline,market,13,v0.4-local-sensitivity-2-investment_share_plus10,6.852655186947111,3014.6413503035787,False
e47137ba85de535a88ce1240,local_investment_share_plus10_baseline,market,14,v0.4-local-sensitivity-2-investment_share_plus10,3.737811920152971,2951.554561537816,False
a4c6aac4527a2f0e2bbe3c4c,local_investment_share_plus10_baseline,market,15,v0.4-local-sensitivity-2-investment_share_plus10,2.3517066664295774,2806.419229871076,False
f9936d098d1e6afb8334c874,local_investment_share_plus10_baseline,market,16,v0.4-local-sensitivity-2-investment_share_plus10,8.316631522340357,2895.5033603099896,False
07062c8de5b3bb3a6ff045e3,local_investment_share_plus10_baseline,market,17,v0.4-local-sensitivity-2-investment_share_plus10,7.89612768132315,2993.30552017899,False
359fbc84e18f355d8971e304,local_investment_share_plus10_baseline,market,18,v0.4-local-sensitivity-2-investment_share_plus10,3.4419018098075274,2941.962986142407,False
a7572b69f2aa6d7115dadd2c,local_investment_share_plus10_baseline,market,19,v0.4-local-sensitivity-2-investment_share_plus10,5.809182692571075,2815.148024420968,False
4b41273f6b53bce6f82f36ee,local_investment_share_plus10_shock,administered,0,v0.4-local-sensitivity-2-investment_share_plus10,14.31336422437163,2891.5508371006263,True
3bdac20135ddf1c9b069f42a,local_investment_share_plus10_shock,administered,1,v0.4-local-sensitivity-2-investment_share_plus10,16.956428033610607,2957.194047959806,True
bce233833c44891afde22b11,local_investment_share_plus10_shock,administered,2,v0.4-local-sensitivity-2-investment_share_plus10,8.2546161477699,3122.664798186283,True
13e4a3d65f6d2187fc09ea29,local_investment_share_plus10_shock,administered,3,v0.4-local-sensitivity-2-investment_share_plus10,18.06609094740603,2934.9283541166515,True
a273e6d1951f5da1ebd1fe6a,local_investment_share_plus10_shock,administered,4,v0.4-local-sensitivity-2-investment_share_plus10,13.143760070648424,3042.611892177101,True
b7a688f1ec6bde5671d1e628,local_investment_share_plus10_shock,administered,5,v0.4-local-sensitivity-2-investment_share_plus10,26.33989337482796,2832.5203978436048,True
a6896c1f364713b724129a19,local_investment_share_plus10_shock,administered,6,v0.4-local-sensitivity-2-investment_share_plus10,17.676735539056754,2844.0741189199016,True
837e197a05f0bd6da93346c0,local_investment_share_plus10_shock,administered,7,v0.4-local-sensitivity-2-investment_share_plus10,11.388645694216082,2938.8962866262486,True
84f1596550174bce10bfb481,local_investment_share_plus10_shock,administered,8,v0.4-local-sensitivity-2-investment_share_plus10,23.43919558262592,2979.101984541548,True
256a535bdc868fe64038e5c6,local_investment_share_plus10_shock,administered,9,v0.4-local-sensitivity-2-investment_share_plus10,4.626532490804072,2930.4090330519884,True
5d075f343663a80c55486078,local_investment_share_plus10_shock,administered,10,v0.4-local-sensitivity-2-investment_share_plus10,18.482701234339736,2972.3429878185098,True
1b28ecbaba10727502ee1985,local_investment_share_plus10_shock,administered,11,v0.4-local-sensitivity-2-investment_share_plus10,12.848728475525833,2929.0551230850865,True
41f6f99ba0a177cdd0292ec9,local_investment_share_plus10_shock,administered,12,v0.4-local-sensitivity-2-investment_share_plus10,18.00768763615363,2726.65577855873,True
d273ee5a1682e248b5b657dd,local_investment_share_plus10_shock,administered,13,v0.4-local-sensitivity-2-investment_share_plus10,10.169963266082874,3025.272595160448,True
33a88d4f9400bab920da4e9b,local_investment_share_plus10_shock,administered,14,v0.4-local-sensitivity-2-investment_share_plus10,7.748172626150427,2957.362451502669,True
fe3d11abf6c0ff764919b5c9,local_investment_share_plus10_shock,administered,15,v0.4-local-sensitivity-2-investment_share_plus10,16.508669314008948,2858.315722965373,True
980f169b2273f280b62a0663,local_investment_share_plus10_shock,administered,16,v0.4-local-sensitivity-2-investment_share_plus10,20.382755627084165,2962.9290211966654,True
9168d16e4db85098d6707ea4,local_investment_share_plus10_shock,administered,17,v0.4-local-sensitivity-2-investment_share_plus10,13.598409753038222,3021.6129171412426,True
3d2d9f4f1ad30c7e17731037,local_investment_share_plus10_shock,administered,18,v0.4-local-sensitivity-2-investment_share_plus10,7.068893417541968,2950.600524075699,True
716d696a414aa03dbbb2cfc4,local_investment_share_plus10_shock,administered,19,v0.4-local-sensitivity-2-investment_share_plus10,16.62547593651373,2910.82317046533,True
a0a2d76607955f01276a2df9,local_investment_share_plus10_shock,market,0,v0.4-local-sensitivity-2-investment_share_plus10,9.562568829058014,2880.9971613278094,True
02f6d3537e9e31c1db707439,local_investment_share_plus10_shock,market,1,v0.4-local-sensitivity-2-investment_share_plus10,10.29845055083813,2944.0014016136824,True
d1715df2737d81719e3249cd,local_investment_share_plus10_shock,market,2,v0.4-local-sensitivity-2-investment_share_plus10,5.127810727959855,3115.9679562920624,True
ff5c20c485fdd0b9de894b4f,local_investment_share_plus10_shock,market,3,v0.4-local-sensitivity-2-investment_share_plus10,12.369821323256234,2928.67318759959,True
48b049b47295874a31fc8efb,local_investment_share_plus10_shock,market,4,v0.4-local-sensitivity-2-investment_share_plus10,8.3477799550083,3032.8308917885333,True
0e6e7f9ec4a2c91710b3a508,local_investment_share_plus10_shock,market,5,v0.4-local-sensitivity-2-investment_share_plus10,18.05051673107205,2821.9507539597967,True
5b7c8a8acea26c4c5fff58ae,local_investment_share_plus10_shock,market,6,v0.4-local-sensitivity-2-investment_share_plus10,10.469766930511808,2830.417517880185,True
1a341028351085154f011fbc,local_investment_share_plus10_shock,market,7,v0.4-local-sensitivity-2-investment_share_plus10,5.809182692571074,2929.4948055596487,True
ab6e9fcd00b3e0b16becf002,local_investment_share_plus10_shock,market,8,v0.4-local-sensitivity-2-investment_share_plus10,14.659231124349928,2964.7476869250727,True
2dee37177ae28eab4956d647,local_investment_share_plus10_shock,market,9,v0.4-local-sensitivity-2-investment_share_plus10,2.2582613684257526,2926.486609041924,True
f0ea7023923c58df00605dd9,local_investment_share_plus10_shock,market,10,v0.4-local-sensitivity-2-investment_share_plus10,12.381501985506711,2963.5856117843623,True
cbc3641ebfe565d4d8db17fc,local_investment_share_plus10_shock,market,11,v0.4-local-sensitivity-2-investment_share_plus10,7.791001721068844,2920.1955685573685,True
b0564bd0d3975794d9179099,local_investment_share_plus10_shock,market,12,v0.4-local-sensitivity-2-investment_share_plus10,12.731921853021055,2721.443917386151,True
43f469330dbc2eb156e7dc84,local_investment_share_plus10_shock,market,13,v0.4-local-sensitivity-2-investment_share_plus10,8.156995804917159,3019.210970674386,True
1fcc02362dc7d3aefd17699d,local_investment_share_plus10_shock,market,14,v0.4-local-sensitivity-2-investment_share_plus10,4.866942604365845,2953.194727805778,True
4211997acff01e7577f7cf54,local_investment_share_plus10_shock,market,15,v0.4-local-sensitivity-2-investment_share_plus10,9.29780715138051,2847.2177645907627,True
08d805164201fc43530756a1,local_investment_share_plus10_shock,market,16,v0.4-local-sensitivity-2-investment_share_plus10,14.005114038323155,2956.3880248475216,True
911f609fc4e56d5200187a09,local_investment_share_plus10_shock,market,17,v0.4-local-sensitivity-2-investment_share_plus10,9.511952625972608,3010.584657052241,True
14842271157c9a2db7addc16,local_investment_share_plus10_shock,market,18,v0.4-local-sensitivity-2-investment_share_plus10,5.275765783132576,2947.246189828611,True
68471fb098c9628204b23dce,local_investment_share_plus10_shock,market,19,v0.4-local-sensitivity-2-investment_share_plus10,10.831867460276625,2903.360121910003,True
358e051d12246a2891e5f235,local_liquidity_price_minus10_baseline,administered,0,v0.4-local-sensitivity-2-liquidity_price_minus10,10.637189756101993,2868.236224534197,False
759d0f413c67e54477e48494,local_liquidity_price_minus10_baseline,administered,1,v0.4-local-sensitivity-2-liquidity_price_minus10,12.45937306717657,2941.8577128068155,False
2159bd4664093e585b2129c5,local_liquidity_price_minus10_baseline,administered,2,v0.4-local-sensitivity-2-liquidity_price_minus10,6.073944370248577,3119.4979232758724,False
e82a2b1b91aa2b56fcbcdd03,local_liquidity_price_minus10_baseline,administered,3,v0.4-local-sensitivity-2-liquidity_price_minus10,14.811079733606144,2924.967142781329,False
6d4dbdbad9792a54a4aa984e,local_liquidity_price_minus10_baseline,administered,4,v0.4-local-sensitivity-2-liquidity_price_minus10,8.927741585075035,3023.348794669646,False
717260e11ab1cce38f4d70fd,local_liquidity_price_minus10_baseline,administered,5,v0.4-local-sensitivity-2-liquidity_price_minus10,21.881773949228847,2824.4459770031362,False
d4a46ffe1a23bc9f3240c394,local_liquidity_price_minus10_baseline,administered,6,v0.4-local-sensitivity-2-liquidity_price_minus10,13.300380749210985,2836.0039747839683,False
4899c8128c7e094b0184a778,local_liquidity_price_minus10_baseline,administered,7,v0.4-local-sensitivity-2-liquidity_price_minus10,7.395702885664332,2903.06510493228,False
6a941b53e8032a86d80c093f,local_liquidity_price_minus10_baseline,administered,8,v0.4-local-sensitivity-2-liquidity_price_minus10,17.256231698039542,2960.880632091714,False
f9345aea5266a8085cc99a0c,local_liquidity_price_minus10_baseline,administered,9,v0.4-local-sensitivity-2-liquidity_price_minus10,3.782726257391728,2929.3886227539356,False
fbabecc4658cebea2f5c5d3a,local_liquidity_price_minus10_baseline,administered,10,v0.4-local-sensitivity-2-liquidity_price_minus10,13.518419777886574,2919.7699902034547,False
8e853af165fa21c1feeebdc1,local_liquidity_price_minus10_baseline,administered,11,v0.4-local-sensitivity-2-liquidity_price_minus10,9.475458998258791,2923.3530605637447,False
9a73a8213a54d041a17c6c94,local_liquidity_price_minus10_baseline,administered,12,v0.4-local-sensitivity-2-liquidity_price_minus10,13.44054869621672,2641.580636288776,False
4bf6c12e1fbeb3fa28c92051,local_liquidity_price_minus10_baseline,administered,13,v0.4-local-sensitivity-2-liquidity_price_minus10,8.30105730600639,3019.7654337211384,False
f3f3408cb921648adb7cbcb4,local_liquidity_price_minus10_baseline,administered,14,v0.4-local-sensitivity-2-liquidity_price_minus10,5.778034259903134,2954.572020531389,False
6ccade34c566e887fee3b972,local_liquidity_price_minus10_baseline,administered,15,v0.4-local-sensitivity-2-liquidity_price_minus10,10.943701702914973,2819.6218884344967,False
2348a44efaeb241cb20b9c4a,local_liquidity_price_minus10_baseline,administered,16,v0.4-local-sensitivity-2-liquidity_price_minus10,15.045349775729822,2901.3806140170336,False
3cd128ddbfbaece54fae4ee8,local_liquidity_price_minus10_baseline,administered,17,v0.4-local-sensitivity-2-liquidity_price_minus10,9.889627372071402,3000.1976960162806,False
aaa399f2abba0d2b75d5f2db,local_liquidity_price_minus10_baseline,administered,18,v0.4-local-sensitivity-2-liquidity_price_minus10,5.139491390210335,2945.1633904627324,False
82b1560d3406be62d60a512f,local_liquidity_price_minus10_baseline,administered,19,v0.4-local-sensitivity-2-liquidity_price_minus10,10.94867408278141,2819.5092290308635,False
7f936bbe529129fa52f9c268,local_liquidity_price_minus10_baseline,market,0,v0.4-local-sensitivity-2-liquidity_price_minus10,6.136241235584459,2858.7680201510852,False
f41475d6419983e312da6329,local_liquidity_price_minus10_baseline,market,1,v0.4-local-sensitivity-2-liquidity_price_minus10,6.089518586582548,2929.684571894012,False
063767bbedefa096ebcdb630,local_liquidity_price_minus10_baseline,market,2,v0.4-local-sensitivity-2-liquidity_price_minus10,3.0058237524563474,3113.0095500203097,False
48237dc94dd5b7bf4d050735,local_liquidity_price_minus10_baseline,market,3,v0.4-local-sensitivity-2-liquidity_price_minus10,8.145315142666682,2917.3656357360933,False
f471f90c50dcc257697d8fac,local_liquidity_price_minus10_baseline,market,4,v0.4-local-sensitivity-2-liquidity_price_minus10,3.9714251651625316,3013.2900590849913,False
1b10efefac0446133812c05d,local_liquidity_price_minus10_baseline,market,5,v0.4-local-sensitivity-2-liquidity_price_minus10,13.456122912550695,2813.487485561618,False
406ae3674e09c6aed4471914,local_liquidity_price_minus10_baseline,market,6,v0.4-local-sensitivity-2-liquidity_price_minus10,7.475623840305942,2823.844945316393,False
98d3cb6526a9a4f39a51e754,local_liquidity_price_minus10_baseline,market,7,v0.4-local-sensitivity-2-liquidity_price_minus10,2.8500815891166402,2895.535087254523,False
812762aceb2b7a5d2d4e2fb7,local_liquidity_price_minus10_baseline,market,8,v0.4-local-sensitivity-2-liquidity_price_minus10,8.425651036678152,2946.5569825971475,False
713b4650b7eaf5643d72dbb6,local_liquidity_price_minus10_baseline,market,9,v0.4-local-sensitivity-2-liquidity_price_minus10,1.2459373067176567,2925.0155440086887,False
5811ab3d35691a4779c511e9,local_liquidity_price_minus10_baseline,market,10,v0.4-local-sensitivity-2-liquidity_price_minus10,7.132991080958585,2911.3657859811483,False
93af5f946609fafb45f26afc,local_liquidity_price_minus10_baseline,market,11,v0.4-local-sensitivity-2-liquidity_price_minus10,3.644366622149146,2913.7963645820932,False
59b1108f7289202750803405,local_liquidity_price_minus10_baseline,market,12,v0.4-local-sensitivity-2-liquidity_price_minus10,8.09859249366477,2636.8513894111143,False
333c7b19b62bf7b83d47b688,local_liquidity_price_minus10_baseline,market,13,v0.4-local-sensitivity-2-liquidity_price_minus10,6.852655186947111,3014.335943304434,False
0124c827940602384000dda3,local_liquidity_price_minus10_baseline,market,14,v0.4-local-sensitivity-2-liquidity_price_minus10,3.737811920152971,2951.3956608501494,False
fd3f8ceb03734026c1a56684,local_liquidity_price_minus10_baseline,market,15,v0.4-local-sensitivity-2-liquidity_price_minus10,2.3049840174276652,2805.9537787319764,False
50bfb01693b12d84cb505de6,local_liquidity_price_minus10_baseline,market,16,v0.4-local-sensitivity-2-liquidity_price_minus10,8.269908873338446,2894.997679812134,False
c3e2ec7f5307e3c11c0709bd,local_liquidity_price_minus10_baseline,market,17,v0.4-local-sensitivity-2-liquidity_price_minus10,7.89612768132315,2992.975124507139,False
ec14208a3d04d37a710bde5d,local_liquidity_price_minus10_baseline,market,18,v0.4-local-sensitivity-2-liquidity_price_minus10,3.4419018098075274,2941.8372496644824,False
046373ffb5613029a5c19567,local_liquidity_price_minus10_baseline,market,19,v0.4-local-sensitivity-2-liquidity_price_minus10,5.809182692571075,2814.8087286534433,False
0437b2d6c31a42c53f410b57,local_liquidity_price_minus10_shock,administered,0,v0.4-local-sensitivity-2-liquidity_price_minus10,14.30076485753746,2890.7196127962607,True
bfb3f46724ba301582bd2576,local_liquidity_price_minus10_shock,administered,1,v0.4-local-sensitivity-2-liquidity_price_minus10,16.956428033610607,2956.170558126451,True
d1911b6eeacf3872abd3e35c,local_liquidity_price_minus10_shock,administered,2,v0.4-local-sensitivity-2-liquidity_price_minus10,8.234866886587012,3122.106210836346,True
2378ebf20b638ec63d888978,local_liquidity_price_minus10_shock,administered,3,v0.4-local-sensitivity-2-liquidity_price_minus10,18.06609094740603,2934.2504446945786,True
bb7228bf5684f4072cdd17e4,local_liquidity_price_minus10_shock,administered,4,v0.4-local-sensitivity-2-liquidity_price_minus10,13.129589342324998,3041.7979886286394,True
ff3e2085a2a1a4473b866ea4,local_liquidity_price_minus10_shock,administered,5,v0.4-local-sensitivity-2-liquidity_price_minus10,26.33989337482796,2831.520677259346,True
55dfb060c486d76e6bb91784,local_liquidity_price_minus10_shock,administered,6,v0.4-local-sensitivity-2-liquidity_price_minus10,17.676735539056754,2843.1417949572347,True
4f1d7fcd5872538e3fff9e8c,local_liquidity_price_minus10_shock,administered,7,v0.4-local-sensitivity-2-liquidity_price_minus10,11.367128050826864,2938.2638218038232,True
9d56b88ef54a1cc901003890,local_liquidity_price_minus10_shock,administered,8,v0.4-local-sensitivity-2-liquidity_price_minus10,23.43919558262592,2977.9456847504966,True
021aceffd63fc9aaadb89869,local_liquidity_price_minus10_shock,administered,9,v0.4-local-sensitivity-2-liquidity_price_minus10,4.633380493387625,2930.2091627936898,True
7e313ab40722322641b0e0b3,local_liquidity_price_minus10_shock,administered,10,v0.4-local-sensitivity-2-liquidity_price_minus10,18.482701234339736,2971.612405433254,True
d8f2e5752cbb2602e686638a,local_liquidity_price_minus10_shock,administered,11,v0.4-local-sensitivity-2-liquidity_price_minus10,12.834295764905491,2928.4362820314636,True
d7fafd17928b66db06e54679,local_liquidity_price_minus10_shock,administered,12,v0.4-local-sensitivity-2-liquidity_price_minus10,18.00768763615363,2726.264881756084,True
d9a56506d6173626519a38ba,local_liquidity_price_minus10_shock,administered,13,v0.4-local-sensitivity-2-liquidity_price_minus10,10.169963266082874,3024.5396866417314,True
523b1122520c56cd97dd435e,local_liquidity_price_minus10_shock,administered,14,v0.4-local-sensitivity-2-liquidity_price_minus10,7.748172626150427,2957.078720058402,True
1936b8522b8052af660b84d2,local_liquidity_price_minus10_shock,administered,15,v0.4-local-sensitivity-2-liquidity_price_minus10,16.508669314008948,2857.470195438944,True
61c26dff6cf39160942e29e6,local_liquidity_price_minus10_shock,administered,16,v0.4-local-sensitivity-2-liquidity_price_minus10,20.382755627084165,2962.2972381797717,True
5101dccd99d5b9409a5b22e2,local_liquidity_price_minus10_shock,administered,17,v0.4-local-sensitivity-2-liquidity_price_minus10,13.595294173218601,3020.663527955551,True
7e07f00a95295f2018c17677,local_liquidity_price_minus10_shock,administered,18,v0.4-local-sensitivity-2-liquidity_price_minus10,7.027865120704281,2950.2862273596943,True
88b6e836c0a7c5ba82896d89,local_liquidity_price_minus10_shock,administered,19,v0.4-local-sensitivity-2-liquidity_price_minus10,16.62547593651373,2910.137532949149,True
43130e52856f1c510f43dcda,local_liquidity_price_minus10_shock,market,0,v0.4-local-sensitivity-2-liquidity_price_minus10,9.562568829058014,2880.6508186335345,True
aa805807e0d7dadf783fbbac,local_liquidity_price_minus10_shock,market,1,v0.4-local-sensitivity-2-liquidity_price_minus10,10.240047239585738,2943.420520142163,True
787093d1966f6320271b5c37,local_liquidity_price_minus10_shock,market,2,v0.4-local-sensitivity-2-liquidity_price_minus10,5.127810727959855,3115.7358133540815,True
9f5719930729c0010313e853,local_liquidity_price_minus10_shock,market,3,v0.4-local-sensitivity-2-liquidity_price_minus10,12.369821323256234,2928.09657244417,True
f5e79cc2bfdb1c96af2e0899,local_liquidity_price_minus10_shock,market,4,v0.4-local-sensitivity-2-liquidity_price_minus10,8.3477799550083,3032.413959997096,True
7c767c2194cda4c948e565e4,local_liquidity_price_minus10_shock,market,5,v0.4-local-sensitivity-2-liquidity_price_minus10,18.05051673107205,2821.227018011359,True
77ed4057382a9a02700099e3,local_liquidity_price_minus10_shock,market,6,v0.4-local-sensitivity-2-liquidity_price_minus10,10.469766930511808,2830.038725927892,True
2b57c07029fb733bce03b37b,local_liquidity_price_minus10_shock,market,7,v0.4-local-sensitivity-2-liquidity_price_minus10,5.809182692571074,2929.1942358042015,True
58f0e7617ea523ccef25c89e,local_liquidity_price_minus10_shock,market,8,v0.4-local-sensitivity-2-liquidity_price_minus10,14.659231124349928,2964.0130850067817,True
e75770a4910063ef7f09e0e5,local_liquidity_price_minus10_shock,market,9,v0.4-local-sensitivity-2-liquidity_price_minus10,2.2582613684257526,2926.406270193749,True
37ddf25d71b14afb861795b8,local_liquidity_price_minus10_shock,market,10,v0.4-local-sensitivity-2-liquidity_price_minus10,12.381501985506711,2963.0705691013354,True
b55d2427a2c4f6a10020a189,local_liquidity_price_minus10_shock,market,11,v0.4-local-sensitivity-2-liquidity_price_minus10,7.759853288400903,2919.877180227423,True
9d400a8aa3b9bf2676d87e5f,local_liquidity_price_minus10_shock,market,12,v0.4-local-sensitivity-2-liquidity_price_minus10,12.731921853021055,2721.1426221966094,True
1b2868d91ffe966f23cdf8e7,local_liquidity_price_minus10_shock,market,13,v0.4-local-sensitivity-2-liquidity_price_minus10,8.156995804917159,3018.8824624981685,True
22661c9ff0696e09d80cad71,local_liquidity_price_minus10_shock,market,14,v0.4-local-sensitivity-2-liquidity_price_minus10,4.866942604365845,2953.0034773319167,True
db4947b550a26849eec99e70,local_liquidity_price_minus10_shock,market,15,v0.4-local-sensitivity-2-liquidity_price_minus10,9.219936069710657,2846.6413135838675,True
189c1ab337eed05c157bd8a1,local_liquidity_price_minus10_shock,market,16,v0.4-local-sensitivity-2-liquidity_price_minus10,13.958391389321243,2955.736040007568,True
e48f8834c00483ce6cd837b3,local_liquidity_price_minus10_shock,market,17,v0.4-local-sensitivity-2-liquidity_price_minus10,9.47301708513768,3010.1551805822955,True
15179b11b0b88ba52c4ffe4e,local_liquidity_price_minus10_shock,market,18,v0.4-local-sensitivity-2-liquidity_price_minus10,5.275765783132576,2947.100476367908,True
490338d6e5fd26fed5ce8ffb,local_liquidity_price_minus10_shock,market,19,v0.4-local-sensitivity-2-liquidity_price_minus10,10.831867460276625,2902.9299693512535,True
ae543ab08b17d23dc79e3f99,local_liquidity_price_plus10_baseline,administered,0,v0.4-local-sensitivity-2-liquidity_price_plus10,10.637189756101993,2868.236152896061,False
404c8375a950b2b7347b4f28,local_liquidity_price_plus10_baseline,administered,1,v0.4-local-sensitivity-2-liquidity_price_plus10,12.45937306717657,2941.8576682802636,False
4f20a1d5632d18d28abce78c,local_liquidity_price_plus10_baseline,administered,2,v0.4-local-sensitivity-2-liquidity_price_plus10,6.073944370248577,3119.4979232758724,False
a1da2de8037b9a7da71cd936,local_liquidity_price_plus10_baseline,administered,3,v0.4-local-sensitivity-2-liquidity_price_plus10,14.811079733606144,2924.966987746338,False
97277f5e697100939ea25562,local_liquidity_price_plus10_baseline,administered,4,v0.4-local-sensitivity-2-liquidity_price_plus10,8.927731894083047,3023.3487475401025,False
851529f2759dfaf18d3ac0b6,local_liquidity_price_plus10_baseline,administered,5,v0.4-local-sensitivity-2-liquidity_price_plus10,21.881773949228847,2824.4459531794664,False
21c532602fbb7a324103b15f,local_liquidity_price_plus10_baseline,administered,6,v0.4-local-sensitivity-2-liquidity_price_plus10,13.300380749210985,2836.0039737904376,False
46a3a96bb46f2b99eda1a71f,local_liquidity_price_plus10_baseline,administered,7,v0.4-local-sensitivity-2-liquidity_price_plus10,7.3957049073871,2903.0649158117058,False
ca03179417b834dbba5e7159,local_liquidity_price_plus10_baseline,administered,8,v0.4-local-sensitivity-2-liquidity_price_plus10,17.256231698039542,2960.880612282018,False
825f14daed37affa5a178da3,local_liquidity_price_plus10_baseline,administered,9,v0.4-local-sensitivity-2-liquidity_price_plus10,3.782695578903797,2929.388572974979,False
e37fc518aadbc4e080d4ff0a,local_liquidity_price_plus10_baseline,administered,10,v0.4-local-sensitivity-2-liquidity_price_plus10,13.518419777886574,2919.7698610210687,False
a5ca560584df728eb43a36e3,local_liquidity_price_plus10_baseline,administered,11,v0.4-local-sensitivity-2-liquidity_price_plus10,9.475359703878052,2923.3529690293253,False
560bba5d77ff1c8cb8ecd1a6,local_liquidity_price_plus10_baseline,administered,12,v0.4-local-sensitivity-2-liquidity_price_plus10,13.44054869621672,2641.5805445971837,False
9df2dc81be680afe03773c29,local_liquidity_price_plus10_baseline,administered,13,v0.4-local-sensitivity-2-liquidity_price_plus10,8.30105730600639,3019.765384141777,False
02a3eae4edee941210d6a887,local_liquidity_price_plus10_baseline,administered,14,v0.4-local-sensitivity-2-liquidity_price_plus10,5.778034259903134,2954.572020531389,False
b71871eef0855ab402e12565,local_liquidity_price_plus10_baseline,administered,15,v0.4-local-sensitivity-2-liquidity_price_plus10,10.943677770503092,2819.6215159312483,False
b783ab5908ba7de793005afa,local_liquidity_price_plus10_baseline,administered,16,v0.4-local-sensitivity-2-liquidity_price_plus10,15.04533305433366,2901.3801232317637,False
fca676416ceef828f529ab2f,local_liquidity_price_plus10_baseline,administered,17,v0.4-local-sensitivity-2-liquidity_price_plus10,9.889627372071402,3000.197562950909,False
7f6b4853493f03d7b1d40a16,local_liquidity_price_plus10_baseline,administered,18,v0.4-local-sensitivity-2-liquidity_price_plus10,5.139491390210335,2945.1633904627324,False
c7c38a9da72033cb753d9038,local_liquidity_price_plus10_baseline,administered,19,v0.4-local-sensitivity-2-liquidity_price_plus10,10.94867408278141,2819.5087532673024,False
15a379a8b3fb61a81fb788ab,local_liquidity_price_plus10_baseline,market,0,v0.4-local-sensitivity-2-liquidity_price_plus10,6.136241235584459,2858.7679228099882,False
5cfc1dff60681557232778aa,local_liquidity_price_plus10_baseline,market,1,v0.4-local-sensitivity-2-liquidity_price_plus10,6.089518586582548,2929.656055164107,False
67de38934b46b3720bf37b7e,local_liquidity_price_plus10_baseline,market,2,v0.4-local-sensitivity-2-liquidity_price_plus10,3.0058237524563474,3113.0095500203097,False
f2608bbd02f006282d306a47,local_liquidity_price_plus10_baseline,market,3,v0.4-local-sensitivity-2-liquidity_price_plus10,8.11416670999874,2917.3274761452817,False
8bc00a2e3123bb426c6e5c43,local_liquidity_price_plus10_baseline,market,4,v0.4-local-sensitivity-2-liquidity_price_plus10,3.9714251651625316,3013.2900319714986,False
ea5b89c31853bb8cb0726da5,local_liquidity_price_plus10_baseline,market,5,v0.4-local-sensitivity-2-liquidity_price_plus10,13.456122912550695,2813.487485561618,False
f95d84b0f514351d1e7ebb6f,local_liquidity_price_plus10_baseline,market,6,v0.4-local-sensitivity-2-liquidity_price_plus10,7.475623840305942,2823.844945316393,False
2e0fc47efd4dfb6d108befd3,local_liquidity_price_plus10_baseline,market,7,v0.4-local-sensitivity-2-liquidity_price_plus10,2.8500815891166402,2895.534907296347,False
8e17fd585e3bacbabaf382cb,local_liquidity_price_plus10_baseline,market,8,v0.4-local-sensitivity-2-liquidity_price_plus10,8.425651036678152,2946.5569741495947,False
6d112f42b3e0e4b012ff6b25,local_liquidity_price_plus10_baseline,market,9,v0.4-local-sensitivity-2-liquidity_price_plus10,1.2459373067176567,2925.0155440086887,False
9ecd579a3b3829842c223cf5,local_liquidity_price_plus10_baseline,market,10,v0.4-local-sensitivity-2-liquidity_price_plus10,7.132991080958585,2911.3655065348685,False
ba957ef228c9bb94b0c66b16,local_liquidity_price_plus10_baseline,market,11,v0.4-local-sensitivity-2-liquidity_price_plus10,3.644366622149146,2913.7963645820932,False
cf04d60550c12772f3541191,local_liquidity_price_plus10_baseline,market,12,v0.4-local-sensitivity-2-liquidity_price_plus10,8.09859249366477,2636.8502846357023,False
b7bc5c7f1863d0164f0172ca,local_liquidity_price_plus10_baseline,market,13,v0.4-local-sensitivity-2-liquidity_price_plus10,6.852655186947111,3014.335943304434,False
87e731407a719ef209aa0035,local_liquidity_price_plus10_baseline,market,14,v0.4-local-sensitivity-2-liquidity_price_plus10,3.737811920152971,2951.3956608501494,False
1d8e9f6d3842b7c1484baf5e,local_liquidity_price_plus10_baseline,market,15,v0.4-local-sensitivity-2-liquidity_price_plus10,2.3049840174276652,2805.9536736432274,False
c95a47d1242061d89a92bcb5,local_liquidity_price_plus10_baseline,market,16,v0.4-local-sensitivity-2-liquidity_price_plus10,8.269908873338446,2894.997029651997,False
444e7865dccade4c8dbb4a02,local_liquidity_price_plus10_baseline,market,17,v0.4-local-sensitivity-2-liquidity_price_plus10,7.89612768132315,2992.9748947017,False
be368b1fe2560831adb5e1b5,local_liquidity_price_plus10_baseline,market,18,v0.4-local-sensitivity-2-liquidity_price_plus10,3.4419018098075274,2941.8372496644824,False
0b36680db8b5e9af844d0714,local_liquidity_price_plus10_baseline,market,19,v0.4-local-sensitivity-2-liquidity_price_plus10,5.809182692571075,2814.8079510842963,False
0898fdc724a455febfd13368,local_liquidity_price_plus10_shock,administered,0,v0.4-local-sensitivity-2-liquidity_price_plus10,14.300756129010951,2890.7195354575565,True
474c4bb58de44622aeced894,local_liquidity_price_plus10_shock,administered,1,v0.4-local-sensitivity-2-liquidity_price_plus10,16.956428033610607,2956.1705221867883,True
216af3c3c37dda0bdecdc917,local_liquidity_price_plus10_shock,administered,2,v0.4-local-sensitivity-2-liquidity_price_plus10,8.234866886587012,3122.106210836346,True
81c3e9086a18ce146833fe58,local_liquidity_price_plus10_shock,administered,3,v0.4-local-sensitivity-2-liquidity_price_plus10,18.06609094740603,2934.2503484267104,True
72c3073bb2b1e36d3f8bdeb5,local_liquidity_price_plus10_shock,administered,4,v0.4-local-sensitivity-2-liquidity_price_plus10,13.129568234638604,3041.797945425354,True
08a1ee0c81098ed744181d48,local_liquidity_price_plus10_shock,administered,5,v0.4-local-sensitivity-2-liquidity_price_plus10,26.33989337482796,2831.520651068328,True
38ccafdf6e95395af8e5fb70,local_liquidity_price_plus10_shock,administered,6,v0.4-local-sensitivity-2-liquidity_price_plus10,17.676735539056754,2843.1417949572347,True
f7da887ac058613593d45f63,local_liquidity_price_plus10_shock,administered,7,v0.4-local-sensitivity-2-liquidity_price_plus10,11.367130072549632,2938.2637577412775,True
6b21c6884028c778026f166a,local_liquidity_price_plus10_shock,administered,8,v0.4-local-sensitivity-2-liquidity_price_plus10,23.43919558262592,2977.9456618930853,True
d1cba67c6bd274a840555ff1,local_liquidity_price_plus10_shock,administered,9,v0.4-local-sensitivity-2-liquidity_price_plus10,4.633380493387625,2930.2091627936898,True
effc7d676d491150141e5b82,local_liquidity_price_plus10_shock,administered,10,v0.4-local-sensitivity-2-liquidity_price_plus10,18.482701234339736,2971.612259388516,True
0ffc9888c269ab0b047c00a2,local_liquidity_price_plus10_shock,administered,11,v0.4-local-sensitivity-2-liquidity_price_plus10,12.834213428502206,2928.436203520121,True
94772b6820960527b93d42ee,local_liquidity_price_plus10_shock,administered,12,v0.4-local-sensitivity-2-liquidity_price_plus10,18.00768763615363,2726.2650137524724,True
1b5b32f949672a373719b0d0,local_liquidity_price_plus10_shock,administered,13,v0.4-local-sensitivity-2-liquidity_price_plus10,10.169963266082874,3024.539632886456,True
18141586828258900dc25a62,local_liquidity_price_plus10_shock,administered,14,v0.4-local-sensitivity-2-liquidity_price_plus10,7.748172626150427,2957.078720058402,True
4511b4828f9029123f0eefa5,local_liquidity_price_plus10_shock,administered,15,v0.4-local-sensitivity-2-liquidity_price_plus10,16.508669314008948,2857.470000037626,True
c2270cb6690ea835cbdc6712,local_liquidity_price_plus10_shock,administered,16,v0.4-local-sensitivity-2-liquidity_price_plus10,20.382755627084165,2962.296992293586,True
355cc1e23ba3b013081e8667,local_liquidity_price_plus10_shock,administered,17,v0.4-local-sensitivity-2-liquidity_price_plus10,13.595333741143012,3020.663476311279,True
109fef1abf832083fdad3506,local_liquidity_price_plus10_shock,administered,18,v0.4-local-sensitivity-2-liquidity_price_plus10,7.027865120704281,2950.2862273596943,True
7be69fdf4f0defaeb98e7733,local_liquidity_price_plus10_shock,administered,19,v0.4-local-sensitivity-2-liquidity_price_plus10,16.62547593651373,2910.1371817666486,True
936a9390b8098809e279c640,local_liquidity_price_plus10_shock,market,0,v0.4-local-sensitivity-2-liquidity_price_plus10,9.562568829058014,2880.6507201941727,True
a455396a936a08f392a5252c,local_liquidity_price_plus10_shock,market,1,v0.4-local-sensitivity-2-liquidity_price_plus10,10.29845055083813,2943.4714011615706,True
8c8b84f118e7e9f709111c64,local_liquidity_price_plus10_shock,market,2,v0.4-local-sensitivity-2-liquidity_price_plus10,5.127810727959855,3115.7358133540815,True
539319bc437c93c15503959a,local_liquidity_price_plus10_shock,market,3,v0.4-local-sensitivity-2-liquidity_price_plus10,12.369821323256234,2928.096544371022,True
dfd94ce20db78b21d94008bc,local_liquidity_price_plus10_shock,market,4,v0.4-local-sensitivity-2-liquidity_price_plus10,8.3477799550083,3032.413959997096,True
e3625950e9b81de2ea6306ce,local_liquidity_price_plus10_shock,market,5,v0.4-local-sensitivity-2-liquidity_price_plus10,18.05051673107205,2821.2270086335516,True
7ff2d82d72d7afb57fa7150c,local_liquidity_price_plus10_shock,market,6,v0.4-local-sensitivity-2-liquidity_price_plus10,10.469766930511808,2830.038725927892,True
7ed4f69d12896ac92d97bdd9,local_liquidity_price_plus10_shock,market,7,v0.4-local-sensitivity-2-liquidity_price_plus10,5.809182692571074,2929.1940519118884,True
4312ab1ef1e054eb7c706ff4,local_liquidity_price_plus10_shock,market,8,v0.4-local-sensitivity-2-liquidity_price_plus10,14.659231124349928,2964.0130758043656,True
7524f1dc6f8522665bf440fb,local_liquidity_price_plus10_shock,market,9,v0.4-local-sensitivity-2-liquidity_price_plus10,2.2582613684257526,2926.406270193749,True
b0e156605254a100c99e6503,local_liquidity_price_plus10_shock,market,10,v0.4-local-sensitivity-2-liquidity_price_plus10,12.381501985506711,2963.070365993259,True
a8938cf802cdffbe798e2236,local_liquidity_price_plus10_shock,market,11,v0.4-local-sensitivity-2-liquidity_price_plus10,7.759853288400903,2919.877180227423,True
929d9a035891e415b9bf9545,local_liquidity_price_plus10_shock,market,12,v0.4-local-sensitivity-2-liquidity_price_plus10,12.731921853021055,2721.142067542133,True
4ee7dc4408cad2b4f28eaa60,local_liquidity_price_plus10_shock,market,13,v0.4-local-sensitivity-2-liquidity_price_plus10,8.156995804917159,3018.8824624981685,True
220066b74cf38d91ae6afe40,local_liquidity_price_plus10_shock,market,14,v0.4-local-sensitivity-2-liquidity_price_plus10,4.866942604365845,2953.0034773319167,True
dc744ab78d4e5bc171aef44e,local_liquidity_price_plus10_shock,market,15,v0.4-local-sensitivity-2-liquidity_price_plus10,9.219936069710657,2846.64126736233,True
0635285b1a668a428ee63bd2,local_liquidity_price_plus10_shock,market,16,v0.4-local-sensitivity-2-liquidity_price_plus10,13.958391389321243,2955.7358241719303,True
2b7c7753e91b7be9dbb80f1f,local_liquidity_price_plus10_shock,market,17,v0.4-local-sensitivity-2-liquidity_price_plus10,9.47301708513768,3010.155005999351,True
0a9e3443c2d55ffeb6584015,local_liquidity_price_plus10_shock,market,18,v0.4-local-sensitivity-2-liquidity_price_plus10,5.275765783132576,2947.100476367908,True
331354f1f776283e845cd996,local_liquidity_price_plus10_shock,market,19,v0.4-local-sensitivity-2-liquidity_price_plus10,10.831867460276625,2902.9293435073773,True
72bdea7a83332468b18052d1,local_production_alpha_minus10_baseline,administered,0,v0.4-local-sensitivity-2-production_alpha_minus10,10.637189756101993,2743.2690268741535,False
0612bbedfc4044ffa1a08023,local_production_alpha_minus10_baseline,administered,1,v0.4-local-sensitivity-2-production_alpha_minus10,12.45937306717657,2815.5968255137773,False
a2b071a677c258a80e552715,local_production_alpha_minus10_baseline,administered,2,v0.4-local-sensitivity-2-production_alpha_minus10,6.073944370248577,2988.457361801921,False
620eb69919db2fa1de1328c8,local_production_alpha_minus10_baseline,administered,3,v0.4-local-sensitivity-2-production_alpha_minus10,14.811079733606144,2800.8179278359007,False
5a63703f9e106227392cc366,local_production_alpha_minus10_baseline,administered,4,v0.4-local-sensitivity-2-production_alpha_minus10,8.944260756930023,2893.3214505888573,False
1a748f63316babea00896456,local_production_alpha_minus10_baseline,administered,5,v0.4-local-sensitivity-2-production_alpha_minus10,21.881773949228847,2704.6309546457064,False
a924f08bd639a5d6eda792e6,local_production_alpha_minus10_baseline,administered,6,v0.4-local-sensitivity-2-production_alpha_minus10,13.300380749210985,2715.7514182514797,False
8b5e69606f051b54cb165631,local_production_alpha_minus10_baseline,administered,7,v0.4-local-sensitivity-2-production_alpha_minus10,7.397752758636087,2773.9434958178595,False
3a38ee7ef7586b6135c5fdf2,local_production_alpha_minus10_baseline,administered,8,v0.4-local-sensitivity-2-production_alpha_minus10,17.256231698039542,2833.631420925564,False
75034f88ca95d035662b86fc,local_production_alpha_minus10_baseline,administered,9,v0.4-local-sensitivity-2-production_alpha_minus10,3.784534569154883,2806.592126010351,False
8c25f16aaefd2cf506dfc222,local_production_alpha_minus10_baseline,administered,10,v0.4-local-sensitivity-2-production_alpha_minus10,13.518419777886574,2787.2682233254263,False
b6f43bfc2c7ef2e5f3c69865,local_production_alpha_minus10_baseline,administered,11,v0.4-local-sensitivity-2-production_alpha_minus10,9.49931612002337,2800.1515279618798,False
8e4f86b37a0f361a31c305e1,local_production_alpha_minus10_baseline,administered,12,v0.4-local-sensitivity-2-production_alpha_minus10,13.44054869621672,2514.3039180496953,False
d05acc22ee8d1c92fdd2c0b4,local_production_alpha_minus10_baseline,administered,13,v0.4-local-sensitivity-2-production_alpha_minus10,8.308226940054153,2892.1944771379244,False
ef3ab3bdbef9e409a414b3ce,local_production_alpha_minus10_baseline,administered,14,v0.4-local-sensitivity-2-production_alpha_minus10,5.778034259903134,2830.6649106961554,False
ba54353131079723a52a1056,local_production_alpha_minus10_baseline,administered,15,v0.4-local-sensitivity-2-production_alpha_minus10,10.94659375145561,2693.2813557228833,False
717f62fdd22924914274564c,local_production_alpha_minus10_baseline,administered,16,v0.4-local-sensitivity-2-production_alpha_minus10,15.163110051423383,2770.129501546729,False
0a3581b6c638f7dd84ef45a5,local_production_alpha_minus10_baseline,administered,17,v0.4-local-sensitivity-2-production_alpha_minus10,9.889627372071402,2870.333992111719,False
69957d2f2b36447c5f5dfb84,local_production_alpha_minus10_baseline,administered,18,v0.4-local-sensitivity-2-production_alpha_minus10,5.139491390210335,2820.8393188164814,False
80050e12995073e3a1e216b0,local_production_alpha_minus10_baseline,administered,19,v0.4-local-sensitivity-2-production_alpha_minus10,10.94867408278141,2687.013992384822,False
69969e87728697257dfd11cf,local_production_alpha_minus10_baseline,market,0,v0.4-local-sensitivity-2-production_alpha_minus10,6.136241235584459,2734.748448262551,False
9b129d62255dafe67dd3ace7,local_production_alpha_minus10_baseline,market,1,v0.4-local-sensitivity-2-production_alpha_minus10,6.120667019250489,2804.556810279279,False
13099a0cb7b3000cbefbc908,local_production_alpha_minus10_baseline,market,2,v0.4-local-sensitivity-2-production_alpha_minus10,3.036972185124289,2982.573563771308,False
3a3452362dbf157dac7f8ac5,local_production_alpha_minus10_baseline,market,3,v0.4-local-sensitivity-2-production_alpha_minus10,8.11416670999874,2793.7144703836957,False
9dc26726d04eb1bf0a638e32,local_production_alpha_minus10_baseline,market,4,v0.4-local-sensitivity-2-production_alpha_minus10,3.9714251651625316,2884.174432917406,False
e9300021be034aa7914648a9,local_production_alpha_minus10_baseline,market,5,v0.4-local-sensitivity-2-production_alpha_minus10,13.456122912550695,2694.453901243816,False
1841f4b5bf815eb1a39f2fad,local_production_alpha_minus10_baseline,market,6,v0.4-local-sensitivity-2-production_alpha_minus10,7.475623840305942,2704.617578951399,False
09021cd5571a9d4684a40686,local_production_alpha_minus10_baseline,market,7,v0.4-local-sensitivity-2-production_alpha_minus10,2.8500815891166402,2767.312936802198,False
b73b37cc8b98b7d5bb61b500,local_production_alpha_minus10_baseline,market,8,v0.4-local-sensitivity-2-production_alpha_minus10,8.425651036678152,2820.4875223737995,False
72e93f4cdccc31cbf7a2dbc2,local_production_alpha_minus10_baseline,market,9,v0.4-local-sensitivity-2-production_alpha_minus10,1.2459373067176567,2802.546306772322,False
68f08bc5cde38dec4580d781,local_production_alpha_minus10_baseline,market,10,v0.4-local-sensitivity-2-production_alpha_minus10,7.132991080958585,2779.8210871664864,False
869027c4291af112c015fabc,local_production_alpha_minus10_baseline,market,11,v0.4-local-sensitivity-2-production_alpha_minus10,3.644366622149146,2791.2608845712384,False
94bf7b80e8de4139e346861d,local_production_alpha_minus10_baseline,market,12,v0.4-local-sensitivity-2-production_alpha_minus10,8.09859249366477,2510.433727524863,False
9606aaf3a108afafe42461c8,local_production_alpha_minus10_baseline,market,13,v0.4-local-sensitivity-2-production_alpha_minus10,6.852655186947111,2887.3869920095703,False
7ae447644f46032838789195,local_production_alpha_minus10_baseline,market,14,v0.4-local-sensitivity-2-production_alpha_minus10,3.737811920152971,2827.7197578920914,False
cae5357a37ce95aa3e20125d,local_production_alpha_minus10_baseline,market,15,v0.4-local-sensitivity-2-production_alpha_minus10,2.3517066664295774,2680.9452946078104,False
092076d8b8a956ef6f4e4629,local_production_alpha_minus10_baseline,market,16,v0.4-local-sensitivity-2-production_alpha_minus10,8.316631522340357,2764.2438144999946,False
8777c5e598c2d210b35c22ec,local_production_alpha_minus10_baseline,market,17,v0.4-local-sensitivity-2-production_alpha_minus10,7.89612768132315,2864.0978408797305,False
43bbef4bac27bbe05359f0b2,local_production_alpha_minus10_baseline,market,18,v0.4-local-sensitivity-2-production_alpha_minus10,3.4419018098075274,2817.7766974370597,False
eed590e984b0917bc2647faf,local_production_alpha_minus10_baseline,market,19,v0.4-local-sensitivity-2-production_alpha_minus10,5.809182692571075,2683.324131497144,False
665433360d58319a10f9f26d,local_production_alpha_minus10_shock,administered,0,v0.4-local-sensitivity-2-production_alpha_minus10,14.312748639678185,2766.1050856221163,True
fd4ea9eb2317b9f191fae3c8,local_production_alpha_minus10_shock,administered,1,v0.4-local-sensitivity-2-production_alpha_minus10,16.956428033610607,2829.875109947725,True
42eca17192b101318c767757,local_production_alpha_minus10_shock,administered,2,v0.4-local-sensitivity-2-production_alpha_minus10,8.242034760122634,2990.934068044269,True
eeeac0ef54f2bfff9cdfeaee,local_production_alpha_minus10_shock,administered,3,v0.4-local-sensitivity-2-production_alpha_minus10,18.06609094740603,2810.104853606692,True
0c8b243f92c13e86443be89a,local_production_alpha_minus10_shock,administered,4,v0.4-local-sensitivity-2-production_alpha_minus10,13.14420024969918,2911.8361328898663,True
7b66c619222e422eba8e1f0d,local_production_alpha_minus10_shock,administered,5,v0.4-local-sensitivity-2-production_alpha_minus10,26.33989337482796,2711.5156540197977,True
66cf5ee980ad22cb9bdfbd11,local_production_alpha_minus10_shock,administered,6,v0.4-local-sensitivity-2-production_alpha_minus10,17.676735539056754,2722.666778692562,True
09e9938271c32aff1b381d76,local_production_alpha_minus10_shock,administered,7,v0.4-local-sensitivity-2-production_alpha_minus10,11.388645694216082,2809.862441910781,True
19d1386a4d8ceb6b0ea7dd94,local_production_alpha_minus10_shock,administered,8,v0.4-local-sensitivity-2-production_alpha_minus10,23.43919558262592,2850.595101717279,True
2d1bb24f255369853eaf607d,local_production_alpha_minus10_shock,administered,9,v0.4-local-sensitivity-2-production_alpha_minus10,4.625528655374614,2807.3565817521585,True
7f73c4dfdbc5b1b923d01c5e,local_production_alpha_minus10_shock,administered,10,v0.4-local-sensitivity-2-production_alpha_minus10,18.482701234339736,2839.816735665942,True
157917b7a59d51aa188241dd,local_production_alpha_minus10_shock,administered,11,v0.4-local-sensitivity-2-production_alpha_minus10,12.848728475525833,2805.050478852892,True
a2c8295eb2427920d31cad88,local_production_alpha_minus10_shock,administered,12,v0.4-local-sensitivity-2-production_alpha_minus10,18.00768763615363,2599.7877899506016,True
a497285bf32d42bc80921115,local_production_alpha_minus10_shock,administered,13,v0.4-local-sensitivity-2-production_alpha_minus10,10.169963266082874,2896.923876145341,True
790287f66a3a4fb069e6cc85,local_production_alpha_minus10_shock,administered,14,v0.4-local-sensitivity-2-production_alpha_minus10,7.748172626150427,2833.0439201455847,True
dd48bc09988cc3aef96188d8,local_production_alpha_minus10_shock,administered,15,v0.4-local-sensitivity-2-production_alpha_minus10,16.508669314008948,2731.509839236047,True
e9f115826c9e09f8d8d09364,local_production_alpha_minus10_shock,administered,16,v0.4-local-sensitivity-2-production_alpha_minus10,20.382755627084165,2831.7579606566323,True
ccdbd5879e78bd2fba4073cd,local_production_alpha_minus10_shock,administered,17,v0.4-local-sensitivity-2-production_alpha_minus10,13.589556727392921,2890.9947657086523,True
89169edc2eb0e0158ba18d90,local_production_alpha_minus10_shock,administered,18,v0.4-local-sensitivity-2-production_alpha_minus10,7.044835170926259,2825.953228632677,True
0eec3619d075baa2bca601ec,local_production_alpha_minus10_shock,administered,19,v0.4-local-sensitivity-2-production_alpha_minus10,16.62547593651373,2778.6934560362283,True
f793fc4760d2e7c2a03310a2,local_production_alpha_minus10_shock,market,0,v0.4-local-sensitivity-2-production_alpha_minus10,9.562568829058014,2756.980474987102,True
da2d45d9b4773e6c1d41708d,local_production_alpha_minus10_shock,market,1,v0.4-local-sensitivity-2-production_alpha_minus10,10.29845055083813,2818.3130352582966,True
333b72a971e53bf30a7fc7d4,local_production_alpha_minus10_shock,market,2,v0.4-local-sensitivity-2-production_alpha_minus10,5.127810727959855,2985.1063581328385,True
97ec035ae2579565cbfa7606,local_production_alpha_minus10_shock,market,3,v0.4-local-sensitivity-2-production_alpha_minus10,12.369821323256234,2804.35671089937,True
a96f9748169a895744ddafb3,local_production_alpha_minus10_shock,market,4,v0.4-local-sensitivity-2-production_alpha_minus10,8.3477799550083,2903.2589742050595,True
3fdfcd2449392fe5296c1acc,local_production_alpha_minus10_shock,market,5,v0.4-local-sensitivity-2-production_alpha_minus10,18.05051673107205,2701.9433068279354,True
40f03e06884971cbdd6d9f74,local_production_alpha_minus10_shock,market,6,v0.4-local-sensitivity-2-production_alpha_minus10,10.469766930511808,2710.653595480296,True
7e6c8fdfedb0ee9b3a5e2415,local_production_alpha_minus10_shock,market,7,v0.4-local-sensitivity-2-production_alpha_minus10,5.809182692571074,2801.6360061542327,True
15a044929eb85f481ec0b4a1,local_production_alpha_minus10_shock,market,8,v0.4-local-sensitivity-2-production_alpha_minus10,14.659231124349928,2837.7492027969392,True
4cbb3d0b589fa0bdcc5b10ca,local_production_alpha_minus10_shock,market,9,v0.4-local-sensitivity-2-production_alpha_minus10,2.2582613684257526,2803.848393730946,True
5298dd105e92b8ade198176c,local_production_alpha_minus10_shock,market,10,v0.4-local-sensitivity-2-production_alpha_minus10,12.381501985506711,2832.1129000884125,True
17f6cdce690e57076096d8ea,local_production_alpha_minus10_shock,market,11,v0.4-local-sensitivity-2-production_alpha_minus10,7.759853288400903,2797.1241853659667,True
5139227b2c479c7c4b35149e,local_production_alpha_minus10_shock,market,12,v0.4-local-sensitivity-2-production_alpha_minus10,12.731921853021055,2595.3740547384846,True
9eb6aae0ed235aace33230cf,local_production_alpha_minus10_shock,market,13,v0.4-local-sensitivity-2-production_alpha_minus10,8.156995804917159,2891.9041978562373,True
5f978ef82efcbd0ff96cf6b4,local_production_alpha_minus10_shock,market,14,v0.4-local-sensitivity-2-production_alpha_minus10,4.866942604365845,2829.2261444103474,True
aa2e6a6c3e66cf2a134fdba2,local_production_alpha_minus10_shock,market,15,v0.4-local-sensitivity-2-production_alpha_minus10,9.29780715138051,2721.805383334635,True
c20b8fd0d99b7e527e766e22,local_production_alpha_minus10_shock,market,16,v0.4-local-sensitivity-2-production_alpha_minus10,13.958391389321243,2825.7228395806974,True
e9cdd6f0056fe77854e94623,local_production_alpha_minus10_shock,market,17,v0.4-local-sensitivity-2-production_alpha_minus10,9.47301708513768,2881.6640707367733,True
5dbf3798f0e1c94e8e49c692,local_production_alpha_minus10_shock,market,18,v0.4-local-sensitivity-2-production_alpha_minus10,5.275765783132576,2823.0046849716805,True
0d1d4cfc375bfcf4a16322f5,local_production_alpha_minus10_shock,market,19,v0.4-local-sensitivity-2-production_alpha_minus10,10.831867460276625,2772.4682734926137,True
b8e113b743a688d2f4de1fdb,local_production_alpha_plus10_baseline,administered,0,v0.4-local-sensitivity-2-production_alpha_plus10,10.637189756101993,2998.6228776355824,False
d3fe49dfd9ef3e932c1fae09,local_production_alpha_plus10_baseline,administered,1,v0.4-local-sensitivity-2-production_alpha_plus10,12.45937306717657,3073.702768570933,False
dbc6c84d1503fc6176e1756d,local_production_alpha_plus10_baseline,administered,2,v0.4-local-sensitivity-2-production_alpha_plus10,6.073944370248577,3256.336925846311,False
bb44bf4fe9625644538c48f5,local_production_alpha_plus10_baseline,administered,3,v0.4-local-sensitivity-2-production_alpha_plus10,14.811079733606144,3054.6009169012937,False
73aafccd573f3dbcfcc743cd,local_production_alpha_plus10_baseline,administered,4,v0.4-local-sensitivity-2-production_alpha_plus10,8.91190664852426,3159.126563998383,False
84b3f727cdc3c3b59c67a48f,local_production_alpha_plus10_baseline,administered,5,v0.4-local-sensitivity-2-production_alpha_plus10,21.881773949228847,2949.5770746954254,False
f5fca682f438e06e353f6c73,local_production_alpha_plus10_baseline,administered,6,v0.4-local-sensitivity-2-production_alpha_plus10,13.300380749210985,2961.581729475701,False
b3305f0ddc258e689d2e1dc8,local_production_alpha_plus10_baseline,administered,7,v0.4-local-sensitivity-2-production_alpha_plus10,7.368057709565109,3037.6720119229312,False
732ed4f4d3f549f6933f9cb3,local_production_alpha_plus10_baseline,administered,8,v0.4-local-sensitivity-2-production_alpha_plus10,17.256231698039542,3093.7689891296386,False
aba7b3490a1b658b076accca,local_production_alpha_plus10_baseline,administered,9,v0.4-local-sensitivity-2-production_alpha_plus10,3.762583246845081,3057.5747420549674,False
05a34982bcc901940cb082d4,local_production_alpha_plus10_baseline,administered,10,v0.4-local-sensitivity-2-production_alpha_plus10,13.518419777886574,3058.165564789735,False
44d21342b6f71b53d9c153d9,local_production_alpha_plus10_baseline,administered,11,v0.4-local-sensitivity-2-production_alpha_plus10,9.451652694458833,3052.008256859458,False
0accd5f6a9d17d8fd2537d27,local_production_alpha_plus10_baseline,administered,12,v0.4-local-sensitivity-2-production_alpha_plus10,13.44054869621672,2774.5251512151035,False
e925650d3d6142b1d671343d,local_production_alpha_plus10_baseline,administered,13,v0.4-local-sensitivity-2-production_alpha_plus10,8.30105730600639,3152.995094233921,False
212894426726e7c7b9571be7,local_production_alpha_plus10_baseline,administered,14,v0.4-local-sensitivity-2-production_alpha_plus10,5.778034259903134,3083.952963571345,False
cf3135c77fb55ac04b57f93a,local_production_alpha_plus10_baseline,administered,15,v0.4-local-sensitivity-2-production_alpha_plus10,10.824551928709951,2951.3742210103596,False
35ec3f662df33ad61ddaeb68,local_production_alpha_plus10_baseline,administered,16,v0.4-local-sensitivity-2-production_alpha_plus10,15.032304161432826,3038.5987288929464,False
0b6b09d87b02f2700369a430,local_production_alpha_plus10_baseline,administered,17,v0.4-local-sensitivity-2-production_alpha_plus10,9.889627372071402,3135.7822648587203,False
de5019042f6d70ad9da07c82,local_production_alpha_plus10_baseline,administered,18,v0.4-local-sensitivity-2-production_alpha_plus10,5.139491390210335,3074.970605138631,False
a39440f9829344621b41f1e7,local_production_alpha_plus10_baseline,administered,19,v0.4-local-sensitivity-2-production_alpha_plus10,10.94867408278141,2958.016282989104,False
ff6ceeef7f207af24a8de52b,local_production_alpha_plus10_baseline,market,0,v0.4-local-sensitivity-2-production_alpha_plus10,6.136241235584459,2988.143452749464,False
5133b33d46983c34f5841318,local_production_alpha_plus10_baseline,market,1,v0.4-local-sensitivity-2-production_alpha_plus10,6.089518586582548,3060.3620797517265,False
36099c207470de77b01e9879,local_production_alpha_plus10_baseline,market,2,v0.4-local-sensitivity-2-production_alpha_plus10,3.0058237524563474,3249.2389777538106,False
0b30a9d41785d28309c0a27c,local_production_alpha_plus10_baseline,market,3,v0.4-local-sensitivity-2-production_alpha_plus10,8.11416670999874,3046.3994393871935,False
d1a8af5ce4f89d2283ec28ff,local_production_alpha_plus10_baseline,market,4,v0.4-local-sensitivity-2-production_alpha_plus10,3.9714251651625316,3148.101467524683,False
cd49ac546b7dc4672ad376e4,local_production_alpha_plus10_baseline,market,5,v0.4-local-sensitivity-2-production_alpha_plus10,13.456122912550695,2937.7922580204445,False
dace95d3b4b079746b9574c4,local_production_alpha_plus10_baseline,market,6,v0.4-local-sensitivity-2-production_alpha_plus10,7.475623840305942,2948.329640970214,False
d74428abe9309e043801f50c,local_production_alpha_plus10_baseline,market,7,v0.4-local-sensitivity-2-production_alpha_plus10,2.8500815891166402,3029.17828075452,False
e83a86bdc3b41419e5b556a0,local_production_alpha_plus10_baseline,market,8,v0.4-local-sensitivity-2-production_alpha_plus10,8.425651036678152,3078.195259577778,False
56dcc5d9e071ef52c30198b7,local_production_alpha_plus10_baseline,market,9,v0.4-local-sensitivity-2-production_alpha_plus10,1.2459373067176567,3052.8872288911216,False
e2415348a4a55cad7ab972ac,local_production_alpha_plus10_baseline,market,10,v0.4-local-sensitivity-2-production_alpha_plus10,7.132991080958585,3048.7614655687685,False
fe6e3475a288855b48f9f177,local_production_alpha_plus10_baseline,market,11,v0.4-local-sensitivity-2-production_alpha_plus10,3.644366622149146,3041.7453956407817,False
5581ca2afc09a927e5621ff5,local_production_alpha_plus10_baseline,market,12,v0.4-local-sensitivity-2-production_alpha_plus10,8.09859249366477,2768.9997155642063,False
5da1fc8de85d3971eab8172e,local_production_alpha_plus10_baseline,market,13,v0.4-local-sensitivity-2-production_alpha_plus10,6.852655186947111,3146.8904047090628,False
0fc21b9aa85616c0a23b1b35,local_production_alpha_plus10_baseline,market,14,v0.4-local-sensitivity-2-production_alpha_plus10,3.737811920152971,3080.531259366452,False
1f7457b0aa26c39b60950205,local_production_alpha_plus10_baseline,market,15,v0.4-local-sensitivity-2-production_alpha_plus10,2.273835584759724,2936.4720441808977,False
c1977c42c9ca0d3a3d43c29d,local_production_alpha_plus10_baseline,market,16,v0.4-local-sensitivity-2-production_alpha_plus10,8.223186224336533,3031.5358245836705,False
6280c0642f5a8ff3604321f3,local_production_alpha_plus10_baseline,market,17,v0.4-local-sensitivity-2-production_alpha_plus10,7.89612768132315,3127.5007700711403,False
3e7782ac64abe42c5230f178,local_production_alpha_plus10_baseline,market,18,v0.4-local-sensitivity-2-production_alpha_plus10,3.4419018098075274,3071.363757335777,False
a08983d8343296de4620b056,local_production_alpha_plus10_baseline,market,19,v0.4-local-sensitivity-2-production_alpha_plus10,5.809182692571075,2952.2408968472555,False
7ef0c8d0b1fd9626cf007b7b,local_production_alpha_plus10_shock,administered,0,v0.4-local-sensitivity-2-production_alpha_plus10,14.287105620149962,3020.751529930951,True
0608b066e223b4453371a4d9,local_production_alpha_plus10_shock,administered,1,v0.4-local-sensitivity-2-production_alpha_plus10,16.956428033610607,3088.058422941377,True
1b68c018d3ec4bb32e1f992d,local_production_alpha_plus10_shock,administered,2,v0.4-local-sensitivity-2-production_alpha_plus10,8.234866886587012,3259.092404116053,True
404f3b60063d86dc66d7c523,local_production_alpha_plus10_shock,administered,3,v0.4-local-sensitivity-2-production_alpha_plus10,18.06609094740603,3063.893259399888,True
1823c7743f93286315c72e44,local_production_alpha_plus10_shock,administered,4,v0.4-local-sensitivity-2-production_alpha_plus10,13.11346588618266,3177.5068829954866,True
6485900a378aaf7a546dae98,local_production_alpha_plus10_shock,administered,5,v0.4-local-sensitivity-2-production_alpha_plus10,26.32755996466364,2956.8452066392188,True
e464ed0a75eb648a15786305,local_production_alpha_plus10_shock,administered,6,v0.4-local-sensitivity-2-production_alpha_plus10,17.673791588519283,2968.954886963391,True
f4f7946921927ba6e2abfbfe,local_production_alpha_plus10_shock,administered,7,v0.4-local-sensitivity-2-production_alpha_plus10,11.340493210988566,3072.105161076968,True
e51f04931d120bfe6e5fd147,local_production_alpha_plus10_shock,administered,8,v0.4-local-sensitivity-2-production_alpha_plus10,23.43919558262592,3110.9513555659055,True
8eac8de1520ff6729b9b71ab,local_production_alpha_plus10_shock,administered,9,v0.4-local-sensitivity-2-production_alpha_plus10,4.641479665421803,3058.4885733350493,True
9221fbaf432aaa1a08f07ad7,local_production_alpha_plus10_shock,administered,10,v0.4-local-sensitivity-2-production_alpha_plus10,18.482701234339736,3109.2562954625537,True
5e9ae62fc3f1623f3503a656,local_production_alpha_plus10_shock,administered,11,v0.4-local-sensitivity-2-production_alpha_plus10,12.8070839466338,3057.274393953509,True
cf1e72900497ba35c3214eff,local_production_alpha_plus10_shock,administered,12,v0.4-local-sensitivity-2-production_alpha_plus10,18.00768763615363,2858.2874158607115,True
151605bc890a2f1c9c93d107,local_production_alpha_plus10_shock,administered,13,v0.4-local-sensitivity-2-production_alpha_plus10,10.169963266082874,3157.8091762118775,True
eb690e528601edaa58f2f7d6,local_production_alpha_plus10_shock,administered,14,v0.4-local-sensitivity-2-production_alpha_plus10,7.748172626150427,3086.593423086092,True
b104421580ee79d0eb9d94d0,local_production_alpha_plus10_shock,administered,15,v0.4-local-sensitivity-2-production_alpha_plus10,16.508669314008948,2988.9392186602076,True
99fd00a81b88f91b5bce3746,local_production_alpha_plus10_shock,administered,16,v0.4-local-sensitivity-2-production_alpha_plus10,20.382755627084165,3098.6116403259925,True
b2367be0c8bad2523771d872,local_production_alpha_plus10_shock,administered,17,v0.4-local-sensitivity-2-production_alpha_plus10,13.600631063161988,3156.069071090306,True
efd6061287c12fa3b8879abb,local_production_alpha_plus10_shock,administered,18,v0.4-local-sensitivity-2-production_alpha_plus10,7.027865120704281,3080.127019438813,True
13b22c94454705bf9295f6ad,local_production_alpha_plus10_shock,administered,19,v0.4-local-sensitivity-2-production_alpha_plus10,16.62547593651373,3047.439898130395,True
d514905c016b7c62f3474c19,local_production_alpha_plus10_shock,market,0,v0.4-local-sensitivity-2-production_alpha_plus10,9.562568829058014,3009.679412131075,True
d1f5b10c6df80b04e3d4c5ec,local_production_alpha_plus10_shock,market,1,v0.4-local-sensitivity-2-production_alpha_plus10,10.29845055083813,3074.2102465398425,True
86ff8a12eb4df827c1bec1b4,local_production_alpha_plus10_shock,market,2,v0.4-local-sensitivity-2-production_alpha_plus10,5.127810727959855,3252.134172466618,True
9a9435c808a0f15e08f439ad,local_production_alpha_plus10_shock,market,3,v0.4-local-sensitivity-2-production_alpha_plus10,12.369821323256234,3057.309830242382,True
45ed30a7082f7a89fac6c236,local_production_alpha_plus10_shock,market,4,v0.4-local-sensitivity-2-production_alpha_plus10,8.3477799550083,3167.266628544982,True
d7816202fec7c6daa69270cd,local_production_alpha_plus10_shock,market,5,v0.4-local-sensitivity-2-production_alpha_plus10,18.05051673107205,2945.7976612000643,True
ad9b8139886be3f443750cf1,local_production_alpha_plus10_shock,market,6,v0.4-local-sensitivity-2-production_alpha_plus10,10.469766930511808,2954.6917721142277,True
f7a77858b8683e0fef9f9d30,local_production_alpha_plus10_shock,market,7,v0.4-local-sensitivity-2-production_alpha_plus10,5.809182692571074,3062.1670506063824,True
cac6ef4f3a23260d24de7318,local_production_alpha_plus10_shock,market,8,v0.4-local-sensitivity-2-production_alpha_plus10,14.659231124349928,3095.867615027322,True
2d427236c0468a3467c053f4,local_production_alpha_plus10_shock,market,9,v0.4-local-sensitivity-2-production_alpha_plus10,2.2582613684257526,3054.3714071028116,True
1df95b0193e799c7cfce2ca9,local_production_alpha_plus10_shock,market,10,v0.4-local-sensitivity-2-production_alpha_plus10,12.35035355283877,3099.789779208625,True
f0edc22995644ec6318721c0,local_production_alpha_plus10_shock,market,11,v0.4-local-sensitivity-2-production_alpha_plus10,7.713130639398991,3048.0191198804873,True
23ce233a9cd478fc5d8a478b,local_production_alpha_plus10_shock,market,12,v0.4-local-sensitivity-2-production_alpha_plus10,12.700773420353112,2852.3759577188603,True
5e7cc8d281223891317bc3c9,local_production_alpha_plus10_shock,market,13,v0.4-local-sensitivity-2-production_alpha_plus10,8.156995804917159,3151.470410525866,True
e96fe8eebf35e3085e8f842b,local_production_alpha_plus10_shock,market,14,v0.4-local-sensitivity-2-production_alpha_plus10,4.866942604365845,3082.245983262004,True
269844d04eec62012eee06a3,local_production_alpha_plus10_shock,market,15,v0.4-local-sensitivity-2-production_alpha_plus10,9.219936069710657,2977.02254814629,True
8ff37d824bd0b5ba91af26e2,local_production_alpha_plus10_shock,market,16,v0.4-local-sensitivity-2-production_alpha_plus10,13.958391389321243,3091.477964241058,True
df3bbe272502f0db659f7dd2,local_production_alpha_plus10_shock,market,17,v0.4-local-sensitivity-2-production_alpha_plus10,9.47301708513768,3144.300877777853,True
2ad936a40050d6642208b131,local_production_alpha_plus10_shock,market,18,v0.4-local-sensitivity-2-production_alpha_plus10,5.275765783132576,3076.6693392953925,True
a1202814f026cf1a68a953e0,local_production_alpha_plus10_shock,market,19,v0.4-local-sensitivity-2-production_alpha_plus10,10.785144811274712,3039.134203209214,True
cca8ac5f156f60b5778b2179,local_risk_price_minus10_baseline,administered,0,v0.4-local-sensitivity-2-risk_price_minus10,10.715060837771848,2868.43176556135,False
e9fdcfadb833c8a709a7a61e,local_risk_price_minus10_baseline,administered,1,v0.4-local-sensitivity-2-risk_price_minus10,12.45937306717657,2941.916338524135,False
5de981638884cfc1d99726f4,local_risk_price_minus10_baseline,administered,2,v0.4-local-sensitivity-2-risk_price_minus10,6.073944370248577,3119.5231350357235,False
7c2dc69144aa876f68e7430c,local_risk_price_minus10_baseline,administered,3,v0.4-local-sensitivity-2-risk_price_minus10,15.044692978615709,2925.153014604028,False
9aa27608a67ccdb070bcf5bd,local_risk_price_minus10_baseline,administered,4,v0.4-local-sensitivity-2-risk_price_minus10,8.933547501456959,3023.3973697306924,False
869916c43276b3ade8aa6666,local_risk_price_minus10_baseline,administered,5,v0.4-local-sensitivity-2-risk_price_minus10,22.053090328902524,2824.7263175685753,False
62d23b1ba081e1bc631832b4,local_risk_price_minus10_baseline,administered,6,v0.4-local-sensitivity-2-risk_price_minus10,13.487271345218634,2836.454372191445,False
78899c6ae88349ac21c5f1f6,local_risk_price_minus10_baseline,administered,7,v0.4-local-sensitivity-2-risk_price_minus10,7.475623840305941,2903.189641364822,False
6df6b36d57790a9a59d163ed,local_risk_price_minus10_baseline,administered,8,v0.4-local-sensitivity-2-risk_price_minus10,17.365251212377338,2960.9755180199045,False
ef81a0c4124065bc97e3b038,local_risk_price_minus10_baseline,administered,9,v0.4-local-sensitivity-2-risk_price_minus10,3.893554083492678,2929.4909811999655,False
a685858e45d8d3101c181271,local_risk_price_minus10_baseline,administered,10,v0.4-local-sensitivity-2-risk_price_minus10,13.549568210554517,2919.7497719227663,False
4978de738c49cdc5652ab160,local_risk_price_minus10_baseline,administered,11,v0.4-local-sensitivity-2-risk_price_minus10,9.479525873161126,2923.4111971423727,False
32e415d6e4f7c34e9dd1e7ae,local_risk_price_minus10_baseline,administered,12,v0.4-local-sensitivity-2-risk_price_minus10,13.471697128884662,2641.6323396015887,False
7176d175b0cf0f242c4315ac,local_risk_price_minus10_baseline,administered,13,v0.4-local-sensitivity-2-risk_price_minus10,8.33220573867433,3019.9565895507453,False
70da9823b2deed06edef73db,local_risk_price_minus10_baseline,administered,14,v0.4-local-sensitivity-2-risk_price_minus10,5.809182692571075,2954.6084863703572,False
2a0e9962e29aa401a6728c6f,local_risk_price_minus10_baseline,administered,15,v0.4-local-sensitivity-2-risk_price_minus10,10.979822515449351,2819.6361311646724,False
7030526aa137edecc7fef766,local_risk_price_minus10_baseline,administered,16,v0.4-local-sensitivity-2-risk_price_minus10,15.129346859919023,2901.4319849225167,False
1c23cd4e0ecdc31211cd95e6,local_risk_price_minus10_baseline,administered,17,v0.4-local-sensitivity-2-risk_price_minus10,9.967498453741255,3000.2768316096117,False
994a650de3ccad24fd4500c6,local_risk_price_minus10_baseline,administered,18,v0.4-local-sensitivity-2-risk_price_minus10,5.139491390210335,2945.182743845926,False
a3d80bcddca290f3a154079a,local_risk_price_minus10_baseline,administered,19,v0.4-local-sensitivity-2-risk_price_minus10,10.979822515449351,2819.5720853919147,False
5ecc7c1e90be9ee07210dc55,local_risk_price_minus10_baseline,market,0,v0.4-local-sensitivity-2-risk_price_minus10,6.83708097061314,2859.9365509923764,False
bb4d2571e93fcba4432ddc8f,local_risk_price_minus10_baseline,market,1,v0.4-local-sensitivity-2-risk_price_minus10,7.3666043259681455,2931.3972966543024,False
9fcdd94c73282332f1c67dcd,local_risk_price_minus10_baseline,market,2,v0.4-local-sensitivity-2-risk_price_minus10,3.1615659157960545,3113.453855137806,False
800342fdac448ac69b53b575,local_risk_price_minus10_baseline,market,3,v0.4-local-sensitivity-2-risk_price_minus10,8.628115849019773,2918.218984176472,False
f381f3c100fdbe0fdd9c5a3b,local_risk_price_minus10_baseline,market,4,v0.4-local-sensitivity-2-risk_price_minus10,4.251761059174004,3014.3500472066703,False
e6c13546fdc4541997a50f55,local_risk_price_minus10_baseline,market,5,v0.4-local-sensitivity-2-risk_price_minus10,14.546318055928646,2814.9293934224643,False
c081c2392c74c3bd4a1c4d8c,local_risk_price_minus10_baseline,market,6,v0.4-local-sensitivity-2-risk_price_minus10,7.569069138309766,2824.463680684985,False
d769cb94f208ecee2c3139ba,local_risk_price_minus10_baseline,market,7,v0.4-local-sensitivity-2-risk_price_minus10,3.0992690504601716,2896.2346688800376,False
e050f218bc723e43c7137ef7,local_risk_price_minus10_baseline,market,8,v0.4-local-sensitivity-2-risk_price_minus10,8.955174392033157,2947.9380611384513,False
4261fb6c46e0673714ad7ee6,local_risk_price_minus10_baseline,market,9,v0.4-local-sensitivity-2-risk_price_minus10,1.2459373067176567,2925.0611268312828,False
dd2136ca9b2eae28e76b20ec,local_risk_price_minus10_baseline,market,10,v0.4-local-sensitivity-2-risk_price_minus10,7.880553464989179,2912.739632314745,False
06cf2f62ca5cd342a6ab9a93,local_risk_price_minus10_baseline,market,11,v0.4-local-sensitivity-2-risk_price_minus10,4.765710198195038,2915.5845661338685,False
fc86cbf23b7d15641ad17142,local_risk_price_minus10_baseline,market,12,v0.4-local-sensitivity-2-risk_price_minus10,8.643690065353743,2637.6409877081187,False
3d53a0e55ddb3f791e709573,local_risk_price_minus10_baseline,market,13,v0.4-local-sensitivity-2-risk_price_minus10,7.008397350286818,3014.669087539525,False
484e1b0d0d26225ef44608e2,local_risk_price_minus10_baseline,market,14,v0.4-local-sensitivity-2-risk_price_minus10,3.737811920152971,2951.5858784664497,False
4b37934322fc307fc96c484b,local_risk_price_minus10_baseline,market,15,v0.4-local-sensitivity-2-risk_price_minus10,3.5509213241453224,2808.0614999050163,False
12c5a2ff6a919b3396a34c3b,local_risk_price_minus10_baseline,market,16,v0.4-local-sensitivity-2-risk_price_minus10,9.282232935046544,2896.086847778704,False
c3730a6edad7c6131b2dd13a,local_risk_price_minus10_baseline,market,17,v0.4-local-sensitivity-2-risk_price_minus10,8.14531514266668,2993.5915685043565,False
bd6f60ad363301c1e18f794d,local_risk_price_minus10_baseline,market,18,v0.4-local-sensitivity-2-risk_price_minus10,3.7533861364869416,2942.322685384288,False
b47ca5782c753ae61362250e,local_risk_price_minus10_baseline,market,19,v0.4-local-sensitivity-2-risk_price_minus10,6.401002913261961,2815.480598354699,False
160b2413f01d7e8681cc009b,local_risk_price_minus10_shock,administered,0,v0.4-local-sensitivity-2-risk_price_minus10,14.372859017083858,2890.9386511192442,True
4756fb25ef7d39433cd0c050,local_risk_price_minus10_shock,administered,1,v0.4-local-sensitivity-2-risk_price_minus10,16.956428033610607,2956.231984032766,True
43ae85f3c548dba0a15ff889,local_risk_price_minus10_shock,administered,2,v0.4-local-sensitivity-2-risk_price_minus10,8.234866886587012,3122.131422596196,True
557e761c42e613a43ea4366d,local_risk_price_minus10_shock,administered,3,v0.4-local-sensitivity-2-risk_price_minus10,18.26855575974765,2934.4166865870475,True
108d6375eea0ec2ad621b55e,local_risk_price_minus10_shock,administered,4,v0.4-local-sensitivity-2-risk_price_minus10,13.136777467503684,3041.8606328406445,True
f58675f330043f3a796a0b72,local_risk_price_minus10_shock,administered,5,v0.4-local-sensitivity-2-risk_price_minus10,26.386616023829873,2831.6933324295933,True
80c44999324fe5fb6fdc5d7a,local_risk_price_minus10_shock,administered,6,v0.4-local-sensitivity-2-risk_price_minus10,17.848051918730434,2843.556149435463,True
7814ecca6dc2babc8ed6da5d,local_risk_price_minus10_shock,administered,7,v0.4-local-sensitivity-2-risk_price_minus10,11.370495383162424,2938.3526856751287,True
9490aa9ceefdd685db8049b3,local_risk_price_minus10_shock,administered,8,v0.4-local-sensitivity-2-risk_price_minus10,23.517066664295776,2978.0096742267815,True
93ac8ae0c85720bd867c3c53,local_risk_price_minus10_shock,administered,9,v0.4-local-sensitivity-2-risk_price_minus10,4.711251575057478,2930.2766561733483,True
2e1168b9b58b783714233a49,local_risk_price_minus10_shock,administered,10,v0.4-local-sensitivity-2-risk_price_minus10,18.51384966700768,2971.6233059006845,True
4a5b2831eb1427a662dfb565,local_risk_price_minus10_shock,administered,11,v0.4-local-sensitivity-2-risk_price_minus10,12.839753291727824,2928.4958950689524,True
ae10b22f85739b71cac7b4e7,local_risk_price_minus10_shock,administered,12,v0.4-local-sensitivity-2-risk_price_minus10,18.00768763615363,2726.302035117304,True
0984ff19bcc8cfe57bcf73a8,local_risk_price_minus10_shock,administered,13,v0.4-local-sensitivity-2-risk_price_minus10,10.201111698750816,3024.7324783605804,True
8a4b41252c9ab106d9fc4c91,local_risk_price_minus10_shock,administered,14,v0.4-local-sensitivity-2-risk_price_minus10,7.794895275152339,2957.126949939249,True
f4544a7375210de6f0f4068c,local_risk_price_minus10_shock,administered,15,v0.4-local-sensitivity-2-risk_price_minus10,16.508669314008948,2857.5281772962635,True
cea271459652d6cfb70eed2e,local_risk_price_minus10_shock,administered,16,v0.4-local-sensitivity-2-risk_price_minus10,20.382755627084165,2962.314883231918,True
9acf7aea622e08b0836f7ea3,local_risk_price_minus10_shock,administered,17,v0.4-local-sensitivity-2-risk_price_minus10,13.590761588913896,3020.690771626799,True
0e416eda8bf3ffefde0bcfe0,local_risk_price_minus10_shock,administered,18,v0.4-local-sensitivity-2-risk_price_minus10,7.027865120704281,2950.3056077038655,True
0f122d1719a2c88069339b5d,local_risk_price_minus10_shock,administered,19,v0.4-local-sensitivity-2-risk_price_minus10,16.62547593651373,2910.1854966251917,True
e492e267088aad0737ff29b7,local_risk_price_minus10_shock,market,0,v0.4-local-sensitivity-2-risk_price_minus10,9.827330506735516,2881.3001519451127,True
80fe8353d2b3524344a382ee,local_risk_price_minus10_shock,market,1,v0.4-local-sensitivity-2-risk_price_minus10,11.435368343217991,2945.278521850359,True
4fcf39d3c97e9895322d366a,local_risk_price_minus10_shock,market,2,v0.4-local-sensitivity-2-risk_price_minus10,5.322488432134488,3116.1768505766904,True
688f6564162d09d9232a7639,local_risk_price_minus10_shock,market,3,v0.4-local-sensitivity-2-risk_price_minus10,12.875983354110284,2928.935296330283,True
9aa16920245feb9a33273218,local_risk_price_minus10_shock,market,4,v0.4-local-sensitivity-2-risk_price_minus10,9.286126489130034,3034.277454512075,True
5b18a5b2867f21ea7af887cc,local_risk_price_minus10_shock,market,5,v0.4-local-sensitivity-2-risk_price_minus10,19.265305605121764,2822.534692553646,True
2a8cd2a39286f50ce44d3c2a,local_risk_price_minus10_shock,market,6,v0.4-local-sensitivity-2-risk_price_minus10,11.23679708495987,2831.4191518085836,True
8fa2a170296129ece6e5611b,local_risk_price_minus10_shock,market,7,v0.4-local-sensitivity-2-risk_price_minus10,6.307557615258137,2930.262435777281,True
722bb36932093441e47aa3f4,local_risk_price_minus10_shock,market,8,v0.4-local-sensitivity-2-risk_price_minus10,16.240014082247956,2966.466151745845,True
6d0e250af0c5ca9f5bb1e242,local_risk_price_minus10_shock,market,9,v0.4-local-sensitivity-2-risk_price_minus10,2.4918746134353134,2926.707110223703,True
ddb55dedb48c5d2eaff6b431,local_risk_price_minus10_shock,market,10,v0.4-local-sensitivity-2-risk_price_minus10,13.023938409283003,2964.2344126069556,True
e1c35d9ff8bcc6140454fbc8,local_risk_price_minus10_shock,market,11,v0.4-local-sensitivity-2-risk_price_minus10,8.503522118348005,2921.0873067275893,True
b1dcc94f4aaee3edac38c9de,local_risk_price_minus10_shock,market,12,v0.4-local-sensitivity-2-risk_price_minus10,13.40940026354878,2722.046998914598,True
3221fafff6f74c0c20f11e25,local_risk_price_minus10_shock,market,13,v0.4-local-sensitivity-2-risk_price_minus10,8.573606091850877,3019.43669630918,True
fa177922f953ae23cac632d7,local_risk_price_minus10_shock,market,14,v0.4-local-sensitivity-2-risk_price_minus10,5.038258984039523,2953.4025553972274,True
4fd85669ce4e3b23e93ae8af,local_risk_price_minus10_shock,market,15,v0.4-local-sensitivity-2-risk_price_minus10,10.407470065175923,2848.4117099842756,True
d16d042b8fa714fbac78dbcf,local_risk_price_minus10_shock,market,16,v0.4-local-sensitivity-2-risk_price_minus10,14.73710220601978,2956.5758496758735,True
1fa9e85b13b7ad908bcb8b5d,local_risk_price_minus10_shock,market,17,v0.4-local-sensitivity-2-risk_price_minus10,10.746209270439788,3012.179009749294,True
ef1aaf0abad46b381248d98c,local_risk_price_minus10_shock,market,18,v0.4-local-sensitivity-2-risk_price_minus10,5.626185650646918,2947.6895555322662,True
2a9cc43011b8c6a273a2e142,local_risk_price_minus10_shock,market,19,v0.4-local-sensitivity-2-risk_price_minus10,11.676768696394536,2903.924197373315,True
3f49052cf8fc305f6fed9c94,local_risk_price_plus10_baseline,administered,0,v0.4-local-sensitivity-2-risk_price_plus10,10.55931867443214,2868.087506939975,False
e2d1096cc318ef352da3c14a,local_risk_price_plus10_baseline,administered,1,v0.4-local-sensitivity-2-risk_price_plus10,12.428224634508627,2941.7343942068032,False
af70505d0a7a69320359a09a,local_risk_price_plus10_baseline,administered,2,v0.4-local-sensitivity-2-risk_price_plus10,5.996073288578723,3119.319742642831,False
fcda714dfffe1da1549d742c,local_risk_price_plus10_baseline,administered,3,v0.4-local-sensitivity-2-risk_price_plus10,14.546318055928644,2924.6852952906556,False
c06dc2944052f46a7cc7d020,local_risk_price_plus10_baseline,administered,4,v0.4-local-sensitivity-2-risk_price_plus10,8.920772213364808,3023.2935592921376,False
5673d9e7776c8e65ce744f14,local_risk_price_plus10_baseline,administered,5,v0.4-local-sensitivity-2-risk_price_plus10,21.585863838883405,2824.144478555434,False
839d660dd760e6093d3800f3,local_risk_price_plus10_baseline,administered,6,v0.4-local-sensitivity-2-risk_price_plus10,12.895451124527748,2835.3449759467107,False
2e953a0a7fd99a7f20d8b694,local_risk_price_plus10_baseline,administered,7,v0.4-local-sensitivity-2-risk_price_plus10,7.312814145886323,2903.006510465976,False
f03bf0056133a7b635d0a564,local_risk_price_plus10_baseline,administered,8,v0.4-local-sensitivity-2-risk_price_plus10,17.131637967367777,2960.766598539572,False
8f692f7956db7812d0859f2f,local_risk_price_plus10_baseline,administered,9,v0.4-local-sensitivity-2-risk_price_plus10,3.66917138443292,2929.291863229511,False
11ad009ce961b2bcc8bde623,local_risk_price_plus10_baseline,administered,10,v0.4-local-sensitivity-2-risk_price_plus10,13.471697128884662,2919.7788496017565,False
bebf72dd6cfe81c75e2e6125,local_risk_price_plus10_baseline,administered,11,v0.4-local-sensitivity-2-risk_price_plus10,9.471422508443968,2923.3035781568888,False
601d65e9f8fd80d1945ba1ea,local_risk_price_plus10_baseline,administered,12,v0.4-local-sensitivity-2-risk_price_plus10,13.284806532877013,2641.570328771365,False
4da1d67b32f22ed07e761b58,local_risk_price_plus10_baseline,administered,13,v0.4-local-sensitivity-2-risk_price_plus10,8.254334657004478,3019.4939024746695,False
2a0d0f7718445177e5970d53,local_risk_price_plus10_baseline,administered,14,v0.4-local-sensitivity-2-risk_price_plus10,5.731311610901221,2954.518788482625,False
2a83ca23650647626066b1f2,local_risk_price_plus10_baseline,administered,15,v0.4-local-sensitivity-2-risk_price_plus10,10.824080352109643,2819.545700589261,False
607aa2a0a2f919167c7ec49e,local_risk_price_plus10_baseline,administered,16,v0.4-local-sensitivity-2-risk_price_plus10,15.043424606957135,2901.3446874325,False
13febe78486b70478c307444,local_risk_price_plus10_baseline,administered,17,v0.4-local-sensitivity-2-risk_price_plus10,9.82733050673552,3000.0799571680977,False
a57420280a5a355c7175e82f,local_risk_price_plus10_baseline,administered,18,v0.4-local-sensitivity-2-risk_price_plus10,5.139491390210335,2945.134346698774,False
baba9f17a712ece7d0d7254c,local_risk_price_plus10_baseline,administered,19,v0.4-local-sensitivity-2-risk_price_plus10,10.901951433779498,2819.5652702746975,False
513dad1f5759f49ee5e00efd,local_risk_price_plus10_baseline,market,0,v0.4-local-sensitivity-2-risk_price_plus10,5.637866312897396,2857.934551110093,False
869e9aebca2a60851a2fd959,local_risk_price_plus10_baseline,market,1,v0.4-local-sensitivity-2-risk_price_plus10,5.03047187587254,2928.0519250444913,False
8fd3bf680e4957ddd0541a29,local_risk_price_plus10_baseline,market,2,v0.4-local-sensitivity-2-risk_price_plus10,2.927952670786494,3112.771643179916,False
2095740c71fff8424cf0df6e,local_risk_price_plus10_baseline,market,3,v0.4-local-sensitivity-2-risk_price_plus10,7.69366286898153,2916.624037234988,False
6a2ff11e242147ca7ca8c8f6,local_risk_price_plus10_baseline,market,4,v0.4-local-sensitivity-2-risk_price_plus10,3.784534569154883,3012.6100229574877,False
e630ed7d805fc54a924eae15,local_risk_price_plus10_baseline,market,5,v0.4-local-sensitivity-2-risk_price_plus10,12.552818365180393,2812.3022136020472,False
6a27f8fc257a7cb4fc405849,local_risk_price_plus10_baseline,market,6,v0.4-local-sensitivity-2-risk_price_plus10,7.288733244298292,2823.3448989604776,False
1fe9d57784aac5846a9ae97a,local_risk_price_plus10_baseline,market,7,v0.4-local-sensitivity-2-risk_price_plus10,2.6943394257769326,2895.002463224203,False
dcaa6b05085c5e2603b1bf4a,local_risk_price_plus10_baseline,market,8,v0.4-local-sensitivity-2-risk_price_plus10,7.958424546659031,2945.1658338471952,False
7ca6b33f086f041fbb16edaf,local_risk_price_plus10_baseline,market,9,v0.4-local-sensitivity-2-risk_price_plus10,1.2459373067176567,2924.944490642248,False
bec6d70c26f9b178343b755b,local_risk_price_plus10_baseline,market,10,v0.4-local-sensitivity-2-risk_price_plus10,6.7124872399413755,2910.5422164997763,False
fad4fc3ad26993b0a90dabf9,local_risk_price_plus10_baseline,market,11,v0.4-local-sensitivity-2-risk_price_plus10,2.927952670786494,2912.6078250091905,False
67ead1b03804458e6583938c,local_risk_price_plus10_baseline,market,12,v0.4-local-sensitivity-2-risk_price_plus10,7.537920705641824,2636.1173079246337,False
68dbda8560dd467d95dc59b6,local_risk_price_plus10_baseline,market,13,v0.4-local-sensitivity-2-risk_price_plus10,6.6969130236074035,3014.032750675889,False
e4d7f51457f131cfc0cd08cc,local_risk_price_plus10_baseline,market,14,v0.4-local-sensitivity-2-risk_price_plus10,3.737811920152971,2951.3099903600482,False
16319b059ec598b510f6c641,local_risk_price_plus10_baseline,market,15,v0.4-local-sensitivity-2-risk_price_plus10,1.6197184987329538,2804.252458952712,False
3079e6963277c730b3c014ed,local_risk_price_plus10_baseline,market,16,v0.4-local-sensitivity-2-risk_price_plus10,7.319881676966232,2894.0608630314523,False
8840a150f9b14f5359a661f4,local_risk_price_plus10_baseline,market,17,v0.4-local-sensitivity-2-risk_price_plus10,7.553494921975794,2992.407680034971,False
31a24a69f690640dde531cb2,local_risk_price_plus10_baseline,market,18,v0.4-local-sensitivity-2-risk_price_plus10,3.192714348463996,2941.6166530136206,False
1496cf71e9d3157577ea8ef7,local_risk_price_plus10_baseline,market,19,v0.4-local-sensitivity-2-risk_price_plus10,5.217362471880187,2814.0858980827497,False
6eea6ae13dc471125ae13edb,local_risk_price_plus10_shock,administered,0,v0.4-local-sensitivity-2-risk_price_plus10,14.246064111099162,2890.5701574234504,True
1d63e6285d042ddac5e9be0a,local_risk_price_plus10_shock,administered,1,v0.4-local-sensitivity-2-risk_price_plus10,17.007668095987935,2956.1089746402063,True
493844fb82cd3ade40a4b47e,local_risk_price_plus10_shock,administered,2,v0.4-local-sensitivity-2-risk_price_plus10,8.156995804917157,3121.9356377207955,True
b667abec2c9e1e18dc836670,local_risk_price_plus10_shock,administered,3,v0.4-local-sensitivity-2-risk_price_plus10,18.034942514738084,2934.1870206790795,True
af2ef96cb88386ff83cbf4e0,local_risk_price_plus10_shock,administered,4,v0.4-local-sensitivity-2-risk_price_plus10,13.089771654603808,3041.700808810099,True
f20e426d481a213871595e87,local_risk_price_plus10_shock,administered,5,v0.4-local-sensitivity-2-risk_price_plus10,26.26980940132509,2831.3515292717607,True
136c264dabbbd050d960543b,local_risk_price_plus10_shock,administered,6,v0.4-local-sensitivity-2-risk_price_plus10,17.520993375717048,2842.7811236150574,True
95a4b9fbc15b37454d2459fe,local_risk_price_plus10_shock,administered,7,v0.4-local-sensitivity-2-risk_price_plus10,11.330961960050766,2938.1707850906437,True
fa38cecc5b6a773e708675e1,local_risk_price_plus10_shock,administered,8,v0.4-local-sensitivity-2-risk_price_plus10,23.361324500956066,2977.839970183709,True
67e254318a42619b55e779b0,local_risk_price_plus10_shock,administered,9,v0.4-local-sensitivity-2-risk_price_plus10,4.633380493387625,2930.2091627936898,True
f34b19d33a34bd96fa840f7d,local_risk_price_plus10_shock,administered,10,v0.4-local-sensitivity-2-risk_price_plus10,18.276342867914625,2971.5041361683056,True
6a0e2198427bbd7861056109,local_risk_price_plus10_shock,administered,11,v0.4-local-sensitivity-2-risk_price_plus10,12.82883935833101,2928.3852956944625,True
f3e9fbc76c1e336d907dc1e0,local_risk_price_plus10_shock,administered,12,v0.4-local-sensitivity-2-risk_price_plus10,17.976539203485686,2726.2183885557656,True
8d58f990e8f35b6cf1f3b898,local_risk_price_plus10_shock,administered,13,v0.4-local-sensitivity-2-risk_price_plus10,10.123240617080961,3024.264542048556,True
1851c3baa9ce29ad6786c73b,local_risk_price_plus10_shock,administered,14,v0.4-local-sensitivity-2-risk_price_plus10,7.748172626150427,2957.078720058402,True
65303101e2275cc46808aa24,local_risk_price_plus10_shock,administered,15,v0.4-local-sensitivity-2-risk_price_plus10,16.508669314008948,2857.477157361651,True
7f288752f4c2156962f5cb68,local_risk_price_plus10_shock,administered,16,v0.4-local-sensitivity-2-risk_price_plus10,20.382755627084165,2962.2679869229028,True
f657634762d8aa735debcb68,local_risk_price_plus10_shock,administered,17,v0.4-local-sensitivity-2-risk_price_plus10,13.572638891876318,3020.5112250796024,True
e5621e7bbc3888487fb7bcc7,local_risk_price_plus10_shock,administered,18,v0.4-local-sensitivity-2-risk_price_plus10,7.027865120704281,2950.257143789958,True
68368ff3fba6b533bb88e5a4,local_risk_price_plus10_shock,administered,19,v0.4-local-sensitivity-2-risk_price_plus10,16.62547593651373,2910.155481287577,True
41b278dd3b143232040e3b2f,local_risk_price_plus10_shock,market,0,v0.4-local-sensitivity-2-risk_price_plus10,9.216042515627166,2880.1343954084427,True
0b2101c0a867353c2776a2b4,local_risk_price_plus10_shock,market,1,v0.4-local-sensitivity-2-risk_price_plus10,9.138171433957313,2941.724568106371,True
0caa6bd1ce14a300313b8af7,local_risk_price_plus10_shock,market,2,v0.4-local-sensitivity-2-risk_price_plus10,4.777390860445515,3115.1176282288825,True
9807f04297cca26b78048da3,local_risk_price_plus10_shock,market,3,v0.4-local-sensitivity-2-risk_price_plus10,12.007720793491414,2927.4976453422796,True
013bb18b3cbf98acfb796c20,local_risk_price_plus10_shock,market,4,v0.4-local-sensitivity-2-risk_price_plus10,7.608004679144692,3030.984574569204,True
8c05005e61da55a94de02d74,local_risk_price_plus10_shock,market,5,v0.4-local-sensitivity-2-risk_price_plus10,16.9603215876941,2819.9856013781255,True
c945cc9b35b22e135d3d39a1,local_risk_price_plus10_shock,market,6,v0.4-local-sensitivity-2-risk_price_plus10,9.593717261725955,2828.643687113698,True
026d32e73ed5060737aa9039,local_risk_price_plus10_shock,market,7,v0.4-local-sensitivity-2-risk_price_plus10,5.528846798559602,2928.540574282897,True
7fe8a0e02a119155c83229dc,local_risk_price_plus10_shock,market,8,v0.4-local-sensitivity-2-risk_price_plus10,13.156319248121752,2961.3606761568835,True
bc280bc40a551f18879d369c,local_risk_price_plus10_shock,market,9,v0.4-local-sensitivity-2-risk_price_plus10,1.907841500911412,2925.824198863628,True
82fe6f34c59a385f2534bfee,local_risk_price_plus10_shock,market,10,v0.4-local-sensitivity-2-risk_price_plus10,11.844191521984724,2962.050151247565,True
e7d65bcfbad17f870b180e84,local_risk_price_plus10_shock,market,11,v0.4-local-sensitivity-2-risk_price_plus10,6.5217030898502335,2918.353004128898,True
68bcc6c8f3d99dbcd4f18c88,local_risk_price_plus10_shock,market,12,v0.4-local-sensitivity-2-risk_price_plus10,11.960998144489503,2720.261069433373,True
96c30fec0b7d153a8a21300a,local_risk_price_plus10_shock,market,13,v0.4-local-sensitivity-2-risk_price_plus10,7.911701897657119,3018.5240708790284,True
090e4e66f86910dcc7a559ef,local_risk_price_plus10_shock,market,14,v0.4-local-sensitivity-2-risk_price_plus10,4.458119425599115,2952.3620765561677,True
a56f6f6aba448f2d74136837,local_risk_price_plus10_shock,market,15,v0.4-local-sensitivity-2-risk_price_plus10,8.316631522340357,2844.747072961199,True
5d9f6f63fe30e615afa9896c,local_risk_price_plus10_shock,market,16,v0.4-local-sensitivity-2-risk_price_plus10,13.249764546125578,2954.8697467341167,True
9a1c074248fab8eced2a2539,local_risk_price_plus10_shock,market,17,v0.4-local-sensitivity-2-risk_price_plus10,8.705986930689624,3008.936119896195,True
ff79dcdd3bdcd1a905614727,local_risk_price_plus10_shock,market,18,v0.4-local-sensitivity-2-risk_price_plus10,4.7851779686124996,2946.3428411568793,True
e459c051024fe5cebf6d7b6e,local_risk_price_plus10_shock,market,19,v0.4-local-sensitivity-2-risk_price_plus10,9.702736776063752,2901.3442929475386,True
