step,total_money_supply,total_outstanding_debt,nominal_interest_rate,realized_inflation,real_interest_rate
0,300.0,0.0,0.0,0.0,0.0
1,422.0,48.0,0.05000000000000001,0.1,-0.049999999999999996
2,434.2499999999999,48.0,0.05000000000000001,0.06888888888888892,-0.018888888888888906
3,431.17999999999995,45.0,0.05000000000000001,0.0004444444444444251,0.04955555555555558
