pair,regime,period,agent_id,role,attempt,failure_type,latency_seconds,prompt_hash,status
0,administered,1,firm_0,firm,1,,8.552772957991692,e2d646c93ee2a227c0aa188414cdb37b069a05bd7718f83acaaebad21330aec3,valid
0,administered,1,firm_1,firm,1,,8.322318042002735,b704806d93c286de945ff2ff2aee939fa815532fe3811829ed0376a64e8972bf,valid
0,administered,1,firm_2,firm,1,,6.830126166998525,87a501ebaf3071ee20d6a971caf121c96be4f3ae792aa284bec697044a259d0a,valid
0,administered,1,bank_0,bank,1,,7.244012499999371,45314458d6450166adcc74b6d28a9cfdef92b92cdf8574e771dc7e4ac491ffc4,valid
0,administered,1,bank_1,bank,1,,5.620795166993048,3c864a17977e24f85bf501c900dbc2ca40ace086e1cc64b7e12742848121ed8f,valid
0,administered,2,firm_0,firm,1,,6.994012458002544,2acea4e3818a323aeb2f4326bb8c1bf60faaba24b35f766eba6aa37cdd4ee863,valid
0,administered,2,firm_1,firm,1,,4.732197666002321,5380cdcc59abb9a8f896993a60d50642c857b461d7fa41b23cad9bb8e363db22,valid
0,administered,2,firm_2,firm,1,,6.998379124997882,0ac8d9964c2fd35eaa37d98dec7e3071a621fddee64af1337cac236e6e14e68f,valid
0,administered,2,bank_0,bank,1,,11.135665415989934,ea00c3d6a0d435605dc60be4d23d7a165685d978f0d8f21d5d2c2dee6bb8d684,valid
0,administered,2,bank_1,bank,1,,7.261949416992138,7f4783db3b8022d45d4b7dfe5d5353f590fb341cafaa6aa30ba5e22c0d62f6ab,valid
0,administered,3,firm_0,firm,1,,9.2476058750035,6b341410b08e948a810aae2613dd220f31f14e72205df93dd2486b2c70a52a61,valid
0,administered,3,firm_1,firm,1,,8.589807708995068,970e71d49d541ae407d76153ec25ee8ce144d9bb59157c4d5424b9575524f31c,valid
0,administered,3,firm_2,firm,1,,11.65778962499462,dfe24bc27a5cb66bee412bc2d24d2eb6e81100cb245a4c230821adea7f5e76f8,valid
0,administered,3,bank_0,bank,1,,10.905606083004386,166754ca7efd4962f8f2bc94d87e88051979a1f0ccbc6116b50cd7ccb1503368,valid
0,administered,3,bank_1,bank,1,,8.351613167003961,8c65eb9fff23066b916c3cef95d487f5720a96f612b02e0c53995d5c7632d48d,valid
0,market,1,firm_0,firm,1,,8.512103500004741,543dea4f82d8391eb8eff1f402b87773fb6b4f80b43ab1bdf09c0922775ac0c0,valid
0,market,1,firm_1,firm,1,,7.417358708000393,cea02fd625e6aa29c7d6cc247018939d76a9a13eeb8bdce2c63fd69cfe3357c8,valid
0,market,1,firm_2,firm,1,,12.413684875005856,7f60e2d64a7e1a7274a5cccf8decda16925c347ea345f955ff1439c777379e0f,valid
0,market,1,bank_0,bank,1,,10.501071499995305,3d9da9ad75a47e6afa211adcc3020129177dc48cc7f11f5b570a84e24c083abc,valid
0,market,1,bank_1,bank,1,,7.98124025001016,2548b77927324b45ecd607eb932b8428000c50fe85ce3206e228b3ec097cef6a,valid
0,market,2,firm_0,firm,1,,6.813669666997157,03172167ee2fa92febfb77390bc7ea4d5a3cd5f281cdaeb4c24d27394f531f88,valid
0,market,2,firm_1,firm,1,,11.44572312499804,b5db9d31107ff18d3c11c7f3c362739ec023ff40fdb21e43ac8f24f06862c32c,valid
0,market,2,firm_2,firm,1,,7.20955587500066,03b68b1bf00afa86126fbfa51c3221996da20fce3c3b6ec3dd296b38e8872190,valid
0,market,2,bank_0,bank,1,,8.817831874999683,ddb60e65b6175994171676ed2b00e70ff831d0afe3ded8d441ff8594c5e0ed1d,valid
0,market,2,bank_1,bank,1,,6.452738083011354,56a3b79fe61f11711129623a22c46826385cfbc37c72e9123c48dcf0328344bd,valid
0,market,3,firm_0,firm,1,,7.363537791999988,3719933bcd462c7beec34e96bdcff020f779ea8746c979432cab4da7161ec8b4,valid
0,market,3,firm_1,firm,1,,7.353794334005215,d601a80cdb22f64e6ecd7af34de14c2a184bb73d6064f66fdedca143df69687b,valid
0,market,3,firm_2,firm,1,,10.254584957991028,62da04c7bd224556c730eabc942b3148ea5729b2b90e645e06bd94c53634f89b,valid
0,market,3,bank_0,bank,1,,10.553499792004004,9f22dada2f306160b6439c8984be02dfb97266b7ca66f9d45f59c37268663c11,valid
0,market,3,bank_1,bank,1,,8.39732745900983,c875c085800adc90a52a9460c3228cb708be218a3bd4800a989d7a08bff2430d,valid
1,administered,1,firm_0,firm,1,,8.686483040990424,52fb6876d3efd87731d27229ae953243cb853011540190111c8c35171a686297,valid
1,administered,1,firm_1,firm,1,,9.131884749993333,7baee024cf00e0f95c05939185cab1f041eb3c4e24ab28c3aa25d73a30e51c5a,valid
1,administered,1,firm_2,firm,1,,8.444974042009562,e47ca7b96767a33832e844dd121dc324ef3332c334ec0b1480a7bbba4e1739ba,valid
1,administered,1,bank_0,bank,1,,9.802790624991758,dc8c4fded20537a529fe4d13d25473109ae00a6f8aa4ce1f1b3ceea8d5369356,valid
1,administered,1,bank_1,bank,1,,6.3193932919966755,3bada059c03b026a8eaa6265653b0450318f206828991d1dae91bb3595e35b89,valid
1,administered,2,firm_0,firm,1,,8.225868667010218,c45f9026130f23eb4afc686073a274aea3c9aeb9f69d083ba99e98ecfd71f5c2,valid
1,administered,2,firm_1,firm,1,,8.633859749999829,c09f3a0ccc2b0f0c573f4c562858b0dd18141acb1724be8383719425047b64f3,valid
1,administered,2,firm_2,firm,1,,8.363440250002895,2b77c67bc31e8063cdce15663a73ab7b3437c5ec7389d015761d1ea6f0a1f438,valid
1,administered,2,bank_0,bank,1,,9.873801749999984,e5bc1962dd02bfc96a61ac322132be96a9df3dca61c1c4ef25b53e62ababade8,valid
1,administered,2,bank_1,bank,1,,7.363959666996379,ba3bd4daa68dd42812c0f4d495ade92c1a79d42d73860c43c4f9351308659af5,valid
1,administered,3,firm_0,firm,1,,8.268920957998489,1476ed0512ff6d270e558e5f0f27b30efd79ac957862a4a6d9876f980e6a3018,valid
1,administered,3,firm_1,firm,1,,8.35652291700535,abed8c55ab361370b061c74bdbd4482a82d40bcb893646d879ef3240cf6a4956,valid
1,administered,3,firm_2,firm,1,,6.078655208009877,3397e0bf69274db6df7564279e865f25b10c7b404359435765ce0554d2f3209b,valid
1,administered,3,bank_0,bank,1,,7.608292417004122,151484f15f53a894a156cfe170fd003ec3eb78d5036d579845faf3a4dc98cb23,valid
1,administered,3,bank_1,bank,1,,7.284942249985761,ac465b910eaacc02f86d19775d76568a63a8ae8427b72727d99017a11e409d53,valid
1,market,1,firm_0,firm,1,,7.522476207988802,be941fb28e4c2010aabb89a629f415ed716311b8b1859e18f87c4780b54da1d8,valid
1,market,1,firm_1,firm,1,,11.526559584002825,b1a7e1ce183e272d8449deeb7dfa0bee1548da66cd811c9a9431d8154c6689a8,valid
1,market,1,firm_2,firm,1,,7.661721291995491,dd380f25dcb0cb8b62a36bab15dbbf83cfa9e819dec621d13b1f4cabda6dba12,valid
1,market,1,bank_0,bank,1,,9.116115040989826,ac19b06ce4f3f94949289473ca473b3a8bcaa24441853e86d27722eaca03128d,valid
1,market,1,bank_1,bank,1,,6.809377208992373,f5582691530eef17c54046c781196ddffba7ac473657407bd65b0b2c2ba05ab7,valid
1,market,2,firm_0,firm,1,,7.4651443749899045,45ced3367465d2e35d9dab356c423e2c10f3cb3b876b2f06f5cd224e6e71f53c,valid
1,market,2,firm_1,firm,1,,7.559824125011801,3109dba47ac7975c7166e1bac9c3e1e6280c53cc62d23957c36ae399d12ebe5f,valid
1,market,2,firm_2,firm,1,,10.691742249997333,5a179079b0bdab1163e864427cabb006e31b929f7544b308240212ae79d2e209,valid
1,market,2,bank_0,bank,1,,8.802766791006434,358d67306077fa36f3c64d1ef5e4d8fcf7df4e75972f3f16416bf84cbb927a18,valid
1,market,2,bank_1,bank,1,,6.483206000004429,00c8e56f5a44865b4e7feacbf781ef48c04cd5294aac22ae2a3ea3643bdb6cc5,valid
1,market,3,firm_0,firm,1,,5.287487416993827,6ae942e8e0a6ddda3ce8b06952aa82b2e202f7f03f3299b0206e2c91af3d4bca,valid
1,market,3,firm_1,firm,1,,6.0840161250089295,d419838859454dd93e4072a688ccc47640549e30ffc480ad4df6ff6dba1b37f2,valid
1,market,3,firm_2,firm,1,,8.837891417002538,6b0b2b75b7d555ddc26c3520454e8ceb98dc7d9be1585e16aa05c7a1dce52ee9,valid
1,market,3,bank_0,bank,1,,6.687468207994243,bbf116fd75dd57691ac4190198220ce1b60c7c054b4e8684f9f3cad0901c02b9,valid
1,market,3,bank_1,bank,1,,4.942642958005308,2f5044015e80be4c833a38c3b6ed5f5989b6aa81511cff284ec3148271f4a3d9,valid
2,administered,1,firm_0,firm,1,,8.842297374998452,53ef50cfb9be59ba5324906372d2294b485075b287b6c318d761b186f6d1b950,valid
2,administered,1,firm_1,firm,1,,8.483095917006722,434cdadac70b28e6a07e063722a8b6f2436574f18efd9c07c17b09f30ccea712,valid
2,administered,1,firm_2,firm,1,,7.689624499995261,8853d570b95641d814a5715da1df57fcf9a773a91369305317920f5340aa8b69,valid
2,administered,1,bank_0,bank,1,,9.555817542001023,63dbf0df98dca2fc7fa9acb61d9640a653d509f38b621cf1a7eee5901a6d4816,valid
2,administered,1,bank_1,bank,1,,7.332862084003864,ad64957a7461df997eabb27632a73040f2852fff481ca61649bdce565fdedc97,valid
2,administered,2,firm_0,firm,1,,5.210469917001319,6702f085a2a2dc03ebe17cabf085dff358b2536dff2afc9cc9260c7ec9d6264f,valid
2,administered,2,firm_1,firm,1,,7.389773874994717,77e0d101da92c3c6d13d9b2b12debf348261b9a9efac15446e035e4de7572e30,valid
2,administered,2,firm_2,firm,1,,5.780698167000082,7321afa41bd4d8d823a4ac454bb7bce91bf011e2d36e19f5a2858131dd288b5c,valid
2,administered,2,bank_0,bank,1,,7.385132707990124,39eed19889c1e7214eed03256a8d5f7fa7a9a811984aa7e6813118faa4f267c5,valid
2,administered,2,bank_1,bank,1,,5.752482958996552,6173333c8cfab76fe2822a17c9cab6a30c810a8410f30974ac694ad4d3385e45,valid
2,administered,3,firm_0,firm,1,,7.324889291994623,b6cd2b85e5c3337a2feb5c28aace996286cec341f05414f88341877e83d39460,valid
2,administered,3,firm_1,firm,1,,8.325848375010537,b404ebbe009cd4df3e0ba2da476070389e18b4a93b4a2dddf082f1b0216468c3,valid
2,administered,3,firm_2,firm,1,,6.951836541004013,69c90461acba261b261847882ba351bbea14203b5c2841ac6e05bb8932be50f4,valid
2,administered,3,bank_0,bank,1,,7.974103207990993,d6627b0114edba920b16534923295d5af1300d95fc2ab3ed5cdf5a4088d8da47,valid
2,administered,3,bank_1,bank,1,,5.861018333001994,67fee612f4269dd0033a8c0f48abcc5e1982a0d2c7f88f742b3453511250c504,valid
2,market,1,firm_0,firm,1,,7.138590250004199,73acc8424f5398556eec1c996441771f6537c10137ad37aab8297efbefd15731,valid
2,market,1,firm_1,firm,1,,6.153399792005075,58e068bd5dba919b0379b2f795c604f4ca655d76354e916b31c1205b689ed415,valid
2,market,1,firm_2,firm,1,,11.184190582993324,5d5cc7af4acdc8e73b40602ba98c8ea50c71ff30c39de512f365cc30fb714a7c,valid
2,market,1,bank_0,bank,1,,7.941316417010967,ba98759e7a1f60631dfa6ce6b01d749305474ee2f42c4c48103134aa5ffbce85,valid
2,market,1,bank_1,bank,1,,5.84714820899535,44649dbfc3e32dc8ea001e3cc9541a24a47f031cc70c029e76cfa13b267dece6,valid
2,market,2,firm_0,firm,1,,6.9969003750011325,4fee41c225044e575ba90646096193b3ed2d499005b7cf5f170508c86234443e,valid
2,market,2,firm_1,firm,1,,7.2043698339984985,543dd3cf939f2c7cca4dd78ebc2f3922bccbb3e0c56f596e0d230c2abb56e0ee,valid
2,market,2,firm_2,firm,1,,6.817857249989174,38e76482ab77082338fef84d931fead5cae0a57ed6739e6b33f0a87a082d046e,valid
2,market,2,bank_0,bank,1,,8.690996208009892,f59be8e5c9e029c76d8cdb0bd98350352110051e8bfc2fb12aa8cb17fa3da12c,valid
2,market,2,bank_1,bank,1,,6.774735457991483,b8e2cb932297800fc77dd36ad83abb49a6d2aa828a179373280456d8b4c64e03,valid
2,market,3,firm_0,firm,1,,7.133177249997971,9f68416396d4d0b1602d8fabc2c130bab1f7aed7dd13140c1ad7ca06fafe0c0c,valid
2,market,3,firm_1,firm,1,,6.096023332996992,f758360fb46f0c16609160f1973c719ad5d776d0adb47e53d9b52e47809f8156,valid
2,market,3,firm_2,firm,1,,6.63279291598883,c44e468d86ef7c1d518513ef217b66f9f4a19dedd1b8291ea393c218036b27a1,valid
2,market,3,bank_0,bank,1,,8.356364833001862,e3f4eaf087807280bf913eb8895d14896be99067abe6a2176c2e5cef1a006f8a,valid
2,market,3,bank_1,bank,1,,6.622401542001171,63707c4afe8fe55ea67527dd3c62fe6fb068297c1045bcf9cb39d1410a66ab0e,valid
3,administered,1,firm_0,firm,1,,7.483819834000315,93b692267b9f56e4bf1dd688eb718b61b97696b9e6e58bc3baf78cbd479025ed,valid
3,administered,1,firm_1,firm,1,,7.6451512910134625,a3d75799c4a967428400ce6da07649391f3445e8ebeca5240e33d7638fc87be2,valid
3,administered,1,firm_2,firm,1,,9.16879329099902,5f655d58531f87d474ab37c00b28129bd9b334ffb5d358f8932ff241083df442,valid
3,administered,1,bank_0,bank,1,,9.264128749986412,9beae3ea14bb7ea66b58a5dedd17e39bf99326697dbefca2c5686fb66ce89a9f,valid
3,administered,1,bank_1,bank,1,,7.082738958997652,ee8ff0272fae3639b771fc145fede48a4e48b8f22ea64dabb3d986bb4ce707e8,valid
3,administered,2,firm_0,firm,1,,7.485884124995209,b1522fbfbb8f3f6a72ee75595ca4c3044b254170aacd54bb482e3b97252c85bd,valid
3,administered,2,firm_1,firm,1,,7.967116333005833,5db90c436a373273b19abd5453ec670d9f1a8b7831ad5dbf0107e5f6afbdcd9c,valid
3,administered,2,firm_2,firm,1,,8.108891540992772,92948111fcffb279a9a364a24b79ac3f2e10a651ac1ed6af92c84ca3e0460fc1,valid
3,administered,2,bank_0,bank,1,,8.360702499994659,2c7e84df1f12282328651b4cde28ccbf66b55e1e657e44b510f4d164774fa80c,valid
3,administered,2,bank_1,bank,1,,6.276817833000678,419a9527026a51eb5be0d0cdb52c786d1fbcec3e6fb5b00bf4de2cbc9217e6b4,valid
3,administered,3,firm_0,firm,1,,7.075521207996644,698221b0a91602780ac35d8c38ccc071a2b976d8154d204e98191393c4312c07,valid
3,administered,3,firm_1,firm,1,,7.492109208993497,0fbc338717ca56413a6daf31d77fd6febf5c1f83b81ef2dccd350a8f04f3b640,valid
3,administered,3,firm_2,firm,1,,7.055288667004788,b6b5cb953c7ac07c4aecc0de364a22365569e35625b57e6eee2bc047193bbe38,valid
3,administered,3,bank_0,bank,1,,8.257748707997962,d72dfabe313da6d8103fc2c15ac297037298337d2ad5257bd88b80d6ed4054fc,valid
3,administered,3,bank_1,bank,1,,6.113635457993951,d8e1014953859cb43a95f66185b5d06af8a0aa109be165da8d91dd5bb80ce45f,valid
3,market,1,firm_0,firm,1,,7.084376250000787,25476b89803f66507c40e6ac6d325fe352c86f84e1a113c922c54ff90ee616e7,valid
3,market,1,firm_1,firm,1,,7.271500291011762,6f022242452089fa8488426ebb321de0ea74e9c0fa36ce702d267891d8840d99,valid
3,market,1,firm_2,firm,1,,6.665584332993603,c1ef0f5c0b8ac539d4af607be30c535775396f69b929bd0732f1687033ebc548,valid
3,market,1,bank_0,bank,1,,8.693975917005446,39d0d6625fe68474368d389d0665734c58d67ee79ae5de98b4a2a6a3aa26c86d,valid
3,market,1,bank_1,bank,1,,6.88608620899322,072759fc756f52fca0953b25bda275728f9e3114ddb593dddfd2b3aeb5e338c9,valid
3,market,2,firm_0,firm,1,,7.550450249997084,95fde40ded904f76ddd8d2c2a40ab4e185540dccb729158797cb8dcc6f9641f8,valid
3,market,2,firm_1,firm,1,,6.079858333992888,4ffcf441360c17f244ebb1d9a1eccc54deb6edb3950d92e6cd88907a79dcddb2,valid
3,market,2,firm_2,firm,1,,9.766517041993211,a476d780c0212a37401eb2ae44c56a7ad6968a4bc6ca0e5627da9504bf633552,valid
3,market,2,bank_0,bank,1,,9.035032999992836,422a0b15d8e8083eb63e44af97937e6730f06ecc788afe316fec1d0ab5a4719a,valid
3,market,2,bank_1,bank,1,,6.631877833002363,aec2bc9507a84ba0c628d09c3923836436b26ec94b2de0407c15a9d1a0a24557,valid
3,market,3,firm_0,firm,1,,10.499985874994309,fd5177bf8bf7048673a3a576a37ff2efba9b95c970fb53c8b71ff9e4732c2d23,valid
3,market,3,firm_1,firm,1,,6.2382567080057925,43fc1aca8339095020c874e98b50cdd2ee6b4350cd607932ed2c30e6fd5c5031,valid
3,market,3,firm_2,firm,1,,6.940251374995569,226f58872118553a327fa6c5a0c21ba1874bf011223ad2cc45756f3eaab76bc6,valid
3,market,3,bank_0,bank,1,,8.587323082989315,9aa52327bfa1e7d7ad0467ca75953abe5840d7b46193d89f78b189cf551ddd67,valid
3,market,3,bank_1,bank,1,,6.542002792004496,0d42064f74fbb047d286dbb33ee102da36d9e87c3cc2234babd2a4acb9834d7a,valid
4,administered,1,firm_0,firm,1,,10.335097833012696,33b28e55e73076c56be47e458c890332e7ee50425dd9818811eef21ed9f5f315,valid
4,administered,1,firm_1,firm,1,,8.071396250001271,4a00ca6390cc1125f2e9b522a2388507eb876a26f6d270800c80a5e7af76f2c1,valid
4,administered,1,firm_2,firm,1,,7.034006625006441,19198694190121e8889c6e6d22640e8dafb38327163c69da04a5a9c438050d9d,valid
4,administered,1,bank_0,bank,1,,12.874906083001406,e83e3dc0d008f01afa79b822812192333bfcd7b6842ab5a1c548addee453c7ef,valid
4,administered,1,bank_1,bank,1,,10.464269416988827,bd59fc788096702b0182a49dcdba7b9a1e2885628b5d2349e252dd75955b3a46,valid
4,administered,2,firm_0,firm,1,,9.945946332998574,4871370add9db107bf3a797e5762f3de9eb1f2daa088d8322437416371879ccf,valid
4,administered,2,firm_1,firm,1,,7.192968624993227,11714341f0d537a6f56c34e56c6d9b4537f25d72e551926117993025298531f0,valid
4,administered,2,firm_2,firm,1,,8.642813833997934,b17ea7d1f7593ce1d40510807c4b4013907692cd980779da232d0cc6aad1b6de,valid
4,administered,2,bank_0,bank,1,,11.903194124999573,c5cc3e5e383e8d1b15920962432c172d1ddfeadaf9adb8ed89e0199ea5c0f01c,valid
4,administered,2,bank_1,bank,1,,9.882826417000615,b777d7a7ce2c05c37ab4520eea6de6b6a727c6ee2fd32cc3e3d9211f06d700e5,valid
4,administered,3,firm_0,firm,1,,11.530274625009042,3797df46d9481be22017e114703120552d35a1f55831cd5ce42383ed55da0dd4,valid
4,administered,3,firm_1,firm,1,,6.156227667001076,3b0babb7a5d9be45be1334bdfd3b2b3963127004c5fd163f408eb3f9ae1e8263,valid
4,administered,3,firm_2,firm,1,,8.919350916999974,1d211c2d05ee65e05a680da4853333d0236ab35bac6e781fc443683fae854d73,valid
4,administered,3,bank_0,bank,1,,13.05255154200131,c43289593861776ea85a7ece5a567a97eaf7e10c8a72ca18f0a4ca15b8c7cf10,valid
4,administered,3,bank_1,bank,1,,10.608865707996301,2785c36efcef96cac218c2b82580e5a196c69c0db60c2482ba3da849ab272c13,valid
4,market,1,firm_0,firm,1,,7.812962458003312,ad11e96cfa248a69d10badfec2a93dacdce92cc0cc08fe76bd6222bb958f11a7,valid
4,market,1,firm_1,firm,1,,6.298563499993179,dce509d2c5aeafbfa3033d7dfaaafa82aef62a87fabccb442fa8eeaaeef9d670,valid
4,market,1,firm_2,firm,1,,6.943442916992353,0d6b8e96efdd19a5d7ba1e3b0f988fb324329e8658c17ff083abbffa03ea2633,valid
4,market,1,bank_0,bank,1,,7.826405999992858,675c7875c67ecbc057f9bed13ce600a762df664f7c4235ad82746315639b35ae,valid
4,market,1,bank_1,bank,1,,6.007002416998148,730a945ee43af5672f6b39673cf22a324f75969d022e5635c48f8442a611749b,valid
4,market,2,firm_0,firm,1,,7.8143713750032475,ac975ac03eec99c689e6bdd6a57cd4148b06326c3d3c905a28715c6d5e669cf0,valid
4,market,2,firm_1,firm,1,,6.840304917001049,dfef62693a0c575364590034e0dc6d4f3e456b21fe45a5800d06f8300b7488c5,valid
4,market,2,firm_2,firm,1,,7.134622500001569,509cda1454dad1dbaa9ff3b410b8553ed9b63178c19fab7487c238d0e108c7dc,valid
4,market,2,bank_0,bank,1,,8.841340041995863,7315deb4f1382e00645b8ba0e68a190c5cf542e63071689800027a82f2474cfc,valid
4,market,2,bank_1,bank,1,,7.084797167000943,c8535618f355d5fb7280b465058d5f6461fbd3c881d23a6c3067f3d5f02ed550,valid
4,market,3,firm_0,firm,1,,7.60031591700681,5bb67750527f8bd1397589990cabd6b1d622c6dd58a5052088fe6f60ee507e3e,valid
4,market,3,firm_1,firm,1,,6.768425832997309,0b95d999e1502798a316300627e3d94ee5e2bfe614e86e92c0a789df384fff73,valid
4,market,3,firm_2,firm,1,,6.106974750000518,a9a36571872088eb9660f84f3e3c5070f8512e5dcb999bdf98609a5e22de1802,valid
4,market,3,bank_0,bank,1,,8.968728292005835,957cbd7657b91db979206e2b42134fbe819d6ce85b3917d30f05921dffb06e2f,valid
4,market,3,bank_1,bank,1,,7.043246957997326,a2ffa8a3bbe829ecfc4d9c50c1ce2eef36ede7a3e13b06cf4f0d5315afe69d8a,valid
5,administered,1,firm_0,firm,1,,7.283186166008818,01034071701fffc3582bd5698a8b5fab125a14a2c1ee06f08a92babf1a4df022,valid
5,administered,1,firm_1,firm,1,,7.541699166002218,dc9f833d93dd9c4853c3fabf24af2cd8aee00f369109bcba2b4217008cff0b66,valid
5,administered,1,firm_2,firm,1,,7.600703165997402,b884220e1af5856a79b864e4f002cbba384e576d2acdf9954c4ed06b277aaa2e,valid
5,administered,1,bank_0,bank,1,,7.750524167000549,a03dd1a1a0b9a2ebf2cc7c4953b1819b5642a1ab5fff79afa50a887cd235924d,valid
5,administered,1,bank_1,bank,1,,5.647915167006431,ade047af829fc6b2fa4bc9110d6dff2be46390e532e1b7d82e446ae0ed3eb71d,valid
5,administered,2,firm_0,firm,1,,8.720944083994254,099844b7294b9ae22f0f29dc33c2561e3e325141a7b4a3c8c66188b98998ac9d,valid
5,administered,2,firm_1,firm,1,,6.911535249993904,a9856ea31e504d8d4736fa476c6fe08386a6d2f71fecba262a52084123cd4c8e,valid
5,administered,2,firm_2,firm,1,,7.893934834006359,b894878841712b61fce8dc71d1c4c79e9992a22796569c5be89bb4e57b8d3a70,valid
5,administered,2,bank_0,bank,1,,8.447922499995911,d1df45dae843aef2078295c2aa1aa4cf39e47c0e0ab7325202b8e2ac48072bf4,valid
5,administered,2,bank_1,bank,1,,5.814139374997467,8eab6d428716a719ba16d83d634780b9bcc645cdaf05d6b9d0ccb6d672f73436,valid
5,administered,3,firm_0,firm,1,,8.034563124994747,0b542655e7ec57b7dd0084c0885a32927baccaa2dc137df5381ed552978b4185,valid
5,administered,3,firm_1,firm,1,,7.81043349999527,40e685f4c8d0e70f91db5d6a0657a6c733bb46681bb4a167cdf938229e55b374,valid
5,administered,3,firm_2,firm,1,,7.671133999989252,f2a61b3ea5e8a7a001dc83b977e5e5506c6b107e43a46c8f5285745883ef881b,valid
5,administered,3,bank_0,bank,1,,9.143452874996001,bfa5af65d34fc62ac9239050cf580ce2b6d734bb8d6409939abae8ffaee02a07,valid
5,administered,3,bank_1,bank,1,,7.1008562920033,c33f5d0cbd4d6323d1d9c7260d7a547536db1d1e6ba6b7f6fa382af769e4ee7b,valid
5,market,1,firm_0,firm,1,,7.301202541988459,a6967384b07da1d233042ff0ef102f6de9f624198940d053b427ab17bd41a368,valid
5,market,1,firm_1,firm,1,,7.139849665996735,91c7f507151743d2d0180ea4345e9e831670fe96bdd7d5fdebeb6085327cfc37,valid
5,market,1,firm_2,firm,1,,6.133035291000851,8809669c39dc64da30460b18259dd845bf99c5ebb8ca63193093c7404019aec4,valid
5,market,1,bank_0,bank,1,,9.248740208000527,0ef1019472a405d9d8265ab29b657c6593c78dda0bc6ff31dbd6b592f2b578ef,valid
5,market,1,bank_1,bank,1,,7.267653667004197,3facbc0406ea5ca5072a64e0317cbfc86b474a3bb59bf5d69c1abd26c81ba163,valid
5,market,2,firm_0,firm,1,,7.160498708006344,7f3c4ce1b647a056a616843c1234ade1e14512dda4210b68e6dddc19c2b07ec7,valid
5,market,2,firm_1,firm,1,,6.119979249997414,9955861ff1e07215519f7c34d0b90b44e9c23474f6efd6a13fe2897bd4005be4,valid
5,market,2,firm_2,firm,1,,11.220664583990583,6265a42465257b743339323b2252aec6e161d5769518113c12d1ef660d43c9a4,valid
5,market,2,bank_0,bank,1,,8.273265916999662,c271c3c56cce87d159d603ffca3e7ffeb9a626872e1cf1a9016ff4ae0a92f721,valid
5,market,2,bank_1,bank,1,,5.981030499999179,77725679e3b69468efb4c547b305bd09aa4939bef3588465a76403fb33886bbc,valid
5,market,3,firm_0,firm,1,,8.221346125006676,5f1d6b496606c3810949e7ae598277353d91d29aa167115e79f7864abbe97144,valid
5,market,3,firm_1,firm,1,,7.183301416996983,d8de1745aaae35c5a2fb8c1c84ac102d32ef992315618f2e7b49b0fbb0f901d8,valid
5,market,3,firm_2,firm,1,,11.00830416700046,0b61163f698ca38dd125439d82aa15760d5d3d3ad47950252310332d366718e4,valid
5,market,3,bank_0,bank,1,,10.14385737500561,0148ddc52fe02f9051d93147aa6929e795197879102986280b41bf63b5421b40,valid
5,market,3,bank_1,bank,1,,7.729157207999378,9b0948d1b8a585ff37b3a82602d8dec96c5a5e31ce43e2a85a5bedd845083e56,valid
6,administered,1,firm_0,firm,1,,7.1725861669983715,ed689b8d2b9f8e9dda80fa378b4ebd8e5c4e7cd3cedb990a081d426e5e7480bc,valid
6,administered,1,firm_1,firm,1,,8.983712582994485,b2434a7cc66b4fd9cdaeea72b9843f83d1a3be5f303b2e0316111460b1735ecc,valid
6,administered,1,firm_2,firm,1,,7.283611249993555,6a52208b77e68172900f67f70bd3e8d66fe858cc2aaf136e9ac3828aa4e72872,valid
6,administered,1,bank_0,bank,1,,9.053047000008519,dfe1449a07bf9c9979fbd5846ac42a4ad2e2f86f5aba74dd62c222cf8f0f5cd0,valid
6,administered,1,bank_1,bank,1,,6.185348125000019,a1bc60520c31a695d338d6139ca6642d8d63e101404bca5a6cfd13605a2dcb3a,valid
6,administered,2,firm_0,firm,1,,10.488968166988343,62cbec089c43b5bb0afde171546003358469a3ed512665c9c5eb884b3a8afdb0,valid
6,administered,2,firm_1,firm,1,,8.523731541004963,f47c9576a6d743781dd4502969c7461eacd5cafffd50d1a3740e0cec0ee8d4d6,valid
6,administered,2,firm_2,firm,1,,8.931153500001528,b44f690d14644291014b140ae5d7c85bdfc89bd0762787845710740fd659fae5,valid
6,administered,2,bank_0,bank,1,,12.816391333006322,5b33ff96a481cf31df50c61a1b7a011416fa8ade66ecbc354125a41bf5e5528a,valid
6,administered,2,bank_1,bank,1,,10.374104207992787,2878e7e3f32b126f9818b43f44f785abe193609361893d7097a4989812247c06,valid
6,administered,3,firm_0,firm,1,,7.568400250005652,1bda8b94643ab8500cf77bc2927d5b70eacc721f8f294e505a14d1b0a1b94a60,valid
6,administered,3,firm_1,firm,1,,8.27301066700602,df234f075a81bfabb97702d77ba8f8fc56110fc0df2b591ae1b34629860634a4,valid
6,administered,3,firm_2,firm,1,,8.441934292000951,60adce507feb07df129406a5a507577049033207feb6c6e2c83d36946e2768d2,valid
6,administered,3,bank_0,bank,1,,8.360520374990301,b9aad1dd8d3b94bfde53ba01ef2d5a7adfb372d4bb9d1eee19d709c61d778857,valid
6,administered,3,bank_1,bank,1,,6.9020397500135005,bfdb2465d338c5956cec78d9927ace1ff5cf94beedcf69ff44590d885d9d4c8e,valid
6,market,1,firm_0,firm,1,,6.224707125002169,5793b1aa5ba3e5ffcbf3170d0f983e5d0e6fb7b85bf65c769d0a2c06359fa731,valid
6,market,1,firm_1,firm,1,,7.563122208011919,e05eccd2df5b6daeee7458da0ab59c634da8f7a6134ba6f677c7e31153772ffa,valid
6,market,1,firm_2,firm,1,,6.259254666001652,8e581529ff65a8a59eab087669e85a42d01e7b8d19942f169502e467f2847245,valid
6,market,1,bank_0,bank,1,,7.609039249990019,3c1956d2443f92163b8143bb0fcae1f28575ac886450b03a9822b936cbf89619,valid
6,market,1,bank_1,bank,1,,5.866418249992421,8f9f397ada07d76bab029fa35434433b9501c15534ce495b9f430e58c722845d,valid
6,market,2,firm_0,firm,1,,7.1329790000017965,f1a43d7eea4c4109a7362445789c41cf320b32278c700ea17ffafdf9fc00c0cc,valid
6,market,2,firm_1,firm,1,,7.6859992500103544,30ad85750400c570fd0e10375218e958590335317efca62d59a8f2adc54f0dd3,valid
6,market,2,firm_2,firm,1,,7.414668416007771,f91b84e2fbfc12c2f985e9ff392830bc00786d3f4e02b45214844764bbf157e6,valid
6,market,2,bank_0,bank,1,,8.34854079100478,a281e0a7ed0b74299862bdd4fa185e09127493b09d8bade21e9b101e89d7a7b1,valid
6,market,2,bank_1,bank,1,,7.067338416993152,f38a894e7dc27585103abd905056ab50cf8d9abc02cc017f2f11f4df1867492d,valid
6,market,3,firm_0,firm,1,,7.10945229200297,46dc2a214516288f90e687e3b4f562332cec1c927801116e2ace617e75fa8654,valid
6,market,3,firm_1,firm,1,,11.025777874994674,b62fda97525eca85e5b7705f5cddc3b61fbf151b695c81afb90d7988a25811dd,valid
6,market,3,firm_2,firm,1,,6.5624098329863045,dae96a681f02e585c0824f052902b61caa3b8e977749e0b39baeb32361bdf13f,valid
6,market,3,bank_0,bank,1,,8.030329125002027,ebfa22d04f7d64305992d2f0b807dd075bf3ac799aad47de2edd87bfe6578d3d,valid
6,market,3,bank_1,bank,1,,6.817886417004047,9c0cf9437f867a935c5d3e7a466240969f9fd0ae65ddce6ad604baba6745fb52,valid
7,administered,1,firm_0,firm,1,,7.209389416995691,19fcf60c19bec99b327d395ca32d7f4aa1849396ab0ab45b1d0ef3895d9391d4,valid
7,administered,1,firm_1,firm,1,,7.557409457993344,0ee49df7304bf7aed3beafe8cf102f07a9ab9f897125d1cde19a73211d6fa072,valid
7,administered,1,firm_2,firm,1,,7.217515915996046,adb29be67c78778811ade949568f62d79114912e22cad2f6f5ea4fa0614a9209,valid
7,administered,1,bank_0,bank,1,,8.261018332996173,b1dc3bc7dcfbcb32ff4a4191f4b3a6e0b7b5ff93e06cfb43ff4794d424075c37,valid
7,administered,1,bank_1,bank,1,,7.1706056669936515,dbee5f28a50b28c135a03dc1cf669a24919ff9a4740eda97c259ba65a29e4d57,valid
7,administered,2,firm_0,firm,1,,7.67496345800464,b8d771989534995c2533696272b2d70d6101fc87c681d253601c807075befc83,valid
7,administered,2,firm_1,firm,1,,7.047740082998644,05d0e05d961a0ee82f5e222fdf3fcba290dc4ac5e022c2b0e743b6af86b3d757,valid
7,administered,2,firm_2,firm,1,,10.379890124997473,58144f4965100c56a24b0786eacce337c39f8137d6ce33bd6dfc74c9559eb421,valid
7,administered,2,bank_0,bank,1,,9.796669500006828,199e205d644ed696e2b1a281ab0abd2d8a884bf273283d7c0d02233185c443e3,valid
7,administered,2,bank_1,bank,1,,7.269477209003526,8477a32f3117e89f8b18bf67da07afbadc7e73cebadd3ae3872b2753689341b2,valid
7,administered,3,firm_0,firm,1,,7.753679542001919,ce00824ef3711f8d63548295c163d5096d45ee0cde40aee30e3d3735ae12881b,valid
7,administered,3,firm_1,firm,1,,7.622665374990902,8a9054a6b71eebf7fe758208033d5ce7fe7bd01c51e3004b0e080349f691c40f,valid
7,administered,3,firm_2,firm,1,,8.314569124995614,3b1ea44e09710828def50eb3ef12e9b956cf188cbf6bc6d8994c43b2c837c0f1,valid
7,administered,3,bank_0,bank,1,,7.49679229100002,d493d7db2d77d4276fdd6622a62a25dfd8006c6dbce1f42aca16f052f9095734,valid
7,administered,3,bank_1,bank,1,,6.31156612499035,9c4171ccc9e410a535cc061ba0da94b2785d4c2f07fc6061bf05cf3a7c795537,valid
7,market,1,firm_0,firm,1,,6.898517499997979,170b9d8844b7fa7bdb079b885b55f3c5243e71f75e9683451db80fc710c6fc8e,valid
7,market,1,firm_1,firm,1,,7.344399916997645,9871c72091bb425b2eb0a09c65470b7a5e2ffb16c1b02a48e0ef4245983b20be,valid
7,market,1,firm_2,firm,1,,6.554339708003681,66e4a22558bd86595ce24005b63794fff10f7ce0818f0fd442b29b49973730d0,valid
7,market,1,bank_0,bank,1,,9.117715707994648,9e1dd839a1e877d0f3edc728be1f980aa0aa2e511e59aa7a4e63f0aabb1c5274,valid
7,market,1,bank_1,bank,1,,7.501200875005452,3670a60c13d2421ce6d32a2636c2fd57b03b06341ebf11515ec3fbc5bd7ed026,valid
7,market,2,firm_0,firm,1,,7.4866002919879975,93516aec02e4b284f90e2bd0b9c7325acc97bbd134679021c507a7793d75e95b,valid
7,market,2,firm_1,firm,1,,7.16462841599423,dace23239d484c9969c8538e9f633d2ebc687d3651f4ca288ec12a764761cb85,valid
7,market,2,firm_2,firm,1,,6.124142208005651,4898ed15748ae8d1f769b907ff7c80d17aad19fd690ed2bade2d6d1ed550f58b,valid
7,market,2,bank_0,bank,1,,8.189399208000395,1497f382fd5b751ac485d0826d772c017e5fd9a2439ff60edd4cc1c43af0654f,valid
7,market,2,bank_1,bank,1,,4.934827874996699,fac20e0065d7ee542990df3159fca3bb1abefddf70fc13837f133a9860a0a14c,valid
7,market,3,firm_0,firm,1,,5.067909290999523,f361903576412102c33e26e5e8bb67d55295adee93e632cd82d609df0af57b68,valid
7,market,3,firm_1,firm,1,,4.953890999997384,0eb263fd5d98678222ecc0f3cccb82ec58a83d9588c4aae1815a088bc0a3ffba,valid
7,market,3,firm_2,firm,1,,9.79312062500685,bd0994e61459e4cef125754fd4a7e32045b01e5d0ce67fb077b6e5a8429aa350,valid
7,market,3,bank_0,bank,1,,6.6906428749935,a0afed76eaa59310582341ec2608af3c3567d4974d5b1d423f6e06f5d3dca8d4,valid
7,market,3,bank_1,bank,1,,4.818094040994765,7c3a739db6a855193c679be18d3f69a71dd706043c144a798c60b96db2434226,valid
8,administered,1,firm_0,firm,1,,8.729546833012137,45d5c587ac7ab3e2f3c5f812c73e20abca494ec77d69cf9d36578bcc33b0b11e,valid
8,administered,1,firm_1,firm,1,,6.1771256670035655,2978412b97df35bb7a656d9a194d05e660eb42bb489c3eb4585e3d24064eba28,valid
8,administered,1,firm_2,firm,1,,5.387267416997929,11a6e4e53c5ab0e234220494311e08c2db27896a28f036259965c35ef45604ab,valid
8,administered,1,bank_0,bank,1,,7.378111083002295,f2c6bb967e456ab0a9614ac83cf74d761bf2bf21e503814860af25ebf2313e95,valid
8,administered,1,bank_1,bank,1,,4.842532709008083,c621e70e19ad1446b142bb8f144f9c34918ebc9373faa307720f196cf0f9435a,valid
8,administered,2,firm_0,firm,1,,6.909858290993725,074689afb873cd6b5898b4145e402bf6871a3e3cf8d1aeece29998fa26094948,valid
8,administered,2,firm_1,firm,1,,9.226867207995383,94094b1716edda844d2ffbb3bf8cad3e9bc4cae4ee8c34f6c52e5957f194fc08,valid
8,administered,2,firm_2,firm,1,,5.66903733300569,6dbd9156a7f489045a68472b8e2f0e411acfb1e0842ee389832e23c6980d3a6a,valid
8,administered,2,bank_0,bank,1,,7.5810852909926325,67ae9db8e93e0f321a9b6eab0621aa61f1f815990316b4973a0f30e18db5cc87,valid
8,administered,2,bank_1,bank,1,,5.294604542010347,13b0a647c6d23a716cb7eccbb559dc4a09dd704858ee497dfe0661e8ea5c4f10,valid
8,administered,3,firm_0,firm,1,,6.146860624998226,d4aa81c1f7eddd0abcfd53262cf3285e0972fd2fb91c15e9ae009bd10ea7ad88,valid
8,administered,3,firm_1,firm,1,,5.775870291996398,b7060b4fc6991c6d7b50f2b1effca7bfbf5a26cfa9c11f7ef0d91ec16aecea8b,valid
8,administered,3,firm_2,firm,1,,5.674225041002501,22697e057825dab368772cc154b12fb756d92af842e0fa695f0b951abfb9a721,valid
8,administered,3,bank_0,bank,1,,6.478541916992981,d7036ac30d3b17b43cbc75a9186277f147aa624fb8d3e7dd657cae8e5f0fd868,valid
8,administered,3,bank_1,bank,1,,4.793155292005395,33797319782c047b2b2adca45dceccd5e0afc8d24a43d15a8e93594f37edb31c,valid
8,market,1,firm_0,firm,1,,5.316436708992114,6224a72c27a9d7bc2fdca30fe6154d6930fa73681f5c45cd4aed41a3307d3fa7,valid
8,market,1,firm_1,firm,1,,8.929904707998503,c8a3bdf23ed8e365f7dd51658d750e8d0baaf45ec907cdd5543806f19ab0656d,valid
8,market,1,firm_2,firm,1,,6.078990499998326,cf3d1c24390dee554c2c547d74a8ee04aafa2450b449b4fdb1df9ae30f287809,valid
8,market,1,bank_0,bank,1,,7.572415999995428,17cd2bbae442378f221961a6b13e23c1dd858bb207c4a96f1cf10195f5a95afa,valid
8,market,1,bank_1,bank,1,,5.647785082997871,5565df26de00350a5633f4a195ca7e47b2c52de159759a37d5d724d99ce80679,valid
8,market,2,firm_0,firm,1,,6.145389083001646,040035b77b6fc9cef2b1ac48500f17bdd8379b8d4b2537cbe29c7e5b28b7b40e,valid
8,market,2,firm_1,firm,1,,5.690263915996184,08f3e86744b0cf696c370f672538f376d3ed20fd7180eb43d8df474a0d53c35d,valid
8,market,2,firm_2,firm,1,,6.076448000007076,b2302edaad8a725fc0c5204dc00b15de2c997ed916c8f3106db8bd4bb33a41e2,valid
8,market,2,bank_0,bank,1,,7.384895124996547,cf56e23822f5a3952c15716faead644f4cef8f718c2c9478c0a057b720c837ea,valid
8,market,2,bank_1,bank,1,,5.802644875002443,affa4a7c10457c76fda0458be6b3355c718bd4f2a710506d7b7f1023a2abdf3d,valid
8,market,3,firm_0,firm,1,,5.038383666003938,14ca104ead2795eea9778d1126967054f309b876c75559ec25693d75187e3e3e,valid
8,market,3,firm_1,firm,1,,5.276462834008271,c7bc91f12c6d5896705cf1cfd38ca1dcf96dd4bdea344dd52b217a89ad0b17a8,valid
8,market,3,firm_2,firm,1,,8.021861791989068,5105755bfa55df9da33cde609ed82189ff528b26646bede709a0aa55120de76c,valid
8,market,3,bank_0,bank,1,,5.9828081669984385,7459bb035be84eee5236664930b7f6df3a42785e6e32708c95b891de3dd395fb,valid
8,market,3,bank_1,bank,1,,4.444643458991777,78dada655a3b51f35dde824abed46d25812a7af661f1b0e971695d0892e7b5c3,valid
9,administered,1,firm_0,firm,1,,6.607682083995314,a0c71b4a2019327c42802ccb1b41826e00b3530eac83020bcefe52c20a8949a1,valid
9,administered,1,firm_1,firm,1,,6.981989666994195,15e8e3426b219991d3280ec9ebc72115dd307dbd0b0c0b91f649f881c5cbec58,valid
9,administered,1,firm_2,firm,1,,6.752057999998215,273974b7c6e4211eaafafaf01effdd84334b3209d58911afbaf567dc0b395dec,valid
9,administered,1,bank_0,bank,1,,6.641048124991357,f19577e0ec2eebc22fb04125c5d6fce488ebba8077f9af5b6e53217106a33e44,valid
9,administered,1,bank_1,bank,1,,5.036212040999089,90312bb1da166d19eaf772b8f7cac9877e3f47bcf663f1b72619f8003e921ce6,valid
9,administered,2,firm_0,firm,1,,7.455313040991314,02adf07ebf7fd043be25a17d537ac20c2893178776fecd1e4764f4443188555c,valid
9,administered,2,firm_1,firm,1,,6.07985754199035,f60a2d6436fd6d64db389d69e1d782580b637bba00e94e87ad4b0cdcae6dd661,valid
9,administered,2,firm_2,firm,1,,5.914914167005918,05324db3acfadde74b4ec12d67cf95a72da1de8c1e313643c35e5280b0829d36,valid
9,administered,2,bank_0,bank,1,,6.959282750001876,8be7fa0ddd6fd24069052d3bf537b1440bc4bec5cda0e0a8931755f1181c532b,valid
9,administered,2,bank_1,bank,1,,5.182830332996673,74e78b6273af397a8aa4d279c46b7b38ce039550f618216ed3cbb71868317415,valid
9,administered,3,firm_0,firm,1,,6.263787541989586,8af0dc40fdde9caabfba56037b71f956af01ddca89c20aa4a037030b92c71dc1,valid
9,administered,3,firm_1,firm,1,,5.508482457997161,eb1b3a9dd74502e26e7a1ad61a2ad90181fbf61e87585155c4f1d1159c2ac5b9,valid
9,administered,3,firm_2,firm,1,,5.740696084001684,b9aa1560055191df31ac72d15f8225d0960ff891bdf23a0dea408207e70322e8,valid
9,administered,3,bank_0,bank,1,,6.891174375006813,f58d425e970b153ce1f67d7abe3444424a2b758315538a098254c67bdcaab28d,valid
9,administered,3,bank_1,bank,1,,5.383928584007663,8b32c138343197911bc75cb5e4ac3cba71b74c48057fb574c54ef1a13be5a1a0,valid
9,market,1,firm_0,firm,1,,5.41076487499231,5db8861266199d0403204f885920f1eab74b5a07e894f7d72b45a6731289a1ca,valid
9,market,1,firm_1,firm,1,,5.582896125008119,7eaa0275be6dd6a215cef4bceaee1ca11f89ff51aab1f081576b901687bf7307,valid
9,market,1,firm_2,firm,1,,5.384888250002405,9a0ebfd9a47b8cb367a5c8d6ddb7931d07c85daa4bead32c8e9ae75d64ef21d8,valid
9,market,1,bank_0,bank,1,,7.925657375002629,3a3343c8f6d1a79a145cde429c928e31dc52d5f725beaef4132d82d0fe480f16,valid
9,market,1,bank_1,bank,1,,5.25832100000116,3af9be9efdcf21cd8ca27073350be53df668334ce64047aa7699add6dea1a9ef,valid
9,market,2,firm_0,firm,1,,5.548689000002923,49f9bd4ac8b4bdffc07fe0beeeaafb2c31a3f3336ed2727f1121e4a7f76666ee,valid
9,market,2,firm_1,firm,1,,4.984786708999309,dadd9bc5720c7a34866b7555efb840ec4e208982b671b4a83cbc3bb587625b89,valid
9,market,2,firm_2,firm,1,,5.0258287909964565,753e003028dc58edbb83cc6255fd9e8a8330b7453af70f9b662ceec9af0db500,valid
9,market,2,bank_0,bank,1,,6.23386258399114,d12e5aae0e4174200a7b1db413907ee411e7af30b0c49023c9dc6e24b1f441d3,valid
9,market,2,bank_1,bank,1,,4.834956958002294,8b5ba288be1fb55ac574426df54b4620497fd6f8d2c3019f12e1563ddbb60972,valid
9,market,3,firm_0,firm,1,,6.062183333997382,3fb0ff97ccebc8c1ca43b281c6f915d0214afa2c7f582867a69ac8bee4cfaf58,valid
9,market,3,firm_1,firm,1,,6.197736084010103,4d8f6e8400652622817b5a29ed0691eccaed22e6b63f46716d406d6247919a73,valid
9,market,3,firm_2,firm,1,,5.988436917003128,d3494dfd9a877ef3f3e98e257e0c026bc323dfa63852cf200bb57ed1fc5c3d11,valid
9,market,3,bank_0,bank,1,,7.296678458995302,f068f32a40bbd467c31b2a2a96afebe77ebc02f748545c01c66cbb4930c8943e,valid
9,market,3,bank_1,bank,1,,5.618350041011581,6b66618d932631aa12abd42e7a0f12632550e90517a8e35d1b0831edfb5bb7be,valid
10,administered,1,firm_0,firm,1,,5.970692374990904,f58ca038aa98ffedecd951c7cb667f14701b6375ba86e8e1861f903a6ead2f3f,valid
10,administered,1,firm_1,firm,1,,6.7985829999961425,c11cf35d54e1af7314e4fe773b8bb23ad1d344473bbde54c8e0e38023cb071d4,valid
10,administered,1,firm_2,firm,1,,5.357048666992341,d0fe02c238b4f56bd58c841ef913732c6f753aef51e8dace0b884f844448e881,valid
10,administered,1,bank_0,bank,1,,7.566584750005859,721dbc043f9a3d61ea86cfa81f388be71d2d3ba7ab080ad812241c28c69375bb,valid
10,administered,1,bank_1,bank,1,,6.1413349579961505,2ccf1dd034049e9c1b6f9ce69aec1f591627624529ee85cfe2c0ae0a32b97c4a,valid
10,administered,2,firm_0,firm,1,,6.048690041003283,2039585afac5c97f360051f09560b480cb5072ce63032124b32c3c0430b95312,valid
10,administered,2,firm_1,firm,1,,6.339763166994089,1627dd366c8439233607957f2f99b8748aaf54f3b1ef9eff9493f8d7a1d065b2,valid
10,administered,2,firm_2,firm,1,,6.082437749995734,0bedb1531032aa869fcae6311ea6ea5c31764ecf8280ca435edc322941980fd2,valid
10,administered,2,bank_0,bank,1,,7.460351874993648,46ecd214bdc3db6726a8ff98303f341931f4c91628ff68f9cf714b0aac928d4d,valid
10,administered,2,bank_1,bank,1,,4.984902541997144,cff521d9122782be4e34f47ef3891c9739b515106a9abd3fdec5f044bd63eea5,valid
10,administered,3,firm_0,firm,1,,9.034430125000654,b7f5d4b0266ef0dae7050e793b808db215fdcbeab61f82e738f2b1e148e5ee30,valid
10,administered,3,firm_1,firm,1,,6.789881124990643,869784769363110c16a605b6b0b56c9900069ceb23405e1ee66ed9f405af5b37,valid
10,administered,3,firm_2,firm,1,,5.862238791989512,41b25e0c3852409d57dda7da073490b94f002d10cf7da90de85a300398ee0ea8,valid
10,administered,3,bank_0,bank,1,,10.956162292000954,5d4a78aa7420b52cb2b204ac2d4ad0170eaa8284a17516ec59a6bdab7043d944,valid
10,administered,3,bank_1,bank,1,,8.896507500001462,5a33eadac745173c5de01af2f4e34e228d94a79f49673290bd8be51c092307fb,valid
10,market,1,firm_0,firm,1,,6.123639666999225,9149fc9580142e0ffe7744baa4c3cb3ad2f88b728ae51e4b3cfb93f54c604473,valid
10,market,1,firm_1,firm,1,,5.506624833011301,8425661a7f0dcfd69c029a80aa252cfcfcb2c08e6519879e96d1d531c6eaea35,valid
10,market,1,firm_2,firm,1,,5.833070291002514,5cd7d5ed36bc9c298ab6e2a86e8bad7829c79d3ae7bcc001f74f977655369b6c,valid
10,market,1,bank_0,bank,1,,6.476470416993834,13938e94743722c5c7c7d8ad2e0fb8847b8179415ccefd3d6b01bba2ac1367ab,valid
10,market,1,bank_1,bank,1,,5.573628333004308,0102cb9f800de3be39a46c1b660c7872d4fa19080d39d37e2c2bd22f10bb1912,valid
10,market,2,firm_0,firm,1,,6.095647207999718,8d5b1807499d316fbda9442ef4d199d7231ac3ef77801b57c24d06e30ae39afd,valid
10,market,2,firm_1,firm,1,,4.935105165990535,a920a1b36b3a065b4d53f63be5b4445784f62c4ed46331184e723900207485dd,valid
10,market,2,firm_2,firm,1,,5.927731041010702,b11672b63a2b2979beb64078b94a8ca2175a65204b0c08ed8150427b5faeae60,valid
10,market,2,bank_0,bank,1,,7.361597208000603,44b90d4ecf9528e9de542accba59ca0d4c2dc2f98c04851fe2e8873438d2d190,valid
10,market,2,bank_1,bank,1,,5.698964833994978,94b1475da062865a6c7a19a75f3d97b4acdeaaa16c4a856dfef6abc7ebb946e0,valid
10,market,3,firm_0,firm,1,,5.318789208991802,630a71a74e64d098ecc7762f3b68dfc16cb6e3868cedd340318fffdf2910fa09,valid
10,market,3,firm_1,firm,1,,5.785676750005223,3d50ac8ce3baccea69a39414c32e8643c29573e54ff1f861d3afa7ec31005b8f,valid
10,market,3,firm_2,firm,1,,5.92615245799243,a51ec5f83f87980d12e7e27c730577640799ee6c08ce0d1d88b0fb63d494cdf9,valid
10,market,3,bank_0,bank,1,,7.016470959002618,c576c46951db2fc0c23f3e8e784a547f1e7a761bdeb3e85833372f682b8c370f,valid
10,market,3,bank_1,bank,1,,5.506797915993957,b3b0f833eacc3d828260d458d77a4b7d221ba47554c5dda5575e3a905f4b43ff,valid
11,administered,1,firm_0,firm,1,,5.889026958000613,99236b0e46d8da430a139d30af9e4dee0da94a392a87ca993c798f42743cd66b,valid
11,administered,1,firm_1,firm,1,,6.069574749999447,55a0813899fafaf857d612c98f872a334120cbaef65c433c7a20bf623c5cdc0d,valid
11,administered,1,firm_2,firm,1,,6.023758124996675,1d8dfa21b0a34784a601fd9e9f922872c5b46a11b8e0eeed0ed8c190bdbc36f7,valid
11,administered,1,bank_0,bank,1,,6.608206749995588,f6ebc48c1e34fd1483fa99a0abff0cc82e4deb9a7963f65d2ccd56e5bc438e71,valid
11,administered,1,bank_1,bank,1,,4.27338470799441,c2aae900dcbc3ffaf78f36448da6bfe7f35922ff69384e698842dd557972fe7c,valid
11,administered,2,firm_0,firm,1,,6.179575374990236,3ba1b774bfde7bd9563f9c05c1cee9abda0cef9d19028854eeb7ccc40ecc53fa,valid
11,administered,2,firm_1,firm,1,,6.0456318329961505,ea9d1049ada716e36f02664ad8715646787f1f9b613d85b3c26f682f845f7fe6,valid
11,administered,2,firm_2,firm,1,,5.853296125002089,49a04aa08f6e76d34fd75765580c7fb5cb6459deaf3fbc732c403c477641ba96,valid
11,administered,2,bank_0,bank,1,,5.985867125011282,acd313ed56157b4bcffab63d3a9ab3059e1cb1beb94df336d675177bca07cdf6,valid
11,administered,2,bank_1,bank,1,,4.3013274160039145,f6ef122b59a708867976da191aa133391f34840e3345076abbf30dcf2aaf6548,valid
11,administered,3,firm_0,firm,1,,7.440948458999628,9ba5e33d2824d60ba6ff3fcd43225421ae7b077d62c01a3857f4d798f7134935,valid
11,administered,3,firm_1,firm,1,,6.867588291002903,069e9df0c3762f126ae9a33c267f0ff1ecaa03c8949eaf49204ed590aa3d6e93,valid
11,administered,3,firm_2,firm,1,,6.159727542006294,ff8a6b6f7691cc4dd774a1ee95dcf587fb27bd26e92daf4c3061ef57f94dca33,valid
11,administered,3,bank_0,bank,1,,9.135968957998557,fc8db481159cee88e0b059834d39a5b5f38e0e9303329c6296c029c4b6747cca,valid
11,administered,3,bank_1,bank,1,,5.86285679100547,486768e069e7715158044618984b88dbc298af2280dc1f97482899198d0ced99,valid
11,market,1,firm_0,firm,1,,5.675825416998123,565a4e01501e6216c29caa219e2ed1dd83f8e45cece5a2a269aff499d42f4bce,valid
11,market,1,firm_1,firm,1,,4.9828407500026515,2fc114d47952652c31b90233a79d7ca4d8c2d3fc693bb6ba140cd80866ff6a53,valid
11,market,1,firm_2,firm,1,,6.200483124994207,43e9acc40d2e564e7e9aca2edd1f5b60a5ac36fa176efd42556011d2ad4c0a6d,valid
11,market,1,bank_0,bank,1,,6.898565082999994,8c62eeab45dd66ac7584549f04f9f7313cf8a8e7803f267e4adb5f0223d5eb5f,valid
11,market,1,bank_1,bank,1,,5.266824000005727,d5893edce8a893c0cf1be5a2265dd9ed3d9e975659bfd7d550cd59bb864a6cd4,valid
11,market,2,firm_0,firm,1,,7.31173695801408,2292f3ee8205e5fe6021544231d974c130034e8ce37d2b9ab60076b3fe813c58,valid
11,market,2,firm_1,firm,1,,5.239163624995854,8e577bd269f9a0ce468caec689c67eac94c78cbcc2b3379d310e31c364f106a5,valid
11,market,2,firm_2,firm,1,,5.823960374997114,f6b6e5399c83424804c8d58dc40aca0098e2665cd3e6d22e6d3b7a0cd69101fa,valid
11,market,2,bank_0,bank,1,,6.630277207994368,bec363e87d1b72477d244153d480d8a31181f37d21a60e450d48db884bf791bd,valid
11,market,2,bank_1,bank,1,,5.041845375002595,2bd0637baa4f9755087673ff5ed56765ca647fa47918b7450d1b0e514d37e2ef,valid
11,market,3,firm_0,firm,1,,7.677373332990101,74ccafffd0027e1e5cb03dd5cfea8c53bcbee6aa9e5d9fa551af86000294114d,valid
11,market,3,firm_1,firm,1,,7.608124541991856,18e036daf1c9f5a9dc6b030306edbbaa633ba7b1d518a7fadf43dccbd503ec3c,valid
11,market,3,firm_2,firm,1,,5.591334166005254,ab91044571a01303ae397334cb2f777bf973bb8d9ff76ab546bfa0f6479513c3,valid
11,market,3,bank_0,bank,1,,6.662178041005973,1d03846ae6b5a0e488d78c6b5964158c5b6471dbaf4fa793db5531e475ec9155,valid
11,market,3,bank_1,bank,1,,4.773341125008301,c4dec5fabe7771d4e3cd8a8064754b1f066df8756cf53f4733b201e40a7fdbd8,valid
12,administered,1,firm_0,firm,1,,6.258846832992276,81b0cc2f80664066a074bafb506c85df50a4de7faad8b06c986d1eefa0163140,valid
12,administered,1,firm_1,firm,1,,8.697563291992992,15a89d69d7e9ef42a77b45dc5e5282321f8870790dce92e6bebe4ef0e2c63b81,valid
12,administered,1,firm_2,firm,1,,6.107929583013174,b941b5adbd57ce46ceab3375a1cded17eefd0a8db5661b8357476b2cd9d96bf2,valid
12,administered,1,bank_0,bank,1,,7.945949667002424,b67bc07e8fce52adac39a9853bf8234975ef919af53c885bf0e0f1ce5a8a7ca2,valid
12,administered,1,bank_1,bank,1,,5.913591083997744,807278647012d043c797490c07846884db17b0946c357f11adb3cea084cfd391,valid
12,administered,2,firm_0,firm,1,,6.811722957994789,f1ca6a7298ba7c36b9364830a7e5f45800eacf241003050f04181ec55251b303,valid
12,administered,2,firm_1,firm,1,,9.122318042005645,0c72305473aafab3730b06a04c892b2ddcf3192a165c9ae94a3bf5a7c977d98a,valid
12,administered,2,firm_2,firm,1,,8.307595999998739,06a010f95c090c3e4577ba38cdc82b22bd6ca87fc9f2d706ddd3a2364a6ede4d,valid
12,administered,2,bank_0,bank,1,,10.591930834008963,696c7b61e0010a60f5fde17c1383c05d6022a7b4729f9cc8e4013fc25bb88018,valid
12,administered,2,bank_1,bank,1,,8.415501667011995,99e635405464ed9f89a9e02d5ab0c898b9a994e2e5cff9e190f79b0d7151f34b,valid
12,administered,3,firm_0,firm,1,,6.503758667007787,06b4c85b91d792f1d63e212fb4d536b24dc68339bc3efe93f305ee589a79a937,valid
12,administered,3,firm_1,firm,1,,6.25894887499453,3a120a49f20ddfc559d2cda494a4cf420e5427f85010cd588a06bf0a3ae470da,valid
12,administered,3,firm_2,firm,1,,6.182644458996947,bb6b3199847d426c58d8c7bf8e0c6868be622d4c1118d053b2963f1760ed3a85,valid
12,administered,3,bank_0,bank,1,,7.074672082992038,99e2c4e36a148dea495755786f3d250c7f5d9cf355df8c765f4aba69e27d965f,valid
12,administered,3,bank_1,bank,1,,5.28363962500589,e6f990648b26745431c597b63209ccbbd5f657b3cdec355a834b95486b0294b0,valid
12,market,1,firm_0,firm,1,,5.148909416995593,e1d01057f7a31d511452e8746d34fb0316e6bab6f370350dc50addd691c62bcf,valid
12,market,1,firm_1,firm,1,,5.016324790994986,d0020559eb21dceee23a5deff291244905fcecd2e6abb5a9fe1649f10d5fd32b,valid
12,market,1,firm_2,firm,1,,5.543828249996295,dff5c386910d341c9a07c5d29cc13bcc59bb5d698155a568493a5b0d95fa7a8e,valid
12,market,1,bank_0,bank,1,,6.128850958004477,250a2c0a350fbf5364371ec0b1c943419c77107d23c629792a53ee3a22dab6b8,valid
12,market,1,bank_1,bank,1,,4.823827750005876,8351f0560efc48bb7780404cd4a47b0ae740c4547c2f15febc8101bcf1262374,valid
12,market,2,firm_0,firm,1,,6.031528292005532,5cba68dfb68ff51abe6f93524190a9186bb5f57ad0a65d125d62b2437701a7da,valid
12,market,2,firm_1,firm,1,,6.436058042003424,d85c87e265ac0534e734887e995e925cb15704f596b6b2133bce01d0c200b362,valid
12,market,2,firm_2,firm,1,,5.570115916998475,1e1e68acb1ae628b65f665d7b3633718319bcfa0dd6de6890204d5f727994906,valid
12,market,2,bank_0,bank,1,,7.332072625009459,4d81a43ef69563cf3de3d7c9bffe8aafd4c069cfa699a8fb23a219e768772dff,valid
12,market,2,bank_1,bank,1,,5.673991917006788,2e9e1a0f090e87276fd5ef0c7ad22e24e391b3c2f3c10e689d42db4a49ff5edf,valid
12,market,3,firm_0,firm,1,,10.363998749991879,00a6a24677be3645ebe498614d1055a882e0a73fd2e5d6dcc43b71ff286e38d3,valid
12,market,3,firm_1,firm,1,,5.028416583008948,cc671ab42dffb2cef497c2a1a87927f0b213957f2694a67df864301d91d3f78d,valid
12,market,3,firm_2,firm,1,,5.474651417011046,086d7798e8f6be7759919f46f787a4b94c61966a385fd0ec5847adb80e1d5261,valid
12,market,3,bank_0,bank,1,,6.88686487499217,135f81d3f30e07fcb4a909f66a852b6abbc8c0665184914d975c353e466e2ea1,valid
12,market,3,bank_1,bank,1,,5.8868704159976915,11d2674d0e61afcb88ec5cdd436c56120fa97f0d0a38c8d1bf48fad4a7dacaf2,valid
13,administered,1,firm_0,firm,1,,6.981835334008792,dd2767fff98dde1bb58ca0d65b9a6d54f68f8fe0db18d1a3f936ef8536a642f9,valid
13,administered,1,firm_1,firm,1,,5.867989958001999,732e3e14f5cc013276253eb9406ca5564ac28e8265f6dffd19af290616c6ec6d,valid
13,administered,1,firm_2,firm,1,,5.862230790997273,e869c2854e363845a210e5982a720b27c169b78d1d39519868f81e1a54b99f28,valid
13,administered,1,bank_0,bank,1,,6.951284334005322,ef97f5461f3b004caedfee93d810541f71a9d829e8bc4cb9b752a0da153fbdf6,valid
13,administered,1,bank_1,bank,1,,5.371952375004184,0285645451a1469d9b1343f325161cdadddb992776ddb612c4b642a4186182f6,valid
13,administered,2,firm_0,firm,1,,6.64368279199698,9739b1e0d7d4576a0c45ad49341118e2735dbcfa10898f4e7688184ae9affa7e,valid
13,administered,2,firm_1,firm,1,,6.493168625005637,ecf4273442639d1e929d9ded0cd1d3d3bbc5702449de0aba58f7bf55ff627f49,valid
13,administered,2,firm_2,firm,1,,5.395532208000077,4047f44217fc0d6aa92e22d4c07c59de953f5310b6312a9a8bae70bd7c30187f,valid
13,administered,2,bank_0,bank,1,,7.893346666998696,81502df24a31f5688f88715459dd74f1ae49d3a50cb2484dba4a255467575213,valid
13,administered,2,bank_1,bank,1,,5.7719807920075255,8bd4b4daa0933f7b2b6fd615e2138080b129798c7971cbe129a77d8cfe76da1c,valid
13,administered,3,firm_0,firm,1,,9.636379874995328,3e91773cc364b5f9e0ba83deaca0379d6ad000356e20c485430aee17f6b284c6,valid
13,administered,3,firm_1,firm,1,,6.801267457994982,511aaabf6beb2833f7ad8c03bd98f5c2ede0350102ec4e284969e9a6eecdc1d5,valid
13,administered,3,firm_2,firm,1,,6.557417333009653,b4a3689c0d1919087f19741339741b163fc11b89e3fc8218bf7c13d6e2f13ec8,valid
13,administered,3,bank_0,bank,1,,8.512111290998291,09882865c73ddc3996616d73847ad643b705f8b8164d90936a1131e9dd45033a,valid
13,administered,3,bank_1,bank,1,,8.642352832990582,3214e08ee9171ceb179ea2c8032634f93605816f193d0e03ba657cf62f1f6b50,valid
13,market,1,firm_0,firm,1,,6.106275208003353,5673a5c3cb39735acb189fa73cb432a9d5619a5cdd3955752528345896b9dc48,valid
13,market,1,firm_1,firm,1,,5.5394163750024745,66387618f6fe41daa3576ebf5606f02e22507642330b70bd9f429858c9acbe43,valid
13,market,1,firm_2,firm,1,,5.123386999999639,083a38aec87215a1fb895da392da04d3ebb745e47ab92f5c365f02c04a8945a3,valid
13,market,1,bank_0,bank,1,,7.320225041999947,800273b275165cc3dbc8eb4db214c5cfe374151baea13c915b326ba3ab91d894,valid
13,market,1,bank_1,bank,1,,5.7394412499998,1dded70f04eb93c57c1b48faf420d72a6ae4b59a929d9ddb4a5d015986bdfb6d,valid
13,market,2,firm_0,firm,1,,6.10297150000406,333eea82d32b886a37d54047ae0a5ef87960d1b7a838aad4e16302f0eee77d48,valid
13,market,2,firm_1,firm,1,,9.174507582996739,036229519e15b1e755626338ecd47b70543f6651bd221c5613b45026099b6a00,valid
13,market,2,firm_2,firm,1,,6.186780000003637,961dc3eb8f5045e4a38ddc3131377e676363555479f5da42e9c250f35be2751c,valid
13,market,2,bank_0,bank,1,,7.8040137920033885,a923fc5babe7121ff2283696987cddc48913b8fb5b14ba869711afc61b100e38,valid
13,market,2,bank_1,bank,1,,5.769981499994174,03c91f9641c70bb0e73a5315f87fc6739bb3c09fe71f9c87b51e32563b3c0ba1,valid
13,market,3,firm_0,firm,1,,5.188713457988342,190c8b081c0b0f728426abe1f562a581f57f06ce58623faace639cefabc43225,valid
13,market,3,firm_1,firm,1,,6.169938874998479,a074b402b902be7b3cd1041bfe63c44107817c22fadcb344e4f1313d88cc49d6,valid
13,market,3,firm_2,firm,1,,5.770858125004452,aeb524126168fa946d26c9ceb1e0f0fe7a69f17a9f23a30ed31ac6741f0ddd39,valid
13,market,3,bank_0,bank,1,,7.074864416004857,ce7b74e6f1de4fe69329c226c09446658c3d42230d9718b248effcb53b461aa5,valid
13,market,3,bank_1,bank,1,,5.510528582992265,b7b1fa03ad8b110dfd8a5c7755fa229a732ded66d991243dc043e784a338f793,valid
14,administered,1,firm_0,firm,1,,6.887111000003642,286f59bfbe8ff3e80b75693bab19b8fc5f6d66f7cd9c512f3c79aad8e6ae9785,valid
14,administered,1,firm_1,firm,1,,5.986405957999523,4f1e9bfa86e45b79e4cb7b4cffc8a768cc18c79b254e46db9a7fccc87935ced3,valid
14,administered,1,firm_2,firm,1,,6.137090915988665,0de818baecc2eedcc69eb784e7e255fd27e8f079b8abced3ffc1f9196958d399,valid
14,administered,1,bank_0,bank,1,,8.49233829100558,8cc3e80162787d0ce4b8fe63e90fff8ac358fe8c059daf11c6680bac89e7c6b3,valid
14,administered,1,bank_1,bank,1,,6.271026458009146,9d317200fbab22c8a5d4dcd7e2a8b000c6ce4a9b563e9125f59bc1be276ed113,valid
14,administered,2,firm_0,firm,1,,7.193013459007489,e66f96e6dd55c106f92f8c10ded56ab09c5c3aca5f34f265d2db901bbbda0a72,valid
14,administered,2,firm_1,firm,1,,6.199555915998644,b7d6197d56edb4f85892406b9c23a6e2bdf1a76e3b344760ada1acce23ad1473,valid
14,administered,2,firm_2,firm,1,,5.476614292012528,ca5f0f7f7e45f1d9433021a7bb3882722011f07ca401f3d60a38ee0e4fd81cb5,valid
14,administered,2,bank_0,bank,1,,7.010492165994947,d2c4c768efebc25eb130f2ed1e1de1a4dd21957c37dab0aa3943e20f3595ce87,valid
14,administered,2,bank_1,bank,1,,5.741370832998655,9717a9531ed240827c574e17600e13d5c06b0471cb2ae9e5e89797122ee94476,valid
14,administered,3,firm_0,firm,1,,6.684367333000409,686bb025d9c7a1bed53f6b8a055e7bfcba0e6dad9ad89771c3751a3337fec51d,valid
14,administered,3,firm_1,firm,1,,5.851599000001443,5f6a75b6f9ba8d292dd98d6f0eb9bb34a26d26602b6f648fda460eb920848132,valid
14,administered,3,firm_2,firm,1,,4.950214083000901,88c19f5f07cbda51a6e80e0c78289a1565974336b1b5024b8a935d3342724180,valid
14,administered,3,bank_0,bank,1,,6.292329541989602,37bb0ddd405b5ee6843420909d265961012468bf17d2389e93fad84ca9d26af0,valid
14,administered,3,bank_1,bank,1,,4.881610667012865,b28cae4beda35dc71319b37046bace166d200f760320c5ac3c6b0dcab9687161,valid
14,market,1,firm_0,firm,1,,6.848520915998961,c19188d70e27724ea8691b10017d7b62c75b65f85a833103b5bb78d11deb2d88,valid
14,market,1,firm_1,firm,1,,5.317864750002627,929e234b8ddc3580dd22912342398feeb7066f312985cf6131407a2431c0763b,valid
14,market,1,firm_2,firm,1,,5.2785203749954235,eb7026c7b5a2c7865bdab2e448701c28b13d70ac6ca030f3807f1f469d75a248,valid
14,market,1,bank_0,bank,1,,7.425094625010388,cc1b4cf82f8a1100e0adedd1e27112f90d2e97405140fbca6ee9604c94392cd1,valid
14,market,1,bank_1,bank,1,,6.400483125005849,fc30b6a760b123b6444bc510c7359cdc1d65d179e143ea96172479c34dac3c29,valid
14,market,2,firm_0,firm,1,,5.182819583002129,7932a74e126e0b225638f08d120206c01f8d4e3020a6cb83a9a51c3ef7197f17,valid
14,market,2,firm_1,firm,1,,4.952809791007894,d805ead18c2db04e273ae2806b58d0a40a5262d34ed82eb60527dc51e60856b6,valid
14,market,2,firm_2,firm,1,,4.710791917008464,ebeb382cea43317127256a6f26549df84f3aeb8e6117a058a080a3aba345ca0e,valid
14,market,2,bank_0,bank,1,,5.951994667004328,d5733ee451d99f12469473f52ffb376e5567dadedf0fa29bde9e4f3e66175c9b,valid
14,market,2,bank_1,bank,1,,4.656984917004593,ed71d321e999d778eccb81cf9eeb6ededa4578df2cce47bd8d1d82e1c2b0ae39,valid
14,market,3,firm_0,firm,1,,5.9327625000005355,ef892a62f1ac2a838e717e8b8b3e298f23f51ec86784e02c37d1a5d036a3b2b0,valid
14,market,3,firm_1,firm,1,,5.09936666599242,323d1558310d3412367aa11032daa3a3d26ad7158bdc1d251be7f5e6a7b287d3,valid
14,market,3,firm_2,firm,1,,5.57803133399284,30c89e68a19d883ea64be361f4d676423a5aedfb61e8122b4a8e1b2dce3cf34a,valid
14,market,3,bank_0,bank,1,,7.103458583995234,e343175ffc608746a9904fee4a0dcb64dc8be94de39e241dc186d503a585e802,valid
14,market,3,bank_1,bank,1,,4.715209875008441,582c434bcbfa2e4ecaefed0cbe4772c9f75996b1b2aa069e1246fd29385d7fb8,valid
15,administered,1,firm_0,firm,1,,6.299889459012775,8d0178e2c58c1c4b2bc8a5720de4488112da84ad8fe731a2f07c046f88d0ad52,valid
15,administered,1,firm_1,firm,1,,5.842424917005701,b9d0cbdea084b52762d2bf2fdc74d85a33adb16e850ac2352e29ccf663f49a6c,valid
15,administered,1,firm_2,firm,1,,6.746675292000873,5ccd7019e7a6f4b2134ca46ac855d572032006086fe397e3cb97ec85070d97ad,valid
15,administered,1,bank_0,bank,1,,6.954339999996591,859c54d06a832437b09d7df52ede1cdb89b181c45f324f426c98b21449036590,valid
15,administered,1,bank_1,bank,1,,5.119004042004235,e368d86b8d7e115df3957e19a2f4b659c6e288a9b319b508d6607f47fc14ae31,valid
15,administered,2,firm_0,firm,1,,6.404880834001233,da32df68e2423854c4565a712f324106fd44de39eaef467cc4322c7b06489940,valid
15,administered,2,firm_1,firm,1,,7.956727832992328,2e3164c23577aa97bf081b96b88ae17742a15136f81a8fd8a95f98280c176b6e,valid
15,administered,2,firm_2,firm,1,,7.610310292002396,7f001cbaa12395d26d8816f861f6d0b28030829cd611bd935248f99d9709f4e7,valid
15,administered,2,bank_0,bank,1,,9.4519352500065,86b182b718c6c01ecaffd631572284932899b88f979604a1623261cf5244b3f6,valid
15,administered,2,bank_1,bank,1,,5.786672500005807,a170d26aea9d14ed23d33d81d71f486b1109d5eb88d4b27b38d37214894434a2,valid
15,administered,3,firm_0,firm,1,,6.106740208007977,e80f1ebfeaa4fd3e6c26e7b5c13442107e82b8c5b8ae288d1ac699dbcc03c80e,valid
15,administered,3,firm_1,firm,1,,4.785665333009092,c9391d814c3c1bf9ac6869c279be978ded1cda907d8e0601bcdefe9580324d01,valid
15,administered,3,firm_2,firm,1,,5.983027707989095,cef26c1bd3e1c41b33ad84c9a4fd39171d07f11285fdf4f7b3e6f6ec77b15dc4,valid
15,administered,3,bank_0,bank,1,,6.5482555409980705,cfe9da84a0bd5413742cb38c04c4e109a261c171def65717f30077b363d49b22,valid
15,administered,3,bank_1,bank,1,,5.13335045799613,cf937342f1f3e09e7a3eadd59bf0f6ba5deb4128d7afd3f6d9dcff8a1cc72f49,valid
15,market,1,firm_0,firm,1,,5.115628416999243,0334a3e7d6f8d574941f4e8dd4ba8d5f1bf3a0f51a01a56d3ad5d190045d8b6f,valid
15,market,1,firm_1,firm,1,,6.905222000001231,e5af3d4774044f0e5f906c1812a7ccdea211d345e17e891cc36b476caf89c791,valid
15,market,1,firm_2,firm,1,,5.043543583000428,307cd91f7ceee6c0cdd852f8ab1e22abae48b076a8fec9e7745bb40d6ffbf983,valid
15,market,1,bank_0,bank,1,,6.165008208001382,e94b19164b277ad61c8798d0bf41da06b264c2baa5196b9bfc11ba4657d21b8f,valid
15,market,1,bank_1,bank,1,,4.644055667013163,8408443ea8c8548dd210aff4b590acad66ceac81d34169d625dd5d0d481b0aac,valid
15,market,2,firm_0,firm,1,,5.851466791005805,69748329e660a05980fbfa4e2e44c473e3368608055a434dee17cb832bb5dd5d,valid
15,market,2,firm_1,firm,1,,5.661032165997312,4ea5cbd12e63d6e8de923ae07f57a89e32b5b1f7e37f1231c0201ef584ab1a4a,valid
15,market,2,firm_2,firm,1,,8.338191708011436,2e07362d78fe62d4255810d61c31accdcec5666ac179ee1403f74ecbad4f0043,valid
15,market,2,bank_0,bank,1,,7.391801208999823,18a69531be080f3ef78f5010d44c2f966bdcbd088ecc5235f87edc7761c6e772,valid
15,market,2,bank_1,bank,1,,5.611310457999934,63af318aae24c87527c033898bdf86d347fd432bacc308f435f831f8562bf4d8,valid
15,market,3,firm_0,firm,1,,4.985814582993044,d061618f8dc8f155521636a41e1601c738c4f6889c854a6866b2b21769f63cf1,valid
15,market,3,firm_1,firm,1,,4.7276167910022195,7a683863b597ac3755a4a045e570090f0dca17a87cc120767c53f726de2fef28,valid
15,market,3,firm_2,firm,1,,5.086100417000125,977f004228b427baf45c3a3853c940b35410bdf3645fa397345b38dc212d0a37,valid
15,market,3,bank_0,bank,1,,5.756722500009346,fd59638ffd7cb189af4e791711b221ed94cab0fd764ba7a544836747b5c6d8f7,valid
15,market,3,bank_1,bank,1,,4.496492416001274,70f2e211ab54fbd02b48679b8519df15c69b423e95e3eb211ff1ca39d4ca6a48,valid
16,administered,1,firm_0,firm,1,,6.630185582995182,2240fb384e930be1037dbc35d53671d30bdb05f6c529d5899442ee11bbf575f8,valid
16,administered,1,firm_1,firm,1,,7.04505029199936,055aec5bc7c56fcae90b3321f417219f6d0d14e69efa6ae4a0f8b9467be5e491,valid
16,administered,1,firm_2,firm,1,,9.620006582990754,4ccb197d28db1804c0793c4fb6e3d2685147894baf6f0c1f884a7a1f47d77e3c,valid
16,administered,1,bank_0,bank,1,,10.032443874995806,3848aeafc9aea10f24edb1a05964a766add036fe2fc232d7902e449d62d4eb8d,valid
16,administered,1,bank_1,bank,1,,7.058453375007957,362034f12d31bfaa7d05df34f821bc2de43caf1d72ee8bda7c06007ef55934eb,valid
16,administered,2,firm_0,firm,1,,7.185514791999594,4137f8ea184377c01f652537d8fcb83b60a2780779faed887e54838a05aea955,valid
16,administered,2,firm_1,firm,1,,6.573477249999996,9432201dd33b53d56286ffa8cac7e6a41fbca28605a8b206c1cae5a2a0c9ed7c,valid
16,administered,2,firm_2,firm,1,,4.7630388750112616,99f32f6e802bc65642959a9bad50e38ac40ca08ef08e579c755aaa19bf2aa032,valid
16,administered,2,bank_0,bank,1,,7.227576207995298,186718a875600e84e149e2232f8aa76ff310001ba23bbe7fb9dccafcf097589e,valid
16,administered,2,bank_1,bank,1,,5.19281520799268,098a6d1407660fd2dc34d5e1c5cf9159ae8ebe27289201952d85222279c27c00,valid
16,administered,3,firm_0,firm,1,,6.639334834006149,892fdc0a92a709c8b40bf7d0c048323861b8602c691bba633fa2aadc3bb386a4,valid
16,administered,3,firm_1,firm,1,,6.074877916005789,e769403a4c42ef9533b54c4ca712bd2101cff7149be39b799f3ebe7d5691e71e,valid
16,administered,3,firm_2,firm,1,,6.002324708999367,fb7fc66c589e718f8aec7ece10fd3cde16b7d5e8467610248b8f4528b2e595fa,valid
16,administered,3,bank_0,bank,1,,8.012349541008007,095af4ff68a395305d6e1c9aa76139d1441ea224392e6b2f1288212fce61fc79,valid
16,administered,3,bank_1,bank,1,,6.326350207993528,bea43d0d2fa4e9cd3596a8a8a7106287adb688cadcccccecdb4997da960acec1,valid
16,market,1,firm_0,firm,1,,6.6843590829957975,fa7e5cee9416968d467c0f521e44631eb44d2083719fc2464684a47e4d1e86cf,valid
16,market,1,firm_1,firm,1,,5.056650333004654,1bf44f68fab6e774e837847dd6b4bf7e9ede6e4dce097a64e802fcebce13ae5b,valid
16,market,1,firm_2,firm,1,,5.432299292006064,d3163cf79746500a2f1c045f6f62985af6d49df37272009851a58ff738a6bf31,valid
16,market,1,bank_0,bank,1,,6.455836166001973,70a97f1595117ffc46cb1a16fa000f4ddf760a474ce9ec2ba81ef3bed4d2f5cb,valid
16,market,1,bank_1,bank,1,,5.1483548329997575,6482755ec8b383499ee962e711ed51d984794dd98ade3bbb6a11b1c5dc761bfb,valid
16,market,2,firm_0,firm,1,,5.659176583998487,df93e3e539e8b401e6912dd8039d046785592446cefca6bd5d2c07e98d1c4433,valid
16,market,2,firm_1,firm,1,,6.1419045829970855,ffa15415caf6f6f2912e5a6225fc69640c2881f85044fb5eac0bc5343e8da0ae,valid
16,market,2,firm_2,firm,1,,5.738033541987534,57427f1be50d7bc916a9d15b3516001396c90a67c879d29fcf244ed1507d0420,valid
16,market,2,bank_0,bank,1,,7.493553958993289,2c1c0dc14424baf59823140c0f11e01c16c6827da1a4f4d0e0dfc3f50fb9c7df,valid
16,market,2,bank_1,bank,1,,5.909613999989233,86fc595a933ea1478e33c775e50120f62dcc002673ea665b670c0415f165b1c1,valid
16,market,3,firm_0,firm,1,,5.233707166000386,39da139a735e1cbfbed783338829ba445b23a074720522a1e7d0b786734d8314,valid
16,market,3,firm_1,firm,1,,5.854756958011421,e90d94d92b7e578c5ab07db4f61d38b8247975fad4985136cf93f6ec0443ec7f,valid
16,market,3,firm_2,firm,1,,4.947968791995663,df02dc76e97af8dd61da1ed8dafc4e33200e8015175b3319eb588e9f9c2029fc,valid
16,market,3,bank_0,bank,1,,6.085074791000807,ab0133fdefa9b7c96f70c0a2586b9bf64cae8ae90fcec8278b96c1d26d0c461d,valid
16,market,3,bank_1,bank,1,,4.685925417012186,cee2b41c91c73f573df9303d3d763577433c79b8d237585f6e66573e13ceaf03,valid
17,administered,1,firm_0,firm,1,,5.305820875000791,dd835af0582f4852060975faa0fb69c9fe1f65ef708286bb540bc535095a2f74,valid
17,administered,1,firm_1,firm,1,,6.738994416009518,e37217105faae2cbb855367ead25a4085b46b8862d7c7b81fa80d0b30f324552,valid
17,administered,1,firm_2,firm,1,,5.92289424999035,cd7dd7f406c4cf0d27c724f2dd5126450e8b994cd709d7367f3699832251ec10,valid
17,administered,1,bank_0,bank,1,,6.617487207986414,f503b63fad43b382e9ee63adbf05293fd33f93797c74b9f55ee8b16331a3e1ec,valid
17,administered,1,bank_1,bank,1,,5.079382666997844,549e64ac9c5e4a51e06fb13b44403b9e1897a624d47fb6f0011f5753c405ba89,valid
17,administered,2,firm_0,firm,1,,6.949606082998798,7e08aa473ec3c168685503e42130825e7776cc96f83635fd34f54bb9d39e2ac7,valid
17,administered,2,firm_1,firm,1,,6.182566666000639,abb63a4266b3244359a2d19bd1fca51c8da109eab7ad66b7db86ba37a1cb1530,valid
17,administered,2,firm_2,firm,1,,5.934588624993921,dc15e595ec665eac148789b1fc08b91f0a081a51ebdd90a362d87167a95fe637,valid
17,administered,2,bank_0,bank,1,,6.386933375004446,4239a423310e795614b8a1c122ea4b0097975331aa9605822d019c4c408a73d5,valid
17,administered,2,bank_1,bank,1,,5.265570790987113,d47eb6f48884a133f10e1d1ab5c2ad3ee4daa0150796c21674a90d2b00eb896e,valid
17,administered,3,firm_0,firm,1,,6.007236666002427,d658963918e9e1a6d0f9c9d361cd58a49ce900eedd6186861c34975a83054d26,valid
17,administered,3,firm_1,firm,1,,5.806209624992334,1c339423144f8312c30240f20be4118ef5bb3e3c6c9ee899597bd2c9467349e6,valid
17,administered,3,firm_2,firm,1,,5.773977000004379,17c795dfeea38fa8d8f9cb3064927c93244ed9f1d1fef128ba1852f651e2005a,valid
17,administered,3,bank_0,bank,1,,7.9556091249978635,b8abb996744b05669c7b5f04e6f33b85dee78265fc6b3a3b748f559e96ec4700,valid
17,administered,3,bank_1,bank,1,,5.018990084005054,33025ba6ef427f05db298d15d9f6529f7d4cb5eb68f133a055cf6db18447fadd,valid
17,market,1,firm_0,firm,1,,5.18538962501043,6768b9f0a3547a36cafd7fe666d5fa780a4e8c4de50c92fdaa1bb9348844f17f,valid
17,market,1,firm_1,firm,1,,5.7862594590114895,60aac38c96dcb028b983ca55ebf00ec6380114b2bc1952d1f4c5d65faba08067,valid
17,market,1,firm_2,firm,1,,4.999889708007686,158c65558b2c367fef71ed21839e8aeb3b0b116a58d36a492fce180e7e37a9e7,valid
17,market,1,bank_0,bank,1,,6.905598291996284,504e14fe338e9671c5b842a9b3054c5ab547502f0af0882ba3065e4ec8284ab1,valid
17,market,1,bank_1,bank,1,,5.4763384580001,5006c388ee29fb70783420b172f1d118ab091436d705ad95cea82a174d68c4c2,valid
17,market,2,firm_0,firm,1,,9.059324208006728,bdc9ad8f2d33da7f6017d9180001dae3b6398a4d90ece8f27bed23f249661ddd,valid
17,market,2,firm_1,firm,1,,5.397971875005169,de570cd920dec2749de107b875e9ef3152227376b80b159aec3ce1a45aed43e6,valid
17,market,2,firm_2,firm,1,,5.840487374996883,0177f9aa88e1b180d0fd9059626f91818e939245221d5de6c6e20f6526633493,valid
17,market,2,bank_0,bank,1,,7.04641870901105,651490f5002e75811cdef81ab0e41eaf3d310f965fae91cc1efdc045f08f3ad2,valid
17,market,2,bank_1,bank,1,,5.2828963750071125,b4926f5be1db1e9251617b99d540f5cebff5a736dc1f78d0cecb9c0878460726,valid
17,market,3,firm_0,firm,1,,7.448666458003572,1b7af88c2d7c744de7da6d8333f50c17e81d618c516a6ab828db4ecf18e8e7e3,valid
17,market,3,firm_1,firm,1,,5.689342666999437,d31a887bb4fef737f5d35049da72bd473b7d2cac651d2e24352368067a56a8fd,valid
17,market,3,firm_2,firm,1,,6.06434154100134,199cc517e838af2ea87d68c16534817dcfc860e233601b1db35ea0c15deae34f,valid
17,market,3,bank_0,bank,1,,8.859600249998039,d65943cbb7504dad9b819b6f405b69976fac6f9bc3fce9b57e58032683ac65db,valid
17,market,3,bank_1,bank,1,,7.063095332996454,e4e83d31b053ddc26de170e51bceb8e51d9d26df23e09e4b0edfdc2b38169c36,valid
18,administered,1,firm_0,firm,1,,6.070057082994026,b953692f4834ce709ac69b959f6dd15470c6b76832cd20a2586a7430130e95e9,valid
18,administered,1,firm_1,firm,1,,6.555732958004228,7997762fba2a44bff6dd9ee98109c710fcdf07ec20a91fed73c4085d32d6901e,valid
18,administered,1,firm_2,firm,1,,8.747258874995168,84f54ee4a485f9e652849fdf9ce0878d03ae3e234212a9f843e90a19f6c49244,valid
18,administered,1,bank_0,bank,1,,8.02379658400605,422bcb6786f07d75870d910ef8d1eb2a8d72c720dd312ef39be32e4bf71962a4,valid
18,administered,1,bank_1,bank,1,,5.847992542010616,9deef12bce56856b65586a52bbe6b977aea67c2c0ccf7f049f7f506cc0d6a327,valid
18,administered,2,firm_0,firm,1,,6.492348750005476,777836fd88c1238bfe13a20991fc42f0a2ce84b9c884419d45eba8f8e274ba56,valid
18,administered,2,firm_1,firm,1,,6.055809000012232,bf08382ab66527c3ea0622713c65b70fbc19a6a3603fe950e59b9e5aa95001e3,valid
18,administered,2,firm_2,firm,1,,5.986536875003367,2a4546c1356a05430fa6d1c8993118bf75fd392e7746336463c729862fc9f2e1,valid
18,administered,2,bank_0,bank,1,,6.285499749996234,b85190aaae83dd8009f8e6c0842683f554eba8af3a2e54513d12575e05355b49,valid
18,administered,2,bank_1,bank,1,,6.74147258400626,e23f1b5bc0cc25b582bca6ac937b7af091b13420b3f51f1ef906e415af84dea4,valid
18,administered,3,firm_0,firm,1,,5.859937458997592,cb88ff2cdacb697e02d62d4bb753c2c087fc981445bb28553ac276daf64645dc,valid
18,administered,3,firm_1,firm,1,,6.2495673340017674,725e7315f46204453baa4a6e4d21b21349127be36f13a776a94cd15a2f4f366a,valid
18,administered,3,firm_2,firm,1,,6.132817165998858,d09b304c69f97623ec5f735f00852ff6cb54984c933c85ee57f8b32d07f6c959,valid
18,administered,3,bank_0,bank,1,,6.846562124992488,e829843587e1e4a4421f0fefc8eb1c42f2d7e829c526dbb5b02facaa4941097b,valid
18,administered,3,bank_1,bank,1,,5.547064209007658,dddf8be8b2def4c0d59ae2769f31d6400be8a6dd27eacd741f5fe987f210c3ab,valid
18,market,1,firm_0,firm,1,,5.113361915995483,39a8330c46a4a24c488f4dfbddfa771ec4ee92405ce511a9f31031e9ebad5749,valid
18,market,1,firm_1,firm,1,,5.05123124999227,a147a5ca0c7875bdc80350cc0abb28045710e4b2bd28c5f6e79c4e2c133ae0b5,valid
18,market,1,firm_2,firm,1,,5.466344832995674,b8a187ce9dab8a0d6100bad5e218317f9bf2d4143f372fa572276918dc8e4c25,valid
18,market,1,bank_0,bank,1,,5.9972408339963295,d1a448cf82cda951a8665a48737e0b0bc237ddcac6b104899d10cbf1713e959b,valid
18,market,1,bank_1,bank,1,,4.585834708996117,e1fa067e56ecc22da03a28ab5f44cb2fa828724a8abbd5b8eb9f7da0f35661d5,valid
18,market,2,firm_0,firm,1,,5.102225167007418,139029fd90337fa1e1ac29f5900760ab3d134fef06aa742108943dc3b174dd74,valid
18,market,2,firm_1,firm,1,,9.00225550000323,b44731fc3831e057c6c790c665e18a47435be2626c807b2c4d0fa054128d5563,valid
18,market,2,firm_2,firm,1,,5.957167750006192,c902370db0a3a704cb960f0401f17484badb8766aec55c2cca580d1b185d29b1,valid
18,market,2,bank_0,bank,1,,7.060496083009639,5d23dd23b26bea75cada373e1bac78c3b46a9df3b51920c3539aae7683705ab6,valid
18,market,2,bank_1,bank,1,,5.49475404099212,b3e8bd3556ca8286b9da5d05f137dca3918b4b2da92e6af6dd1174d1fb9aca63,valid
18,market,3,firm_0,firm,1,,5.741808416991262,c6237c1f38db7a73744b4fd910a5cf6f387421105dfdd979546e34619bd90da2,valid
18,market,3,firm_1,firm,1,,5.4704602919955505,204672bc6048a4b5ac1c48cbb809f694246f9947004d021d09c6fd93e986e593,valid
18,market,3,firm_2,firm,1,,5.581025874998886,de49f1ff94124af90000c88a4b1adce27b66c9503dbc724a531ead6dbade9276,valid
18,market,3,bank_0,bank,1,,6.8543491669988725,a7a44c74b21e22b9c1a176073cab71cf3bd382dd1511982fb04ef6ac922eced4,valid
18,market,3,bank_1,bank,1,,5.332456332995207,f03892eece20461dd0d870a0508193d2d9b30d42b4a1e91c784799d273ec21ec,valid
19,administered,1,firm_0,firm,1,,6.2231622919935035,78c6735185dbd1b84a03fa93402e9c7414a022df4ae3aa2001b9a782f1907032,valid
19,administered,1,firm_1,firm,1,,6.921738165998249,e78197c894d773673bc92e542fd1f5b80cf2b311844dbe3b186e01af8c93c942,valid
19,administered,1,firm_2,firm,1,,9.123661125006038,d5d3ccc1fe7f69c0613f9ec5072fa79e64357a9a3cd8daca3d2dee501839fe03,valid
19,administered,1,bank_0,bank,1,,11.026185624999925,154876c107701392be48777deafcd4243f441309902b104a2c5f63416344513a,valid
19,administered,1,bank_1,bank,1,,8.836962417000905,a04b334d5a3b17c3feb3bcd14c462684d0db450c7527f8595f4d64443beed088,valid
19,administered,2,firm_0,firm,1,,5.633677999998326,26ffbba14efeeb875782410f06a5f63e0e8db51ad2b18112263f9ec1b396aa45,valid
19,administered,2,firm_1,firm,1,,5.400013916994794,7a7145f022c554b69b1f9631e4935696a2bffd4290e4d73618bead93b7936f85,valid
19,administered,2,firm_2,firm,1,,6.000268915988272,6ba88374f14515c624f7e9e8bacc8208f42b63a12578339c06be6356b0a6d1e5,valid
19,administered,2,bank_0,bank,1,,6.734968333999859,c4b5df15a5992222e6c1480e45a9d3547e4711dfefa0388cee076af39dd64197,valid
19,administered,2,bank_1,bank,1,,6.120274832996074,7c580ba461b8a3cea222272a3b92e7ec0cbe1dc36c600ab84fda6c17bd119fae,valid
19,administered,3,firm_0,firm,1,,6.044994249998126,41c75f75b56e9dbce200924157c775bbcd69c042b3d2f89ebb1769c4e0f02a36,valid
19,administered,3,firm_1,firm,1,,6.3497365419898415,49c768f90f9828cd7aa0070234fde6a8665fafc2b3e72175856e2e94642a739f,valid
19,administered,3,firm_2,firm,1,,6.652353208002751,62e59fd50222df390237419a76d8a4e086bb3596fb16c671626718c0f74f48b2,valid
19,administered,3,bank_0,bank,1,,6.126891416002763,2893336d2d37f648acc59e073c07c8667c7fa71c52b0b93322d303eb2c25ecae,valid
19,administered,3,bank_1,bank,1,,4.348554917000001,25ab5e6f20d3d8ec0c8493e165d52bd3509ae67d950fc6df960f30322882dbb7,valid
19,market,1,firm_0,firm,1,,5.9315425829991,645d04a37554112902124c5d65140013b1e7c3cb6e8fe98711f9f6dc334a3e01,valid
19,market,1,firm_1,firm,1,,5.799673874993459,e03c2ebb9824e786481ba8f5065176f6e6bbe7c4bacb786c66a0ffc5f054be82,valid
19,market,1,firm_2,firm,1,,5.79914629200357,003c1278686443045df116c65bf9b04425a449d78d3b3e12d1ca9c8b58091a53,valid
19,market,1,bank_0,bank,1,,6.814917457988486,4cc6611ee832aa6f51be3f2e7d4ed2f4e5ae9180e77315aec86001dab0bc94f0,valid
19,market,1,bank_1,bank,1,,5.326266750009381,d88376f072a89a6fb5406d203eb345c1438ae75e08e119cb3b1948e7a21a7018,valid
19,market,2,firm_0,firm,1,,6.00322212500032,d123dcee0ac3323d35d6098841cac4689894719b07b36fc433bd8129f6947554,valid
19,market,2,firm_1,firm,1,,5.920643833000213,720ad8f6a67c5de001b6ab703df90a00f1dd6cf57281a155021bf22b3d81eb49,valid
19,market,2,firm_2,firm,1,,6.074486458004685,5cfc1678eed871ea0857ff08c82c0959c0286dc4de1cce5ce1dc86e962def075,valid
19,market,2,bank_0,bank,1,,7.177365792013006,99fc4516993722891d268737de777b466e3c7cdddef5fb586672060a65dfd482,valid
19,market,2,bank_1,bank,1,,5.567787958003464,fe5d2f2c4f51c16deb08c5d0fe41baa1697ecb84a2d8607fa334f3bfe2f50096,valid
19,market,3,firm_0,firm,1,,5.849281749993679,743269209fc62545ee07c033909359d930a43efbba6bebfad597a01bfa7925aa,valid
19,market,3,firm_1,firm,1,,9.05556783299835,75ed9392b227e8b9a5eae5fe958b7ba6cad9961a055cff361bb86fd97fc003bb,valid
19,market,3,firm_2,firm,1,,5.730984583002282,9c17ab19ebbcea0cfbd8f37e1f6e6fadcd5d939254a53ceaad84e8efdea375ca,valid
19,market,3,bank_0,bank,1,,7.533953042002395,751f8a73ae25a1f55dc93804e3c9ec8b1ff2b9dd9acb71d21a518ae9953aeb2f,valid
19,market,3,bank_1,bank,1,,5.473215042002266,61a5ed0398d3113c0270fa79cbffd6a4e9fffb7c522f74026587b4555f49a8fc,valid
20,administered,1,firm_0,firm,1,,5.893672791993595,e2de9094a2f4167f6c26fdd8c3b1715b19a153afba3ff57da42a97fa5607297e,valid
20,administered,1,firm_1,firm,1,,6.382888708001701,3d0e94b52f81c4dbe202438495b444235beae0e647ffec2b3420bf5116e7760f,valid
20,administered,1,firm_2,firm,1,,6.775200041010976,e8a692fc42ba464a56b95276646b56c16844c2b3881bf2584abc4c347e9d7e13,valid
20,administered,1,bank_0,bank,1,,6.129272541991668,29ca854b27ec416608018d58ec7be7d3c78be4ff9907ae3622a75b8a618fa0b9,valid
20,administered,1,bank_1,bank,1,,5.222756666989881,49b1e4201b024428df003a4c148025edfc6cd752d36ee76b20be6c5b4fa1a782,valid
20,administered,2,firm_0,firm,1,,6.1161849580093985,3d399ebf83265dd43aaec81128053020ffb289c4423c366f8c2e8c359414baf7,valid
20,administered,2,firm_1,firm,1,,6.517552458011778,d7c41cb96adbadbadd50d28519842506336e0a3f31511ddcc5b3a5999f7822d2,valid
20,administered,2,firm_2,firm,1,,6.136475665989565,7e94f2da69d9ec2ee3e722e8f8cce10fc250d011cc698507573dd24a341ef2aa,valid
20,administered,2,bank_0,bank,1,,6.44644120799785,57bc12693786ab276df0d17b545acd7a3835a8acd30f313da82c0336b645e0c0,valid
20,administered,2,bank_1,bank,1,,4.889030416001333,a5a615e52852650b91c38b63c8c6d35132fe7c3a6462e14aadc167b3e9d11de2,valid
20,administered,3,firm_0,firm,1,,6.158060000001569,dd1cb539df222769fe06dbca52083cfc95e0c2ca52c5ca459d8aef06baf9a60f,valid
20,administered,3,firm_1,firm,1,,5.054128249990754,774aebcee581da4e4c040ad9120d19b32b99355a4ea761d5225b59012a4976e3,valid
20,administered,3,firm_2,firm,1,,6.007589166008984,4afae2aa996139f040865d555518e71d0390b2828d52184827e9314e336cf5d3,valid
20,administered,3,bank_0,bank,1,,8.102620833000401,e8499327f3c5d155b9a2d17e940012b2a0ec7a19c8550fdd8d90e93b6809b921,valid
20,administered,3,bank_1,bank,1,,8.876662833004957,42fbf2d6e6251d81ae28158696a73f91f7770031035d4e930b9119525c2ef354,valid
20,market,1,firm_0,firm,1,,5.7393491249968065,5dab02e3808d84f89e2fc8096d7a7fcea13318e7f929afefcdd3fb816d3d4ee0,valid
20,market,1,firm_1,firm,1,,8.499083957998664,2d0214f5b82ac8f8fff9bfb647c48a276a9e3844f385015cdba3a34906b277ad,valid
20,market,1,firm_2,firm,1,,9.436926916998345,d0c0b6268d6dbd7ab6d4aa1020888f4322c0bc1292b6b0356b8cb41d0ce06f45,valid
20,market,1,bank_0,bank,1,,7.653969791994314,3850075d06ce150a20af64d6f834a30ece924a2b5f4b13c500cca4d84929ee93,valid
20,market,1,bank_1,bank,1,,5.594355541994446,a15e9b3a05fc03d8c2bdb05dd3694fbe485bba3a83e46c0967b57362ad2a01cc,valid
20,market,2,firm_0,firm,1,,4.999747541995021,a61811c2a798ce8f172432cdd82c4ea71cfc97ded43954b019f74c9b776dcb14,valid
20,market,2,firm_1,firm,1,,5.660504125000443,ab90a31406cf588b8fcdd31388804feb25a1ef760881bcfcb00dc902e98b1e1f,valid
20,market,2,firm_2,firm,1,,6.018584208009997,dc11af167b7c40bad933409bf1699b87fc2a165cf1484e6c5ac4277a54d7178e,valid
20,market,2,bank_0,bank,1,,6.884629209002014,759c484fc227b449ff37aa2be419f7cbf37afc022508d37254e58c54997679f4,valid
20,market,2,bank_1,bank,1,,5.376477749989135,fccafc04577f6b8442c2934202ba2277e3ce09cd7264e7953b83d4f976435660,valid
20,market,3,firm_0,firm,1,,8.991978124991874,ecd5dd8004ac845dcfcf536a3d8f7a2e6055c1634a6dbb474206330c3402e663,valid
20,market,3,firm_1,firm,1,,5.85772983400966,c002f674a54463f8d6da655fff3c8520fb319ac0989a6c834ce7809be57b2cf3,valid
20,market,3,firm_2,firm,1,,5.454980875001638,42be1d355eb7e0ebf073f8c5130c8ffb3b69e50ca1a2bf54ca86eaa92f2dbb2a,valid
20,market,3,bank_0,bank,1,,7.158146499990835,2fce858db34621c0392f4c23786418451a7ac28075852a93990a93f55d66db58,valid
20,market,3,bank_1,bank,1,,5.184161708995816,f3dda514ac1c7e1995622ca0df4e323808da07799140f6cf0792ca5bc87ef128,valid
21,administered,1,firm_0,firm,1,,8.489573167011258,c98d4bfdf0b0d19dc7d81c74e3c6eb3d0d4a791c5e0fdd673a72179658c94dab,valid
21,administered,1,firm_1,firm,1,,7.849500707990956,32e43c3c6ec1a37615e73a7f65d703fcea8cc8c7b17d54f898628e9901a5d9e4,valid
21,administered,1,firm_2,firm,1,,8.404035583997029,81429cce03d4a0825b3d27448da997bc55bdb8fbe98926ebec0c379e55d1b6f6,valid
21,administered,1,bank_0,bank,1,,10.785616000008304,ae9a227eade823d679a16d04dd799db3a26bf4fa990006a70910ac65626f0a4c,valid
21,administered,1,bank_1,bank,1,,8.525231624997105,63fdf67587553c2b781a82f26c089a57fed327e8b49ed8b44efded92bb29df24,valid
21,administered,2,firm_0,firm,1,,6.258544917000108,771f0190ed81f6c504d3c379c38c139f9a5c9fe160554d0e9a07ae85c51de430,valid
21,administered,2,firm_1,firm,1,,6.320968124986393,0f218dca3de6a16cfce6fcb01e121cb14379156ed3fbe171cb84be6c3a9de2a5,valid
21,administered,2,firm_2,firm,1,,5.798082790992339,b569f7509afcabcfa450b33d04a042e5cbd41483e648c15299f6cc3f09f8b0f4,valid
21,administered,2,bank_0,bank,1,,6.25004945800174,9d2982bbc057861da0389d26bec0157228826bb9538f192493c8e473418273fc,valid
21,administered,2,bank_1,bank,1,,4.600064375001239,afa9074fb577632ccc05b82190f6bc14559eba2bbcea71d5fe44c65b4fa06e0e,valid
21,administered,3,firm_0,firm,1,,6.084383334004087,14ffae74b75036e105b03d9c3e53f3c42ae81672284b59cca931505511bc88b3,valid
21,administered,3,firm_1,firm,1,,8.625147582992213,5f2779b12068c6cdcb350711de4fb393328502c02b369e34307f8b4d1e1732b9,valid
21,administered,3,firm_2,firm,1,,6.193155082990415,94f4c2114c99dc031f8ae03a8a6bed921edc929d73e54377e70fffaf942cb68f,valid
21,administered,3,bank_0,bank,1,,7.8013471250014845,8027772474b78592290bea3c9306792ba5a93f87ae486fd71945e6f6f49db09e,valid
21,administered,3,bank_1,bank,1,,4.676731166997342,f8c0782b0730e8dd01a2b65d4d1b7ee78deebee53446f321b356c710a95cfe27,valid
21,market,1,firm_0,firm,1,,5.694020125010866,c5ad226c61561ae802f866eca7c6136c2ead8196b0e90da381ca825872f94247,valid
21,market,1,firm_1,firm,1,,5.683366833996843,bc3c18f63f93cac2ac1ec800f7f983ccb2e8fcd9857ef76a83b51e7e6f33d925,valid
21,market,1,firm_2,firm,1,,5.178643999999622,dd069a6fa58ebb54907d98bd3c134119ba48843136c0d7f70fd54f575f939add,valid
21,market,1,bank_0,bank,1,,6.8103059999994,bb865414b6830028f6a9a6a1af1c592065e31cec96dd55645f89021a91c7c974,valid
21,market,1,bank_1,bank,1,,5.291115291998722,c60ccb5ebe91a2317d8d6e6fbffef1941edddffb7570cbe75999c6007939e1dd,valid
21,market,2,firm_0,firm,1,,6.111523041996406,ed1ac16dee890041f1520d9cdfdb7ddbcdcd675ff3b3523143a833e69b9b4ef5,valid
21,market,2,firm_1,firm,1,,5.923700375002227,dfacf89d851770a5b845398e206e20ba3c765f7e1c9afaa6886107809e6de92f,valid
21,market,2,firm_2,firm,1,,5.2432022919965675,a87a67f4f2b78a3da580305d9f80fd074ce6b191c7a8adf047c260ec8ce882a6,valid
21,market,2,bank_0,bank,1,,6.744973124994431,55e77b373bc4514ccb2743a9351dcc0cb4ca882d5ed48116bc0439ffb0e476fb,valid
21,market,2,bank_1,bank,1,,5.0720224999968195,3ea976d77598cc03a44b304ca1271b0d528e63f4d8f8b6a1f2829f500187a5f6,valid
21,market,3,firm_0,firm,1,,5.774242792002042,9d2fcdc9d364501611b561adfda6d8dfe82fd1b9fd1d97d04b669f3b6c21a030,valid
21,market,3,firm_1,firm,1,,5.891798416996608,218a4b5073016eb6bba67eee4b81528e020536facf11c95aec32dd0d85a38238,valid
21,market,3,firm_2,firm,1,,5.676452334009809,a17fa4ff8409453adf6b78b3d595c73f75a78a20c05000d638af0b70ea08cfb8,valid
21,market,3,bank_0,bank,1,,6.759574708004948,ac2e11f405917b0b928aeb090babbe20661d25811458a292909bec51ae7134f1,valid
21,market,3,bank_1,bank,1,,5.2326660830003675,30359b957fee4f9ae763b27a973ece80c6c873bebf60522cd7c2a0d3f3e44c31,valid
22,administered,1,firm_0,firm,1,,6.784749333994114,d1b7672a40e090aff95b844af04688e216fda4c4c5e9b9648513ddec4df28aeb,valid
22,administered,1,firm_1,firm,1,,7.249753916999907,9c7ef8a599d588d8102a1c6c49f8542e23b25225dd4eb68279af1d053e50550b,valid
22,administered,1,firm_2,firm,1,,6.780398749993765,8d61b41eb4f0927b3fa2fcbb5255fe2d7627362aa9dfd155f694e9504f9d6920,valid
22,administered,1,bank_0,bank,1,,8.476690082999994,111e194d9139f8574c9ab0b2ebdfc5abec1074116a46945be2d803326e1aa623,valid
22,administered,1,bank_1,bank,1,,6.5137290420098,8dbe9fa56d4b482662afdd308ac2ba577d0d7f53dd1f14ca89deb127d04775cb,valid
22,administered,2,firm_0,firm,1,,6.050196250012959,e724c2d7d3671604ddf4176848f30002f9fbca1ad1a98e58ca6fb0b2e1613e8c,valid
22,administered,2,firm_1,firm,1,,6.740179375003208,24a26d6bc7c0b2c42effc22f7f23ff5f754eaeea7b074d46410779bd92ed06c1,valid
22,administered,2,firm_2,firm,1,,6.145183000000543,ef268605e99d1eccf3a380221eabcfc8a9c2c201dd23fceb5dda45a310756f0a,valid
22,administered,2,bank_0,bank,1,,6.821821332996478,54e011cdcf3c8a3199d9f7cf464d57a80ef499feb87fc7a57a077886ce197ef3,valid
22,administered,2,bank_1,bank,1,,4.366964832996018,7014c307fbe907fae014f5ecfb91c7ff20344086640f5233cb2c5fe2cd60c09c,valid
22,administered,3,firm_0,firm,1,,5.1634831670089625,b0753eab7ecb2a35c666283e00e254cc04daf1ffd159b4ecc00c3902e28362a2,valid
22,administered,3,firm_1,firm,1,,6.561790040999767,8f3751be74b8a28664cf8fc42c26b66d7c2637acc778be8d9e685aaf94b7b763,valid
22,administered,3,firm_2,firm,1,,4.8301676669943845,e78456c1251f2d83a1f4091df49fed13b9057f3d4156f8947b9ec6ab0ed25f51,valid
22,administered,3,bank_0,bank,1,,6.999476708995644,5ea2f2fb847d90f69e596ebe3736ac0ed410fe7ff21b6b97a085338a4b3f289a,valid
22,administered,3,bank_1,bank,1,,5.390171417006059,410b988a766e14d6a31edea87b048a4da0a70f25828f81ea29b5b773a2f773a8,valid
22,market,1,firm_0,firm,1,,6.6010660830070265,ecd17992d3a95cd56d8d12cfdcde0d28a8e81830d95097295e6edb99d2c766d7,valid
22,market,1,firm_1,firm,1,,5.199770167004317,c5b352f5f8acb47e67d45054efa6e81a2b6b426504c8964f8dd6e11ce7176ba6,valid
22,market,1,firm_2,firm,1,,6.001247249994776,a9938489d56fd1951a1a46dc7fa5cfeef5013945529ee17c95f16a4cbfc9ca75,valid
22,market,1,bank_0,bank,1,,6.325890541003901,ff536db77d77129cd2fed1c5a559d18f608658ca5157d58c70348fd2062128f8,valid
22,market,1,bank_1,bank,1,,6.327207124995766,8a6abd480a8d1d92c07d38a007283ef452860ac1b2fac2e4e8d7225bb9aecd6e,valid
22,market,2,firm_0,firm,1,,8.481410625012359,3d781185181282f0e880233a3fde4573607c20d68651000260abfc2e9ad394ff,valid
22,market,2,firm_1,firm,1,,5.386604542014538,8987b94be16d1c8b97156a979bd1ada380c871a29a1a81b6b903eb89a106f374,valid
22,market,2,firm_2,firm,1,,5.781915542000206,9549a8e4672fb88c6d4fb5bd4bd65a3ea7757b949050bb6865f28d86e8fbce8b,valid
22,market,2,bank_0,bank,1,,7.39016399999673,ed77dfc3027e39ffc184423dc4d5b3348fa35c53d2aedfbec10999e8aa1d94ee,valid
22,market,2,bank_1,bank,1,,5.5545884579914855,5c3371243240778d6f21efae1fdba3eb32a60310dec3bf7026e5e2e2f85ab279,valid
22,market,3,firm_0,firm,1,,8.374188874993706,a5d58c66a030c5e45cc135771a4b12bc42d1fd9f09581160cf54602337c35d91,valid
22,market,3,firm_1,firm,1,,5.415245750002214,88815b5a60070876e1f5e6e1ff2b1f02d297486688d11fac9feff6c7b99ff114,valid
22,market,3,firm_2,firm,1,,4.991505042009521,009b1b1b34059c17da787b55405ce7055827df285f37e9a80ea3e66744ca5d09,valid
22,market,3,bank_0,bank,1,,6.5019607080030255,b0bc70f4d3065b63161d946c0d26d03090f265a6e1aa7400362bcd533e4b79f0,valid
22,market,3,bank_1,bank,1,,4.7369670839980245,4f5ad287886d09224ba665cf6b5dd1378ea16382f2dfd22cfd706aa53019c44e,valid
23,administered,1,firm_0,firm,1,,6.871774625004036,826be6091ae4f26dffa5d55fd325f78e2301fb7ea258aa1df843800dcec0fea3,valid
23,administered,1,firm_1,firm,1,,6.463792750000721,a97c8874c77255fd29a81649bf20a4606cf21c46c1c0bf255da6ed8a84ceb044,valid
23,administered,1,firm_2,firm,1,,6.148760583004332,7517bd25428ab56cb2a7bfedb4f0e70039440e8634b7c7d74a5b9773406628f9,valid
23,administered,1,bank_0,bank,1,,7.139736875004019,93ce95d3732037c79ed16541a2586ef7951755e6b2ffe203b8b1e9112346eedb,valid
23,administered,1,bank_1,bank,1,,5.192301832998055,a6167703186f0109782297246c39a719059aefffff3baefb7cfaeeb208048326,valid
23,administered,2,firm_0,firm,1,,4.634596832998795,a072b6fee0653d7f064d27815973c3a518bb2719267285a1d83a0d88fae5c23e,valid
23,administered,2,firm_1,firm,1,,5.113116958003957,e3e7546deb5c8f380d6049126f2b82f52887430e264214d5e858084fbebe610f,valid
23,administered,2,firm_2,firm,1,,8.844373125000857,1d43735cea529cf4df695c2deaf2465c276658c1cc4d6fea2c5fac62ee7131ae,valid
23,administered,2,bank_0,bank,1,,10.29118433399708,99a3f652b0905f36378e84d0f028fb750d667abf301d6fdcac535935824db878,valid
23,administered,2,bank_1,bank,1,,8.51205900000059,a1fea250ece8ea6137b959c143b68455cc360070b0ee8ed72a205f341ac1f240,valid
23,administered,3,firm_0,firm,1,,5.771335208992241,85b4e51886e813adeac4b1036ff4c19f7dcaffc994d14564312349c5dc3499ac,valid
23,administered,3,firm_1,firm,1,,6.09092812500603,6ea5a4705f41ae2059a2fadd338a9915c5af77671c21f5ba490bda7de3f20237,valid
23,administered,3,firm_2,firm,1,,6.18996270900243,34b78960828312451a8c669c90a2da20e3fef232eceecdc57d333af3359ceb40,valid
23,administered,3,bank_0,bank,1,,6.696606124998652,70b9866526b93b95647a6cc25b1488af41904159b65ceaeb2dc3bd7d9138bed9,valid
23,administered,3,bank_1,bank,1,,5.396406625004602,2f41231e2762767e3077d3628386de5563196cc2f5ceb64dc87a0db2577c0f56,valid
23,market,1,firm_0,firm,1,,4.57094700000016,4f9a5f52066bf1208f351a49d300b3cbd3cf0d3c9ccdbc52b440c11ff74192cf,valid
23,market,1,firm_1,firm,1,,8.57498824999493,d568ea05a1bb7a090d622fe7f36b4bff69039d85002f86f010e0f23d223907ad,valid
23,market,1,firm_2,firm,1,,5.4739140839956235,b5f5e689cc095a9e1e85b9f69235c10e955c133cf110eab9c79505250fb89e8b,valid
23,market,1,bank_0,bank,1,,7.197622916995897,7d5cf0ba5ecaaa98e33515fa6d32f85c1881d8bd3d9dbff9bedc9821868558c7,valid
23,market,1,bank_1,bank,1,,5.862007291987538,8f79f7bb264d1efb7b89fec85323408867ee90e47c0380bdd49c7d156ef564f8,valid
23,market,2,firm_0,firm,1,,8.640171708000707,9e44850fd9081c1502dad750a11aa43feb1fff6b4081b73eade63be3430c35ce,valid
23,market,2,firm_1,firm,1,,7.511159166999278,9c3befaeb878e594ba7eb7e4671cf6cbbe8d24dbba652edaf09e37cf4f5684dd,valid
23,market,2,firm_2,firm,1,,5.898594582991791,14cd2b40b1a73c6db30d655e21216c83d56b5096ac5a567b23dd287e8ed9ad83,valid
23,market,2,bank_0,bank,1,,9.460639249999076,5c49b7f6712e52a843574e3bed0311d408f0247b137cee9b843c70a22bf7e209,valid
23,market,2,bank_1,bank,1,,6.973314874994685,f876a9bd1c84c80271276e989a77f7d417f6656d037bb7978febc7390a1d007c,valid
23,market,3,firm_0,firm,1,,4.91915175000031,48f0f9733d42b1e612906c058ca60bbe452a3de4a2fe2e5f6845f3af763ae7e9,valid
23,market,3,firm_1,firm,1,,5.512627541000256,f7a205754544d4025d3b5d2d2fbff8a645d349ccb0cc9e0380f348fa07d87ffd,valid
23,market,3,firm_2,firm,1,,5.441102459008107,d8b8dbbe619a01c1d71761594dbc2b19e1b2b4ca1e40bd74ff056d9ec26a8cf0,valid
23,market,3,bank_0,bank,1,,6.511432707993663,1f2774ae693dc2d28daa4a04b5901413638effc02c9f9be19649937cfa3fb2bd,valid
23,market,3,bank_1,bank,1,,5.124578124989057,6e112056d6fe9807ad87c98254fc4af802b3f7b22ff49e17e0e3ac1fad907374,valid
24,administered,1,firm_0,firm,1,,5.694179541009362,2b1db324aa52282fe9aa77bd7309b77be709b5078c615a3a941b625f31211db8,valid
24,administered,1,firm_1,firm,1,,7.056862042009016,efb7d12252268819699c81e60ea9cf960620541a55c9969ef6f990e503b91c1f,valid
24,administered,1,firm_2,firm,1,,6.88967324999976,2ac47509f16b629d81b432c7f31bcda179998c5daddd1ee6ceb219fc29802458,valid
24,administered,1,bank_0,bank,1,,7.147683750008582,8ed099263bccbe0cd247658c950bf438526f6bdfcedeedd6aeaaa3885d6c0dfa,valid
24,administered,1,bank_1,bank,1,,5.254203082993627,f4ee168550eb6f1633812cf9e06e0dbc99a4ef8bf6723352f5bd474939dc5a16,valid
24,administered,2,firm_0,firm,1,,6.992324999999255,397963ebef2b11be4ae024b1f4ad31dca6e6837aaf92e91b3036eff45e3b7c94,valid
24,administered,2,firm_1,firm,1,,7.8371360000019195,483956caeafe04695db28c3cc7f62c46f6bc0a263b03a41ced94ad7376b88d98,valid
24,administered,2,firm_2,firm,1,,5.684932165997452,722094501e885ba346b0bebec7e3d9c327a43f4a27f7e6e5d0ac02422efe757e,valid
24,administered,2,bank_0,bank,1,,9.553190040998743,d691c506973a678213d3c377b97ddf099990793b30f2da7cbf1dd85c9957b506,valid
24,administered,2,bank_1,bank,1,,5.400340999985929,0236135994743f6eccc32817c806771f4c81c5911d7779f9c254f35d2efd5bd8,valid
24,administered,3,firm_0,firm,1,,7.9829276669916,592d16bc9534a8adf31aca32027ae9ddeccf2f0e2fe6dcbd60e6f2602931ce04,valid
24,administered,3,firm_1,firm,1,,7.075805500004208,9754e1c65a5bb368f0d414840287d423a980a35763c96da2bc274acba971b835,valid
24,administered,3,firm_2,firm,1,,6.757746375005809,5e512e329ab0617ea2d9393b3d4f54be9d8c23efe59c4fcfdc30c792c9529809,valid
24,administered,3,bank_0,bank,1,,8.801038707999396,ca9c30fd3e1b7e0ee5f50389d573b971dfd0ad6a73b053703da5c8bb68ec8d9f,valid
24,administered,3,bank_1,bank,1,,6.666934916996979,e189e424725ef8fd04e11c9afeeaf79fbb30626058ce8f8008b45e23db50db04,valid
24,market,1,firm_0,firm,1,,6.449380167003255,56c66ade8cb83b320150b2c80ba38073b78cc56ec2f516593a247ccff53d7e30,valid
24,market,1,firm_1,firm,1,,5.063136709009996,92e0b9fecbd1b3b8784f03baed000b31c4b4684bd73e9db788a312e89fd161f3,valid
24,market,1,firm_2,firm,1,,5.166580749995774,20eb305ff18c3733d1ab72c104966eeab6b4c38497625196f1a821fc5988bb0d,valid
24,market,1,bank_0,bank,1,,5.83437137499277,2a0411c2669087aceb2a6a400114e552e15ae2d19f3af3fd9813e3cfa5be9b39,valid
24,market,1,bank_1,bank,1,,4.27414612499706,3b630af131157601d4501f2a9f67f46e31b0ffc629c0a641444d39d7a67ef2bf,valid
24,market,2,firm_0,firm,1,,5.662831666995771,8b9b5694e42bee1319f89e05875c1b852e5d6fdbac363fddbddbdf4cdd621ff8,valid
24,market,2,firm_1,firm,1,,8.47698616598791,83ecbd956d8cf8732852de1e8646f7bf0585d755605d94adcda83c5733fae3aa,valid
24,market,2,firm_2,firm,1,,5.499644958006684,7b49c6a7cdd2ba8dfade34c894a2425f91d1ec079de4d042dbaf0b3c2c4c0d03,valid
24,market,2,bank_0,bank,1,,7.096301540994318,b201276e5a521923a58e5c0005490da3304884f1ac86eb621619f01e6f87f784,valid
24,market,2,bank_1,bank,1,,5.227704375007306,98fa38ca1906253ba1a00d08a930e5b58ce0e968c63a4c27cf71740d5c8a420a,valid
24,market,3,firm_0,firm,1,,7.082654041994829,083d838781ade728f613cec3a2eb7709f2bb12fe9323b37be3c44c501d08ed70,valid
24,market,3,firm_1,firm,1,,5.537797666998813,52eb9b0839ec8b222b86f945dd1f32584896cb06a0e7dfd764c499b841e32151,valid
24,market,3,firm_2,firm,1,,6.117705790995387,15e1cfd28bf0085ac74f87623ba59fdf9be2f8c97d1f6e7b0301f053125ab3b4,valid
24,market,3,bank_0,bank,1,,8.710782334004762,722643d51d3f9cbc954bd8fc52aa2686b35f3a9f8a86f8ed01b11b8dd3c279cb,valid
24,market,3,bank_1,bank,1,,6.616622041998198,c152b6623f294efe86cedb0ced487ae9e301d8c21beb06eedea3d11053dc0722,valid
25,administered,1,firm_0,firm,1,,6.282900916005019,cc15f5ada9063e5930771d368280bc632647d81d0cc85af899634fa3bdbe74dc,valid
25,administered,1,firm_1,firm,1,,6.179076999993413,118db4a56d027ed521b2b5ab21bf377a04ea33126ff10d2e3c99c16b3cd121f7,valid
25,administered,1,firm_2,firm,1,,6.108043875006842,7aecc1170592f813beb6beed024a1fe70f48d723866b856a908e08aa4fa28a6e,valid
25,administered,1,bank_0,bank,1,,7.956184583003051,a58d7ed92cd5304fe024a5eb996594136a167d5a9cc6b33943769cf77445c80c,valid
25,administered,1,bank_1,bank,1,,5.107798917000764,0a3dfd192b69abebee685f20d8ca50d3658db63ab9fff4bfa0bf4bb30f2b586d,valid
25,administered,2,firm_0,firm,1,,8.596576084004482,4769b9304c5acb6e2e45f6011b5faaa4964868474b99c1292ee9e0d9c9f709c8,valid
25,administered,2,firm_1,firm,1,,6.629001833003713,c609b9583cfb597c911f12eef705b2c8d4b232eeb49ba085a90507a61bdc99a3,valid
25,administered,2,firm_2,firm,1,,5.670133207997424,5fccec3b97c876ca2182ae1b7f52848388d334b8786dcef65776bc5714bb6d17,valid
25,administered,2,bank_0,bank,1,,8.337476874992717,14bd43b0a57592132febd8430bac83e096dab41382c11a1413f5842b0ea869d8,valid
25,administered,2,bank_1,bank,1,,6.363943582997308,4e05e9f7cce98cfb341493bf0061f468cb073b7dbf3e44da39ed0878bf96367b,valid
25,administered,3,firm_0,firm,1,,6.310916709000594,37abd560eafdde0d422d65aabb7c231a4c30d1d6a8cc718e09e1b72d1f713f55,valid
25,administered,3,firm_1,firm,1,,6.326514457992744,df08c74cea9de6b32574dc06fa80aeca71109a6c051765bfe806df265752ad6e,valid
25,administered,3,firm_2,firm,1,,7.10973691700201,7ccdfc17b1df35d96596ef0974d6521effb6e75bddee0a8647632a54ae42fa10,valid
25,administered,3,bank_0,bank,1,,8.148806999990484,58cd52646802d5d42103eb2b761ba24f81245a0dd68ba49c6aa45bcb329e367f,valid
25,administered,3,bank_1,bank,1,,6.6669490420026705,c81e462d39996891f3b5cc8fc3d531d62dc5746ce4762cb9a7ce76d31e7d4ef4,valid
25,market,1,firm_0,firm,1,,5.893889208993642,37ec816406d7f95bb546eba8b347ac9ada84f1707bd4a1f3e001b983d4ae8da3,valid
25,market,1,firm_1,firm,1,,5.271467332990142,bc55580453b199bb3691c321e7f44252b9722cdee8a7a379eef623048d280a84,valid
25,market,1,firm_2,firm,1,,5.02675870800158,3f3525620cbe1c22a3ca4052fc9fbd7f053a80b1d0f1e580112db196262db372,valid
25,market,1,bank_0,bank,1,,6.392137040995294,8c69be89005542dda0bdab68003ac598eca58c07d0868639ef820e92d1f9fe91,valid
25,market,1,bank_1,bank,1,,4.846510457995464,66d275f1cbdc2c8c299304b3b67c761483df4e5c5dfbf376edcd134ab1c5968e,valid
25,market,2,firm_0,firm,1,,5.104544707995956,d4cb1939ed9a601590383d53129127ec04c61fad901c31215b53cb47d9d20708,valid
25,market,2,firm_1,firm,1,,4.979011875009746,5b50e905b872663984209b6b2af8b0cce108518f5105c996d3b42ed37755d26d,valid
25,market,2,firm_2,firm,1,,5.058063374992344,dbdcce2c0560590d8863546bcdbf8637e66a525be51fd8959bb227aaeed76f9d,valid
25,market,2,bank_0,bank,1,,6.399838458004524,d6c5f0ab04eb2474543d34e61cc01b2ccd9f1fe43f5634b81bce357d3d90bbaa,valid
25,market,2,bank_1,bank,1,,4.775207832994056,d0e3a2eb14e14ab4db61b31ef41c8e2b99ef74365d0be27702071a92ffe60e63,valid
25,market,3,firm_0,firm,1,,5.408287250000285,ae32827b2b39e1965521c2ede9e2eb3c56620093b455eaa37b1d94f338ad5a71,valid
25,market,3,firm_1,firm,1,,7.78625808400102,63d0fea3d96444e732af8d87fb2ca70da285db903845acadcba55c92a0abb7c2,valid
25,market,3,firm_2,firm,1,,6.015234499995131,ee1baaf4b8fc7d65d34d0df6329fe5789e0e3a9acf3c16772c8a0e4bcb9f1f52,valid
25,market,3,bank_0,bank,1,,6.489034290993004,b6e2355a57930d1d6d6f3da70369e6919184eb65688b4665ea8182083adf0abf,valid
25,market,3,bank_1,bank,1,,4.51491066699964,77d60ec5e820369d113944dfe2b2f5a2de52ce7b25c766303e2fcd019a6c4491,valid
26,administered,1,firm_0,firm,1,,8.036477917004959,bd7250368a900e42e046e55ed901878e3b5c8736662295845a830e015ca00001,valid
26,administered,1,firm_1,firm,1,,6.739120041005663,b4eea004162c11ed685fa5814d8b5958f2cad7b5863b1984bff7fd9a0b3953a5,valid
26,administered,1,firm_2,firm,1,,5.762264917007997,b5864221555e258a80376f16a63e41a0bdd638bd5250db4c600634ad66a5bdfd,valid
26,administered,1,bank_0,bank,1,,7.68747491700924,9ed9131ffa26b2dc5dccedb4d5bbc372c7f1162c0cf211d6841115ccec51b7c4,valid
26,administered,1,bank_1,bank,1,,5.5737229169899365,6bbab9bccbf4844336bac9778fb11b15a46f4c1dae1f99d446c74579998b2921,valid
26,administered,2,firm_0,firm,1,,6.186436125004548,c1158df0ac1627c2c8b3006ed8ab8db08e62b0484afaa970f466f4a491fce2e1,valid
26,administered,2,firm_1,firm,1,,6.5960693749948405,22ed278c58cb835c458b88d22516134614c8c9c15dab0f9f0bcbfa8cbba63259,valid
26,administered,2,firm_2,firm,1,,5.829856541007757,e5f4a61dcd0ae03619e34345b7ef13471f183c665421dff26e1407653f58f6fb,valid
26,administered,2,bank_0,bank,1,,6.696515290997922,90b6470a5c3f7e5502e3d8fcbb2d246c68caa40ef1075268896533565ec9dee1,valid
26,administered,2,bank_1,bank,1,,6.486998375010444,4d6370b63a3289efaa1fe32d7d6d8d681587a5f6279e5c862cba4f2472f12903,valid
26,administered,3,firm_0,firm,1,,7.333481749999919,92fad854932af63496997d07d97abc9b1c2e169cf9f1430fb7e95b6107325892,valid
26,administered,3,firm_1,firm,1,,7.026141666996409,a18466e106e14f630594f2c290375af3069f316eee05012bc6cb3766e1d0d421,valid
26,administered,3,firm_2,firm,1,,6.704335832997458,cc8136d19a44741515cc9cbf8434abf10126ad4de9737c3c70a5ba01ef449b96,valid
26,administered,3,bank_0,bank,1,,7.038226999997278,0795b83efe4ed759960a54cd1a47cec931a9f17399b9d54c2f248921927d0c0a,valid
26,administered,3,bank_1,bank,1,,5.279520665993914,319946a35eb081f97f84ec5cd682d04e88d1304e999a21a6e0ef5b40fe68c52c,valid
26,market,1,firm_0,firm,1,,5.103408541996032,cd470330912a61d177727cde8f3dcadc5d6a9a36851ffab2ed8537aee8d9f376,valid
26,market,1,firm_1,firm,1,,5.285992708988488,6fdaa7f3645bdf37f38b6bce7d64e02e581f9cd0724a6188519232a197eb6b75,valid
26,market,1,firm_2,firm,1,,5.08604091599409,557389eb6ac212cdba23d2dc028a77b25dedb735968d601b9cb25caf603d7273,valid
26,market,1,bank_0,bank,1,,6.374243790996843,e1c1d85933bab7b2fe9cbd7c29bf4897f2d1bcaa4587d72ac5a1fb1c9b1d5715,valid
26,market,1,bank_1,bank,1,,4.975514458987163,5123054704e1cbfecb2c849877022634822cbf8276c5a675709e3115870f094b,valid
26,market,2,firm_0,firm,1,,5.1113800419989275,d767f65cf0cbbb6bc208b6bf8c4971a90c9439b7be1f6119d4a9ad65793d734d,valid
26,market,2,firm_1,firm,1,,5.097347083006753,fe1420b82b98f45d1c2bb79d6bab850512a41a592c7772d334293e8fd88869a5,valid
26,market,2,firm_2,firm,1,,5.663256458006799,f207d2ccd1ce9d5501e03fcc96e1c74c682d716d85664c51ea8821af464045dc,valid
26,market,2,bank_0,bank,1,,6.225220457999967,5eb371cc193e4688b50481c362f4cd15d6d57d1b91224badcaab4c02354ba49c,valid
26,market,2,bank_1,bank,1,,4.817926499992609,c3a8d7a992e949bbb295e863a6aa733511141acc72e4abe3a469a4312d792c0a,valid
26,market,3,firm_0,firm,1,,8.141491417001816,054861fca75038762cb538bbb6ae0fa0d75d2596bb75eebfad84250e76664b06,valid
26,market,3,firm_1,firm,1,,4.487060832994757,b9e24255e7bf58f4f4461e2e3398666b55b11c49decd9f6fcc15542442cffc7b,valid
26,market,3,firm_2,firm,1,,5.021263583010295,85e79301976e86139373b00042606cf430b3b77319c1aaff799016a350347608,valid
26,market,3,bank_0,bank,1,,5.6969616249989485,7ededcfe80766f326a083ad88e2099945faf7ab6dc0a146dc4ad4e0496f3d3b6,valid
26,market,3,bank_1,bank,1,,4.097613958001602,bc26e4388cf83d90784b5dc83df76b615130ddef9334365f92bac3ed263258d9,valid
27,administered,1,firm_0,firm,1,,10.040145791004761,bee5eaf5d1bbac2f5eb0f15c23eee8f236d81aad80e2513b735a1b69832e3106,valid
27,administered,1,firm_1,firm,1,,5.789806000000681,925a96c01ef39caaf57595cd3700ce80267d318b2e2a37065b5d255391a8d5d0,valid
27,administered,1,firm_2,firm,1,,5.813188625004841,bceb84f999a930c2fcf2cb8d7c6dacf25be38881e855469a2dc57ba15fdffbcb,valid
27,administered,1,bank_0,bank,1,,7.196319666996715,a44c6668f0985c3955157fbb1ab55ed42a1ec01d6a748422b929321267af76d3,valid
27,administered,1,bank_1,bank,1,,5.160789165995084,2e97dd1fcc8890d8db6ac6766230977f94a9a6d4a00d043954a59dfb460414db,valid
27,administered,2,firm_0,firm,1,,8.665820584006724,773c49638c7309b58923321f99a57aa6e7ef0420f3f4fdedf607f93aa7e57edd,valid
27,administered,2,firm_1,firm,1,,7.2311189159954665,6220d02168970c0bc06ec98c56aa980c3b826ef4055cc39ff0a2ddb844f34679,valid
27,administered,2,firm_2,firm,1,,6.660451125004329,74b38e2ee760910080a223722c56918f9e7c0135e239ef471cb41df3426f20e1,valid
27,administered,2,bank_0,bank,1,,8.076591582997935,47bd9e476f3818aa21364adda80e43fc92217c2ba896539db1368944315ee387,valid
27,administered,2,bank_1,bank,1,,6.048488415995962,08d2f8c0ae79b8363869b6ceb40fd2d542e1c5886cb15809ccabf54edbf455dd,valid
27,administered,3,firm_0,firm,1,,6.009215500002028,a50a3ed953980426923b3e3f451cee67dccb626c3bb9b1ef6c89167f56cbe68d,valid
27,administered,3,firm_1,firm,1,,5.753328792008688,212107b54e13758b1aae53b68b3f0c1981c1e34af70ede2aa32d547b07c89d09,valid
27,administered,3,firm_2,firm,1,,7.856157165995683,7e44ac1cd15e9e0a840db76d00b7ffb43160ec72bcc01669a31bb6823fe2e2ed,valid
27,administered,3,bank_0,bank,1,,7.624613832987961,475d9591f7ce76358fccc50e2e3298c79cabb82ba87dd2285cc4995a69979c71,valid
27,administered,3,bank_1,bank,1,,5.668512208008906,4d88fa225005eff83e7856db9b1e1d995103e0dd6d7029c14e740bd41b7d4b37,valid
27,market,1,firm_0,firm,1,,5.992350000000442,dc1aa1c9681cce8abdd63f63dea3d7b48b126816c7778ebf1ba2e63d6b3b7f41,valid
27,market,1,firm_1,firm,1,,5.727899958001217,f8c70ea32e3a58b6416236a2526c90a59ce22b333ca49243bc6f68ece8aadba8,valid
27,market,1,firm_2,firm,1,,5.781099042011192,ee4376cb70a11b61959e89902f8bc96eaca8434cfc096d31c3beae6e8031e61b,valid
27,market,1,bank_0,bank,1,,7.108809665995068,2d5df1f12d4de9c7464831107f16c5f52c0162d166cffd755547cc52bacfddb9,valid
27,market,1,bank_1,bank,1,,5.573649124999065,9d090ea7ab41632b9a2caeaf9f278d9c4c16ce76bc2d3a6b3980a5f05cfef62f,valid
27,market,2,firm_0,firm,1,,7.359775624994654,c4a5585c24d72f00f97bba8f65e9781752b97dbf68cb925b47b1a613c7f55a19,valid
27,market,2,firm_1,firm,1,,6.028118416987127,a5276cda8a269637dc2157e75382e6cc0526ed3db56d0b025dba9708c6ee2153,valid
27,market,2,firm_2,firm,1,,5.765411333006341,793340398c795eaacfc4486f6aceb84c88406a4fc51d8071ba9ae6db85a68af2,valid
27,market,2,bank_0,bank,1,,7.254207040998153,0bc9464ef79c4d32305d34cf5521b7480f6c449be276a13fac005ca2dd370c61,valid
27,market,2,bank_1,bank,1,,6.853675000005751,999b085441355af7996c05b3f730994d58bf11df2159d3ed4f4bf4513f355d0b,valid
27,market,3,firm_0,firm,1,,5.241897750005592,a0bcd3914dc99643182ee0927394c4388e07c56d5607ec1e96c61bf0095b68e4,valid
27,market,3,firm_1,firm,1,,6.056339750008192,c0cd1cdaf3499c16bb0c9eb8c04a4edf8525a81724f411b9e40a121ecb02df07,valid
27,market,3,firm_2,firm,1,,6.078997458011145,e78dd2fe106f0d05dab47cb13667ba94d2031ced2e5d3b67d6ec55ded23a564b,valid
27,market,3,bank_0,bank,1,,7.4127338329999475,b05c35d54a881ac06fabb6b91515ae6d45d3a83265084caa06c926d71b376d6f,valid
27,market,3,bank_1,bank,1,,5.780148500009091,3330e9f131e210fa199875dd950e03ecedea5a79d550749bb272b7fca12a934b,valid
28,administered,1,firm_0,firm,1,,5.960693166998681,0cfbbb009463e2c560c70613dafaee30c2f1323fc27005e4480f263c8d100421,valid
28,administered,1,firm_1,firm,1,,5.774917667004047,ba25d6e21e6faa4730967b038ca77dc36443a8f950302a8e925a3e41624d39c0,valid
28,administered,1,firm_2,firm,1,,4.692264500001329,89f11d84c03849f5296065e0b4201b9922ecf9ea07a2a8b0061946df98c0aa8f,valid
28,administered,1,bank_0,bank,1,,6.387506125000073,a3aa3fb5774a3bfa727db4925d6451a6a6161ea04fdc4ac20a7682280930bf0e,valid
28,administered,1,bank_1,bank,1,,4.818203874994651,554ebfd4c45e21545090b04785628b29817d8ddc4cfeded3e7313b5f4b3b6897,valid
28,administered,2,firm_0,firm,1,,6.139422000007471,29b62df5a25bfeb141127a46388acfe5bf17b86f8a83b6899f4255a0f9bf3fc6,valid
28,administered,2,firm_1,firm,1,,7.419515000001411,479b41b1402203bf72606e60d5d90f5946c5a770f105b1aa92862c6a1e277c15,valid
28,administered,2,firm_2,firm,1,,6.049600749989622,d3231f2bab743fe06b45ccb2cfa8901947e7236eeac82a14b7ec9fe7c4e9b3e9,valid
28,administered,2,bank_0,bank,1,,7.605540666001616,58ad5a68636b7f8171f30c3c006fc71a23e054e9c82b2a4309fcd770a91409a5,valid
28,administered,2,bank_1,bank,1,,5.842612541993731,4c42cb1e852fe83c22fbcdc71302236754b29f42e3c43551c4efe764c7e052b1,valid
28,administered,3,firm_0,firm,1,,8.354456125001889,86aac473701d1dea0dadd03501eb101581a3c6f47b6ce8742a74bf5e4d2fb897,valid
28,administered,3,firm_1,firm,1,,5.814894458002527,87de3acd18d788e568d972e37e7152fdcd29602604b761aeef84237c8cee8a71,valid
28,administered,3,firm_2,firm,1,,6.326375165997888,e50ffbd380cd6fc066f4f3ae396d7ce980baa6009814321fc0524fc1e1253c8e,valid
28,administered,3,bank_0,bank,1,,10.00882016599644,c1564ace258b12e9099586e4c9c26cec9a253be46a44f5f36f24402d387fb453,valid
28,administered,3,bank_1,bank,1,,8.141741375002312,62f40f75ef0c2e8d1a0a104b6e82df10fb4d246bf57a6bc24d91e9540f4df786,valid
28,market,1,firm_0,firm,1,,5.704646792000858,4eecd1001d3a41e7ebca23ee461fe4538489ba1b5c96632892b84115afb75fbc,valid
28,market,1,firm_1,firm,1,,7.392057791992556,eb61a94ac0285fa6abe9620623c0ad0339d46f84a156efc2cf1a0ef9d7585682,valid
28,market,1,firm_2,firm,1,,5.467733375000535,b4916cf8e562f7db2eb5e8f07e21ed3629f560c07bfc5d5f548b91e420ab734c,valid
28,market,1,bank_0,bank,1,,6.094002541998634,f5a78ca4af70034c80dffc1426c2e7687844b48d12dd716559d08a25dabc4c93,valid
28,market,1,bank_1,bank,1,,4.313876207990688,3f5d12288993c97a90d86a4da53e9a56b823368120b5468b36af7518d7114c20,valid
28,market,2,firm_0,firm,1,,6.319711333999294,aef403455b508282a6b04ef197867104d3611847115329fb24446eeb40a0cf5c,valid
28,market,2,firm_1,firm,1,,5.657623999999487,9ce93633d11bc5ca231fa07baae816ffa3e8759d0d12dce9f183334b152f11a1,valid
28,market,2,firm_2,firm,1,,6.020854208007222,5503dce422ff6caec69c88fcac7af4907c7629340f94bd6b07e6995685b7c325,valid
28,market,2,bank_0,bank,1,,7.538552083991817,059e4118d6e4772d4ff2c234e98fd8ccf131bde27277c238ba78be1904976a7c,valid
28,market,2,bank_1,bank,1,,5.212100917007774,2bf12d4b3529fe511c8dc28730c7d4fcac35339bf6332d3509405cc8338ee826,valid
28,market,3,firm_0,firm,1,,5.676206917007221,e0d99396543450e92cc41dddf4b1fa5def9d3424f14907b20c3b96df26537a3f,valid
28,market,3,firm_1,firm,1,,6.0823155410034815,0d03c964e2e84c2527e02f00545b7fc1d8a69b6e61116948c86da2b03e4dba7b,valid
28,market,3,firm_2,firm,1,,6.487894207995851,8a9557021041a3029db04af94227eea5bdb854bf0eef5a48b31a92047116469d,valid
28,market,3,bank_0,bank,1,,6.873904374995618,111921a253ef08485e40ad2904897a6d9a7ead6634595a67456c28791a193c5b,valid
28,market,3,bank_1,bank,1,,5.233730916996137,08444bb1849a701260dec934398f3db9512569d258c063a6fb76ded93f0a9143,valid
29,administered,1,firm_0,firm,1,,6.892689749991405,8cd1f49c47884ecddc377681e09cc931a7265ee46efb50f314edfdb6ad117b12,valid
29,administered,1,firm_1,firm,1,,7.131306124996627,c79bf4b9cd1444fe43d573d981fd3711b03a352abe8294e4d301b9afa0544a57,valid
29,administered,1,firm_2,firm,1,,6.9565037909924285,9d67d81ef0e620d4d0f3a104ad3fd5f7a9a136bc3888d05ac20e60877085592e,valid
29,administered,1,bank_0,bank,1,,7.36546216699935,313e4181c493bceed5189e17d90426fb3ecca5a72867ec6e71a3ea3b677141c0,valid
29,administered,1,bank_1,bank,1,,5.289808083995013,566c9ed01abd6190024f10a4143668dd48e45c1cb3fd37e90980d07b9fd2a14d,valid
29,administered,2,firm_0,firm,1,,10.001489582995418,016f52c4dd1d3811ac285b3f89f2c19183c338e54b746ccbcabac73eeac97538,valid
29,administered,2,firm_1,firm,1,,5.018188750007539,1f262356194731ff8bbf5ba8c39ceae1d150237654b12fa770327f6ffd71b530,valid
29,administered,2,firm_2,firm,1,,5.771106540996698,45fed65ac6d931c7bfbc97f290a11fc2af462eaf484c230d7bed306a981540aa,valid
29,administered,2,bank_0,bank,1,,9.763206917006755,feafac56d7c9fc4151cd1a536e71217f427c8e242c03be9cea494f94720d8595,valid
29,administered,2,bank_1,bank,1,,8.853164125001058,04f8b03358b36f66b570b005d3503d1a91026af7efc238ff7fe4c6a5af584201,valid
29,administered,3,firm_0,firm,1,,6.268106165996869,25d2cda4e3994d04be5ee5a3cae35dd86fb7052ccd0d9c81d26f55c51de8e5eb,valid
29,administered,3,firm_1,firm,1,,5.846564791005221,4651738377416eee2da15455bccf62336a16f4e3c99a44935975f54551a1bf50,valid
29,administered,3,firm_2,firm,1,,5.970498709008098,35456e59b6008ac0554220d4fbf7ce15a99e692017581d57f52001727623eb61,valid
29,administered,3,bank_0,bank,1,,6.681488458008971,e2c1931aa025784af66733c931fbf72ec4fb0f165654610e649ce39827c66d5a,valid
29,administered,3,bank_1,bank,1,,5.739192209002795,3f41799959fb7dd4d24d99f6fbc457d9d7e3fd82ed92d7847bfe0277c6b5426b,valid
29,market,1,firm_0,firm,1,,7.116542332994868,c9c6329a1e0fc2a97848a23b35552797943bd86d730fb037673a32c39f5a70c7,valid
29,market,1,firm_1,firm,1,,10.307237375003751,f9d64c6e096220acef6f4e4858044531688a23bfe9d426f26258c276815cc4bb,valid
29,market,1,firm_2,firm,1,,5.7365380419942085,d53256d9475fabb15abd3b62f1eb41a66d6368df1076af62270df5872d1a0a42,valid
29,market,1,bank_0,bank,1,,9.045556291006505,66143fd141f831ff80ffdc5f7ea8deff1b2342ab31cd3f62f20454cfeea10e56,valid
29,market,1,bank_1,bank,1,,6.776171666992013,660e62aa0b1ad9239ad2609f0318c5622e54f37d307494709baedcc81aec88b4,valid
29,market,2,firm_0,firm,1,,6.148996833988349,4b9546d4ab24d39eb220da5d0a74a82f039bce3e9473c36bf98d3331e257ce0e,valid
29,market,2,firm_1,firm,1,,5.326989584005787,6816906150de14e6b6a5aae4914d85629bf55e592f792b9dc0babae699b64747,valid
29,market,2,firm_2,firm,1,,5.9966291669989005,8655d626be63dbb2b2ac9b92bac6ce137cf3da76f3fb02d9cbf7f4e70c826522,valid
29,market,2,bank_0,bank,1,,7.336155124998186,b4870dcdfe3a96a82adebc018d1db4e1c3ca72ddd902e468cc1ccdff9b53ebab,valid
29,market,2,bank_1,bank,1,,5.6962399579933845,34c7c2d8a5c5e6917669dfe3b13247823420d68923b2052695abadc3b037415b,valid
29,market,3,firm_0,firm,1,,9.09541245798755,380830bc318566c9007c055c58f7e497894f980285c58610dfe654e31ea04bbf,valid
29,market,3,firm_1,firm,1,,5.877029790994129,ece52caa9ec6f3aa488d0baae118ed547c9e59aa9eacc938a458d5c11a0161e2,valid
29,market,3,firm_2,firm,1,,5.644640667000203,f72b0f8d80a518deb5a334426f4b2667337fe8a1dc961e6514cf186c8c03b19e,valid
29,market,3,bank_0,bank,1,,7.691068667001673,4db6a145ff35cf4f869939ea12af8e90068263baee47f78f8c259c905b27d13c,valid
29,market,3,bank_1,bank,1,,7.17237012500118,4a7497bdf0ab3bc4b901af71adc337cd600213cafe08d1ff099c167af03b35ca,valid
