run_id,cumulative_new_credit,cumulative_output,unresolved_liquidity_shortfall,mean_unfunded_share,cumulative_consumption,defaults,write_offs,resolution_cost,credit_weighted_productivity,scenario_id,rate_regime,replication
006832f3183662fdce5a3753,9.313381367714484,4527.698969519752,0.0,0.6660033138158138,2755.003962440087,0,0.0,0.0,1.1394542204308755,h7_reserve_0.05_penalty_1.0,market,9
00c283db182d47140ddf9d47,19.234157172453827,4467.150791210657,0.0,0.41629807887480513,2481.2366698735873,0,0.0,0.0,1.1170671590049432,h7_reserve_0.50_unavailable_0.0,market,16
00f86cd14ee94088fee92e7b,27.457343396790364,4668.4505453574775,0.0,0.021752151735137185,2716.846365497849,0,0.0,0.0,1.1141219595866354,h7_reserve_0.50_unavailable_0.0,administered,13
012730ed3d79ed1b03668be6,21.02519205086046,4533.701165816161,0.0,0.03226575006961135,2962.4893155598966,0,0.0,0.0,1.0172207691843977,h7_reserve_0.20_limited_0.5,administered,10
012c3ffb24779103b6f76907,10.933099866447439,4576.650132582711,0.0,0.5382901665626554,2751.805203445453,0,0.0,0.0,1.018264612929505,h7_reserve_0.05_penalty_1.0,market,11
017fd13e0873d5b5728d370e,5.996073288578723,4658.785844596299,0.0,0.45501090037447495,2881.1718535147625,0,0.0,0.0,1.1428849656637725,h7_reserve_0.05_limited_1.0,market,18
020fc20146951d8256341638,36.023162380474254,4624.071937154602,0.0,0.025853554704129422,2728.2841533573937,0,0.0,0.0,1.0737275269818352,h7_reserve_0.10_penalty_1.0,administered,14
02f3796c7dbb9079c1c55c03,9.297807151380512,4638.70573655574,0.0,0.5487489226405332,2631.85067692819,0,0.0,0.0,1.1375018731280637,h7_reserve_0.50_limited_0.5,market,17
033eaad6623344ba5c46d645,19.171860307117946,4612.313246608438,0.0,0.12908384439634418,2558.0494890609616,0,0.0,0.0,1.1796509219312448,h7_reserve_0.50_limited_0.5,administered,8
041fab94250d9b0adbf53321,4.983749226870627,4513.5496013263055,0.0,0.7716509402906461,2951.700507464503,0,0.0,0.0,1.1573077058489072,h7_reserve_0.20_penalty_1.0,market,10
05276486f3fac300c9a3a37a,16.804579424354397,4457.400414283242,0.0,0.05648298460798454,2733.960686739489,0,0.0,0.0,1.0487131448683353,h7_reserve_0.05_unavailable_0.0,administered,19
0543f060b0fd66e0b8df2221,15.480771035966887,4652.693690676229,0.0,0.39798043401252214,2708.977110812761,0,0.0,0.0,1.21450393947981,h7_reserve_0.10_limited_1.0,market,13
05689e7d555674a0080de5fc,10.356853862090523,4602.061756776772,0.0,0.49144050302453396,2554.2119639789908,0,0.0,0.0,1.31760079745855,h7_reserve_0.10_limited_0.5,market,8
0638668cdc9ae921236a1fc5,19.984358976979713,4652.008992645959,0.0,0.020203508223917265,2637.6939315179584,0,0.0,0.0,1.1060044143370513,h7_reserve_0.05_limited_1.0,administered,17
0679790e27c3bcd276556d39,27.488491829458304,4668.499205073022,0.0,0.02119659617958163,2716.8685251635957,0,0.0,0.0,1.1138490923411069,h7_reserve_0.20_limited_0.5,administered,13
06970aca5353fbc53362b262,7.179713729960496,4524.549525121335,0.0,0.7226817099535938,2753.5357006396425,0,0.0,0.0,1.1718599712914908,h7_reserve_0.50_limited_0.5,market,9
06ad0a65f8e63c4d262ac233,8.456799469346095,4447.851588411781,0.0,0.5344881854256854,2729.1362985172127,0,0.0,0.0,1.1336536421990981,h7_reserve_0.50_penalty_1.0,market,19
07425a42deb762118b974db3,13.175787018539221,4244.896705888261,0.0,0.516428832518896,2398.732339329899,0,0.0,0.0,1.023881806992927,h7_reserve_0.20_unavailable_0.0,market,6
075e395e70b261145d030f48,10.699486621437877,4640.593962992475,0.0,0.47825345553548027,2632.668507169616,0,0.0,0.0,1.1333619604983824,h7_reserve_0.20_limited_1.0,market,17
07689400ecd5e9d965610579,30.83694834126201,4439.357086057744,0.0,0.05181555562333823,2715.867170090684,0,0.0,0.0,1.0522350495927315,h7_reserve_0.10_limited_0.5,administered,5
079e58797293272e6d97d310,12.92659955719569,4669.316461514634,0.0,0.02173697761933054,2886.055550364862,0,0.0,0.0,1.0970586891656733,h7_reserve_0.20_unavailable_0.0,administered,18
07dea64a1e2704137024df29,22.52031681892165,4591.356095624638,0.0,0.0124412393162393,2759.1753356426752,0,0.0,0.0,1.0102752539539412,h7_reserve_0.20_limited_1.0,administered,11
07e9248e32f0e558a6148385,12.677412095852159,4455.996740052962,0.0,0.47930785428716405,2600.9845349295406,0,0.0,0.0,1.1935702383859177,h7_reserve_0.05_penalty_1.0,market,0
08ae6ed725d9eeaf62469377,5.94935063957681,4544.494123388792,0.0,0.604451250252067,2622.7854933403482,0,0.0,0.0,1.2684384855629067,h7_reserve_0.35_limited_1.0,market,4
08b0175e0db38b56718510d2,20.0657062018171,4652.066353104211,0.0,0.017969298203140745,2637.706610227568,0,0.0,0.0,1.104937331490007,h7_reserve_0.10_unavailable_0.0,administered,17
090460e45b174ee515915e17,11.805255981149799,4415.966508590883,0.0,0.6666487475101799,2703.8757969199573,0,0.0,0.0,1.1523217456337327,h7_reserve_0.35_limited_1.0,market,5
0997e995bab25a8d899879a0,20.433371830169573,4612.8811436973365,0.0,0.06815476190476176,2558.3309998436835,0,0.0,0.0,1.154516942645774,h7_reserve_0.05_limited_1.0,administered,8
0a30a7004c2a13b9d7a238c5,22.52031681892165,4591.354741715513,0.0,0.0124412393162393,2759.173749717972,0,0.0,0.0,1.0102752539539412,h7_reserve_0.10_unavailable_0.0,administered,11
0a46a1d02ba8472cfcdaedbb,13.892200969901873,4321.957688276242,0.0,0.4777490419202375,2325.058845348437,0,0.0,0.0,1.1867476674704298,h7_reserve_0.10_penalty_1.0,market,1
0a68dc3e07a06a489767da08,33.358679946778345,4004.959804211665,0.0,0.07486611137297906,2023.6365266086832,0,0.0,0.0,1.0646414237987405,h7_reserve_0.20_limited_1.0,administered,12
0aaf22ca37fed221ab6a6426,19.825977393144715,4467.636751150524,0.0,0.39724773911794364,2481.4134361534557,0,0.0,0.0,1.1130092004456,h7_reserve_0.10_penalty_1.0,market,16
0b9f4b810b291e7240baec03,11.60279116880818,4404.275738483093,0.0,0.6423057231429002,2513.682783424666,0,0.0,0.0,1.0559810642580068,h7_reserve_0.05_limited_0.5,market,15
0bee632d05f9da31cae833b2,32.86650094338854,4480.153328073904,0.0,0.03142980184412475,2487.1932690166263,0,0.0,0.0,1.0568043881503082,h7_reserve_0.50_unavailable_0.0,administered,16
0c76d7023e0109978b1e96ea,19.91942269114854,3994.8531499683772,0.0,0.5262434857546674,2017.8482794222498,0,0.0,0.0,1.1308316274636265,h7_reserve_0.20_limited_1.0,market,12
0c976480a37656b9cecad599,9.983072670075225,4601.642978323675,0.0,0.5028198940966604,2554.085155614593,0,0.0,0.0,1.3291947412970075,h7_reserve_0.05_limited_0.5,market,8
0da1193221499f9d3324c203,9.546994612724045,4528.060158578217,0.0,0.6608293211418211,2755.165547837439,0,0.0,0.0,1.1370707021900175,h7_reserve_0.35_unavailable_0.0,market,9
0de07ff650160e14cffc80dc,16.851302073356308,4457.435013430967,0.0,0.05481631794131787,2733.9737442314804,0,0.0,0.0,1.0480500621691762,h7_reserve_0.20_penalty_1.0,administered,19
0e4cf45fdea94c465298d270,1.6820153640688362,4563.6254247923425,0.0,0.8163672438672439,3100.8026851378772,0,0.0,0.0,1.1874066975908948,h7_reserve_0.50_limited_0.5,market,3
0e97641f8d441c4d26420e05,18.330852625083526,3994.2454097526193,0.0,0.5601616243591037,2017.7711131834483,0,0.0,0.0,1.1431807966461514,h7_reserve_0.35_unavailable_0.0,market,12
0ebab3cb21a45d0a12082396,9.142064988040806,4802.485416497458,0.0,0.6695137686387685,2804.354102122576,0,0.0,0.0,1.1570547727909457,h7_reserve_0.20_unavailable_0.0,market,7
0ec0b7613af4b0baa9daac7a,23.563789313297686,4822.668128230806,0.0,0.03975561475561467,2813.395288540965,0,0.0,0.0,1.1279869489594556,h7_reserve_0.20_limited_1.0,administered,7
0f49e0a53af8a462d22d7f21,21.02519205086046,4533.701165816161,0.0,0.03226575006961135,2962.4893155598966,0,0.0,0.0,1.0172207691843977,h7_reserve_0.20_limited_1.0,administered,10
0fbee692d41c94d24c9354c9,8.659264281687713,4448.117690940918,0.0,0.5262292568542568,2729.2595639567535,0,0.0,0.0,1.1296568997772996,h7_reserve_0.10_limited_1.0,market,19
0fdc3171bb2279260c72280d,23.48591823162783,4822.617529323417,0.0,0.04293021793021784,2813.371928701469,0,0.0,0.0,1.1291271704403105,h7_reserve_0.10_unavailable_0.0,administered,7
0fe5dee54f59790402f96160,25.541714787711967,4330.49122617215,0.0,0.06517958038338469,2328.0096688644167,0,0.0,0.0,1.0855364292381744,h7_reserve_0.35_limited_1.0,administered,1
10bda885bbb92e74dc93c93e,11.60279116880818,4404.275738483093,0.0,0.6423057231429002,2513.682783424666,0,0.0,0.0,1.0559810642580068,h7_reserve_0.05_penalty_1.0,market,15
10ee5e29424c42dc2ebdcedd,12.147888740497155,4579.046629407728,0.0,0.03495370370370365,3107.929155087763,0,0.0,0.0,1.1215018497173839,h7_reserve_0.05_limited_0.5,administered,3
118c6f8aeb1c6710ddd54942,27.488491829458304,4668.499205073022,0.0,0.02119659617958163,2716.8685251635957,0,0.0,0.0,1.1138490923411069,h7_reserve_0.35_limited_1.0,administered,13
11bea97ced4d4094bb1e190e,19.825977393144715,4467.636751150524,0.0,0.39724773911794364,2481.4134361534557,0,0.0,0.0,1.1130092004456,h7_reserve_0.20_limited_1.0,market,16
11e5ef617b82c50af09b4b1f,22.52031681892165,4591.354741715513,0.0,0.0124412393162393,2759.173749717972,0,0.0,0.0,1.0102752539539412,h7_reserve_0.10_limited_0.5,administered,11
12160c760700455ad7401de8,12.615115230516276,4455.899980342014,0.0,0.4835778479220074,2600.9333761032644,0,0.0,0.0,1.1934709246129798,h7_reserve_0.50_unavailable_0.0,market,0
1251124df8622a98f2616b71,9.983072670075225,4601.642978323675,0.0,0.5028198940966604,2554.085155614593,0,0.0,0.0,1.3291947412970075,h7_reserve_0.05_limited_1.0,market,8
129d6f9b336a982c46043d1e,11.867552846485681,4416.061379994169,0.0,0.6651696464689626,2703.9176833341285,0,0.0,0.0,1.1520562494063809,h7_reserve_0.20_penalty_1.0,market,5
12c787a4d35f8fe2eecc75bb,5.94935063957681,4544.494123388792,0.0,0.604451250252067,2622.7854933403482,0,0.0,0.0,1.2684384855629067,h7_reserve_0.35_unavailable_0.0,market,4
12ed97c0a00ddac0845404fe,4.983749226870627,4513.5496013263055,0.0,0.7716509402906461,2951.700507464503,0,0.0,0.0,1.1573077058489072,h7_reserve_0.20_unavailable_0.0,market,10
1305855bb51e7925f1ff85c3,6.307557615258137,4545.021675543642,0.0,0.5835333064461922,2622.992791065509,0,0.0,0.0,1.2633523025161755,h7_reserve_0.20_penalty_1.0,market,4
134f5a38dc8e1da3a87de0c9,13.84547832089996,4321.9249286135355,0.0,0.4785823752535709,2325.052261479175,0,0.0,0.0,1.1876802774454862,h7_reserve_0.05_unavailable_0.0,market,1
137d1eb1396d2611e9ce3e3b,23.45476979895989,4822.573200728468,0.0,0.0434857734857734,2813.34757085578,0,0.0,0.0,1.1294750662434072,h7_reserve_0.05_unavailable_0.0,administered,7
13a653a8bb949665734e994b,25.541714787711967,4330.49122617215,0.0,0.06517958038338469,2328.0096688644167,0,0.0,0.0,1.0855364292381744,h7_reserve_0.35_unavailable_0.0,administered,1
13ab30689091c66a6be37f3f,11.805255981149799,4415.966508590883,0.0,0.6666487475101799,2703.8757969199573,0,0.0,0.0,1.1523217456337327,h7_reserve_0.35_penalty_1.0,market,5
1403c56378fb93197d9db07b,23.48591823162783,4822.617529323417,0.0,0.04293021793021784,2813.371928701469,0,0.0,0.0,1.1291271704403105,h7_reserve_0.10_limited_0.5,administered,7
1423ccc12c448edf8e26eef1,26.780368229950103,4472.124102229159,0.0,0.04481753042292185,2607.7811533041227,0,0.0,0.0,1.0777089057319762,h7_reserve_0.35_unavailable_0.0,administered,0
146112781c4d324c81f84949,9.157639204374778,4802.491318345737,0.0,0.6665693241943241,2804.365627094128,0,0.0,0.0,1.158234879785389,h7_reserve_0.35_unavailable_0.0,market,7
148c8a83702d20385ea02b48,9.733885208731692,4402.257244172879,0.0,0.7120502210776101,2512.899791561119,0,0.0,0.0,1.0617636896298925,h7_reserve_0.50_unavailable_0.0,market,15
15162ee70b21f2c0d3d81a62,36.023162380474254,4624.071938759698,0.0,0.025853554704129422,2728.284162034514,0,0.0,0.0,1.0737275269818352,h7_reserve_0.20_unavailable_0.0,administered,14
154ad43d5158c1d81a9f5b3b,20.744856156848986,4533.390244349307,0.0,0.04387867647058815,2962.3031516534784,0,0.0,0.0,1.018960628546854,h7_reserve_0.50_limited_0.5,administered,10
15ba7526aac075c572660f71,26.600761498421974,4550.184166086984,0.0,0.0038461538461538377,2766.3376220688865,0,0.0,0.0,1.0451689413006435,h7_reserve_0.35_limited_1.0,administered,9
15ca7355438c4f6ae00f26db,26.600761498421974,4550.184169166953,0.0,0.0038461538461538377,2766.337624973357,0,0.0,0.0,1.0451689413006435,h7_reserve_0.20_penalty_1.0,administered,9
162f6be4c025fb33a6daf30f,9.297807151380512,4638.70573655574,0.0,0.5487489226405332,2631.85067692819,0,0.0,0.0,1.1375018731280637,h7_reserve_0.50_unavailable_0.0,market,17
164a8da66bdd063136669dd3,4.718987549193124,4513.233014037624,0.0,0.7914159574086045,2951.5355070778023,0,0.0,0.0,1.1588484222937472,h7_reserve_0.35_unavailable_0.0,market,10
16ae15e3cec5d93d8c180842,36.33464670715367,4726.480414951555,0.0,0.028706381337960243,2787.0000278417174,0,0.0,0.0,1.0859327253821969,h7_reserve_0.10_limited_1.0,administered,2
16b4a592ec408517d2a876ac,22.53589103525562,4709.573311882821,0.0,0.4092116754211346,2777.907863065506,0,0.0,0.0,1.1467822638941636,h7_reserve_0.10_limited_1.0,market,2
16ffa9aa15a7f479c646f512,25.572863220379908,4330.493049573646,0.0,0.06432099452479882,2328.002862011724,0,0.0,0.0,1.08537174774163,h7_reserve_0.05_unavailable_0.0,administered,1
1706ef60eaa34bad7f338a8a,19.84183934089605,4651.856185768144,0.0,0.02415106111175432,2637.637496584365,0,0.0,0.0,1.1074252776258016,h7_reserve_0.35_limited_1.0,administered,17
1734822d5123e5c5649e4914,26.180257657404766,4549.662163816799,0.0,0.014261548636548611,2766.0531333218896,0,0.0,0.0,1.047897891896817,h7_reserve_0.50_unavailable_0.0,administered,9
17594d32ce2c404a6eba0205,20.044016421820306,3994.886395375337,0.0,0.5224651758416126,2017.8514023013388,0,0.0,0.0,1.1299333690316118,h7_reserve_0.10_penalty_1.0,market,12
178c00b399a70ec4e62ac7ad,5.700163178233279,4658.473304086151,0.0,0.4866238628352921,2881.0022028633707,0,0.0,0.0,1.1489495375315768,h7_reserve_0.50_limited_1.0,market,18
17c2ffaa472a8187b6d4467e,9.546994612724045,4528.060158578217,0.0,0.6608293211418211,2755.165547837439,0,0.0,0.0,1.1370707021900175,h7_reserve_0.35_limited_1.0,market,9
18415b878e88485f50252686,25.61958586938182,4330.495579360189,0.0,0.0634876611914655,2327.9992368364387,0,0.0,0.0,1.0846881816113267,h7_reserve_0.10_penalty_1.0,administered,1
18d29a0d49798babd9c88aa5,19.825977393144715,4467.636751150524,0.0,0.39724773911794364,2481.4134361534557,0,0.0,0.0,1.1130092004456,h7_reserve_0.10_limited_1.0,market,16
19338f815d2001c92d7b4133,4.064870463166354,4541.6393855065035,0.0,0.7296512291190371,2621.609359479842,0,0.0,0.0,1.3054172253524023,h7_reserve_0.50_unavailable_0.0,market,4
195406d2f8cade05dae81fee,19.825977393144715,4467.636751150524,0.0,0.39724773911794364,2481.4134361534557,0,0.0,0.0,1.1130092004456,h7_reserve_0.10_unavailable_0.0,market,16
19a328e92d135369d1e53cb6,12.147888740497155,4579.046629407728,0.0,0.03495370370370365,3107.929155087763,0,0.0,0.0,1.1215018497173839,h7_reserve_0.10_penalty_1.0,administered,3
1a655f737cd88d4fccfb23e2,8.752709579691539,4448.235984297254,0.0,0.5226778757847929,2729.3102987715806,0,0.0,0.0,1.1281110363116882,h7_reserve_0.20_penalty_1.0,market,19
1ac2bd231bcbeb3691f99db9,9.142064988040806,4802.485412042308,0.0,0.6695137686387685,2804.3540487782802,0,0.0,0.0,1.1570547727909457,h7_reserve_0.10_unavailable_0.0,market,7
1accfa6095db8b4c053ed9e0,36.33464670715367,4726.480414951555,0.0,0.028706381337960243,2787.0000278417174,0,0.0,0.0,1.0859327253821969,h7_reserve_0.20_penalty_1.0,administered,2
1b45fd9a74dfa843a03faf00,9.983072670075225,4601.642978323675,0.0,0.5028198940966604,2554.085155614593,0,0.0,0.0,1.3291947412970075,h7_reserve_0.05_unavailable_0.0,market,8
1bb1d3442087a280756e229d,13.84547832089996,4321.9249286135355,0.0,0.4785823752535709,2325.052261479175,0,0.0,0.0,1.1876802774454862,h7_reserve_0.05_limited_1.0,market,1
1bd1a49bc687bf2d2a7350bc,14.016794700573639,4321.966106091215,0.0,0.47607586606227903,2325.043708346393,0,0.0,0.0,1.1838345305642481,h7_reserve_0.35_penalty_1.0,market,1
1bf6626a5e91fad8ba8ba40b,25.572863220379908,4330.493049573646,0.0,0.06432099452479882,2328.002862011724,0,0.0,0.0,1.08537174774163,h7_reserve_0.05_limited_0.5,administered,1
1c6a502e137b5c2da21a1c41,20.62026242617722,4613.013727974444,0.0,0.05386904761904752,2558.4441280763217,0,0.0,0.0,1.150716873515619,h7_reserve_0.20_penalty_1.0,administered,8
1cf56783378f22670e40b162,5.996073288578723,4658.785844596299,0.0,0.45501090037447495,2881.1718535147625,0,0.0,0.0,1.1428849656637725,h7_reserve_0.05_penalty_1.0,market,18
1d0ee95c8de31a7192a2c728,8.456799469346095,4447.851588411781,0.0,0.5344881854256854,2729.1362985172127,0,0.0,0.0,1.1336536421990981,h7_reserve_0.50_limited_1.0,market,19
1d93b0f2d48738d6e9081737,26.780368229950103,4472.122789506473,0.0,0.04481753042292185,2607.779896526253,0,0.0,0.0,1.0777089057319762,h7_reserve_0.50_limited_1.0,administered,0
1dd942a91d0582493630aa20,9.562568829058016,4528.057232146455,0.0,0.6596667337292337,2755.1756925332897,0,0.0,0.0,1.1357148222577986,h7_reserve_0.10_limited_0.5,market,9
1e2e84356511fb077ea05813,35.9452912988044,4624.000285356185,0.0,0.027520221370796086,2728.252010773224,0,0.0,0.0,1.074100620610004,h7_reserve_0.50_limited_0.5,administered,14
1f0d9b9753551c222ae9fa4d,9.188787637042717,4412.110558065309,0.0,0.7164223055971534,2702.2862598612387,0,0.0,0.0,1.1794201992040665,h7_reserve_0.50_limited_1.0,market,5
1fddbc4592397e45f053989f,4.718987549193124,4513.233014037624,0.0,0.7914159574086045,2951.5355070778023,0,0.0,0.0,1.1588484222937472,h7_reserve_0.35_limited_0.5,market,10
200048af6e67a7993afdc436,26.780368229950103,4472.122789506473,0.0,0.04481753042292185,2607.779896526253,0,0.0,0.0,1.0777089057319762,h7_reserve_0.50_penalty_1.0,administered,0
2095565188c05be30e4d4e8f,16.726708342684542,4457.335920257607,0.0,0.059087151274651195,2733.931396054354,0,0.0,0.0,1.050083041406473,h7_reserve_0.50_limited_0.5,administered,19
210207b343ea2ccc208eefee,12.615115230516276,4455.899980342014,0.0,0.4835778479220074,2600.9333761032644,0,0.0,0.0,1.1934709246129798,h7_reserve_0.50_limited_1.0,market,0
2103b7cea79667d073979ea4,8.659264281687713,4448.117690940918,0.0,0.5262292568542568,2729.2595639567535,0,0.0,0.0,1.1296568997772996,h7_reserve_0.10_unavailable_0.0,market,19
21528afc02f091e209cc613c,12.147888740497155,4579.046629407728,0.0,0.03495370370370365,3107.929155087763,0,0.0,0.0,1.1215018497173839,h7_reserve_0.05_unavailable_0.0,administered,3
21a8a7ebf932af40964fd915,22.52031681892165,4591.356095624638,0.0,0.0124412393162393,2759.1753356426752,0,0.0,0.0,1.0102752539539412,h7_reserve_0.20_limited_0.5,administered,11
21bb5a7a6b5e56664cbea269,14.110239998577464,4322.046718402893,0.0,0.4722758315557228,2325.075172202673,0,0.0,0.0,1.1826925409755369,h7_reserve_0.20_limited_1.0,market,1
21e1c3f757179f11e98c0fbe,22.426871520917825,4591.254861202676,0.0,0.01639957264957263,2759.1107603834525,0,0.0,0.0,1.0108626220698214,h7_reserve_0.05_limited_1.0,administered,11
2224d923db4a8a847a8818b6,4.983749226870627,4513.5496013263055,0.0,0.7716509402906461,2951.700507464503,0,0.0,0.0,1.1573077058489072,h7_reserve_0.10_limited_1.0,market,10
22cfb4caac53df14cf28db31,36.33464670715367,4726.480414951555,0.0,0.028706381337960243,2787.0000278417174,0,0.0,0.0,1.0859327253821969,h7_reserve_0.10_limited_0.5,administered,2
2364b6f4136e5e6d79a68bc9,22.224406708576204,4709.242007533473,0.0,0.41926582157319175,2777.7141725627853,0,0.0,0.0,1.1483965618464573,h7_reserve_0.35_unavailable_0.0,market,2
23799c93a0cc00e33f89694b,17.27180591437352,4601.290441895164,0.0,0.5933781011453872,2716.185758050744,0,0.0,0.0,1.1330349775451298,h7_reserve_0.35_unavailable_0.0,market,14
23ab2c8f65085ce8627046c4,19.91942269114854,3994.8531499683772,0.0,0.5262434857546674,2017.8482794222498,0,0.0,0.0,1.1308316274636265,h7_reserve_0.20_penalty_1.0,market,12
23d5c67fbc398639671b9346,23.688383043969452,4255.6377842902475,0.0,0.05932458750483893,2403.3788979717947,0,0.0,0.0,1.017386288674014,h7_reserve_0.50_penalty_1.0,administered,6
23ee64a25fd25ae8a99e1e43,3.6599408384831156,4566.740247695465,0.0,0.6443404280904281,3102.1251408366816,0,0.0,0.0,1.2052617476255238,h7_reserve_0.35_penalty_1.0,market,3
24713b4065f3e43b1476ef22,6.042795937580634,4658.86019907429,0.0,0.4525459176781747,2881.2055879699606,0,0.0,0.0,1.1422034068335905,h7_reserve_0.20_unavailable_0.0,market,18
26264e69ae3ec105e1497c82,12.615115230516276,4455.899980342014,0.0,0.4835778479220074,2600.9333761032644,0,0.0,0.0,1.1934709246129798,h7_reserve_0.35_unavailable_0.0,market,0
264d93d197743ff9d08bbed4,11.976572360823477,4578.833100376542,0.0,0.043287037037036964,3107.8067060192298,0,0.0,0.0,1.125317908769247,h7_reserve_0.50_limited_1.0,administered,3
26c95eaf71f2cf310d7f6974,3.909128299826647,4567.191900407906,0.0,0.6302519240019241,3102.3018998958055,0,0.0,0.0,1.209091645885681,h7_reserve_0.05_limited_0.5,market,3
2727214d4906dcf428d937c7,30.83694834126201,4439.357086057744,0.0,0.05181555562333823,2715.867170090684,0,0.0,0.0,1.0522350495927315,h7_reserve_0.10_limited_1.0,administered,5
27f55b6c94c5e728bc909420,36.16333032747999,4726.27288223915,0.0,0.03265914834219783,2786.8805429160675,0,0.0,0.0,1.0869159132623016,h7_reserve_0.50_limited_1.0,administered,2
288010b6012cb76ada826704,27.488491829458304,4668.499205073022,0.0,0.02119659617958163,2716.8685251635957,0,0.0,0.0,1.1138490923411069,h7_reserve_0.20_limited_1.0,administered,13
28aa5c8c79b4992d6d5be6a8,4.064870463166354,4541.6393855065035,0.0,0.7296512291190371,2621.609359479842,0,0.0,0.0,1.3054172253524023,h7_reserve_0.50_penalty_1.0,market,4
28b96d12fa2b88a4be6dd74a,33.32683230415231,4004.95822616668,0.0,0.0754236930668055,2023.6376947757244,0,0.0,0.0,1.0648572295262115,h7_reserve_0.10_penalty_1.0,administered,12
28d14b2e33d3587123f3bc06,30.83694834126201,4439.357323799997,0.0,0.05181555562333823,2715.867435348578,0,0.0,0.0,1.0522350495927315,h7_reserve_0.20_limited_0.5,administered,5
28ef64ad77a33042cb51c675,33.09025244133598,4480.241373492131,0.0,0.02742287045977092,2487.222570745105,0,0.0,0.0,1.0549362797741983,h7_reserve_0.05_limited_1.0,administered,16
29ce37bd7904c1e28ff2c1f7,22.458019953585765,4709.468099481067,0.0,0.41098466189046806,2777.8524416799755,0,0.0,0.0,1.147525837636236,h7_reserve_0.05_unavailable_0.0,market,2
2a3e623ae452472599f374ed,26.38342714188481,4419.686839431543,0.0,0.027753984634789553,2520.013331065147,0,0.0,0.0,1.030458651258035,h7_reserve_0.20_penalty_1.0,administered,15
2b0ad83c560454f29c65d426,33.358679946778345,4004.959804211665,0.0,0.07486611137297906,2023.6365266086832,0,0.0,0.0,1.0646414237987405,h7_reserve_0.20_unavailable_0.0,administered,12
2b1b9e7f6e56dc64b7d57061,8.752709579691539,4448.235984297254,0.0,0.5226778757847929,2729.3102987715806,0,0.0,0.0,1.1281110363116882,h7_reserve_0.20_limited_1.0,market,19
2b254b084e071e617bad0862,9.313381367714484,4527.698969519752,0.0,0.6660033138158138,2755.003962440087,0,0.0,0.0,1.1394542204308755,h7_reserve_0.05_unavailable_0.0,market,9
2bc18ff6675005df5a2079d1,26.631909931089915,4550.22450491101,0.0,0.003205128205128201,2766.3601734058007,0,0.0,0.0,1.0449373146771033,h7_reserve_0.10_limited_1.0,administered,9
2c4eee40fc09b46dbc497c2d,36.023162380474254,4624.071937154602,0.0,0.025853554704129422,2728.2841533573937,0,0.0,0.0,1.0737275269818352,h7_reserve_0.10_limited_0.5,administered,14
2c5e3c2ed9cceb4c53065908,16.726708342684542,4457.335920257607,0.0,0.059087151274651195,2733.931396054354,0,0.0,0.0,1.050083041406473,h7_reserve_0.50_penalty_1.0,administered,19
2c96372a58867d3f43e282f9,32.86650094338854,4480.153328073904,0.0,0.03142980184412475,2487.1932690166263,0,0.0,0.0,1.0568043881503082,h7_reserve_0.50_limited_0.5,administered,16
2ccb11543c0c64b47eb7b655,26.600761498421974,4550.184169166953,0.0,0.0038461538461538377,2766.337624973357,0,0.0,0.0,1.0451689413006435,h7_reserve_0.20_unavailable_0.0,administered,9
2ce44091f64da5d9e610826b,16.851302073356308,4457.435013430967,0.0,0.05481631794131787,2733.9737442314804,0,0.0,0.0,1.0480500621691762,h7_reserve_0.20_unavailable_0.0,administered,19
2d8a098ebe540269629c4666,12.708560528520099,4456.016717677406,0.0,0.478755035666201,2600.9899759391137,0,0.0,0.0,1.1926348696693159,h7_reserve_0.10_limited_0.5,market,0
2daea3be1a24cbc09aade49f,20.433371830169573,4612.8811436973365,0.0,0.06815476190476176,2558.3309998436835,0,0.0,0.0,1.154516942645774,h7_reserve_0.05_penalty_1.0,administered,8
2dc0d7cacfa9d32c13bb6ce7,11.883127062819652,4404.60428666838,0.0,0.6299243747675004,2513.7734398219886,0,0.0,0.0,1.057276438615736,h7_reserve_0.20_limited_0.5,market,15
2dcc43d3edfef4c2df18348d,12.708560528520099,4456.016717677406,0.0,0.478755035666201,2600.9899759391137,0,0.0,0.0,1.1926348696693159,h7_reserve_0.10_penalty_1.0,market,0
2de6a6c03ca5044d73f4ba30,13.113490153203339,4244.851332668412,0.0,0.5175591007181297,2398.7236933485515,0,0.0,0.0,1.0244239480302655,h7_reserve_0.05_limited_1.0,market,6
2e0d98489d384319c98f14ac,19.825977393144715,4467.636751150524,0.0,0.39724773911794364,2481.4134361534557,0,0.0,0.0,1.1130092004456,h7_reserve_0.35_penalty_1.0,market,16
2e263fe6453eecce23a8060f,12.786431610189952,4456.080107929902,0.0,0.47737258637914165,2601.0081387124674,0,0.0,0.0,1.1904892945300882,h7_reserve_0.20_penalty_1.0,market,0
2eb121784de292111c8a856e,22.5981879005915,4591.411502634795,0.0,0.007232905982905957,2759.221573725809,0,0.0,0.0,1.009767723590785,h7_reserve_0.35_limited_0.5,administered,11
2f1222949a3a1453ea668dae,9.546994612724045,4528.060158578217,0.0,0.6608293211418211,2755.165547837439,0,0.0,0.0,1.1370707021900175,h7_reserve_0.20_limited_1.0,market,9
2f589cdb800b4c1549baa067,20.065914760079174,4652.066250325964,0.0,0.017968581697551583,2637.7064082528655,0,0.0,0.0,1.1049391869732312,h7_reserve_0.20_limited_1.0,administered,17
301c524841e7764f9fe9c270,33.275605357384265,4004.9227334282205,0.0,0.07643680989320191,2023.6144474814694,0,0.0,0.0,1.065140283995194,h7_reserve_0.05_unavailable_0.0,administered,12
30c5e66c85e812798a95fe4a,35.9452912988044,4624.000285356185,0.0,0.027520221370796086,2728.252010773224,0,0.0,0.0,1.074100620610004,h7_reserve_0.50_penalty_1.0,administered,14
30d0d9099d563e7f8f467120,12.615115230516276,4455.899980342014,0.0,0.4835778479220074,2600.9333761032644,0,0.0,0.0,1.1934709246129798,h7_reserve_0.35_limited_1.0,market,0
317ffb571b1e71aad7c9cd63,11.104416246121117,4576.887370631505,0.0,0.5305759859867928,2751.928168285478,0,0.0,0.0,1.0171618666649522,h7_reserve_0.10_limited_0.5,market,11
31cd42e4b3bee0e0693b6568,10.606041323434054,4640.4315593756355,0.0,0.47920583648786125,2632.605067636323,0,0.0,0.0,1.1342846862340186,h7_reserve_0.05_limited_1.0,market,17
3226c8458c5754edb8b6fac7,17.95707143306823,4560.549816192219,0.0,0.0578106054083861,2629.4350776721153,0,0.0,0.0,1.1263340913268938,h7_reserve_0.50_limited_0.5,administered,4
329586412b33fdb1d587ba63,12.895451124527748,4669.2758715903055,0.0,0.023252129134482043,2886.0329400869923,0,0.0,0.0,1.0976241262612458,h7_reserve_0.35_penalty_1.0,administered,18
329f322372326e50ab37f080,36.16333032747999,4726.27288223915,0.0,0.03265914834219783,2786.8805429160675,0,0.0,0.0,1.0869159132623016,h7_reserve_0.50_unavailable_0.0,administered,2
32b12ba0ae87fc76d4c0cd05,23.921996288979013,4255.831629214326,0.0,0.05218149539036687,2403.475409403318,0,0.0,0.0,1.0160126818024817,h7_reserve_0.10_unavailable_0.0,administered,6
334f8d27a91842277f43e38f,10.356853862090523,4602.061756776772,0.0,0.49144050302453396,2554.2119639789908,0,0.0,0.0,1.31760079745855,h7_reserve_0.10_penalty_1.0,market,8
33c5076f940199592c83f403,22.52031681892165,4591.354741715513,0.0,0.0124412393162393,2759.173749717972,0,0.0,0.0,1.0102752539539412,h7_reserve_0.10_penalty_1.0,administered,11
33d71cae9990d61f461ff27a,6.307557615258137,4545.021675543642,0.0,0.5835333064461922,2622.992791065509,0,0.0,0.0,1.2633523025161755,h7_reserve_0.20_limited_1.0,market,4
33ff54131f7a9f5e25ca9f58,35.9452912988044,4624.000285356185,0.0,0.027520221370796086,2728.252010773224,0,0.0,0.0,1.074100620610004,h7_reserve_0.50_limited_1.0,administered,14
3405fb25c8e83dd11b8b3c1e,10.606041323434054,4640.4315593756355,0.0,0.47920583648786125,2632.605067636323,0,0.0,0.0,1.1342846862340186,h7_reserve_0.05_limited_0.5,market,17
346a28a6c022df688fa8826a,22.53589103525562,4709.573311882821,0.0,0.4092116754211346,2777.907863065506,0,0.0,0.0,1.1467822638941636,h7_reserve_0.20_limited_1.0,market,2
34922b58c6e032d82e59a73b,18.720208033432794,4561.131188164248,0.0,0.038019834067928415,2629.628069287349,0,0.0,0.0,1.1150495676086614,h7_reserve_0.35_limited_1.0,administered,4
34bd62a7e4a0e49f2c60b06f,9.983072670075225,4639.667437164069,0.0,0.5220140776962832,2632.181609060484,0,0.0,0.0,1.1358327742934486,h7_reserve_0.35_limited_0.5,market,17
3540005f0a12fe5c38774046,21.02519205086046,4533.701165816161,0.0,0.03225996825351974,2962.4893155598966,0,0.0,0.0,1.0172207691843977,h7_reserve_0.10_penalty_1.0,administered,10
35747cce5f9586eb30eaadb1,11.820830197483769,4415.98843987645,0.0,0.6660042991972114,2703.8854431747563,0,0.0,0.0,1.1527118113542651,h7_reserve_0.05_limited_1.0,market,5
3587c0ad1bd0b148777cf2ef,16.742282559018513,3993.4298163657427,0.0,0.5975242896992747,2017.64120677628,0,0.0,0.0,1.152005211062204,h7_reserve_0.50_limited_1.0,market,12
35a20c3270a52c7ad71571d0,17.007044236696014,4600.911877254727,0.0,0.5996008905966349,2716.004324217518,0,0.0,0.0,1.1342849774908519,h7_reserve_0.50_penalty_1.0,market,14
35a8521e647e62d6670b56a8,13.144638585871279,4244.876430447751,0.0,0.5170035451625742,2398.7302206249587,0,0.0,0.0,1.0241311117448302,h7_reserve_0.10_unavailable_0.0,market,6
35d7097a61a5d0398c718f5a,26.780368229950103,4472.124102229159,0.0,0.04481753042292185,2607.7811533041227,0,0.0,0.0,1.0777089057319762,h7_reserve_0.35_limited_0.5,administered,0
36220917637c142b17264a0d,33.32683230415231,4004.95822616668,0.0,0.0754236930668055,2023.6376947757244,0,0.0,0.0,1.0648572295262115,h7_reserve_0.10_limited_1.0,administered,12
36fa46d93c80600b6d6b0b81,17.474270726715137,4601.55319359919,0.0,0.5874570566336568,2716.320878658533,0,0.0,0.0,1.1325136804625655,h7_reserve_0.20_unavailable_0.0,market,14
37b2c74635c66ad543e89300,19.171860307117946,4612.313246608438,0.0,0.12908384439634418,2558.0494890609616,0,0.0,0.0,1.1796509219312448,h7_reserve_0.50_limited_1.0,administered,8
389a516b5dcc8f30d2f606a1,23.65723461130151,4822.722585002299,0.0,0.030930180930180854,2813.421689548466,0,0.0,0.0,1.1266451982299341,h7_reserve_0.35_limited_1.0,administered,7
38a40f5d091de4d56eac7b58,36.023162380474254,4624.071938759698,0.0,0.025853554704129422,2728.284162034514,0,0.0,0.0,1.0737275269818352,h7_reserve_0.20_limited_1.0,administered,14
38b3b36cb60839a7b6f99c0a,13.113490153203339,4244.851332668412,0.0,0.5175591007181297,2398.7236933485515,0,0.0,0.0,1.0244239480302655,h7_reserve_0.05_limited_0.5,market,6
38bb4247020e295cc3aa6825,15.169286709287473,4652.250756963657,0.0,0.4087097070190214,2708.7639745308807,0,0.0,0.0,1.2182063491783053,h7_reserve_0.50_unavailable_0.0,market,13
393577455bbf1c2e52cb51ed,22.53589103525562,4709.573311882821,0.0,0.4092116754211346,2777.907863065506,0,0.0,0.0,1.1467822638941636,h7_reserve_0.10_limited_0.5,market,2
3a29797443472ff51c473568,14.016794700573639,4321.966106091215,0.0,0.47607586606227903,2325.043708346393,0,0.0,0.0,1.1838345305642481,h7_reserve_0.35_limited_0.5,market,1
3a6d1f387c00624760cfed93,8.456799469346095,4447.851588411781,0.0,0.5344881854256854,2729.1362985172127,0,0.0,0.0,1.1336536421990981,h7_reserve_0.50_unavailable_0.0,market,19
3a767fd9b2b484a33f188b64,11.353603707464648,4577.214970675694,0.0,0.5196337333387898,2752.1022569323673,0,0.0,0.0,1.0164393729728636,h7_reserve_0.20_limited_0.5,market,11
3a78a3425d33e87c7e3a30c0,20.962895185524577,4533.634504881314,0.0,0.03479248555490196,2962.448920687257,0,0.0,0.0,1.017558530435187,h7_reserve_0.35_limited_1.0,administered,10
3a7bdb16a4f3140caa43482f,26.600761498421974,4550.184166086984,0.0,0.0038461538461538377,2766.3376220688865,0,0.0,0.0,1.0451689413006435,h7_reserve_0.35_unavailable_0.0,administered,9
3af2750c0129b20c08f26ad8,5.700163178233279,4658.473304086151,0.0,0.4866238628352921,2881.0022028633707,0,0.0,0.0,1.1489495375315768,h7_reserve_0.50_unavailable_0.0,market,18
3b71b2dd0eb31e4ce704f372,27.488491829458304,4668.499205073022,0.0,0.02119659617958163,2716.8685251635957,0,0.0,0.0,1.1138490923411069,h7_reserve_0.35_penalty_1.0,administered,13
3bb189541d09e9afb59143b3,9.983072670075225,4639.667437164069,0.0,0.5220140776962832,2632.181609060484,0,0.0,0.0,1.1358327742934486,h7_reserve_0.35_unavailable_0.0,market,17
3befb1f125fad6d47b266b39,19.91942269114854,3994.8890670788905,0.0,0.5247491264588965,2017.8742043101493,0,0.0,0.0,1.1313933972873975,h7_reserve_0.05_limited_1.0,market,12
3d2df4400bef545d1be13208,11.820830197483769,4415.98843987645,0.0,0.6660042991972114,2703.8854431747563,0,0.0,0.0,1.1527118113542651,h7_reserve_0.05_unavailable_0.0,market,5
3d676def154e7d54a20a5818,36.303498274485726,4726.440376591208,0.0,0.029400825782404688,2786.977879572261,0,0.0,0.0,1.0861010651650604,h7_reserve_0.35_limited_1.0,administered,2
3db03354a00aa95dc82d8a61,25.681882734717703,4330.522501721929,0.0,0.06197250967631398,2328.0121376732686,0,0.0,0.0,1.0840370131570836,h7_reserve_0.20_penalty_1.0,administered,1
3df34f16a5ef584feafab8cb,4.812432847196948,4513.275068766074,0.0,0.7770430971533911,2951.5713972628378,0,0.0,0.0,1.1630817714126986,h7_reserve_0.05_penalty_1.0,market,10
3e2f7cf53014cfebd62d68d0,7.179713729960496,4524.549525121335,0.0,0.7226817099535938,2753.5357006396425,0,0.0,0.0,1.1718599712914908,h7_reserve_0.50_limited_1.0,market,9
3e57594e9950bf08bbf1a466,22.52031681892165,4591.356095624638,0.0,0.0124412393162393,2759.1753356426752,0,0.0,0.0,1.0102752539539412,h7_reserve_0.20_unavailable_0.0,administered,11
3e8977e686a6d8446828ec3f,33.275605357384265,4004.9227334282205,0.0,0.07643680989320191,2023.6144474814694,0,0.0,0.0,1.065140283995194,h7_reserve_0.05_penalty_1.0,administered,12
3f83528c9a4bb4582ad0c934,23.750679909305333,4255.714877664206,0.0,0.05636883385762421,2403.426665206644,0,0.0,0.0,1.0171765439088107,h7_reserve_0.35_limited_1.0,administered,6
4010bad0c3c848911ec9edf3,30.83694834126201,4439.357323799997,0.0,0.05181555562333823,2715.867435348578,0,0.0,0.0,1.0522350495927315,h7_reserve_0.20_penalty_1.0,administered,5
401e1053a77617b6fabbf4a4,20.065914760079174,4652.066250325964,0.0,0.017968581697551583,2637.7064082528655,0,0.0,0.0,1.1049391869732312,h7_reserve_0.20_unavailable_0.0,administered,17
40f82389cf36a6c056ec7436,20.065914760079174,4652.066250325964,0.0,0.017968581697551583,2637.7064082528655,0,0.0,0.0,1.1049391869732312,h7_reserve_0.20_limited_0.5,administered,17
420ed5813f2f8b18e7fbeafa,5.996073288578723,4658.785844596299,0.0,0.45501090037447495,2881.1718535147625,0,0.0,0.0,1.1428849656637725,h7_reserve_0.10_limited_1.0,market,18
42515ea9918cbe5e526ee064,10.278982780420668,4241.652619304468,0.0,0.6659305901823548,2397.107919063331,0,0.0,0.0,1.027298243623095,h7_reserve_0.50_limited_1.0,market,6
4280083af58c498b03ed33ee,10.652763972435965,4640.502957925053,0.0,0.4779558364878613,2632.6351244168686,0,0.0,0.0,1.1337938059251078,h7_reserve_0.10_limited_1.0,market,17
42da167921b405200de0a343,21.02519205086046,4533.701165816161,0.0,0.03226575006961135,2962.4893155598966,0,0.0,0.0,1.0172207691843977,h7_reserve_0.20_penalty_1.0,administered,10
430355ef9bcba2bc96109f53,22.52031681892165,4591.356095624638,0.0,0.0124412393162393,2759.1753356426752,0,0.0,0.0,1.0102752539539412,h7_reserve_0.20_penalty_1.0,administered,11
435f98da998d67202e6a5909,9.157639204374778,4802.491318345737,0.0,0.6665693241943241,2804.365627094128,0,0.0,0.0,1.158234879785389,h7_reserve_0.35_penalty_1.0,market,7
4366fd2f177260d3997c4693,26.20804605293203,4419.592090118242,0.0,0.031967677437859256,2519.983995575544,0,0.0,0.0,1.0317302368537093,h7_reserve_0.05_penalty_1.0,administered,15
4379e4c7fe12087b1b00a6c7,20.62026242617722,4613.013727974444,0.0,0.05386904761904752,2558.4441280763217,0,0.0,0.0,1.150716873515619,h7_reserve_0.20_unavailable_0.0,administered,8
43e8f4f0ea77e6da1b4746d5,32.51249256058226,4004.34625901087,0.0,0.10351710823598614,2023.2240354190421,0,0.0,0.0,1.0701414291253837,h7_reserve_0.50_limited_0.5,administered,12
441c39e58cfa202ea847cbe0,26.93958844401777,4472.231271469639,0.0,0.040486507033718915,2607.8213951020543,0,0.0,0.0,1.0761132313417425,h7_reserve_0.05_unavailable_0.0,administered,0
4488f52b3c5d529d9385240d,36.33464670715367,4726.480414951555,0.0,0.028706381337960243,2787.0000278417174,0,0.0,0.0,1.0859327253821969,h7_reserve_0.05_unavailable_0.0,administered,2
4559b868f0e702988b1c50f6,20.62026242617722,4613.012568425365,0.0,0.05386904761904752,2558.4427777138694,0,0.0,0.0,1.150716873515619,h7_reserve_0.10_unavailable_0.0,administered,8
4625460017f8d98092481890,11.696236466812003,4404.393503167748,0.0,0.6408875945728646,2513.7059173923253,0,0.0,0.0,1.0565526143338428,h7_reserve_0.10_unavailable_0.0,market,15
464f85ba3952067461f60dc5,26.600761498421974,4550.184166086984,0.0,0.0038461538461538377,2766.3376220688865,0,0.0,0.0,1.0451689413006435,h7_reserve_0.35_limited_0.5,administered,9
4680a02796a5b2ae53c88e07,18.720208033432794,4561.131188164248,0.0,0.038019834067928415,2629.628069287349,0,0.0,0.0,1.1150495676086614,h7_reserve_0.35_limited_0.5,administered,4
46a3d4d4b3cdbb62b303ca41,26.780368229950103,4472.122789506473,0.0,0.04481753042292185,2607.779896526253,0,0.0,0.0,1.0777089057319762,h7_reserve_0.50_unavailable_0.0,administered,0
4719af32d013773d1c5497b0,6.307557615258137,4545.021675543642,0.0,0.5835333064461922,2622.992791065509,0,0.0,0.0,1.2633523025161755,h7_reserve_0.10_limited_1.0,market,4
47b6f86123b3edc2791828e1,17.443122294047196,4601.505453625996,0.0,0.5880142261966212,2716.298648498406,0,0.0,0.0,1.132826417279495,h7_reserve_0.05_limited_0.5,market,14
47eda0d62a92ee7829cd9571,5.996073288578723,4658.785844596299,0.0,0.45501090037447495,2881.1718535147625,0,0.0,0.0,1.1428849656637725,h7_reserve_0.10_penalty_1.0,market,18
48530873517259b38815488a,30.681206177922302,4439.179398451686,0.0,0.05542666673444933,2715.7802374424014,0,0.0,0.0,1.0532510184319983,h7_reserve_0.05_unavailable_0.0,administered,5
48d39d7c2a59450bf10c51f9,12.92659955719569,4669.316461514634,0.0,0.02173697761933054,2886.055550364862,0,0.0,0.0,1.0970586891656733,h7_reserve_0.05_limited_1.0,administered,18
497b5f09b75da4faa50fc5ad,27.457343396790364,4668.4505453574775,0.0,0.021752151735137185,2716.846365497849,0,0.0,0.0,1.1141219595866354,h7_reserve_0.50_limited_0.5,administered,13
4a93c7e8b96bda09c2ee7174,23.688383043969452,4255.6377842902475,0.0,0.05932458750483893,2403.3788979717947,0,0.0,0.0,1.017386288674014,h7_reserve_0.50_limited_0.5,administered,6
4ad3543022485fac2bcef7dd,3.909128299826647,4567.191900407906,0.0,0.6302519240019241,3102.3018998958055,0,0.0,0.0,1.209091645885681,h7_reserve_0.05_unavailable_0.0,market,3
4b95ad33994145d93653eb5f,19.696254487257434,4651.706416504267,0.0,0.025600982961730145,2637.5806117243696,0,0.0,0.0,1.1093760974587616,h7_reserve_0.50_limited_0.5,administered,17
4bc4aa599890dbf268f80fcd,15.511919468634828,4652.741134609917,0.0,0.39722475945209007,2708.999179193127,0,0.0,0.0,1.2141062034739023,h7_reserve_0.35_penalty_1.0,market,13
4be4c34bbba9d4ccdd0da058,36.303498274485726,4726.440376591208,0.0,0.029400825782404688,2786.977879572261,0,0.0,0.0,1.0861010651650604,h7_reserve_0.35_penalty_1.0,administered,2
4bf15363d68cc7daf0818420,20.62026242617722,4613.012568425365,0.0,0.05386904761904752,2558.4427777138694,0,0.0,0.0,1.150716873515619,h7_reserve_0.10_penalty_1.0,administered,8
4bfcc7ae0d80ed9d736fec20,8.752709579691539,4448.235984297254,0.0,0.5226786563621021,2729.3102987715806,0,0.0,0.0,1.1281110363116882,h7_reserve_0.35_unavailable_0.0,market,19
4c0980fe38f3e0b6a904bb70,4.718987549193124,4513.233014037624,0.0,0.7914159574086045,2951.5355070778023,0,0.0,0.0,1.1588484222937472,h7_reserve_0.35_penalty_1.0,market,10
4c86d2d606e3a2e97beaa201,27.488491829458304,4668.499146832785,0.0,0.02119659617958163,2716.8684710483344,0,0.0,0.0,1.1138490923411069,h7_reserve_0.10_penalty_1.0,administered,13
4cb2765864abf4446c7ccf47,12.615115230516276,4455.899980342014,0.0,0.4835778479220074,2600.9333761032644,0,0.0,0.0,1.1934709246129798,h7_reserve_0.50_limited_0.5,market,0
4ce4e9ed44f4eb08afb7e94b,15.480771035966887,4652.693690676229,0.0,0.39798043401252214,2708.977110812761,0,0.0,0.0,1.21450393947981,h7_reserve_0.10_limited_0.5,market,13
4d31e8b08774d626a6209673,26.600761498421974,4550.180188792241,0.0,0.0037606837606837568,2766.3369608352505,0,0.0,0.0,1.0451171164547497,h7_reserve_0.05_limited_0.5,administered,9
4d8e3ef26e09982c0769da2a,20.962895185524577,4533.634504881314,0.0,0.03479248555490196,2962.448920687257,0,0.0,0.0,1.017558530435187,h7_reserve_0.35_unavailable_0.0,administered,10
4e63637abe2b56c651e4b1fc,11.696236466812003,4404.393503167748,0.0,0.6408875945728646,2513.7059173923253,0,0.0,0.0,1.0565526143338428,h7_reserve_0.10_penalty_1.0,market,15
4ecbd6276b579a5960cafcf0,9.142064988040806,4802.485412042308,0.0,0.6695137686387685,2804.3540487782802,0,0.0,0.0,1.1570547727909457,h7_reserve_0.10_limited_0.5,market,7
4ee0f91460b25f5a88ad5731,17.474270726715137,4601.55319359919,0.0,0.5874551683682864,2716.320878658533,0,0.0,0.0,1.1325136804625655,h7_reserve_0.10_penalty_1.0,market,14
4f9b866d80242c728a4e9a49,12.194611389499066,4579.102968828097,0.0,0.032453703703703644,3107.9619865590225,0,0.0,0.0,1.120479389043618,h7_reserve_0.20_unavailable_0.0,administered,3
4fa287b28e9e115b8a97371e,22.53589103525562,4709.573311882821,0.0,0.4092116754211346,2777.907863065506,0,0.0,0.0,1.1467822638941636,h7_reserve_0.10_penalty_1.0,market,2
4fc93e947a5f55cee7dc5893,8.752709579691539,4448.235984297254,0.0,0.5226778757847929,2729.3102987715806,0,0.0,0.0,1.1281110363116882,h7_reserve_0.20_limited_0.5,market,19
4fdc97b00d3cd0f0bbbd97e6,6.307557615258137,4545.021675543642,0.0,0.5835333064461922,2622.992791065509,0,0.0,0.0,1.2633523025161755,h7_reserve_0.20_unavailable_0.0,market,4
4fe913a47e4a794898205b1b,6.042795937580634,4658.86019907429,0.0,0.4525459176781747,2881.2055879699606,0,0.0,0.0,1.1422034068335905,h7_reserve_0.35_limited_0.5,market,18
4ff83761007e7646d7b5cc02,27.488491829458304,4668.499205073022,0.0,0.02119659617958163,2716.8685251635957,0,0.0,0.0,1.1138490923411069,h7_reserve_0.35_unavailable_0.0,administered,13
4ff8c41d7ff27ad2c6e77fb2,15.480771035966887,4652.692895631569,0.0,0.39798043401252214,2708.9764572202,0,0.0,0.0,1.21450393947981,h7_reserve_0.05_penalty_1.0,market,13
5036cf374bc668e66f055cbf,6.307557615258137,4545.021675543642,0.0,0.5835333064461922,2622.992791065509,0,0.0,0.0,1.2633523025161755,h7_reserve_0.10_penalty_1.0,market,4
51814d9d3a39f83aa9bb4398,11.867552846485681,4416.061112227241,0.0,0.6651696464689626,2703.917390273825,0,0.0,0.0,1.1520562494063809,h7_reserve_0.10_penalty_1.0,market,5
51b28c1a6525749a8825a5ca,30.83694834126201,4439.357323799997,0.0,0.05181555562333823,2715.867435348578,0,0.0,0.0,1.0522350495927315,h7_reserve_0.20_limited_1.0,administered,5
521945d62a81dbdb4afd435e,11.696236466812003,4404.424730586304,0.0,0.6454509625206104,2513.6835176083405,0,0.0,0.0,1.0568127153308629,h7_reserve_0.35_limited_0.5,market,15
53c54facfa5ff68956dee0eb,11.820830197483769,4415.98843987645,0.0,0.6660042991972114,2703.8854431747563,0,0.0,0.0,1.1527118113542651,h7_reserve_0.05_limited_0.5,market,5
53f95a1ecdafc92b83d4191b,26.20804605293203,4419.592090118242,0.0,0.031967677437859256,2519.983995575544,0,0.0,0.0,1.0317302368537093,h7_reserve_0.05_unavailable_0.0,administered,15
54486d43758f478214d4e94f,30.19840547156921,4438.625695925471,0.0,0.06503011501031139,2715.493360852359,0,0.0,0.0,1.0571439329946692,h7_reserve_0.50_limited_0.5,administered,5
5491e0b43115ead88251495b,12.52166993251245,4244.031682155027,0.0,0.5397516715822401,2398.3355350978363,0,0.0,0.0,1.0215955239907186,h7_reserve_0.35_limited_0.5,market,6
54b8a6bd8ec1fd345cdbbc0c,17.007044236696014,4600.911877254727,0.0,0.5996008905966349,2716.004324217518,0,0.0,0.0,1.1342849774908519,h7_reserve_0.50_limited_0.5,market,14
550a6ffc66191bc39d68443a,5.996073288578723,4658.785844596299,0.0,0.45501090037447495,2881.1718535147625,0,0.0,0.0,1.1428849656637725,h7_reserve_0.10_unavailable_0.0,market,18
55222aa0a5731b2ca48336fe,19.91942269114854,3994.8890670788905,0.0,0.5247491264588965,2017.8742043101493,0,0.0,0.0,1.1313933972873975,h7_reserve_0.05_limited_0.5,market,12
5565e04e45a1fa55eda3a7bd,10.278982780420668,4241.652619304468,0.0,0.6659305901823548,2397.107919063331,0,0.0,0.0,1.027298243623095,h7_reserve_0.50_unavailable_0.0,market,6
577b6427bd4f9cbb702b345d,12.194611389499066,4579.102968828097,0.0,0.032453703703703644,3107.9619865590225,0,0.0,0.0,1.120479389043618,h7_reserve_0.20_limited_0.5,administered,3
577ce12c82f911c25f679e88,15.480771035966887,4652.692895631569,0.0,0.39798043401252214,2708.9764572202,0,0.0,0.0,1.21450393947981,h7_reserve_0.05_unavailable_0.0,market,13
57870fd402f3557ae3097341,7.179713729960496,4524.549525121335,0.0,0.7226817099535938,2753.5357006396425,0,0.0,0.0,1.1718599712914908,h7_reserve_0.50_unavailable_0.0,market,9
57b0537d987066ba449c3bff,16.757856775352487,4457.362391791378,0.0,0.057941317941317856,2733.9434213256623,0,0.0,0.0,1.0496515302190383,h7_reserve_0.35_limited_1.0,administered,19
581432bf75b151d1210be89e,25.681882734717703,4330.522501721929,0.0,0.06197250967631398,2328.0121376732686,0,0.0,0.0,1.0840370131570836,h7_reserve_0.20_unavailable_0.0,administered,1
58262137365d329a566225c0,6.307557615258137,4545.021675543642,0.0,0.5835333064461922,2622.992791065509,0,0.0,0.0,1.2633523025161755,h7_reserve_0.20_limited_0.5,market,4
58dc0585d0afbc83d0d3b6c6,19.234157172453827,4467.150791210657,0.0,0.41629807887480513,2481.2366698735873,0,0.0,0.0,1.1170671590049432,h7_reserve_0.50_limited_0.5,market,16
592c472ca2d8ac6471ab0389,23.750679909305333,4255.714877664206,0.0,0.05636883385762421,2403.426665206644,0,0.0,0.0,1.0171765439088107,h7_reserve_0.35_penalty_1.0,administered,6
59cfbb9bf5be013b79bb6d65,20.044016421820306,3994.886395375337,0.0,0.5224651758416126,2017.8514023013388,0,0.0,0.0,1.1299333690316118,h7_reserve_0.10_limited_0.5,market,12
5ae243d231c94459fec4c830,17.474270726715137,4601.55319359919,0.0,0.5874551683682864,2716.320878658533,0,0.0,0.0,1.1325136804625655,h7_reserve_0.10_limited_0.5,market,14
5af53bd12fa523a934f0b44c,26.23940066280652,4419.608081186715,0.0,0.03117991056071548,2519.9926288195393,0,0.0,0.0,1.0314409307409267,h7_reserve_0.10_limited_1.0,administered,15
5afcc7fb1ac54a43284a571e,18.938247062108385,4561.316733457253,0.0,0.03394416356984412,2629.687592666996,0,0.0,0.0,1.111944206037969,h7_reserve_0.05_penalty_1.0,administered,4
5b4b6f01bc6ae5c21fc609cc,11.820830197483769,4415.98843987645,0.0,0.6660042991972114,2703.8854431747563,0,0.0,0.0,1.1527118113542651,h7_reserve_0.05_penalty_1.0,market,5
5d4a0c9b0ca1cea08cd78cbb,36.16333032747999,4726.27288223915,0.0,0.03265914834219783,2786.8805429160675,0,0.0,0.0,1.0869159132623016,h7_reserve_0.50_limited_0.5,administered,2
5dd378cc88f9948dec4a85ba,4.983749226870627,4513.5496013263055,0.0,0.7716509402906461,2951.700507464503,0,0.0,0.0,1.1573077058489072,h7_reserve_0.10_limited_0.5,market,10
5e9accca6f63fb11bc08285c,22.53589103525562,4709.573311882821,0.0,0.4092116754211346,2777.907863065506,0,0.0,0.0,1.1467822638941636,h7_reserve_0.20_penalty_1.0,market,2
5f2db4c231da9271f5da8617,21.02519205086046,4533.701165816161,0.0,0.03225996825351974,2962.4893155598966,0,0.0,0.0,1.0172207691843977,h7_reserve_0.10_unavailable_0.0,administered,10
5f7c54baa38579c8556e2865,25.61958586938182,4330.495579360189,0.0,0.0634876611914655,2327.9992368364387,0,0.0,0.0,1.0846881816113267,h7_reserve_0.10_unavailable_0.0,administered,1
5faa9ca38f81c987b109ac93,21.850625516560907,4708.803122384335,0.0,0.4300570131460617,2777.485263339298,0,0.0,0.0,1.1503623583055773,h7_reserve_0.50_penalty_1.0,market,2
5fe008f0753cad716aa88f2e,15.169286709287473,4652.250756963657,0.0,0.4087097070190214,2708.7639745308807,0,0.0,0.0,1.2182063491783053,h7_reserve_0.50_penalty_1.0,market,13
603cd8db3eb72bf10f1ba73b,6.307557615258137,4545.021675543642,0.0,0.5835333064461922,2622.992791065509,0,0.0,0.0,1.2633523025161755,h7_reserve_0.10_limited_0.5,market,4
60d28246786a06a7922d1bb6,25.681882734717703,4330.522501721929,0.0,0.06197250967631398,2328.0121376732686,0,0.0,0.0,1.0840370131570836,h7_reserve_0.20_limited_0.5,administered,1
60efc53e0316737c6c111f44,5.996073288578723,4658.785844596299,0.0,0.45501090037447495,2881.1718535147625,0,0.0,0.0,1.1428849656637725,h7_reserve_0.05_unavailable_0.0,market,18
612d1e8282507cae55404cf1,8.659264281687713,4448.117359702767,0.0,0.5262292568542568,2729.2592443974486,0,0.0,0.0,1.1296568997772996,h7_reserve_0.05_unavailable_0.0,market,19
615fbe51c5845473d9686e0e,11.867552846485681,4416.061112227241,0.0,0.6651696464689626,2703.917390273825,0,0.0,0.0,1.1520562494063809,h7_reserve_0.10_unavailable_0.0,market,5
616650c211d98e2b11467e50,20.1530359361581,4612.810528214268,0.0,0.08083062770562746,2558.304073005226,0,0.0,0.0,1.1600019947801545,h7_reserve_0.35_unavailable_0.0,administered,8
61cf0231274ebc0e29a4d658,26.180257657404766,4549.662163816799,0.0,0.014261548636548611,2766.0531333218896,0,0.0,0.0,1.047897891896817,h7_reserve_0.50_penalty_1.0,administered,9
61ffef4c78b15b2a6ca48b30,4.983749226870627,4513.5496013263055,0.0,0.7716509402906461,2951.700507464503,0,0.0,0.0,1.1573077058489072,h7_reserve_0.20_limited_1.0,market,10
6220e74ec8c7d7c3d74f3ad1,15.511919468634828,4652.741134609917,0.0,0.39722475945209007,2708.999179193127,0,0.0,0.0,1.2141062034739023,h7_reserve_0.35_limited_1.0,market,13
627e46140119407a36788b42,12.92659955719569,4669.316461514634,0.0,0.02173697761933054,2886.055550364862,0,0.0,0.0,1.0970586891656733,h7_reserve_0.05_limited_0.5,administered,18
62b9665f65728e8280a4da24,6.042795937580634,4658.86019907429,0.0,0.4525459176781747,2881.2055879699606,0,0.0,0.0,1.1422034068335905,h7_reserve_0.20_limited_1.0,market,18
63a77b8fcfc01fe6ade26ccc,20.962895185524577,4533.634504881314,0.0,0.03479248555490196,2962.448920687257,0,0.0,0.0,1.017558530435187,h7_reserve_0.35_penalty_1.0,administered,10
63c65db417dd954084f70125,16.851302073356308,4457.435013430967,0.0,0.05481631794131787,2733.9737442314804,0,0.0,0.0,1.0480500621691762,h7_reserve_0.20_limited_1.0,administered,19
640aed428ca662c5046a07cd,33.275605357384265,4004.9227334282205,0.0,0.07643680989320191,2023.6144474814694,0,0.0,0.0,1.065140283995194,h7_reserve_0.05_limited_0.5,administered,12
6415a7ba1c0225e627917b9b,32.88078647614296,4004.687528705304,0.0,0.09195557568125944,2023.455747743261,0,0.0,0.0,1.068104482684777,h7_reserve_0.35_unavailable_0.0,administered,12
64470cab3fa9933acfaf1918,23.921996288979013,4255.831629214326,0.0,0.05218149539036687,2403.475409403318,0,0.0,0.0,1.0160126818024817,h7_reserve_0.10_limited_1.0,administered,6
645515dd6381e10f7174ce8b,36.33464670715367,4726.480414951555,0.0,0.028706381337960243,2787.0000278417174,0,0.0,0.0,1.0859327253821969,h7_reserve_0.05_penalty_1.0,administered,2
64e31cdd65d001b3b98c3d26,4.983749226870627,4513.5496013263055,0.0,0.7716509402906461,2951.700507464503,0,0.0,0.0,1.1573077058489072,h7_reserve_0.20_limited_0.5,market,10
657fd7fd7f30e130fa74ee19,23.48591823162783,4822.617529323417,0.0,0.04293021793021784,2813.371928701469,0,0.0,0.0,1.1291271704403105,h7_reserve_0.10_limited_1.0,administered,7
658d660c33736a0630981333,6.2764091825901955,4544.967108121531,0.0,0.5840888620017476,2622.9766088484294,0,0.0,0.0,1.26350763813689,h7_reserve_0.05_penalty_1.0,market,4
65b153e6fc99259510756900,13.113490153203339,4244.851332668412,0.0,0.5175591007181297,2398.7236933485515,0,0.0,0.0,1.0244239480302655,h7_reserve_0.05_penalty_1.0,market,6
65d8c6a404d4c2f203e7754d,17.27180591437352,4601.290441895164,0.0,0.5933781011453872,2716.185758050744,0,0.0,0.0,1.1330349775451298,h7_reserve_0.35_limited_1.0,market,14
660fafcafa7fb23067aab5a8,9.546994612724045,4528.060158578217,0.0,0.6608293211418211,2755.165547837439,0,0.0,0.0,1.1370707021900175,h7_reserve_0.20_limited_0.5,market,9
6648ef62e1d4c125fa476d14,3.9402767324945884,4567.2539439376715,0.0,0.6288630351130351,3102.3255657729337,0,0.0,0.0,1.2091779267491742,h7_reserve_0.20_limited_1.0,market,3
669d2cf124f588e1f02dea82,36.023162380474254,4624.071876080224,0.0,0.025853554704129422,2728.2840105206387,0,0.0,0.0,1.0737275269818352,h7_reserve_0.05_penalty_1.0,administered,14
66ad531ddd37cd796d232e20,36.023162380474254,4624.071937154602,0.0,0.025853554704129422,2728.2841533573937,0,0.0,0.0,1.0737275269818352,h7_reserve_0.10_limited_1.0,administered,14
66bd17e5a548e3b8a7b8b12f,33.090482034306554,4480.243897413645,0.0,0.02742156859504744,2487.2247223319123,0,0.0,0.0,1.054936270189394,h7_reserve_0.10_limited_0.5,administered,16
671bdbaea63a0a2a24c69edf,22.5981879005915,4591.411502634795,0.0,0.007232905982905957,2759.221573725809,0,0.0,0.0,1.009767723590785,h7_reserve_0.35_unavailable_0.0,administered,11
6772ee321cfeab5fdc9f4d60,26.600761498421974,4550.180188792241,0.0,0.0037606837606837568,2766.3369608352505,0,0.0,0.0,1.0451171164547497,h7_reserve_0.05_unavailable_0.0,administered,9
67d0a49f3f68f7698b752018,36.33464670715367,4726.480414951555,0.0,0.028706381337960243,2787.0000278417174,0,0.0,0.0,1.0859327253821969,h7_reserve_0.20_limited_0.5,administered,2
683a78899ad68a23b8dc6839,13.175787018539221,4244.896705888261,0.0,0.516428832518896,2398.732339329899,0,0.0,0.0,1.023881806992927,h7_reserve_0.20_penalty_1.0,market,6
68cd5d062e4b7c6a2323e940,16.804579424354397,4457.400962199176,0.0,0.05648298460798454,2733.9614110986745,0,0.0,0.0,1.0487131448683353,h7_reserve_0.10_limited_0.5,administered,19
690ca681f3945e1d04d48c96,13.113490153203339,4244.851332668412,0.0,0.5175591007181297,2398.7236933485515,0,0.0,0.0,1.0244239480302655,h7_reserve_0.05_unavailable_0.0,market,6
69d340e7fec336710f1042fe,12.615115230516276,4455.899980342014,0.0,0.4835778479220074,2600.9333761032644,0,0.0,0.0,1.1934709246129798,h7_reserve_0.50_penalty_1.0,market,0
6a13acf96e389456c3230ac2,17.474270726715137,4601.55319359919,0.0,0.5874551683682864,2716.320878658533,0,0.0,0.0,1.1325136804625655,h7_reserve_0.10_unavailable_0.0,market,14
6a8ed5e8b65905ae510b9760,6.042795937580634,4658.86019907429,0.0,0.4525459176781747,2881.2055879699606,0,0.0,0.0,1.1422034068335905,h7_reserve_0.20_limited_0.5,market,18
6ae1cdba8b7f5ac135cfa219,20.1530359361581,4612.810528214268,0.0,0.08083062770562746,2558.304073005226,0,0.0,0.0,1.1600019947801545,h7_reserve_0.35_limited_1.0,administered,8
6afa0e19a781ef0495949f0d,35.9452912988044,4624.000285356185,0.0,0.027520221370796086,2728.252010773224,0,0.0,0.0,1.074100620610004,h7_reserve_0.50_unavailable_0.0,administered,14
6b257a7e8696c5ae290f4cbc,20.62026242617722,4613.013727974444,0.0,0.05386904761904752,2558.4441280763217,0,0.0,0.0,1.150716873515619,h7_reserve_0.20_limited_0.5,administered,8
6b2d07041d48ce16a6ef688c,19.171860307117946,4612.313246608438,0.0,0.12908384439634418,2558.0494890609616,0,0.0,0.0,1.1796509219312448,h7_reserve_0.50_penalty_1.0,administered,8
6bc729ebc282b632a9894fcf,18.330852625083526,3994.2454097526193,0.0,0.5601616243591037,2017.7711131834483,0,0.0,0.0,1.1431807966461514,h7_reserve_0.35_penalty_1.0,market,12
6c0eefb397b060ea6da123b6,11.353603707464648,4577.214970675694,0.0,0.5196337333387898,2752.1022569323673,0,0.0,0.0,1.0164393729728636,h7_reserve_0.20_limited_1.0,market,11
6c79e85281118e5482409e7c,23.45476979895989,4822.573200728468,0.0,0.0434857734857734,2813.34757085578,0,0.0,0.0,1.1294750662434072,h7_reserve_0.05_limited_0.5,administered,7
6ce0dbd7b3d57c86047230be,26.600761498421974,4550.184166086984,0.0,0.0038461538461538377,2766.3376220688865,0,0.0,0.0,1.0451689413006435,h7_reserve_0.35_penalty_1.0,administered,9
6d8979ccac1dedd5734c5804,17.95707143306823,4560.549816192219,0.0,0.0578106054083861,2629.4350776721153,0,0.0,0.0,1.1263340913268938,h7_reserve_0.50_unavailable_0.0,administered,4
6dfe143ea94044983a7e534b,6.042795937580634,4658.86019907429,0.0,0.4525459176781747,2881.2055879699606,0,0.0,0.0,1.1422034068335905,h7_reserve_0.35_penalty_1.0,market,18
6e37cce459bcb2c674025edd,10.699486621437877,4640.593962992475,0.0,0.47825345553548027,2632.668507169616,0,0.0,0.0,1.1333619604983824,h7_reserve_0.20_limited_0.5,market,17
6e5ef414bc43c0221b88d1de,6.307557615258137,4545.021675543642,0.0,0.5835333064461922,2622.992791065509,0,0.0,0.0,1.2633523025161755,h7_reserve_0.10_unavailable_0.0,market,4
6fca21a1facf3da5feae0c4f,4.983749226870627,4513.5496013263055,0.0,0.7716509402906461,2951.700507464503,0,0.0,0.0,1.1573077058489072,h7_reserve_0.10_unavailable_0.0,market,10
706acc30b48281ad159593ea,13.144638585871279,4244.876430447751,0.0,0.5170035451625742,2398.7302206249587,0,0.0,0.0,1.0241311117448302,h7_reserve_0.10_limited_0.5,market,6
70a34b173b4a84add420406a,23.563789313297686,4822.668128230806,0.0,0.03975561475561467,2813.395288540965,0,0.0,0.0,1.1279869489594556,h7_reserve_0.20_unavailable_0.0,administered,7
70d8cb53c046b873fd24140e,21.02519205086046,4533.701165816161,0.0,0.03224942112650467,2962.4893155598966,0,0.0,0.0,1.0172207691843977,h7_reserve_0.05_penalty_1.0,administered,10
715c0837d72bcc698b9395f7,15.169286709287473,4652.250756963657,0.0,0.4087097070190214,2708.7639745308807,0,0.0,0.0,1.2182063491783053,h7_reserve_0.50_limited_0.5,market,13
7179a12f2797df2c3df64db0,11.104416246121117,4576.887370631505,0.0,0.5305759859867928,2751.928168285478,0,0.0,0.0,1.0171618666649522,h7_reserve_0.10_unavailable_0.0,market,11
7271d7daa0fc4fde943076e4,23.750679909305333,4255.714877664206,0.0,0.05636883385762421,2403.426665206644,0,0.0,0.0,1.0171765439088107,h7_reserve_0.35_limited_0.5,administered,6
72adde6cfe4bce8e6aff9f50,33.275605357384265,4004.9227334282205,0.0,0.07643680989320191,2023.6144474814694,0,0.0,0.0,1.065140283995194,h7_reserve_0.05_limited_1.0,administered,12
73423a589228ee00114afac8,13.892200969901873,4321.957688276242,0.0,0.4777490419202375,2325.058845348437,0,0.0,0.0,1.1867476674704298,h7_reserve_0.10_unavailable_0.0,market,1
73d257d220b571f76094e97f,26.631909931089915,4550.22450491101,0.0,0.003205128205128201,2766.3601734058007,0,0.0,0.0,1.0449373146771033,h7_reserve_0.10_limited_0.5,administered,9
74544b945c1a4c1f386888ff,26.176023214855263,4419.5643993064905,0.0,0.03232757288709229,2519.975613651904,0,0.0,0.0,1.0319471923408827,h7_reserve_0.35_unavailable_0.0,administered,15
74cb70a8ff35efe68d41978c,22.224406708576204,4709.242007533473,0.0,0.41926582157319175,2777.7141725627853,0,0.0,0.0,1.1483965618464573,h7_reserve_0.35_limited_0.5,market,2
74e667b325e0720af86e800a,12.92659955719569,4669.316461514634,0.0,0.02173697761933054,2886.055550364862,0,0.0,0.0,1.0970586891656733,h7_reserve_0.05_unavailable_0.0,administered,18
74fb8d3209a0ac9069c2801b,12.92659955719569,4669.316461514634,0.0,0.02173697761933054,2886.055550364862,0,0.0,0.0,1.0970586891656733,h7_reserve_0.05_penalty_1.0,administered,18
75a87249f74d46d20eba30a1,11.696236466812003,4404.424730586304,0.0,0.6454509625206104,2513.6835176083405,0,0.0,0.0,1.0568127153308629,h7_reserve_0.35_limited_1.0,market,15
75f167bbda531a68cb55b639,23.563789313297686,4822.668128230806,0.0,0.03975561475561467,2813.395288540965,0,0.0,0.0,1.1279869489594556,h7_reserve_0.20_limited_0.5,administered,7
75f4f76831a9af448fae6419,20.744856156848986,4533.390244349307,0.0,0.04387867647058815,2962.3031516534784,0,0.0,0.0,1.018960628546854,h7_reserve_0.50_unavailable_0.0,administered,10
761ad305ec9cdeda40358991,22.52031681892165,4591.354741715513,0.0,0.0124412393162393,2759.173749717972,0,0.0,0.0,1.0102752539539412,h7_reserve_0.10_limited_1.0,administered,11
766cde3c410adbb07d6077ae,11.976572360823477,4578.833100376542,0.0,0.043287037037036964,3107.8067060192298,0,0.0,0.0,1.125317908769247,h7_reserve_0.50_unavailable_0.0,administered,3
766d2c84208f220acd374023,20.0657062018171,4652.066353104211,0.0,0.017969298203140745,2637.706610227568,0,0.0,0.0,1.104937331490007,h7_reserve_0.10_penalty_1.0,administered,17
7688a6a41a45a842f5e451c2,10.278982780420668,4601.954965907316,0.0,0.49475338747558384,2554.18340508605,0,0.0,0.0,1.3171476548658307,h7_reserve_0.35_penalty_1.0,market,8
77b886d308210c60d2c1f028,3.9402767324945884,4567.2539439376715,0.0,0.6288630351130351,3102.3255657729337,0,0.0,0.0,1.2091779267491742,h7_reserve_0.10_limited_0.5,market,3
78d3fa711765c70a09bd03fd,36.023162380474254,4624.071216843893,0.0,0.025853554704129422,2728.283482329784,0,0.0,0.0,1.0737275269818352,h7_reserve_0.35_penalty_1.0,administered,14
7914a23b3b386b82f8715688,22.53589103525562,4709.573311882821,0.0,0.4092116754211346,2777.907863065506,0,0.0,0.0,1.1467822638941636,h7_reserve_0.20_unavailable_0.0,market,2
79aefc5eb076f648109a1c4b,11.415900572800531,4577.297938942811,0.0,0.5163514957264956,2752.1445932597253,0,0.0,0.0,1.0162980929051106,h7_reserve_0.50_limited_0.5,market,11
79e978ff683a1b5b2d90edcc,9.188787637042717,4412.110558065309,0.0,0.7164223055971534,2702.2862598612387,0,0.0,0.0,1.1794201992040665,h7_reserve_0.50_limited_0.5,market,5
79f23d8e5a82b28722947949,19.91942269114854,3994.8890670788905,0.0,0.5247491264588965,2017.8742043101493,0,0.0,0.0,1.1313933972873975,h7_reserve_0.05_unavailable_0.0,market,12
7a13eaf4d41b6d665cb3e7ff,12.708560528520099,4456.016717677406,0.0,0.478755035666201,2600.9899759391137,0,0.0,0.0,1.1926348696693159,h7_reserve_0.10_unavailable_0.0,market,0
7a351b8cabb52b0d09f7fdd1,18.330852625083526,3994.2454097526193,0.0,0.5601616243591037,2017.7711131834483,0,0.0,0.0,1.1431807966461514,h7_reserve_0.35_limited_1.0,market,12
7a49150f8239d3308f6cb6b8,20.62026242617722,4613.012568425365,0.0,0.05386904761904752,2558.4427777138694,0,0.0,0.0,1.150716873515619,h7_reserve_0.10_limited_0.5,administered,8
7a91fa79d9d2ac6ba69159ae,18.938247062108385,4561.317421095256,0.0,0.03394416356984412,2629.6884332226014,0,0.0,0.0,1.111944206037969,h7_reserve_0.10_unavailable_0.0,administered,4
7b08d46ab02571448c6ecfb7,5.700163178233279,4658.473304086151,0.0,0.4866238628352921,2881.0022028633707,0,0.0,0.0,1.1489495375315768,h7_reserve_0.50_penalty_1.0,market,18
7b34f4ac045f2b319d6aedf3,10.356853862090523,4602.061756776772,0.0,0.49144050302453396,2554.2119639789908,0,0.0,0.0,1.31760079745855,h7_reserve_0.10_limited_1.0,market,8
7b46fcf106758133ae63f971,17.27180591437352,4601.290441895164,0.0,0.5933781011453872,2716.185758050744,0,0.0,0.0,1.1330349775451298,h7_reserve_0.35_penalty_1.0,market,14
7bd20fc883953a59f7630bb1,3.909128299826647,4567.191900407906,0.0,0.6302519240019241,3102.3018998958055,0,0.0,0.0,1.209091645885681,h7_reserve_0.05_limited_1.0,market,3
7bf78d3f8639c61327c23dc6,12.147888740497155,4579.046629407728,0.0,0.03495370370370365,3107.929155087763,0,0.0,0.0,1.1215018497173839,h7_reserve_0.35_limited_1.0,administered,3
7c19fc0b99481e84100ec535,19.984358976979713,4652.008992645959,0.0,0.020203508223917265,2637.6939315179584,0,0.0,0.0,1.1060044143370513,h7_reserve_0.05_unavailable_0.0,administered,17
7cea27a7a27ed5fc45d55ec9,13.84547832089996,4321.9249286135355,0.0,0.4785823752535709,2325.052261479175,0,0.0,0.0,1.1876802774454862,h7_reserve_0.05_limited_0.5,market,1
7d7887a34585a5b0c7cd4aee,12.147888740497155,4579.046629407728,0.0,0.03495370370370365,3107.929155087763,0,0.0,0.0,1.1215018497173839,h7_reserve_0.35_unavailable_0.0,administered,3
7dd1d9abb2a5de218668f6e9,9.546994612724045,4528.060158578217,0.0,0.6608293211418211,2755.165547837439,0,0.0,0.0,1.1370707021900175,h7_reserve_0.20_penalty_1.0,market,9
7e077e17854e4e8db58698d8,32.86650094338854,4480.153328073904,0.0,0.03142980184412475,2487.1932690166263,0,0.0,0.0,1.0568043881503082,h7_reserve_0.50_limited_1.0,administered,16
7e07b4759bac32fb5f074995,16.726708342684542,4457.335920257607,0.0,0.059087151274651195,2733.931396054354,0,0.0,0.0,1.050083041406473,h7_reserve_0.50_unavailable_0.0,administered,19
7ebe6a87fc1f369885ce1335,9.142064988040806,4802.485416497458,0.0,0.6695137686387685,2804.354102122576,0,0.0,0.0,1.1570547727909457,h7_reserve_0.20_limited_1.0,market,7
7eff6f813594448e47636a13,12.92659955719569,4669.316461514634,0.0,0.02173697761933054,2886.055550364862,0,0.0,0.0,1.0970586891656733,h7_reserve_0.20_limited_1.0,administered,18
7f16575fd1e362562906f6d0,4.718987549193124,4513.233014037624,0.0,0.7914159574086045,2951.5355070778023,0,0.0,0.0,1.1588484222937472,h7_reserve_0.35_limited_1.0,market,10
7f1741aae0fb56fbc7f8173a,25.49380101946486,4330.443136647442,0.0,0.06601385707501044,2327.9840245142636,0,0.0,0.0,1.0859660889663916,h7_reserve_0.50_limited_0.5,administered,1
7f963cd7252da960117805da,19.779254744142804,4467.601556074856,0.0,0.39808107245127694,2481.403969285498,0,0.0,0.0,1.1135336831852958,h7_reserve_0.05_penalty_1.0,market,16
8071e512a3fee8d59af8c5f2,27.488491829458304,4668.498833577974,0.0,0.02119659617958163,2716.868171979028,0,0.0,0.0,1.1138490923411069,h7_reserve_0.05_limited_1.0,administered,13
80b9a3b4cfef072870d9abe1,22.55146525158959,4591.341723580313,0.0,0.00806623931623929,2759.183652578667,0,0.0,0.0,1.0100455798178951,h7_reserve_0.50_unavailable_0.0,administered,11
813fa0615cd6b0b6074642b3,15.169286709287473,4652.250756963657,0.0,0.4087097070190214,2708.7639745308807,0,0.0,0.0,1.2182063491783053,h7_reserve_0.50_limited_1.0,market,13
81cb31b4c8a10441736d4bbe,9.562568829058016,4528.057232146455,0.0,0.6596667337292337,2755.1756925332897,0,0.0,0.0,1.1357148222577986,h7_reserve_0.10_unavailable_0.0,market,9
81ebf73b90ff13b7e8b56928,21.02519205086046,4533.701165816161,0.0,0.03226575006961135,2962.4893155598966,0,0.0,0.0,1.0172207691843977,h7_reserve_0.20_unavailable_0.0,administered,10
825d4247b360d686edcd57f1,3.161565915796053,4510.807900913805,0.0,0.8467752250472839,2950.422519388087,0,0.0,0.0,1.1985977902840144,h7_reserve_0.50_limited_0.5,market,10
82aea3d02428e771a5a1f3c0,4.983749226870627,4513.5496013263055,0.0,0.7716509402906461,2951.700507464503,0,0.0,0.0,1.1573077058489072,h7_reserve_0.10_penalty_1.0,market,10
82e53d1d1f52f940622c39c8,26.93976252398677,4472.234889183127,0.0,0.040486158691101816,2607.8251087204153,0,0.0,0.0,1.0761126901906972,h7_reserve_0.20_penalty_1.0,administered,0
8303801db76fb6140070e4a5,6.042795937580634,4658.86019907429,0.0,0.4525459176781747,2881.2055879699606,0,0.0,0.0,1.1422034068335905,h7_reserve_0.35_unavailable_0.0,market,18
8355c66b40b77d4d867851ef,19.696254487257434,4651.706416504267,0.0,0.025600982961730145,2637.5806117243696,0,0.0,0.0,1.1093760974587616,h7_reserve_0.50_unavailable_0.0,administered,17
8487722b3f9ae1f93899674a,19.171860307117946,4612.313246608438,0.0,0.12908384439634418,2558.0494890609616,0,0.0,0.0,1.1796509219312448,h7_reserve_0.50_unavailable_0.0,administered,8
85a9224bbcb2905936aa4fb3,22.458019953585765,4709.468099481067,0.0,0.41098466189046806,2777.8524416799755,0,0.0,0.0,1.147525837636236,h7_reserve_0.05_limited_0.5,market,2
85e614cffe11b3a8170b386e,9.297807151380512,4638.70573655574,0.0,0.5487489226405332,2631.85067692819,0,0.0,0.0,1.1375018731280637,h7_reserve_0.50_limited_1.0,market,17
85fcb7b4bf1c83f87ccdca3a,7.896127681323149,4800.376344814257,0.0,0.7049830724830725,2803.5129295860875,0,0.0,0.0,1.1552005211897607,h7_reserve_0.50_limited_0.5,market,7
8673841323cdf209909e86fc,5.996073288578723,4658.785844596299,0.0,0.45501090037447495,2881.1718535147625,0,0.0,0.0,1.1428849656637725,h7_reserve_0.10_limited_0.5,market,18
86afe78b28ac6069e764f21f,21.850625516560907,4708.803122384335,0.0,0.4300570131460617,2777.485263339298,0,0.0,0.0,1.1503623583055773,h7_reserve_0.50_limited_1.0,market,2
86f1f3beadc6fed49e1ccee9,18.938247062108385,4561.316733457253,0.0,0.03394416356984412,2629.687592666996,0,0.0,0.0,1.111944206037969,h7_reserve_0.05_unavailable_0.0,administered,4
87106726d96d99a283136f35,7.896127681323149,4800.376344814257,0.0,0.7049830724830725,2803.5129295860875,0,0.0,0.0,1.1552005211897607,h7_reserve_0.50_limited_1.0,market,7
8744ba1c1d482bbfd7580c0f,10.652763972435965,4640.502957925053,0.0,0.4779558364878613,2632.6351244168686,0,0.0,0.0,1.1337938059251078,h7_reserve_0.10_limited_0.5,market,17
87556389325252d26ddd3e58,15.480771035966887,4652.693690676229,0.0,0.39798043401252214,2708.977110812761,0,0.0,0.0,1.21450393947981,h7_reserve_0.10_unavailable_0.0,market,13
877a783e3726e51121ba0534,18.720208033432794,4561.131188164248,0.0,0.038019834067928415,2629.628069287349,0,0.0,0.0,1.1150495676086614,h7_reserve_0.35_penalty_1.0,administered,4
8851f01f51c653a5635af7e5,36.023162380474254,4624.071216843893,0.0,0.025853554704129422,2728.283482329784,0,0.0,0.0,1.0737275269818352,h7_reserve_0.35_limited_1.0,administered,14
8a2b2540d3c08529314f7302,16.804579424354397,4457.400962199176,0.0,0.05648298460798454,2733.9614110986745,0,0.0,0.0,1.0487131448683353,h7_reserve_0.10_limited_1.0,administered,19
8a72866ff5d213474ef97a84,36.303498274485726,4726.440376591208,0.0,0.029400825782404688,2786.977879572261,0,0.0,0.0,1.0861010651650604,h7_reserve_0.35_unavailable_0.0,administered,2
8b85e375df00030e51ee4e11,4.812432847196948,4513.275068766074,0.0,0.7770430971533911,2951.5713972628378,0,0.0,0.0,1.1630817714126986,h7_reserve_0.05_limited_0.5,market,10
8bc940dad917a9dc7d682c2f,15.511919468634828,4652.741134609917,0.0,0.39722475945209007,2708.999179193127,0,0.0,0.0,1.2141062034739023,h7_reserve_0.20_penalty_1.0,market,13
8c13993f7fc23fec08049086,9.142064988040806,4802.485412042308,0.0,0.6695137686387685,2804.3540487782802,0,0.0,0.0,1.1570547727909457,h7_reserve_0.10_penalty_1.0,market,7
8c316e4ded109e2f0f5fb7e4,20.433371830169573,4612.8811436973365,0.0,0.06815476190476176,2558.3309998436835,0,0.0,0.0,1.154516942645774,h7_reserve_0.05_limited_0.5,administered,8
8c91e293fb76643317dadece,11.883127062819652,4404.60428666838,0.0,0.6299243747675004,2513.7734398219886,0,0.0,0.0,1.057276438615736,h7_reserve_0.20_unavailable_0.0,market,15
8cba6671106c0930b08c91d6,23.563789313297686,4822.668128230806,0.0,0.03975561475561467,2813.395288540965,0,0.0,0.0,1.1279869489594556,h7_reserve_0.20_penalty_1.0,administered,7
8cd07a71eee036aa48eaf8d1,12.677412095852159,4455.996740052962,0.0,0.47930785428716405,2600.9845349295406,0,0.0,0.0,1.1935702383859177,h7_reserve_0.05_limited_1.0,market,0
8d192b2c8dde48d69e67d5da,12.92659955719569,4669.316461514634,0.0,0.02173697761933054,2886.055550364862,0,0.0,0.0,1.0970586891656733,h7_reserve_0.20_penalty_1.0,administered,18
8d4065bd17b903133f03f724,23.890847856311073,4255.812785107295,0.0,0.052939071147942635,2403.4655089493754,0,0.0,0.0,1.016326285124944,h7_reserve_0.20_unavailable_0.0,administered,6
8daafb7f3cde12fc3fd5176f,5.94935063957681,4544.494123388792,0.0,0.604451250252067,2622.7854933403482,0,0.0,0.0,1.2684384855629067,h7_reserve_0.35_limited_0.5,market,4
8df3fae7a3540ae55cfafc52,16.742282559018513,3993.4298163657427,0.0,0.5975242896992747,2017.64120677628,0,0.0,0.0,1.152005211062204,h7_reserve_0.50_penalty_1.0,market,12
8e1fa5365f31f8e5a35ac721,9.313381367714484,4527.698969519752,0.0,0.6660033138158138,2755.003962440087,0,0.0,0.0,1.1394542204308755,h7_reserve_0.05_limited_0.5,market,9
8e359d0458b3880adcc3c426,27.488491829458304,4668.499146832785,0.0,0.02119659617958163,2716.8684710483344,0,0.0,0.0,1.1138490923411069,h7_reserve_0.10_limited_1.0,administered,13
8e71999abd12949d0365db13,23.688383043969452,4255.6377842902475,0.0,0.05932458750483893,2403.3788979717947,0,0.0,0.0,1.017386288674014,h7_reserve_0.50_limited_1.0,administered,6
8f379c6ca12822b3053910c7,23.127711255946505,4822.218870967235,0.0,0.049199605949605846,2813.1811230722574,0,0.0,0.0,1.1337414127782854,h7_reserve_0.50_limited_0.5,administered,7
8f4f0729a0bfd78d0db4320d,8.659264281687713,4448.117359702767,0.0,0.5262292568542568,2729.2592443974486,0,0.0,0.0,1.1296568997772996,h7_reserve_0.05_limited_0.5,market,19
8f4fad7e9491fbbe54ca35e6,6.2764091825901955,4544.967108121531,0.0,0.5840888620017476,2622.9766088484294,0,0.0,0.0,1.26350763813689,h7_reserve_0.05_unavailable_0.0,market,4
8f59453592e70ece78eb0134,9.095342339038895,4802.4299218837195,0.0,0.6705137686387687,2804.333073804997,0,0.0,0.0,1.1588410734185786,h7_reserve_0.05_limited_1.0,market,7
8f6e77a559f7a141d7f1ad06,19.234157172453827,4467.150791210657,0.0,0.41629807887480513,2481.2366698735873,0,0.0,0.0,1.1170671590049432,h7_reserve_0.50_penalty_1.0,market,16
8f83ee1e3ed0c20f5b2822fd,33.090482034306554,4480.243897413645,0.0,0.02742156859504744,2487.2247223319123,0,0.0,0.0,1.054936270189394,h7_reserve_0.20_limited_0.5,administered,16
8f996f6a621ca109b4cda811,9.142064988040806,4802.485416497458,0.0,0.6695137686387685,2804.354102122576,0,0.0,0.0,1.1570547727909457,h7_reserve_0.20_penalty_1.0,market,7
8fdec8cb6c5a43c693de5c54,26.780368229950103,4472.124102229159,0.0,0.04481753042292185,2607.7811533041227,0,0.0,0.0,1.0777089057319762,h7_reserve_0.35_limited_1.0,administered,0
900a0239914ebe2189605713,11.509345870804355,4577.425022089813,0.0,0.5122774216524216,2752.210631788641,0,0.0,0.0,1.0159164569538535,h7_reserve_0.35_penalty_1.0,market,11
9014a1d109a31ed07beb1290,19.825977393144715,4467.636751150524,0.0,0.39724773911794364,2481.4134361534557,0,0.0,0.0,1.1130092004456,h7_reserve_0.35_limited_1.0,market,16
901fb1e86479cc42b3b3a61b,12.92659955719569,4669.316461514634,0.0,0.02173697761933054,2886.055550364862,0,0.0,0.0,1.0970586891656733,h7_reserve_0.10_limited_0.5,administered,18
9075ff6c2c423c860d435820,10.450299160094346,4602.139271735729,0.0,0.4891381162154576,2554.2300557855815,0,0.0,0.0,1.3142646913444256,h7_reserve_0.20_unavailable_0.0,market,8
909a38475af0f09963923c34,12.52166993251245,4244.031682155027,0.0,0.5397516715822401,2398.3355350978363,0,0.0,0.0,1.0215955239907186,h7_reserve_0.35_limited_1.0,market,6
90f7657c0e92624d4d3e291f,16.742282559018513,3993.4298163657427,0.0,0.5975242896992747,2017.64120677628,0,0.0,0.0,1.152005211062204,h7_reserve_0.50_limited_0.5,market,12
9114d49567bc2088fc530e76,4.064870463166354,4541.6393855065035,0.0,0.7296512291190371,2621.609359479842,0,0.0,0.0,1.3054172253524023,h7_reserve_0.50_limited_0.5,market,4
9116c43e2e02ccf69ef9a2ae,8.659264281687713,4448.117690940918,0.0,0.5262292568542568,2729.2595639567535,0,0.0,0.0,1.1296568997772996,h7_reserve_0.10_penalty_1.0,market,19
92a34b3a0940d0434a1b1b4d,32.51249256058226,4004.34625901087,0.0,0.10351710823598614,2023.2240354190421,0,0.0,0.0,1.0701414291253837,h7_reserve_0.50_unavailable_0.0,administered,12
92e9fe21d5b05f0c6779a741,23.8752736399771,4255.800623072002,0.0,0.053043564355884115,2403.4723495569983,0,0.0,0.0,1.0162280292352939,h7_reserve_0.05_limited_0.5,administered,6
92fdad15f7a575ff25df4fab,16.757856775352487,4457.362391791378,0.0,0.057941317941317856,2733.9434213256623,0,0.0,0.0,1.0496515302190383,h7_reserve_0.35_unavailable_0.0,administered,19
93441c77ff078a305f0d545f,23.8752736399771,4255.800623072002,0.0,0.053043564355884115,2403.4723495569983,0,0.0,0.0,1.0162280292352939,h7_reserve_0.05_unavailable_0.0,administered,6
93a444584315f98ba45f7009,20.433371830169573,4612.8811436973365,0.0,0.06815476190476176,2558.3309998436835,0,0.0,0.0,1.154516942645774,h7_reserve_0.05_unavailable_0.0,administered,8
93cd6cf11afc697c62b68269,9.157639204374778,4802.491318345737,0.0,0.6665693241943241,2804.365627094128,0,0.0,0.0,1.158234879785389,h7_reserve_0.35_limited_1.0,market,7
93def93d114e679416250656,30.759077259592154,4439.277698937339,0.0,0.05344253975032234,2715.8242070081387,0,0.0,0.0,1.0528531422804395,h7_reserve_0.35_limited_0.5,administered,5
93e1d54fcba28c16cf286297,15.511919468634828,4652.741134609917,0.0,0.39722475945209007,2708.999179193127,0,0.0,0.0,1.2141062034739023,h7_reserve_0.20_limited_1.0,market,13
93f23990dd66d56fcb388bfa,12.802005826523924,4669.150507784404,0.0,0.026975257857610752,2885.9642217885316,0,0.0,0.0,1.099318945412657,h7_reserve_0.50_unavailable_0.0,administered,18
940f47b16d53f585c1e9f707,12.147888740497155,4579.046629407728,0.0,0.03495370370370365,3107.929155087763,0,0.0,0.0,1.1215018497173839,h7_reserve_0.10_limited_0.5,administered,3
9446b255720abc84eab58b04,7.896127681323149,4800.376344814257,0.0,0.7049830724830725,2803.5129295860875,0,0.0,0.0,1.1552005211897607,h7_reserve_0.50_penalty_1.0,market,7
949612fed361f8cdfda89a20,8.659264281687713,4448.117359702767,0.0,0.5262292568542568,2729.2592443974486,0,0.0,0.0,1.1296568997772996,h7_reserve_0.05_limited_1.0,market,19
949ca00a1787edc3a3541f9d,23.8752736399771,4255.800623072002,0.0,0.053043564355884115,2403.4723495569983,0,0.0,0.0,1.0162280292352939,h7_reserve_0.05_limited_1.0,administered,6
95445a89a43b6a6ba5406042,12.895451124527748,4669.2758715903055,0.0,0.023252129134482043,2886.0329400869923,0,0.0,0.0,1.0976241262612458,h7_reserve_0.35_limited_1.0,administered,18
9568da45112889067b640700,6.2764091825901955,4544.967108121531,0.0,0.5840888620017476,2622.9766088484294,0,0.0,0.0,1.26350763813689,h7_reserve_0.05_limited_0.5,market,4
969d1b98694439d0c9ea9cf5,16.804579424354397,4457.400414283242,0.0,0.05648298460798454,2733.960686739489,0,0.0,0.0,1.0487131448683353,h7_reserve_0.05_penalty_1.0,administered,19
96c81f3b0ef49d48485e0f4e,17.474270726715137,4601.55319359919,0.0,0.5874570566336568,2716.320878658533,0,0.0,0.0,1.1325136804625655,h7_reserve_0.20_penalty_1.0,market,14
96ce8b512e9951845f3b03d2,22.458019953585765,4709.468099481067,0.0,0.41098466189046806,2777.8524416799755,0,0.0,0.0,1.147525837636236,h7_reserve_0.05_limited_1.0,market,2
9733e765b9fad7465e89d204,25.61958586938182,4330.495579360189,0.0,0.0634876611914655,2327.9992368364387,0,0.0,0.0,1.0846881816113267,h7_reserve_0.10_limited_0.5,administered,1
9794389248ea71fbeca539c1,30.759077259592154,4439.277698937339,0.0,0.05344253975032234,2715.8242070081387,0,0.0,0.0,1.0528531422804395,h7_reserve_0.35_penalty_1.0,administered,5
97d3bd9cff5e00e02e07c035,16.757856775352487,4457.362391791378,0.0,0.057941317941317856,2733.9434213256623,0,0.0,0.0,1.0496515302190383,h7_reserve_0.35_limited_0.5,administered,19
984b3492950962d8c8c065b3,10.450299160094346,4602.139271735729,0.0,0.4891381162154576,2554.2300557855815,0,0.0,0.0,1.3142646913444256,h7_reserve_0.20_limited_1.0,market,8
989966b463f6b9aa88c70a7d,10.278982780420668,4241.652619304468,0.0,0.6659305901823548,2397.107919063331,0,0.0,0.0,1.027298243623095,h7_reserve_0.50_penalty_1.0,market,6
98c84735d84edb2cdb6a8ac3,14.110239998577464,4322.046718402893,0.0,0.4722758315557228,2325.075172202673,0,0.0,0.0,1.1826925409755369,h7_reserve_0.20_unavailable_0.0,market,1
98d768c45b3ec1bead7ededa,30.19840547156921,4438.625695925471,0.0,0.06503011501031139,2715.493360852359,0,0.0,0.0,1.0571439329946692,h7_reserve_0.50_limited_1.0,administered,5
9904cc8d189a8315cd2c0119,12.147888740497155,4579.046629407728,0.0,0.03495370370370365,3107.929155087763,0,0.0,0.0,1.1215018497173839,h7_reserve_0.35_limited_0.5,administered,3
99255520d105060d91490824,32.88078647614296,4004.687528705304,0.0,0.09195557568125944,2023.455747743261,0,0.0,0.0,1.068104482684777,h7_reserve_0.35_limited_1.0,administered,12
999c2800d48bcbaf6bfc021a,27.488491829458304,4668.499146832785,0.0,0.02119659617958163,2716.8684710483344,0,0.0,0.0,1.1138490923411069,h7_reserve_0.10_limited_0.5,administered,13
999e073cc9f694e453f40bd9,19.696254487257434,4651.706416504267,0.0,0.025600982961730145,2637.5806117243696,0,0.0,0.0,1.1093760974587616,h7_reserve_0.50_limited_1.0,administered,17
99e913fd08e28d9fa27aba02,17.27180591437352,4601.290441895164,0.0,0.5933781011453872,2716.185758050744,0,0.0,0.0,1.1330349775451298,h7_reserve_0.35_limited_0.5,market,14
9a8d0aef95d0dd0133358fd3,26.38342714188481,4419.686839431543,0.0,0.027753984634789553,2520.013331065147,0,0.0,0.0,1.030458651258035,h7_reserve_0.20_unavailable_0.0,administered,15
9af3dabfcd2461391ccc40ae,9.188787637042717,4412.110558065309,0.0,0.7164223055971534,2702.2862598612387,0,0.0,0.0,1.1794201992040665,h7_reserve_0.50_penalty_1.0,market,5
9b2b42aac60c60c1f5209f5d,19.825977393144715,4467.636751150524,0.0,0.39724773911794364,2481.4134361534557,0,0.0,0.0,1.1130092004456,h7_reserve_0.35_limited_0.5,market,16
9b78d0097cd1e2b799dc814b,10.652763972435965,4640.502957925053,0.0,0.4779558364878613,2632.6351244168686,0,0.0,0.0,1.1337938059251078,h7_reserve_0.10_unavailable_0.0,market,17
9b825975e7482058bca392d0,33.090482034306554,4480.243897413645,0.0,0.02742156859504744,2487.2247223319123,0,0.0,0.0,1.054936270189394,h7_reserve_0.10_unavailable_0.0,administered,16
9ba9d875f9c613a7d5aced92,17.443122294047196,4601.505453625996,0.0,0.5880142261966212,2716.298648498406,0,0.0,0.0,1.132826417279495,h7_reserve_0.05_unavailable_0.0,market,14
9baaf1dd76b70a0d3cf15ee4,36.33464670715367,4726.480414951555,0.0,0.028706381337960243,2787.0000278417174,0,0.0,0.0,1.0859327253821969,h7_reserve_0.05_limited_0.5,administered,2
9bb3cf27d70b2faed95c179d,3.9402767324945884,4567.2539439376715,0.0,0.6288630351130351,3102.3255657729337,0,0.0,0.0,1.2091779267491742,h7_reserve_0.20_limited_0.5,market,3
9bd32d77ec90e964855c1a42,18.938247062108385,4561.317421095256,0.0,0.03394416356984412,2629.6884332226014,0,0.0,0.0,1.111944206037969,h7_reserve_0.10_penalty_1.0,administered,4
9c4ba5edf1ed0db511e014bf,10.933099866447439,4576.650132582711,0.0,0.5382901665626554,2751.805203445453,0,0.0,0.0,1.018264612929505,h7_reserve_0.05_limited_1.0,market,11
9c581685f23394c712cd70f0,5.996073288578723,4658.785844596299,0.0,0.45501090037447495,2881.1718535147625,0,0.0,0.0,1.1428849656637725,h7_reserve_0.05_limited_0.5,market,18
9c678de462b2b1622f2d215b,12.786431610189952,4456.080107929902,0.0,0.47737258637914165,2601.0081387124674,0,0.0,0.0,1.1904892945300882,h7_reserve_0.20_unavailable_0.0,market,0
9cd85bef16cfcea55f83f456,13.720884590228195,4321.814991729634,0.0,0.48247467558608853,2325.031898926669,0,0.0,0.0,1.188894289207181,h7_reserve_0.50_unavailable_0.0,market,1
9d4b0ff413a72d556d3c3863,23.127711255946505,4822.218870967235,0.0,0.049199605949605846,2813.1811230722574,0,0.0,0.0,1.1337414127782854,h7_reserve_0.50_unavailable_0.0,administered,7
9dd9d47645651f4d8fa2306f,19.779254744142804,4467.601556074856,0.0,0.39808107245127694,2481.403969285498,0,0.0,0.0,1.1135336831852958,h7_reserve_0.05_limited_1.0,market,16
9e241f4d0510516febbd46ec,26.176023214855263,4419.5643993064905,0.0,0.03232757288709229,2519.975613651904,0,0.0,0.0,1.0319471923408827,h7_reserve_0.35_penalty_1.0,administered,15
9e5186cf6bd39d9433726150,8.659264281687713,4448.117359702767,0.0,0.5262292568542568,2729.2592443974486,0,0.0,0.0,1.1296568997772996,h7_reserve_0.05_penalty_1.0,market,19
9e5585374a6c53bba1ee2a0f,36.023162380474254,4624.071938759698,0.0,0.025853554704129422,2728.284162034514,0,0.0,0.0,1.0737275269818352,h7_reserve_0.20_limited_0.5,administered,14
9e6c16323fa78736aa5180b0,16.742282559018513,3993.4298163657427,0.0,0.5975242896992747,2017.64120677628,0,0.0,0.0,1.152005211062204,h7_reserve_0.50_unavailable_0.0,market,12
9e9c9c019938f09d08cbdf0c,11.696236466812003,4404.424730586304,0.0,0.6454509625206104,2513.6835176083405,0,0.0,0.0,1.0568127153308629,h7_reserve_0.35_unavailable_0.0,market,15
9ee1fdb00c4561e6aadc5886,26.780368229950103,4472.124102229159,0.0,0.04481753042292185,2607.7811533041227,0,0.0,0.0,1.0777089057319762,h7_reserve_0.35_penalty_1.0,administered,0
9ef473928488f96cc9737ad2,9.2510845023786,4600.544592730553,0.0,0.5174434824434824,2553.9176495888278,0,0.0,0.0,1.3369850378104797,h7_reserve_0.50_limited_0.5,market,8
9f0eb252569edc5e9bbfb7df,32.88078647614296,4004.687528705304,0.0,0.09195557568125944,2023.455747743261,0,0.0,0.0,1.068104482684777,h7_reserve_0.35_penalty_1.0,administered,12
9f81c784f8dc933574de1584,22.55146525158959,4591.341723580313,0.0,0.00806623931623929,2759.183652578667,0,0.0,0.0,1.0100455798178951,h7_reserve_0.50_limited_0.5,administered,11
9fa5ae2f9bc1d2dc061c32e5,5.94935063957681,4544.494123388792,0.0,0.604451250252067,2622.7854933403482,0,0.0,0.0,1.2684384855629067,h7_reserve_0.35_penalty_1.0,market,4
9feee669d2aea57cb84a176c,26.23940066280652,4419.608081186715,0.0,0.03117991056071548,2519.9926288195393,0,0.0,0.0,1.0314409307409267,h7_reserve_0.10_limited_0.5,administered,15
a059faed8e8d5ce677ac07b2,11.415900572800531,4577.297938942811,0.0,0.5163514957264956,2752.1445932597253,0,0.0,0.0,1.0162980929051106,h7_reserve_0.50_limited_1.0,market,11
a066a73cb306602f3fd22315,10.278982780420668,4601.954965907316,0.0,0.49475338747558384,2554.18340508605,0,0.0,0.0,1.3171476548658307,h7_reserve_0.35_unavailable_0.0,market,8
a071d54875780cf2c91278fa,36.16333032747999,4726.27288223915,0.0,0.03265914834219783,2786.8805429160675,0,0.0,0.0,1.0869159132623016,h7_reserve_0.50_penalty_1.0,administered,2
a076542f2c9d421fbe978cdc,11.883127062819652,4404.60428666838,0.0,0.6299243747675004,2513.7734398219886,0,0.0,0.0,1.057276438615736,h7_reserve_0.20_limited_1.0,market,15
a092229a6772e3cdd8d30848,26.180257657404766,4549.662163816799,0.0,0.014261548636548611,2766.0531333218896,0,0.0,0.0,1.047897891896817,h7_reserve_0.50_limited_0.5,administered,9
a11b1dd56e3cf7dfffc7d2b1,19.84183934089605,4651.856185768144,0.0,0.02415106111175432,2637.637496584365,0,0.0,0.0,1.1074252776258016,h7_reserve_0.35_limited_0.5,administered,17
a11c9711a06637386b99a8f5,30.681206177922302,4439.179398451686,0.0,0.05542666673444933,2715.7802374424014,0,0.0,0.0,1.0532510184319983,h7_reserve_0.05_limited_1.0,administered,5
a12790e9ed47642b6f7ac0dc,13.84547832089996,4321.9249286135355,0.0,0.4785823752535709,2325.052261479175,0,0.0,0.0,1.1876802774454862,h7_reserve_0.05_penalty_1.0,market,1
a1395b006d230b911ef0b27f,27.488491829458304,4668.498833577974,0.0,0.02119659617958163,2716.868171979028,0,0.0,0.0,1.1138490923411069,h7_reserve_0.05_limited_0.5,administered,13
a1976455706ffc0dfa488c07,23.8752736399771,4255.800623072002,0.0,0.053043564355884115,2403.4723495569983,0,0.0,0.0,1.0162280292352939,h7_reserve_0.05_penalty_1.0,administered,6
a19ea5ee813e8c485634aefa,21.850625516560907,4708.803122384335,0.0,0.4300570131460617,2777.485263339298,0,0.0,0.0,1.1503623583055773,h7_reserve_0.50_unavailable_0.0,market,2
a1d6695d963ad018590cf6f3,19.779254744142804,4467.601556074856,0.0,0.39808107245127694,2481.403969285498,0,0.0,0.0,1.1135336831852958,h7_reserve_0.05_limited_0.5,market,16
a1e883a4ddf922b55a982de0,9.297807151380512,4638.70573655574,0.0,0.5487489226405332,2631.85067692819,0,0.0,0.0,1.1375018731280637,h7_reserve_0.50_penalty_1.0,market,17
a1ead2fd62c0887d575169bc,23.65723461130151,4822.722585002299,0.0,0.030930180930180854,2813.421689548466,0,0.0,0.0,1.1266451982299341,h7_reserve_0.35_unavailable_0.0,administered,7
a20652590e666a17658fb070,32.86650094338854,4480.153328073904,0.0,0.03142980184412475,2487.1932690166263,0,0.0,0.0,1.0568043881503082,h7_reserve_0.50_penalty_1.0,administered,16
a2654a8a28cd9f2432efd59f,9.095342339038895,4802.4299218837195,0.0,0.6705137686387687,2804.333073804997,0,0.0,0.0,1.1588410734185786,h7_reserve_0.05_limited_0.5,market,7
a2e7172d9395e72433de6452,17.95707143306823,4560.549816192219,0.0,0.0578106054083861,2629.4350776721153,0,0.0,0.0,1.1263340913268938,h7_reserve_0.50_limited_1.0,administered,4
a3ab53c6aa5a905905c625ac,23.65723461130151,4822.722585002299,0.0,0.030930180930180854,2813.421689548466,0,0.0,0.0,1.1266451982299341,h7_reserve_0.35_penalty_1.0,administered,7
a3c5ffb8560c3dfa046c2020,13.144638585871279,4244.876430447751,0.0,0.5170035451625742,2398.7302206249587,0,0.0,0.0,1.0241311117448302,h7_reserve_0.10_penalty_1.0,market,6
a3dce48c1a08dd18375967d7,9.546994612724045,4528.060158578217,0.0,0.6608293211418211,2755.165547837439,0,0.0,0.0,1.1370707021900175,h7_reserve_0.20_unavailable_0.0,market,9
a3fa632b2c5d7911e0d59c1d,33.090482034306554,4480.243897413645,0.0,0.02742156859504744,2487.2247223319123,0,0.0,0.0,1.054936270189394,h7_reserve_0.10_limited_1.0,administered,16
a4429567a90282434db77c3b,21.02519205086046,4533.701165816161,0.0,0.03224942112650467,2962.4893155598966,0,0.0,0.0,1.0172207691843977,h7_reserve_0.05_limited_0.5,administered,10
a4951cf85d1547200e345bac,14.110239998577464,4322.046718402893,0.0,0.4722758315557228,2325.075172202673,0,0.0,0.0,1.1826925409755369,h7_reserve_0.20_penalty_1.0,market,1
a4ed69dac2cd630ff4d161f1,20.065914760079174,4652.066250325964,0.0,0.017968581697551583,2637.7064082528655,0,0.0,0.0,1.1049391869732312,h7_reserve_0.20_penalty_1.0,administered,17
a504274dd08459de6f545b44,27.457343396790364,4668.4505453574775,0.0,0.021752151735137185,2716.846365497849,0,0.0,0.0,1.1141219595866354,h7_reserve_0.50_limited_1.0,administered,13
a50af9123d92bd35814ff18e,23.921996288979013,4255.831629214326,0.0,0.05218149539036687,2403.475409403318,0,0.0,0.0,1.0160126818024817,h7_reserve_0.10_limited_0.5,administered,6
a63c6f1ec137570b17d03ae8,23.127711255946505,4822.218870967235,0.0,0.049199605949605846,2813.1811230722574,0,0.0,0.0,1.1337414127782854,h7_reserve_0.50_limited_1.0,administered,7
a67b771a16a572fb165277c8,36.33464670715367,4726.480414951555,0.0,0.028706381337960243,2787.0000278417174,0,0.0,0.0,1.0859327253821969,h7_reserve_0.20_limited_1.0,administered,2
a697879eee2a0b52e0e58327,9.157639204374778,4802.491318345737,0.0,0.6665693241943241,2804.365627094128,0,0.0,0.0,1.158234879785389,h7_reserve_0.35_limited_0.5,market,7
a6a49d5903cd0b1bb1276c85,19.779254744142804,4467.601556074856,0.0,0.39808107245127694,2481.403969285498,0,0.0,0.0,1.1135336831852958,h7_reserve_0.05_unavailable_0.0,market,16
a6e9e1acafb8320218420658,11.805255981149799,4415.966508590883,0.0,0.6666487475101799,2703.8757969199573,0,0.0,0.0,1.1523217456337327,h7_reserve_0.35_unavailable_0.0,market,5
a7168a5765aaf3ec37fb6b05,26.939703616276507,4472.233999779573,0.0,0.04048627655767854,2607.8241352832565,0,0.0,0.0,1.0761128733124712,h7_reserve_0.10_limited_0.5,administered,0
a7bf5f7f42f4c25eb2df2e3e,27.488491829458304,4668.498833577974,0.0,0.02119659617958163,2716.868171979028,0,0.0,0.0,1.1138490923411069,h7_reserve_0.05_unavailable_0.0,administered,13
a80a4d167241dea1c7ae153e,17.474270726715137,4601.55319359919,0.0,0.5874551683682864,2716.320878658533,0,0.0,0.0,1.1325136804625655,h7_reserve_0.10_limited_1.0,market,14
a843b75c2d4a2bbaf5341990,23.65723461130151,4822.722585002299,0.0,0.030930180930180854,2813.421689548466,0,0.0,0.0,1.1266451982299341,h7_reserve_0.35_limited_0.5,administered,7
a8f41df2edab259d35211a47,3.6599408384831156,4566.740247695465,0.0,0.6443404280904281,3102.1251408366816,0,0.0,0.0,1.2052617476255238,h7_reserve_0.35_limited_0.5,market,3
a9d21583e17d6492fbfda24b,12.802005826523924,4669.150507784404,0.0,0.026975257857610752,2885.9642217885316,0,0.0,0.0,1.099318945412657,h7_reserve_0.50_penalty_1.0,administered,18
aa012a502f985d468e0ad159,12.147888740497155,4579.046629407728,0.0,0.03495370370370365,3107.929155087763,0,0.0,0.0,1.1215018497173839,h7_reserve_0.05_limited_1.0,administered,3
aaaf0bc200be44e91b1d7208,22.5981879005915,4591.411502634795,0.0,0.007232905982905957,2759.221573725809,0,0.0,0.0,1.009767723590785,h7_reserve_0.35_penalty_1.0,administered,11
aacb6b65b34513c950c75b82,27.488491829458304,4668.499146832785,0.0,0.02119659617958163,2716.8684710483344,0,0.0,0.0,1.1138490923411069,h7_reserve_0.10_unavailable_0.0,administered,13
ab54035930c1134df7a1c01e,32.51249256058226,4004.34625901087,0.0,0.10351710823598614,2023.2240354190421,0,0.0,0.0,1.0701414291253837,h7_reserve_0.50_limited_1.0,administered,12
ac3b1664d0d263779e48d42a,23.127711255946505,4822.218870967235,0.0,0.049199605949605846,2813.1811230722574,0,0.0,0.0,1.1337414127782854,h7_reserve_0.50_penalty_1.0,administered,7
ac4bbc608848c2cafd564a73,36.303498274485726,4726.440376591208,0.0,0.029400825782404688,2786.977879572261,0,0.0,0.0,1.0861010651650604,h7_reserve_0.35_limited_0.5,administered,2
ac7e17fa21db8f3c2c7c06bc,22.53589103525562,4709.573311882821,0.0,0.4092116754211346,2777.907863065506,0,0.0,0.0,1.1467822638941636,h7_reserve_0.20_limited_0.5,market,2
ac9f07c040c08a2269677b25,6.2764091825901955,4544.967108121531,0.0,0.5840888620017476,2622.9766088484294,0,0.0,0.0,1.26350763813689,h7_reserve_0.05_limited_1.0,market,4
ace7d379111bfbf767f309ca,10.933099866447439,4576.650132582711,0.0,0.5382901665626554,2751.805203445453,0,0.0,0.0,1.018264612929505,h7_reserve_0.05_limited_0.5,market,11
ad061037d9bf25e5f2fac07c,26.631909931089915,4550.22450491101,0.0,0.003205128205128201,2766.3601734058007,0,0.0,0.0,1.0449373146771033,h7_reserve_0.10_penalty_1.0,administered,9
ad2545e58a73d22ee3d899e7,22.426871520917825,4591.254861202676,0.0,0.01639957264957263,2759.1107603834525,0,0.0,0.0,1.0108626220698214,h7_reserve_0.05_unavailable_0.0,administered,11
ada31fca4404a8d237107068,9.733885208731692,4402.257244172879,0.0,0.7120502210776101,2512.899791561119,0,0.0,0.0,1.0617636896298925,h7_reserve_0.50_penalty_1.0,market,15
ada80fadd620d2ce166a6582,36.023162380474254,4624.071216843893,0.0,0.025853554704129422,2728.283482329784,0,0.0,0.0,1.0737275269818352,h7_reserve_0.35_unavailable_0.0,administered,14
ae2aa467fb47870b6fa836e6,19.984358976979713,4652.008992645959,0.0,0.020203508223917265,2637.6939315179584,0,0.0,0.0,1.1060044143370513,h7_reserve_0.05_penalty_1.0,administered,17
aed2e9cddd32f504aca1f01b,19.825977393144715,4467.636751150524,0.0,0.39724773911794364,2481.4134361534557,0,0.0,0.0,1.1130092004456,h7_reserve_0.20_penalty_1.0,market,16
aefbdccae7c779a281bacf83,26.93976252398677,4472.234889183127,0.0,0.040486158691101816,2607.8251087204153,0,0.0,0.0,1.0761126901906972,h7_reserve_0.20_limited_1.0,administered,0
af090ad87fb908dda5104895,19.84183934089605,4651.856185768144,0.0,0.02415106111175432,2637.637496584365,0,0.0,0.0,1.1074252776258016,h7_reserve_0.35_penalty_1.0,administered,17
af3a9e66a7ba9c855074dc3a,25.73197403098435,4419.294975913182,0.0,0.04288428314075233,2519.8782296937534,0,0.0,0.0,1.0353767580731283,h7_reserve_0.50_unavailable_0.0,administered,15
af62d753bd6ae43200179a7f,9.546994612724045,4528.060158578217,0.0,0.6608293211418211,2755.165547837439,0,0.0,0.0,1.1370707021900175,h7_reserve_0.35_penalty_1.0,market,9
af8a4bac9b3ca2a32a94586f,20.962895185524577,4533.634504881314,0.0,0.03479248555490196,2962.448920687257,0,0.0,0.0,1.017558530435187,h7_reserve_0.35_limited_0.5,administered,10
afb0891355de9ca6945660bd,11.805255981149799,4415.966508590883,0.0,0.6666487475101799,2703.8757969199573,0,0.0,0.0,1.1523217456337327,h7_reserve_0.35_limited_0.5,market,5
b07640630ebbc21822b27cd4,4.812432847196948,4513.275068766074,0.0,0.7770430971533911,2951.5713972628378,0,0.0,0.0,1.1630817714126986,h7_reserve_0.05_unavailable_0.0,market,10
b080e624882902762b9ff283,18.938247062108385,4561.316733457253,0.0,0.03394416356984412,2629.687592666996,0,0.0,0.0,1.111944206037969,h7_reserve_0.05_limited_1.0,administered,4
b0a31f1e94c40bea5789717c,6.042795937580634,4658.86019907429,0.0,0.4525459176781747,2881.2055879699606,0,0.0,0.0,1.1422034068335905,h7_reserve_0.35_limited_1.0,market,18
b0c030bbb9831537be0d2c04,11.867552846485681,4416.061112227241,0.0,0.6651696464689626,2703.917390273825,0,0.0,0.0,1.1520562494063809,h7_reserve_0.10_limited_1.0,market,5
b155d85f81011e7e7d04ef6f,12.92659955719569,4669.316461514634,0.0,0.02173697761933054,2886.055550364862,0,0.0,0.0,1.0970586891656733,h7_reserve_0.10_limited_1.0,administered,18
b2d8c69fde455bda6cbe1038,26.600761498421974,4550.184169166953,0.0,0.0038461538461538377,2766.337624973357,0,0.0,0.0,1.0451689413006435,h7_reserve_0.20_limited_0.5,administered,9
b3190a8ac6b583ee714b4b8c,13.175787018539221,4244.896705888261,0.0,0.516428832518896,2398.732339329899,0,0.0,0.0,1.023881806992927,h7_reserve_0.20_limited_0.5,market,6
b31a87fe0fd951339d1af0f4,26.93958844401777,4472.231271469639,0.0,0.040486507033718915,2607.8213951020543,0,0.0,0.0,1.0761132313417425,h7_reserve_0.05_limited_0.5,administered,0
b368e8b8a74699cf05ae131f,23.48591823162783,4822.617529323417,0.0,0.04293021793021784,2813.371928701469,0,0.0,0.0,1.1291271704403105,h7_reserve_0.10_penalty_1.0,administered,7
b38473165675e24a9150c705,11.509345870804355,4577.425022089813,0.0,0.5122774216524216,2752.210631788641,0,0.0,0.0,1.0159164569538535,h7_reserve_0.35_unavailable_0.0,market,11
b47837963c9d8319ee1d7897,33.32683230415231,4004.95822616668,0.0,0.0754236930668055,2023.6376947757244,0,0.0,0.0,1.0648572295262115,h7_reserve_0.10_unavailable_0.0,administered,12
b499687bcfdc335b9a81aafa,11.353603707464648,4577.214970675694,0.0,0.5196337333387898,2752.1022569323673,0,0.0,0.0,1.0164393729728636,h7_reserve_0.20_unavailable_0.0,market,11
b4bdafd8b87964c25915d7de,12.52166993251245,4244.031682155027,0.0,0.5397516715822401,2398.3355350978363,0,0.0,0.0,1.0215955239907186,h7_reserve_0.35_penalty_1.0,market,6
b4faf5061b5609daf4c3812c,10.356853862090523,4602.061756776772,0.0,0.49144050302453396,2554.2119639789908,0,0.0,0.0,1.31760079745855,h7_reserve_0.10_unavailable_0.0,market,8
b53cb491f1de6ff34c9863ad,13.720884590228195,4321.814991729634,0.0,0.48247467558608853,2325.031898926669,0,0.0,0.0,1.188894289207181,h7_reserve_0.50_limited_1.0,market,1
b59469e6dba0463f34326cec,33.090482034306554,4480.243897413645,0.0,0.02742156859504744,2487.2247223319123,0,0.0,0.0,1.054936270189394,h7_reserve_0.35_limited_1.0,administered,16
b5da12407445482da1cb1381,27.488491829458304,4668.499205073022,0.0,0.02119659617958163,2716.8685251635957,0,0.0,0.0,1.1138490923411069,h7_reserve_0.20_unavailable_0.0,administered,13
b5e4d8b5327315eca88ba6f3,23.45476979895989,4822.573200728468,0.0,0.0434857734857734,2813.34757085578,0,0.0,0.0,1.1294750662434072,h7_reserve_0.05_limited_1.0,administered,7
b6093ed8ab688495f2ddb81a,11.696236466812003,4404.424730586304,0.0,0.6454509625206104,2513.6835176083405,0,0.0,0.0,1.0568127153308629,h7_reserve_0.35_penalty_1.0,market,15
b7236af7dc9fb4174701beb9,26.93976252398677,4472.234889183127,0.0,0.040486158691101816,2607.8251087204153,0,0.0,0.0,1.0761126901906972,h7_reserve_0.20_limited_0.5,administered,0
b7315ff2e39b370f061d79a1,9.2510845023786,4600.544592730553,0.0,0.5174434824434824,2553.9176495888278,0,0.0,0.0,1.3369850378104797,h7_reserve_0.50_penalty_1.0,market,8
b9bd26ebf924066bbf999f00,30.19840547156921,4438.625695925471,0.0,0.06503011501031139,2715.493360852359,0,0.0,0.0,1.0571439329946692,h7_reserve_0.50_penalty_1.0,administered,5
b9ef73b5ee00e196215c784e,33.090482034306554,4480.243897413645,0.0,0.02742156859504744,2487.2247223319123,0,0.0,0.0,1.054936270189394,h7_reserve_0.35_penalty_1.0,administered,16
ba67db2ef1c6ac74975a71bf,13.892200969901873,4321.957688276242,0.0,0.4777490419202375,2325.058845348437,0,0.0,0.0,1.1867476674704298,h7_reserve_0.10_limited_0.5,market,1
ba8c4d7a1aa909885f39f7b4,10.450299160094346,4602.139271735729,0.0,0.4891381162154576,2554.2300557855815,0,0.0,0.0,1.3142646913444256,h7_reserve_0.20_limited_0.5,market,8
ba8fc9d4d51cb9dbbe113e3c,18.938247062108385,4561.317504805229,0.0,0.03394416356984412,2629.688531816112,0,0.0,0.0,1.111944206037969,h7_reserve_0.20_limited_0.5,administered,4
bab66b7b156ea7ccda00b97d,25.73197403098435,4419.294975913182,0.0,0.04288428314075233,2519.8782296937534,0,0.0,0.0,1.0353767580731283,h7_reserve_0.50_limited_0.5,administered,15
babe99a4bf3afcd4df136d69,12.52166993251245,4244.031682155027,0.0,0.5397516715822401,2398.3355350978363,0,0.0,0.0,1.0215955239907186,h7_reserve_0.35_unavailable_0.0,market,6
bae5174f6703bd659aa1dd94,12.147888740497155,4579.046629407728,0.0,0.03495370370370365,3107.929155087763,0,0.0,0.0,1.1215018497173839,h7_reserve_0.10_limited_1.0,administered,3
baeed7f22687bd6fb596a9f7,21.02519205086046,4533.701165816161,0.0,0.03225996825351974,2962.4893155598966,0,0.0,0.0,1.0172207691843977,h7_reserve_0.10_limited_0.5,administered,10
bb026a17d1a51c8dd3ac0ec9,22.426871520917825,4591.254861202676,0.0,0.01639957264957263,2759.1107603834525,0,0.0,0.0,1.0108626220698214,h7_reserve_0.05_penalty_1.0,administered,11
bb2a98788e258cd9353c5681,26.20804605293203,4419.592090118242,0.0,0.031967677437859256,2519.983995575544,0,0.0,0.0,1.0317302368537093,h7_reserve_0.05_limited_0.5,administered,15
bb4746f44c0fa035d531fbc2,26.23940066280652,4419.608081186715,0.0,0.03117991056071548,2519.9926288195393,0,0.0,0.0,1.0314409307409267,h7_reserve_0.10_penalty_1.0,administered,15
bb4ad4975032ba7b5648f74d,18.938247062108385,4561.317504805229,0.0,0.03394416356984412,2629.688531816112,0,0.0,0.0,1.111944206037969,h7_reserve_0.20_limited_1.0,administered,4
bb91425c6f52e34bd430554b,18.938247062108385,4561.316733457253,0.0,0.03394416356984412,2629.687592666996,0,0.0,0.0,1.111944206037969,h7_reserve_0.05_limited_0.5,administered,4
bbda3e8a751af86724820b1b,9.733885208731692,4402.257244172879,0.0,0.7120502210776101,2512.899791561119,0,0.0,0.0,1.0617636896298925,h7_reserve_0.50_limited_0.5,market,15
bc1608955c58588fa34592be,8.456799469346095,4447.851588411781,0.0,0.5344881854256854,2729.1362985172127,0,0.0,0.0,1.1336536421990981,h7_reserve_0.50_limited_0.5,market,19
bc20513aec9652f94fd05fbd,27.488491829458304,4668.499205073022,0.0,0.02119659617958163,2716.8685251635957,0,0.0,0.0,1.1138490923411069,h7_reserve_0.35_limited_0.5,administered,13
bc3f8697cb256eb943b1cf31,26.939703616276507,4472.233999779573,0.0,0.04048627655767854,2607.8241352832565,0,0.0,0.0,1.0761128733124712,h7_reserve_0.10_limited_1.0,administered,0
bc47da1345e14780ad800af6,8.752709579691539,4448.235984297254,0.0,0.5226786563621021,2729.3102987715806,0,0.0,0.0,1.1281110363116882,h7_reserve_0.35_limited_0.5,market,19
bcc826870f18db63ba3dddce,12.802005826523924,4669.150507784404,0.0,0.026975257857610752,2885.9642217885316,0,0.0,0.0,1.099318945412657,h7_reserve_0.50_limited_0.5,administered,18
bce1fde087b21adef5c2d55b,19.91942269114854,3994.8890670788905,0.0,0.5247491264588965,2017.8742043101493,0,0.0,0.0,1.1313933972873975,h7_reserve_0.05_penalty_1.0,market,12
bcfea491b06231453afb7008,11.104416246121117,4576.887370631505,0.0,0.5305759859867928,2751.928168285478,0,0.0,0.0,1.0171618666649522,h7_reserve_0.10_penalty_1.0,market,11
bd2799e3d77551feb225c344,16.757856775352487,4457.362391791378,0.0,0.057941317941317856,2733.9434213256623,0,0.0,0.0,1.0496515302190383,h7_reserve_0.35_penalty_1.0,administered,19
be7a7d64c997785b18e6774f,19.84183934089605,4651.856185768144,0.0,0.02415106111175432,2637.637496584365,0,0.0,0.0,1.1074252776258016,h7_reserve_0.35_unavailable_0.0,administered,17
bf1d94dec210695024024f3b,26.93958844401777,4472.231271469639,0.0,0.040486507033718915,2607.8213951020543,0,0.0,0.0,1.0761132313417425,h7_reserve_0.05_limited_1.0,administered,0
bfdce8953f55979d2a17ccbb,16.804579424354397,4457.400962199176,0.0,0.05648298460798454,2733.9614110986745,0,0.0,0.0,1.0487131448683353,h7_reserve_0.10_unavailable_0.0,administered,19
bfe3fc7ab58fb9561ed39594,33.09025244133598,4480.241373492131,0.0,0.02742287045977092,2487.222570745105,0,0.0,0.0,1.0549362797741983,h7_reserve_0.05_unavailable_0.0,administered,16
c028c57c101503861515b130,19.825977393144715,4467.636751150524,0.0,0.39724773911794364,2481.4134361534557,0,0.0,0.0,1.1130092004456,h7_reserve_0.35_unavailable_0.0,market,16
c04c60d979bd9ef83c7d288a,33.358679946778345,4004.959804211665,0.0,0.07486611137297906,2023.6365266086832,0,0.0,0.0,1.0646414237987405,h7_reserve_0.20_penalty_1.0,administered,12
c04cf76b1ee8b3459fc19835,25.61958586938182,4330.495579360189,0.0,0.0634876611914655,2327.9992368364387,0,0.0,0.0,1.0846881816113267,h7_reserve_0.10_limited_1.0,administered,1
c078b8a88888d76f02360762,26.600761498421974,4550.180188792241,0.0,0.0037606837606837568,2766.3369608352505,0,0.0,0.0,1.0451171164547497,h7_reserve_0.05_penalty_1.0,administered,9
c0fc85ea676d096364b02b87,30.759077259592154,4439.277698937339,0.0,0.05344253975032234,2715.8242070081387,0,0.0,0.0,1.0528531422804395,h7_reserve_0.35_unavailable_0.0,administered,5
c13260dc7807ecb89ba58b56,23.890847856311073,4255.812785107295,0.0,0.052939071147942635,2403.4655089493754,0,0.0,0.0,1.016326285124944,h7_reserve_0.20_penalty_1.0,administered,6
c211afca641c9ae568d2b98d,14.110239998577464,4322.046718402893,0.0,0.4722758315557228,2325.075172202673,0,0.0,0.0,1.1826925409755369,h7_reserve_0.20_limited_0.5,market,1
c24a026ca72d3d2bf481e51d,17.007044236696014,4600.911877254727,0.0,0.5996008905966349,2716.004324217518,0,0.0,0.0,1.1342849774908519,h7_reserve_0.50_limited_1.0,market,14
c25d0a9689cf66ca01f06312,11.867552846485681,4416.061112227241,0.0,0.6651696464689626,2703.917390273825,0,0.0,0.0,1.1520562494063809,h7_reserve_0.10_limited_0.5,market,5
c2bf02317f8fcd7e6461bcc6,11.867552846485681,4416.061379994169,0.0,0.6651696464689626,2703.9176833341285,0,0.0,0.0,1.1520562494063809,h7_reserve_0.20_limited_0.5,market,5
c31e88df79ed93be531b63eb,17.443122294047196,4601.505453625996,0.0,0.5880142261966212,2716.298648498406,0,0.0,0.0,1.132826417279495,h7_reserve_0.05_penalty_1.0,market,14
c31eb5b1b8863153997dc6b9,8.752709579691539,4448.235984297254,0.0,0.5226786563621021,2729.3102987715806,0,0.0,0.0,1.1281110363116882,h7_reserve_0.35_penalty_1.0,market,19
c3e5774b3b89c1e29a06525f,9.095342339038895,4802.4299218837195,0.0,0.6705137686387687,2804.333073804997,0,0.0,0.0,1.1588410734185786,h7_reserve_0.05_penalty_1.0,market,7
c52575a17bb4eef0f4a4fd4f,30.83694834126201,4439.357086057744,0.0,0.05181555562333823,2715.867170090684,0,0.0,0.0,1.0522350495927315,h7_reserve_0.10_unavailable_0.0,administered,5
c5b8c20d0edd3b1e79eedfc5,26.176023214855263,4419.5643993064905,0.0,0.03232757288709229,2519.975613651904,0,0.0,0.0,1.0319471923408827,h7_reserve_0.35_limited_0.5,administered,15
c6d694210309aeb20b4d50bb,9.546994612724045,4528.060158578217,0.0,0.6608293211418211,2755.165547837439,0,0.0,0.0,1.1370707021900175,h7_reserve_0.35_limited_0.5,market,9
c76992ff73609a636521669a,15.480771035966887,4652.693690676229,0.0,0.39798043401252214,2708.977110812761,0,0.0,0.0,1.21450393947981,h7_reserve_0.10_penalty_1.0,market,13
c7b487c80018c9f999a9bd63,9.562568829058016,4528.057232146455,0.0,0.6596667337292337,2755.1756925332897,0,0.0,0.0,1.1357148222577986,h7_reserve_0.10_limited_1.0,market,9
c84934b6305dbe688de8d758,13.144638585871279,4244.876430447751,0.0,0.5170035451625742,2398.7302206249587,0,0.0,0.0,1.0241311117448302,h7_reserve_0.10_limited_1.0,market,6
c853310018a62bc7a8cd0823,9.983072670075225,4639.667437164069,0.0,0.5220140776962832,2632.181609060484,0,0.0,0.0,1.1358327742934486,h7_reserve_0.35_limited_1.0,market,17
c865de1c9096bdb420624d10,15.511919468634828,4652.741134609917,0.0,0.39722475945209007,2708.999179193127,0,0.0,0.0,1.2141062034739023,h7_reserve_0.20_limited_0.5,market,13
c8b8e74c5d677b74d9f90e97,13.720884590228195,4321.814991729634,0.0,0.48247467558608853,2325.031898926669,0,0.0,0.0,1.188894289207181,h7_reserve_0.50_penalty_1.0,market,1
c8f4ec82bba296f586f20e9f,15.480771035966887,4652.692895631569,0.0,0.39798043401252214,2708.9764572202,0,0.0,0.0,1.21450393947981,h7_reserve_0.05_limited_1.0,market,13
c90901e309b6a711ceacdca0,26.93958844401777,4472.231271469639,0.0,0.040486507033718915,2607.8213951020543,0,0.0,0.0,1.0761132313417425,h7_reserve_0.05_penalty_1.0,administered,0
c910544a1c1fa1402ac707da,17.474270726715137,4601.55319359919,0.0,0.5874570566336568,2716.320878658533,0,0.0,0.0,1.1325136804625655,h7_reserve_0.20_limited_0.5,market,14
c97749ab09394cd34522bb9e,12.895451124527748,4669.2758715903055,0.0,0.023252129134482043,2886.0329400869923,0,0.0,0.0,1.0976241262612458,h7_reserve_0.35_unavailable_0.0,administered,18
c98c4f4b1c3692146564bdad,36.023162380474254,4624.071937154602,0.0,0.025853554704129422,2728.2841533573937,0,0.0,0.0,1.0737275269818352,h7_reserve_0.10_unavailable_0.0,administered,14
c98efbdd04fb3f2468759392,20.62026242617722,4613.012568425365,0.0,0.05386904761904752,2558.4427777138694,0,0.0,0.0,1.150716873515619,h7_reserve_0.10_limited_1.0,administered,8
c999aedd441632f6a8a9d4a2,12.802005826523924,4669.150507784404,0.0,0.026975257857610752,2885.9642217885316,0,0.0,0.0,1.099318945412657,h7_reserve_0.50_limited_1.0,administered,18
ca3ddff882c18df05b2cd59b,36.33464670715367,4726.480414951555,0.0,0.028706381337960243,2787.0000278417174,0,0.0,0.0,1.0859327253821969,h7_reserve_0.10_unavailable_0.0,administered,2
cb1c97496ef32f9c7b2b194a,13.720884590228195,4321.814991729634,0.0,0.48247467558608853,2325.031898926669,0,0.0,0.0,1.188894289207181,h7_reserve_0.50_limited_0.5,market,1
cbb96528e4b3cdc0947fcc32,3.6599408384831156,4566.740247695465,0.0,0.6443404280904281,3102.1251408366816,0,0.0,0.0,1.2052617476255238,h7_reserve_0.35_unavailable_0.0,market,3
cbdf1d27366780b096235c16,36.023162380474254,4624.071938759698,0.0,0.025853554704129422,2728.284162034514,0,0.0,0.0,1.0737275269818352,h7_reserve_0.20_penalty_1.0,administered,14
cc5e2cf48e8c96b1e93e4c93,33.090482034306554,4480.243897413645,0.0,0.02742156859504744,2487.2247223319123,0,0.0,0.0,1.054936270189394,h7_reserve_0.20_unavailable_0.0,administered,16
cc8a406662cc6d3a627616e9,4.064870463166354,4541.6393855065035,0.0,0.7296512291190371,2621.609359479842,0,0.0,0.0,1.3054172253524023,h7_reserve_0.50_limited_1.0,market,4
ccdf35400ffb4de7f891254e,1.6820153640688362,4563.6254247923425,0.0,0.8163672438672439,3100.8026851378772,0,0.0,0.0,1.1874066975908948,h7_reserve_0.50_penalty_1.0,market,3
cd09b84c13d7d44b8f768c91,6.042795937580634,4658.86019907429,0.0,0.4525459176781747,2881.2055879699606,0,0.0,0.0,1.1422034068335905,h7_reserve_0.20_penalty_1.0,market,18
cd831e4ea3d32392b5160646,10.278982780420668,4601.954965907316,0.0,0.49475338747558384,2554.18340508605,0,0.0,0.0,1.3171476548658307,h7_reserve_0.35_limited_0.5,market,8
cd8a96812898f88733072e06,12.147888740497155,4579.046629407728,0.0,0.03495370370370365,3107.929155087763,0,0.0,0.0,1.1215018497173839,h7_reserve_0.05_penalty_1.0,administered,3
cea9b70f99c929334ac90128,33.090482034306554,4480.243897413645,0.0,0.02742156859504744,2487.2247223319123,0,0.0,0.0,1.054936270189394,h7_reserve_0.35_limited_0.5,administered,16
cec6b462f20f3d067f19cefe,12.147888740497155,4579.046629407728,0.0,0.03495370370370365,3107.929155087763,0,0.0,0.0,1.1215018497173839,h7_reserve_0.35_penalty_1.0,administered,3
cf197b9d7d5d30da3f711ad2,27.488491829458304,4668.498833577974,0.0,0.02119659617958163,2716.868171979028,0,0.0,0.0,1.1138490923411069,h7_reserve_0.05_penalty_1.0,administered,13
cf91e6f2b2e26a344d6e23c9,11.509345870804355,4577.425022089813,0.0,0.5122774216524216,2752.210631788641,0,0.0,0.0,1.0159164569538535,h7_reserve_0.35_limited_1.0,market,11
cfd177b2d509afd5fb6994cd,10.699486621437877,4640.593962992475,0.0,0.47825345553548027,2632.668507169616,0,0.0,0.0,1.1333619604983824,h7_reserve_0.20_unavailable_0.0,market,17
d0367ddc309c02318b885fd8,11.976572360823477,4578.833100376542,0.0,0.043287037037036964,3107.8067060192298,0,0.0,0.0,1.125317908769247,h7_reserve_0.50_penalty_1.0,administered,3
d07c8ec7f8c544ec0416f0bd,17.95707143306823,4560.549816192219,0.0,0.0578106054083861,2629.4350776721153,0,0.0,0.0,1.1263340913268938,h7_reserve_0.50_penalty_1.0,administered,4
d087313e69aa44c99497cc39,17.443122294047196,4601.505453625996,0.0,0.5880142261966212,2716.298648498406,0,0.0,0.0,1.132826417279495,h7_reserve_0.05_limited_1.0,market,14
d0e220fe65460ac1d063c0dc,20.744856156848986,4533.390244349307,0.0,0.04387867647058815,2962.3031516534784,0,0.0,0.0,1.018960628546854,h7_reserve_0.50_penalty_1.0,administered,10
d114c2710a13e6fb990a4724,12.786431610189952,4456.080107929902,0.0,0.47737258637914165,2601.0081387124674,0,0.0,0.0,1.1904892945300882,h7_reserve_0.20_limited_1.0,market,0
d146566f90edf70f57d09fdb,9.2510845023786,4600.544592730553,0.0,0.5174434824434824,2553.9176495888278,0,0.0,0.0,1.3369850378104797,h7_reserve_0.50_unavailable_0.0,market,8
d1768a0457a2d4a51ba13475,25.49380101946486,4330.443136647442,0.0,0.06601385707501044,2327.9840245142636,0,0.0,0.0,1.0859660889663916,h7_reserve_0.50_penalty_1.0,administered,1
d1d2bc122aa9ee6bf8c5b899,11.509345870804355,4577.425022089813,0.0,0.5122774216524216,2752.210631788641,0,0.0,0.0,1.0159164569538535,h7_reserve_0.35_limited_0.5,market,11
d246ee71c2920fd94bf0e34c,22.224406708576204,4709.242007533473,0.0,0.41926582157319175,2777.7141725627853,0,0.0,0.0,1.1483965618464573,h7_reserve_0.35_penalty_1.0,market,2
d270975e59a9726cd674aea4,11.867552846485681,4416.061379994169,0.0,0.6651696464689626,2703.9176833341285,0,0.0,0.0,1.1520562494063809,h7_reserve_0.20_unavailable_0.0,market,5
d2c08b69130032e6a7cff673,12.615115230516276,4455.899980342014,0.0,0.4835778479220074,2600.9333761032644,0,0.0,0.0,1.1934709246129798,h7_reserve_0.35_penalty_1.0,market,0
d2ccf4533135dad69d9edb69,36.33464670715367,4726.480414951555,0.0,0.028706381337960243,2787.0000278417174,0,0.0,0.0,1.0859327253821969,h7_reserve_0.05_limited_1.0,administered,2
d3008f686ac482fd8f4c9a65,10.606041323434054,4640.4315593756355,0.0,0.47920583648786125,2632.605067636323,0,0.0,0.0,1.1342846862340186,h7_reserve_0.05_unavailable_0.0,market,17
d349c3f57faf1a3f95fe8cae,3.9402767324945884,4567.2539439376715,0.0,0.6288630351130351,3102.3255657729337,0,0.0,0.0,1.2091779267491742,h7_reserve_0.10_unavailable_0.0,market,3
d36b7784667d695e720fbac9,22.55146525158959,4591.341723580313,0.0,0.00806623931623929,2759.183652578667,0,0.0,0.0,1.0100455798178951,h7_reserve_0.50_penalty_1.0,administered,11
d489cecafdb1de033b52241b,12.615115230516276,4455.899980342014,0.0,0.4835778479220074,2600.9333761032644,0,0.0,0.0,1.1934709246129798,h7_reserve_0.35_limited_0.5,market,0
d48b48c8e8e20964ec7eeb25,26.180257657404766,4549.662163816799,0.0,0.014261548636548611,2766.0531333218896,0,0.0,0.0,1.047897891896817,h7_reserve_0.50_limited_1.0,administered,9
d4dc98a882876e57ea5bfcef,15.511919468634828,4652.741134609917,0.0,0.39722475945209007,2708.999179193127,0,0.0,0.0,1.2141062034739023,h7_reserve_0.35_limited_0.5,market,13
d4dda4693a654c256a7568b8,26.20804605293203,4419.592090118242,0.0,0.031967677437859256,2519.983995575544,0,0.0,0.0,1.0317302368537093,h7_reserve_0.05_limited_1.0,administered,15
d52d93432191e76f80db1ace,26.939703616276507,4472.233999779573,0.0,0.04048627655767854,2607.8241352832565,0,0.0,0.0,1.0761128733124712,h7_reserve_0.10_unavailable_0.0,administered,0
d579c73186aac48efa22ce6a,12.147888740497155,4579.046629407728,0.0,0.03495370370370365,3107.929155087763,0,0.0,0.0,1.1215018497173839,h7_reserve_0.10_unavailable_0.0,administered,3
d5c10e8d94076d4219c2372e,19.984358976979713,4652.008992645959,0.0,0.020203508223917265,2637.6939315179584,0,0.0,0.0,1.1060044143370513,h7_reserve_0.05_limited_0.5,administered,17
d602e1939fc6688dd1878d13,10.278982780420668,4601.954965907316,0.0,0.49475338747558384,2554.18340508605,0,0.0,0.0,1.3171476548658307,h7_reserve_0.35_limited_1.0,market,8
d6cb0dd497cf2f1bf0975987,26.38342714188481,4419.686839431543,0.0,0.027753984634789553,2520.013331065147,0,0.0,0.0,1.030458651258035,h7_reserve_0.20_limited_1.0,administered,15
d7063cd74829a7235d6c4a6a,5.700163178233279,4658.473304086151,0.0,0.4866238628352921,2881.0022028633707,0,0.0,0.0,1.1489495375315768,h7_reserve_0.50_limited_0.5,market,18
d710eaa0c0c15a4b8d10d947,32.88078647614296,4004.687528705304,0.0,0.09195557568125944,2023.455747743261,0,0.0,0.0,1.068104482684777,h7_reserve_0.35_limited_0.5,administered,12
d73258c0a8a333bec9589a72,33.09025244133598,4480.241373492131,0.0,0.02742287045977092,2487.222570745105,0,0.0,0.0,1.0549362797741983,h7_reserve_0.05_limited_0.5,administered,16
d7419d436543423417ac6c99,21.850625516560907,4708.803122384335,0.0,0.4300570131460617,2777.485263339298,0,0.0,0.0,1.1503623583055773,h7_reserve_0.50_limited_0.5,market,2
d74e9e1142aadebb739ce1bf,12.194611389499066,4579.102968828097,0.0,0.032453703703703644,3107.9619865590225,0,0.0,0.0,1.120479389043618,h7_reserve_0.20_penalty_1.0,administered,3
d75ac130f962423a26ddd022,23.45476979895989,4822.573200728468,0.0,0.0434857734857734,2813.34757085578,0,0.0,0.0,1.1294750662434072,h7_reserve_0.05_penalty_1.0,administered,7
d771e5c2e0d2af0c3c1a8470,10.933099866447439,4576.650132582711,0.0,0.5382901665626554,2751.805203445453,0,0.0,0.0,1.018264612929505,h7_reserve_0.05_unavailable_0.0,market,11
d77bf2d74cc08571d3b3bc01,11.415900572800531,4577.297938942811,0.0,0.5163514957264956,2752.1445932597253,0,0.0,0.0,1.0162980929051106,h7_reserve_0.50_unavailable_0.0,market,11
d788dc0c92844ce748fc550b,9.142064988040806,4802.485412042308,0.0,0.6695137686387685,2804.3540487782802,0,0.0,0.0,1.1570547727909457,h7_reserve_0.10_limited_1.0,market,7
d7d3478c036ace9d42adefcb,19.825977393144715,4467.636751150524,0.0,0.39724773911794364,2481.4134361534557,0,0.0,0.0,1.1130092004456,h7_reserve_0.20_limited_0.5,market,16
d7e14073ea7c0d757dd91e87,8.659264281687713,4448.117690940918,0.0,0.5262292568542568,2729.2595639567535,0,0.0,0.0,1.1296568997772996,h7_reserve_0.10_limited_0.5,market,19
d805868a17fdbc03ae00e1c6,33.358679946778345,4004.959804211665,0.0,0.07486611137297906,2023.6365266086832,0,0.0,0.0,1.0646414237987405,h7_reserve_0.20_limited_0.5,administered,12
d826b70b330ccdbf5986aeb8,9.733885208731692,4402.257244172879,0.0,0.7120502210776101,2512.899791561119,0,0.0,0.0,1.0617636896298925,h7_reserve_0.50_limited_1.0,market,15
d846ab91e01ca6024764d5bd,9.983072670075225,4601.642978323675,0.0,0.5028198940966604,2554.085155614593,0,0.0,0.0,1.3291947412970075,h7_reserve_0.05_penalty_1.0,market,8
d9374556b05d32721653e3f6,23.688383043969452,4255.6377842902475,0.0,0.05932458750483893,2403.3788979717947,0,0.0,0.0,1.017386288674014,h7_reserve_0.50_unavailable_0.0,administered,6
d97d71c63cc65ce6f2a9e962,16.726708342684542,4457.335920257607,0.0,0.059087151274651195,2733.931396054354,0,0.0,0.0,1.050083041406473,h7_reserve_0.50_limited_1.0,administered,19
d9f3477ce6257cb0b3e1a83a,3.9402767324945884,4567.2539439376715,0.0,0.6288630351130351,3102.3255657729337,0,0.0,0.0,1.2091779267491742,h7_reserve_0.20_penalty_1.0,market,3
da008e7a93a8016e4cf5c384,10.699486621437877,4640.593962992475,0.0,0.47825345553548027,2632.668507169616,0,0.0,0.0,1.1333619604983824,h7_reserve_0.20_penalty_1.0,market,17
da42353db0661412efc24f52,26.176023214855263,4419.5643993064905,0.0,0.03232757288709229,2519.975613651904,0,0.0,0.0,1.0319471923408827,h7_reserve_0.35_limited_1.0,administered,15
daef4e5f4044f0bd47f65ec5,3.161565915796053,4510.807900913805,0.0,0.8467752250472839,2950.422519388087,0,0.0,0.0,1.1985977902840144,h7_reserve_0.50_limited_1.0,market,10
dafb732a4af42fe4b4998382,14.016794700573639,4321.966106091215,0.0,0.47607586606227903,2325.043708346393,0,0.0,0.0,1.1838345305642481,h7_reserve_0.35_unavailable_0.0,market,1
db142a3a2615edda86c10ecb,11.415900572800531,4577.297938942811,0.0,0.5163514957264956,2752.1445932597253,0,0.0,0.0,1.0162980929051106,h7_reserve_0.50_penalty_1.0,market,11
db90a3c8d8a113f633d5a08e,26.780368229950103,4472.122789506473,0.0,0.04481753042292185,2607.779896526253,0,0.0,0.0,1.0777089057319762,h7_reserve_0.50_limited_0.5,administered,0
dbd04bd3c580835fa6e7cd77,30.83694834126201,4439.357086057744,0.0,0.05181555562333823,2715.867170090684,0,0.0,0.0,1.0522350495927315,h7_reserve_0.10_penalty_1.0,administered,5
dc7c32bb9146d0e489afbfa3,9.142064988040806,4802.485416497458,0.0,0.6695137686387685,2804.354102122576,0,0.0,0.0,1.1570547727909457,h7_reserve_0.20_limited_0.5,market,7
dc825cd04c8f35c3041ac9e3,19.91942269114854,3994.8531499683772,0.0,0.5262434857546674,2017.8482794222498,0,0.0,0.0,1.1308316274636265,h7_reserve_0.20_unavailable_0.0,market,12
dd218e36cc8473fb6a312812,7.896127681323149,4800.376344814257,0.0,0.7049830724830725,2803.5129295860875,0,0.0,0.0,1.1552005211897607,h7_reserve_0.50_unavailable_0.0,market,7
dd237ff94d8ff19dbbbc78f2,21.02519205086046,4533.701165816161,0.0,0.03224942112650467,2962.4893155598966,0,0.0,0.0,1.0172207691843977,h7_reserve_0.05_unavailable_0.0,administered,10
dd4ae512bf569ab5ccd3721d,33.090482034306554,4480.243897413645,0.0,0.02742156859504744,2487.2247223319123,0,0.0,0.0,1.054936270189394,h7_reserve_0.35_unavailable_0.0,administered,16
dd70451bb3538ccf21159171,23.890847856311073,4255.812785107295,0.0,0.052939071147942635,2403.4655089493754,0,0.0,0.0,1.016326285124944,h7_reserve_0.20_limited_1.0,administered,6
dd9c10b42d29639687a5a15a,25.73197403098435,4419.294975913182,0.0,0.04288428314075233,2519.8782296937534,0,0.0,0.0,1.0353767580731283,h7_reserve_0.50_penalty_1.0,administered,15
ddf1f778a6b01dfbb81edaf5,12.92659955719569,4669.316461514634,0.0,0.02173697761933054,2886.055550364862,0,0.0,0.0,1.0970586891656733,h7_reserve_0.20_limited_0.5,administered,18
ddf63caaeaf2c50fa6aabd4e,23.921996288979013,4255.831629214326,0.0,0.05218149539036687,2403.475409403318,0,0.0,0.0,1.0160126818024817,h7_reserve_0.10_penalty_1.0,administered,6
de5391b7b25fc76ac38a7a75,3.9402767324945884,4567.2539439376715,0.0,0.6288630351130351,3102.3255657729337,0,0.0,0.0,1.2091779267491742,h7_reserve_0.20_unavailable_0.0,market,3
de95cd06fd401c6c2b242b09,12.708560528520099,4456.016717677406,0.0,0.478755035666201,2600.9899759391137,0,0.0,0.0,1.1926348696693159,h7_reserve_0.10_limited_1.0,market,0
df9f79b1ffec10bbeecda18d,17.007044236696014,4600.911877254727,0.0,0.5996008905966349,2716.004324217518,0,0.0,0.0,1.1342849774908519,h7_reserve_0.50_unavailable_0.0,market,14
e03d5535f09f292455253a5d,20.1530359361581,4612.810528214268,0.0,0.08083062770562746,2558.304073005226,0,0.0,0.0,1.1600019947801545,h7_reserve_0.35_limited_0.5,administered,8
e0435a2b49e85d13d84c0a7a,9.188787637042717,4412.110558065309,0.0,0.7164223055971534,2702.2862598612387,0,0.0,0.0,1.1794201992040665,h7_reserve_0.50_unavailable_0.0,market,5
e0ccc7656a2d0ba0a1f819c8,22.5981879005915,4591.411502634795,0.0,0.007232905982905957,2759.221573725809,0,0.0,0.0,1.009767723590785,h7_reserve_0.35_limited_1.0,administered,11
e1ab5e838484a3e4208c08c4,10.606041323434054,4640.4315593756355,0.0,0.47920583648786125,2632.605067636323,0,0.0,0.0,1.1342846862340186,h7_reserve_0.05_penalty_1.0,market,17
e1e1b591fd36cf5c061b245f,18.938247062108385,4561.317421095256,0.0,0.03394416356984412,2629.6884332226014,0,0.0,0.0,1.111944206037969,h7_reserve_0.10_limited_0.5,administered,4
e24a341926adeb1ceff3e749,25.49380101946486,4330.443136647442,0.0,0.06601385707501044,2327.9840245142636,0,0.0,0.0,1.0859660889663916,h7_reserve_0.50_unavailable_0.0,administered,1
e24f86f07114f969acfadd8a,15.480771035966887,4652.692895631569,0.0,0.39798043401252214,2708.9764572202,0,0.0,0.0,1.21450393947981,h7_reserve_0.05_limited_0.5,market,13
e26b8161315b969d2f147dbd,10.278982780420668,4241.652619304468,0.0,0.6659305901823548,2397.107919063331,0,0.0,0.0,1.027298243623095,h7_reserve_0.50_limited_0.5,market,6
e2efc96039de563e2a365e31,9.313381367714484,4527.698969519752,0.0,0.6660033138158138,2755.003962440087,0,0.0,0.0,1.1394542204308755,h7_reserve_0.05_limited_1.0,market,9
e315e7369bfcbdb687979f78,16.804579424354397,4457.400414283242,0.0,0.05648298460798454,2733.960686739489,0,0.0,0.0,1.0487131448683353,h7_reserve_0.05_limited_0.5,administered,19
e33e7de8a1d4f1793ff070ab,1.6820153640688362,4563.6254247923425,0.0,0.8163672438672439,3100.8026851378772,0,0.0,0.0,1.1874066975908948,h7_reserve_0.50_unavailable_0.0,market,3
e36542bd64f3c398c1165438,17.474270726715137,4601.55319359919,0.0,0.5874570566336568,2716.320878658533,0,0.0,0.0,1.1325136804625655,h7_reserve_0.20_limited_1.0,market,14
e3ab99b13bd5c4b5379e1a7f,11.696236466812003,4404.393503167748,0.0,0.6408875945728646,2513.7059173923253,0,0.0,0.0,1.0565526143338428,h7_reserve_0.10_limited_1.0,market,15
e3c5007d6f2f007bf765531e,9.562568829058016,4528.057232146455,0.0,0.6596667337292337,2755.1756925332897,0,0.0,0.0,1.1357148222577986,h7_reserve_0.10_penalty_1.0,market,9
e40376339971b0cb8885c948,11.883127062819652,4404.60428666838,0.0,0.6299243747675004,2513.7734398219886,0,0.0,0.0,1.057276438615736,h7_reserve_0.20_penalty_1.0,market,15
e40f9862a428a763deaaba02,18.938247062108385,4561.317504805229,0.0,0.03394416356984412,2629.688531816112,0,0.0,0.0,1.111944206037969,h7_reserve_0.20_unavailable_0.0,administered,4
e4870aa231ce7babb59cf082,4.812432847196948,4513.275068766074,0.0,0.7770430971533911,2951.5713972628378,0,0.0,0.0,1.1630817714126986,h7_reserve_0.05_limited_1.0,market,10
e4f9ae22f5ef4f7e162329cc,9.2510845023786,4600.544592730553,0.0,0.5174434824434824,2553.9176495888278,0,0.0,0.0,1.3369850378104797,h7_reserve_0.50_limited_1.0,market,8
e534a75a33fb9cad405899e7,14.016794700573639,4321.966106091215,0.0,0.47607586606227903,2325.043708346393,0,0.0,0.0,1.1838345305642481,h7_reserve_0.35_limited_1.0,market,1
e539100184d38d2bf26c2a05,26.23940066280652,4419.608081186715,0.0,0.03117991056071548,2519.9926288195393,0,0.0,0.0,1.0314409307409267,h7_reserve_0.10_unavailable_0.0,administered,15
e53e6452fcb8dd8beacef092,20.744856156848986,4533.390244349307,0.0,0.04387867647058815,2962.3031516534784,0,0.0,0.0,1.018960628546854,h7_reserve_0.50_limited_1.0,administered,10
e54d4181268da41f35de7aa1,21.02519205086046,4533.701165816161,0.0,0.03224942112650467,2962.4893155598966,0,0.0,0.0,1.0172207691843977,h7_reserve_0.05_limited_1.0,administered,10
e56013fd67d4521f8161fc7c,11.867552846485681,4416.061379994169,0.0,0.6651696464689626,2703.9176833341285,0,0.0,0.0,1.1520562494063809,h7_reserve_0.20_limited_1.0,market,5
e58e19f6cf0a9aa6e8127eb4,36.023162380474254,4624.071876080224,0.0,0.025853554704129422,2728.2840105206387,0,0.0,0.0,1.0737275269818352,h7_reserve_0.05_limited_1.0,administered,14
e5f2eee49b98c93946ebd513,20.044016421820306,3994.886395375337,0.0,0.5224651758416126,2017.8514023013388,0,0.0,0.0,1.1299333690316118,h7_reserve_0.10_limited_1.0,market,12
e640dbf2d9fb136b2e01d3f4,36.023162380474254,4624.071876080224,0.0,0.025853554704129422,2728.2840105206387,0,0.0,0.0,1.0737275269818352,h7_reserve_0.05_limited_0.5,administered,14
e67995e3ac4b42088111cd56,9.095342339038895,4802.4299218837195,0.0,0.6705137686387687,2804.333073804997,0,0.0,0.0,1.1588410734185786,h7_reserve_0.05_unavailable_0.0,market,7
e6b0f86bef437421ac82793f,12.92659955719569,4669.316461514634,0.0,0.02173697761933054,2886.055550364862,0,0.0,0.0,1.0970586891656733,h7_reserve_0.10_penalty_1.0,administered,18
e6f18ca482d23dde8b31f930,18.938247062108385,4561.317504805229,0.0,0.03394416356984412,2629.688531816112,0,0.0,0.0,1.111944206037969,h7_reserve_0.20_penalty_1.0,administered,4
e748d491d266c415080f0b31,36.33464670715367,4726.480414951555,0.0,0.028706381337960243,2787.0000278417174,0,0.0,0.0,1.0859327253821969,h7_reserve_0.10_penalty_1.0,administered,2
e7758341806ba832a747b99b,11.104416246121117,4576.887370631505,0.0,0.5305759859867928,2751.928168285478,0,0.0,0.0,1.0171618666649522,h7_reserve_0.10_limited_1.0,market,11
e7b0de0b98411d985b5f8848,15.511919468634828,4652.741134609917,0.0,0.39722475945209007,2708.999179193127,0,0.0,0.0,1.2141062034739023,h7_reserve_0.20_unavailable_0.0,market,13
e8cda0c6acd4c66b98533fed,33.09025244133598,4480.241373492131,0.0,0.02742287045977092,2487.222570745105,0,0.0,0.0,1.0549362797741983,h7_reserve_0.05_penalty_1.0,administered,16
e9cf39de82afec63c1a6d682,26.38342714188481,4419.686839431543,0.0,0.027753984634789553,2520.013331065147,0,0.0,0.0,1.030458651258035,h7_reserve_0.20_limited_0.5,administered,15
e9d8ffaa6f11ce5de6059e26,18.720208033432794,4561.131188164248,0.0,0.038019834067928415,2629.628069287349,0,0.0,0.0,1.1150495676086614,h7_reserve_0.35_unavailable_0.0,administered,4
ea1149d50e240a80aa3177f5,23.750679909305333,4255.714877664206,0.0,0.05636883385762421,2403.426665206644,0,0.0,0.0,1.0171765439088107,h7_reserve_0.35_unavailable_0.0,administered,6
ead7cd175530eafebec5ecc6,3.6599408384831156,4566.740247695465,0.0,0.6443404280904281,3102.1251408366816,0,0.0,0.0,1.2052617476255238,h7_reserve_0.35_limited_1.0,market,3
eaf1ab52bd27bf56c74cbfc8,26.600761498421974,4550.184169166953,0.0,0.0038461538461538377,2766.337624973357,0,0.0,0.0,1.0451689413006435,h7_reserve_0.20_limited_1.0,administered,9
eb217b5854b4d64ec4670935,3.9402767324945884,4567.2539439376715,0.0,0.6288630351130351,3102.3255657729337,0,0.0,0.0,1.2091779267491742,h7_reserve_0.10_limited_1.0,market,3
eb49cba030573de81a8dfbd7,20.0657062018171,4652.066353104211,0.0,0.017969298203140745,2637.706610227568,0,0.0,0.0,1.104937331490007,h7_reserve_0.10_limited_0.5,administered,17
eba089d0cad8f7c3a89e34c4,25.541714787711967,4330.49122617215,0.0,0.06517958038338469,2328.0096688644167,0,0.0,0.0,1.0855364292381744,h7_reserve_0.35_limited_0.5,administered,1
eba4443f1b27f356d6bc5278,26.600761498421974,4550.180188792241,0.0,0.0037606837606837568,2766.3369608352505,0,0.0,0.0,1.0451171164547497,h7_reserve_0.05_limited_1.0,administered,9
ec0c05d45d20ef85f28a15dd,1.6820153640688362,4563.6254247923425,0.0,0.8163672438672439,3100.8026851378772,0,0.0,0.0,1.1874066975908948,h7_reserve_0.50_limited_1.0,market,3
ec8f779b80bedb2b3da7507d,12.194611389499066,4579.102968828097,0.0,0.032453703703703644,3107.9619865590225,0,0.0,0.0,1.120479389043618,h7_reserve_0.20_limited_1.0,administered,3
ed261e8fe249347412e7b16e,25.681882734717703,4330.522501721929,0.0,0.06197250967631398,2328.0121376732686,0,0.0,0.0,1.0840370131570836,h7_reserve_0.20_limited_1.0,administered,1
ed2c1407a8a9965d8736645f,19.234157172453827,4467.150791210657,0.0,0.41629807887480513,2481.2366698735873,0,0.0,0.0,1.1170671590049432,h7_reserve_0.50_limited_1.0,market,16
edf876fc9f66d3c0720fe5d6,23.890847856311073,4255.812785107295,0.0,0.052939071147942635,2403.4655089493754,0,0.0,0.0,1.016326285124944,h7_reserve_0.20_limited_0.5,administered,6
ee01ef8c7b92b0d9d780030f,7.179713729960496,4524.549525121335,0.0,0.7226817099535938,2753.5357006396425,0,0.0,0.0,1.1718599712914908,h7_reserve_0.50_penalty_1.0,market,9
ee33b002692d671125999ec6,18.938247062108385,4561.317421095256,0.0,0.03394416356984412,2629.6884332226014,0,0.0,0.0,1.111944206037969,h7_reserve_0.10_limited_1.0,administered,4
ee4a74c7f450344f19aac829,15.511919468634828,4652.741134609917,0.0,0.39722475945209007,2708.999179193127,0,0.0,0.0,1.2141062034739023,h7_reserve_0.35_unavailable_0.0,market,13
ee6fb1e0391022759fbeb9c6,19.825977393144715,4467.636751150524,0.0,0.39724773911794364,2481.4134361534557,0,0.0,0.0,1.1130092004456,h7_reserve_0.10_limited_0.5,market,16
ee98d99f23126b4a947a88c3,12.677412095852159,4455.996740052962,0.0,0.47930785428716405,2600.9845349295406,0,0.0,0.0,1.1935702383859177,h7_reserve_0.05_limited_0.5,market,0
ef45105608a99d13af553d57,11.60279116880818,4404.275738483093,0.0,0.6423057231429002,2513.682783424666,0,0.0,0.0,1.0559810642580068,h7_reserve_0.05_unavailable_0.0,market,15
ef8e04898e61039c9a182687,36.023162380474254,4624.071216843893,0.0,0.025853554704129422,2728.283482329784,0,0.0,0.0,1.0737275269818352,h7_reserve_0.35_limited_0.5,administered,14
efb6cb59066d09e7b07b2a26,32.51249256058226,4004.34625901087,0.0,0.10351710823598614,2023.2240354190421,0,0.0,0.0,1.0701414291253837,h7_reserve_0.50_penalty_1.0,administered,12
efbcda8783f006ab7276a67c,3.909128299826647,4567.191900407906,0.0,0.6302519240019241,3102.3018998958055,0,0.0,0.0,1.209091645885681,h7_reserve_0.05_penalty_1.0,market,3
f0785bf395e3bf5906c71e53,16.804579424354397,4457.400414283242,0.0,0.05648298460798454,2733.960686739489,0,0.0,0.0,1.0487131448683353,h7_reserve_0.05_limited_1.0,administered,19
f0b7207efa65ee242559a694,12.92659955719569,4669.316461514634,0.0,0.02173697761933054,2886.055550364862,0,0.0,0.0,1.0970586891656733,h7_reserve_0.10_unavailable_0.0,administered,18
f0e2bb2288ea4c6e81b85528,12.677412095852159,4455.996740052962,0.0,0.47930785428716405,2600.9845349295406,0,0.0,0.0,1.1935702383859177,h7_reserve_0.05_unavailable_0.0,market,0
f16ce42fd56b30ba4c607b67,13.892200969901873,4321.957688276242,0.0,0.4777490419202375,2325.058845348437,0,0.0,0.0,1.1867476674704298,h7_reserve_0.10_limited_1.0,market,1
f187da7d4bd692a8b8d767f6,22.426871520917825,4591.254861202676,0.0,0.01639957264957263,2759.1107603834525,0,0.0,0.0,1.0108626220698214,h7_reserve_0.05_limited_0.5,administered,11
f1e7b9d446acf67288bf5448,25.541714787711967,4330.49122617215,0.0,0.06517958038338469,2328.0096688644167,0,0.0,0.0,1.0855364292381744,h7_reserve_0.35_penalty_1.0,administered,1
f23839c47a370b18b29382de,30.19840547156921,4438.625695925471,0.0,0.06503011501031139,2715.493360852359,0,0.0,0.0,1.0571439329946692,h7_reserve_0.50_unavailable_0.0,administered,5
f2a640a51f973800e6e82356,10.450299160094346,4602.139271735729,0.0,0.4891381162154576,2554.2300557855815,0,0.0,0.0,1.3142646913444256,h7_reserve_0.20_penalty_1.0,market,8
f30854124a94ff874753cc76,19.91942269114854,3994.8531499683772,0.0,0.5262434857546674,2017.8482794222498,0,0.0,0.0,1.1308316274636265,h7_reserve_0.20_limited_0.5,market,12
f33e254a661df5a6c61ea3ff,25.572863220379908,4330.493049573646,0.0,0.06432099452479882,2328.002862011724,0,0.0,0.0,1.08537174774163,h7_reserve_0.05_penalty_1.0,administered,1
f36bca74a81343b0cc6a19c4,30.759077259592154,4439.277698937339,0.0,0.05344253975032234,2715.8242070081387,0,0.0,0.0,1.0528531422804395,h7_reserve_0.35_limited_1.0,administered,5
f39b88e4c57bdc59f7e31e18,25.49380101946486,4330.443136647442,0.0,0.06601385707501044,2327.9840245142636,0,0.0,0.0,1.0859660889663916,h7_reserve_0.50_limited_1.0,administered,1
f3bebdda285a1b4102ea7258,20.62026242617722,4613.013727974444,0.0,0.05386904761904752,2558.4441280763217,0,0.0,0.0,1.150716873515619,h7_reserve_0.20_limited_1.0,administered,8
f3c02d64eeede3adf50ef9ef,36.023162380474254,4624.071876080224,0.0,0.025853554704129422,2728.2840105206387,0,0.0,0.0,1.0737275269818352,h7_reserve_0.05_unavailable_0.0,administered,14
f406ba09ad086a6589d771e7,11.696236466812003,4404.393503167748,0.0,0.6408875945728646,2513.7059173923253,0,0.0,0.0,1.0565526143338428,h7_reserve_0.10_limited_0.5,market,15
f40aa54a6ae1754e4143c067,36.33464670715367,4726.480414951555,0.0,0.028706381337960243,2787.0000278417174,0,0.0,0.0,1.0859327253821969,h7_reserve_0.20_unavailable_0.0,administered,2
f43dbce4794a2b30eb42f667,19.825977393144715,4467.636751150524,0.0,0.39724773911794364,2481.4134361534557,0,0.0,0.0,1.1130092004456,h7_reserve_0.20_unavailable_0.0,market,16
f4aabfaff2b3f82c1d81782d,33.32683230415231,4004.95822616668,0.0,0.0754236930668055,2023.6376947757244,0,0.0,0.0,1.0648572295262115,h7_reserve_0.10_limited_0.5,administered,12
f4b5160497496492437eacc5,22.55146525158959,4591.341723580313,0.0,0.00806623931623929,2759.183652578667,0,0.0,0.0,1.0100455798178951,h7_reserve_0.50_limited_1.0,administered,11
f4e2056108faaa305949838e,21.02519205086046,4533.701165816161,0.0,0.03225996825351974,2962.4893155598966,0,0.0,0.0,1.0172207691843977,h7_reserve_0.10_limited_1.0,administered,10
f5dc2da9c8a86162a903dd18,11.353603707464648,4577.214970675694,0.0,0.5196337333387898,2752.1022569323673,0,0.0,0.0,1.0164393729728636,h7_reserve_0.20_penalty_1.0,market,11
f6323ad8927ca9a7dab9dd5d,20.0657062018171,4652.066353104211,0.0,0.017969298203140745,2637.706610227568,0,0.0,0.0,1.104937331490007,h7_reserve_0.10_limited_1.0,administered,17
f6f0d10c361a5b2bda2b1e58,22.53589103525562,4709.573311882821,0.0,0.4092116754211346,2777.907863065506,0,0.0,0.0,1.1467822638941636,h7_reserve_0.10_unavailable_0.0,market,2
f6fdcaaf59c9c66a2f39f731,9.983072670075225,4639.667437164069,0.0,0.5220140776962832,2632.181609060484,0,0.0,0.0,1.1358327742934486,h7_reserve_0.35_penalty_1.0,market,17
f7109f530adc4edf7925e3e3,11.976572360823477,4578.833100376542,0.0,0.043287037037036964,3107.8067060192298,0,0.0,0.0,1.125317908769247,h7_reserve_0.50_limited_0.5,administered,3
f785b401dcadb7afa1e3e2d6,20.1530359361581,4612.810528214268,0.0,0.08083062770562746,2558.304073005226,0,0.0,0.0,1.1600019947801545,h7_reserve_0.35_penalty_1.0,administered,8
f7fee3626dd5be1d010f132f,19.696254487257434,4651.706416504267,0.0,0.025600982961730145,2637.5806117243696,0,0.0,0.0,1.1093760974587616,h7_reserve_0.50_penalty_1.0,administered,17
f862aab02fc6da56808a652a,3.9402767324945884,4567.2539439376715,0.0,0.6288630351130351,3102.3255657729337,0,0.0,0.0,1.2091779267491742,h7_reserve_0.10_penalty_1.0,market,3
f86c763139eed333cfbc1716,16.851302073356308,4457.435013430967,0.0,0.05481631794131787,2733.9737442314804,0,0.0,0.0,1.0480500621691762,h7_reserve_0.20_limited_0.5,administered,19
f8acacb6cc600ae6429834a7,25.73197403098435,4419.294975913182,0.0,0.04288428314075233,2519.8782296937534,0,0.0,0.0,1.0353767580731283,h7_reserve_0.50_limited_1.0,administered,15
f8d00493f87195b9fad63af3,26.631909931089915,4550.22450491101,0.0,0.003205128205128201,2766.3601734058007,0,0.0,0.0,1.0449373146771033,h7_reserve_0.10_unavailable_0.0,administered,9
f8ef7b78ea94a991c6d6b6fb,20.044016421820306,3994.886395375337,0.0,0.5224651758416126,2017.8514023013388,0,0.0,0.0,1.1299333690316118,h7_reserve_0.10_unavailable_0.0,market,12
f8f1b97edf81b868ce408aad,30.83694834126201,4439.357323799997,0.0,0.05181555562333823,2715.867435348578,0,0.0,0.0,1.0522350495927315,h7_reserve_0.20_unavailable_0.0,administered,5
f90984babbb8262fe4550920,33.090482034306554,4480.243897413645,0.0,0.02742156859504744,2487.2247223319123,0,0.0,0.0,1.054936270189394,h7_reserve_0.10_penalty_1.0,administered,16
f97489a5cceef5e71515d333,22.458019953585765,4709.468099481067,0.0,0.41098466189046806,2777.8524416799755,0,0.0,0.0,1.147525837636236,h7_reserve_0.05_penalty_1.0,market,2
f98c48bb35330547ecab1369,11.60279116880818,4404.275738483093,0.0,0.6423057231429002,2513.682783424666,0,0.0,0.0,1.0559810642580068,h7_reserve_0.05_limited_1.0,market,15
f996d8e2fe6d5230c58cb8ee,33.090482034306554,4480.243897413645,0.0,0.02742156859504744,2487.2247223319123,0,0.0,0.0,1.054936270189394,h7_reserve_0.20_limited_1.0,administered,16
f9d92fe9cc436ecf6bae0954,27.457343396790364,4668.4505453574775,0.0,0.021752151735137185,2716.846365497849,0,0.0,0.0,1.1141219595866354,h7_reserve_0.50_penalty_1.0,administered,13
fa0cad16ce2ae1d33a0290a5,12.786431610189952,4456.080107929902,0.0,0.47737258637914165,2601.0081387124674,0,0.0,0.0,1.1904892945300882,h7_reserve_0.20_limited_0.5,market,0
fa1d4d137e891f98001c4558,26.939703616276507,4472.233999779573,0.0,0.04048627655767854,2607.8241352832565,0,0.0,0.0,1.0761128733124712,h7_reserve_0.10_penalty_1.0,administered,0
fa83ae6033a6f50babedfe18,27.488491829458304,4668.499205073022,0.0,0.02119659617958163,2716.8685251635957,0,0.0,0.0,1.1138490923411069,h7_reserve_0.20_penalty_1.0,administered,13
fb2bb3d457530dcf4e513cd1,8.752709579691539,4448.235984297254,0.0,0.5226786563621021,2729.3102987715806,0,0.0,0.0,1.1281110363116882,h7_reserve_0.35_limited_1.0,market,19
fb55d246cba63ee27623277a,10.652763972435965,4640.502957925053,0.0,0.4779558364878613,2632.6351244168686,0,0.0,0.0,1.1337938059251078,h7_reserve_0.10_penalty_1.0,market,17
fb63fe061ccf606fc1b848af,30.681206177922302,4439.179398451686,0.0,0.05542666673444933,2715.7802374424014,0,0.0,0.0,1.0532510184319983,h7_reserve_0.05_limited_0.5,administered,5
fb98a1049a2aa851783c6c14,13.175787018539221,4244.896705888261,0.0,0.516428832518896,2398.732339329899,0,0.0,0.0,1.023881806992927,h7_reserve_0.20_limited_1.0,market,6
fc779d285383ce66670d02f6,12.895451124527748,4669.2758715903055,0.0,0.023252129134482043,2886.0329400869923,0,0.0,0.0,1.0976241262612458,h7_reserve_0.35_limited_0.5,administered,18
fcd5b5d2a6c0f4b21e00e6d4,8.752709579691539,4448.235984297254,0.0,0.5226778757847929,2729.3102987715806,0,0.0,0.0,1.1281110363116882,h7_reserve_0.20_unavailable_0.0,market,19
fd71b69bd5732975f8f24f02,25.572863220379908,4330.493049573646,0.0,0.06432099452479882,2328.002862011724,0,0.0,0.0,1.08537174774163,h7_reserve_0.05_limited_1.0,administered,1
fdad6c53d28f5f535ddd6592,22.224406708576204,4709.242007533473,0.0,0.41926582157319175,2777.7141725627853,0,0.0,0.0,1.1483965618464573,h7_reserve_0.35_limited_1.0,market,2
fe6bcf18e269314001ab70ad,33.090482034306554,4480.243897413645,0.0,0.02742156859504744,2487.2247223319123,0,0.0,0.0,1.054936270189394,h7_reserve_0.20_penalty_1.0,administered,16
fe74fd85478e96c1aa436123,30.681206177922302,4439.179398451686,0.0,0.05542666673444933,2715.7802374424014,0,0.0,0.0,1.0532510184319983,h7_reserve_0.05_penalty_1.0,administered,5
fe9e2f1f067b041eec03f2ee,26.93976252398677,4472.234889183127,0.0,0.040486158691101816,2607.8251087204153,0,0.0,0.0,1.0761126901906972,h7_reserve_0.20_unavailable_0.0,administered,0
fead24b5e0603666797f25f6,16.804579424354397,4457.400962199176,0.0,0.05648298460798454,2733.9614110986745,0,0.0,0.0,1.0487131448683353,h7_reserve_0.10_penalty_1.0,administered,19
feebb08af5330bb84b1aea8c,3.161565915796053,4510.807900913805,0.0,0.8467752250472839,2950.422519388087,0,0.0,0.0,1.1985977902840144,h7_reserve_0.50_unavailable_0.0,market,10
fefa5dd557d56adb55e3edc4,18.330852625083526,3994.2454097526193,0.0,0.5601616243591037,2017.7711131834483,0,0.0,0.0,1.1431807966461514,h7_reserve_0.35_limited_0.5,market,12
ffc91af50233c2abd246ce4f,3.161565915796053,4510.807900913805,0.0,0.8467752250472839,2950.422519388087,0,0.0,0.0,1.1985977902840144,h7_reserve_0.50_penalty_1.0,market,10
