run_id,mean_local_pass_through,borrower_leverage_rate_slope,quoted_rate_dispersion,risk_rationing_slope,scenario_id,rate_regime,replication,cumulative_output,cumulative_new_credit,defaults,write_offs,output_per_unit_credit
002eb612df8c8f246f36b772,0.25,0.007080901378447463,0.004964688804325177,0.08205626075487903,h2_h3_baseline,administered,701,4709.224395232431,10.502481506539251,0.0,0.0,448.39159129204705
0036dfdf9892647249d41724,0.25,0.007224728892130576,0.004991822813651347,0.24816158310787673,h2_h3_baseline,administered,350,4292.717274924805,12.942173773529655,0.0,0.0,331.68441021125875
0041a73b94072d88d52863f6,1.0,0.026474731786575598,0.009121754140911206,0.4733876320111783,h2_h3_baseline,market,563,4596.517781579741,9.033045473703005,0.0,0.0,508.85582220980945
0042eb5c270ede035334a0a2,1.0,0.03019612620130471,0.010850330895911035,0.5143176679776456,h2_h3_baseline,market,211,4355.274984066888,11.665088034144063,0.0,0.0,373.35980417111875
005b93f95c4543d4ec36dbfb,0.25,0.007444606145242466,0.005116012663365457,0.040407548719801234,h2_h3_baseline,administered,360,4632.36025784295,23.99986737064886,0.0,0.0,193.0160773933356
00bec7f335f61f2be144a865,0.25,0.007382736797712567,0.005160691055626233,0.05735286772964483,h2_h3_baseline,administered,383,4360.8213434900335,31.19515531694334,0.0,0.0,139.79162146121763
00c55fc40179e8c32b6be7ec,1.0,0.028952764906863923,0.012017358831036863,0.4698283635971862,h2_h3_baseline,market,407,4566.264947220284,18.081665163739988,0.0,0.0,252.535643474763
00d4bfdbaa5f35ba119eabf7,1.0,0.029020037529436618,0.01217505144684278,0.3687839990422883,h2_h3_baseline,market,348,4636.787971970893,7.475623840305941,0.0,0.0,620.2543187059465
00f9143217898f978c854bc3,1.0,0.029256189095405706,0.009029553858088723,0.4556449617849403,h2_h3_baseline,market,636,4485.967524410503,15.153712492953499,0.0,0.0,296.03092486388965
00fcd8cfe347a45810d39071,1.0,0.027288268702115485,0.010756956417425348,0.39052550315554585,h2_h3_baseline,market,463,4461.252841267368,5.824756908905046,0.0,0.0,765.9122794372558
01018e123c056a0eae7a7f34,1.0,0.029665694330074405,0.009682106142849414,0.5571383713968072,h2_h3_baseline,market,728,4493.023615975807,22.130961410572382,0.0,0.0,203.01981159433063
0125eac3149d2bfaff900913,1.0,0.02911566711958514,0.007129125896839645,0.5804600783906334,h2_h3_baseline,market,253,4498.027077328337,18.34642684141749,0.0,0.0,245.17183188902678
01416b8bd839b60d23673b80,0.25,0.0071334690428301,0.004691299220934357,0.04818995057322122,h2_h3_baseline,administered,235,4473.836098870415,22.426871520917825,0.0,0.0,199.4855187312957
0146b599e4a267454875de82,0.25,0.006956378931411167,0.005674463392903131,0.1066700325753027,h2_h3_baseline,administered,333,4485.876726361291,29.23280405886303,0.0,0.0,153.45352150715857
01488b31adc996c7fae410b1,1.0,0.02994841808269157,0.011512157061021341,0.5428663476191135,h2_h3_baseline,market,587,4618.241334917212,19.99729377281839,0.0,0.0,230.94331599981908
023e0960751e5da3458288b6,0.25,0.008354584023190973,0.0015155751667907588,0.0,h2_h3_baseline,administered,527,4767.760553405634,7.475623840305942,0.0,0.0,637.7742721215507
0247459f67861c13896a354d,0.25,0.007768293033362605,0.006750541783780115,0.17222206758581643,h2_h3_baseline,administered,632,4123.889151397604,35.088709400436024,0.0,0.0,117.52752443343952
02a3d170e693833d7ec78121,0.25,0.007480965602290559,0.005710337138477111,0.03353123702593526,h2_h3_baseline,administered,788,4338.802493420094,31.51017252494689,0.0,0.0,137.6952947491806
02a58e6abba1e7ba746d0b8b,1.0,0.028828345892370884,0.011088518059859293,0.49816890256361457,h2_h3_baseline,market,156,4514.465165754389,23.26787920295224,0.0,0.0,194.0213427436735
0313306b2be17895904bd4f4,0.25,0.0073707144957303105,0.004219270123068021,0.05575571177344645,h2_h3_baseline,administered,710,4596.690113038267,20.673621002828384,0.0,0.0,222.3456699921793
0343016bd64173dee9605014,1.0,0.029482911145275483,0.008966277327357454,0.46394482781012714,h2_h3_baseline,market,425,4206.871023163616,10.777357703107729,0.0,0.0,390.34345328916146
034e6cf07b64e8e5767b364f,0.25,0.007428081679826667,0.004628704599606715,0.06691929489073747,h2_h3_baseline,administered,432,4460.867201753241,33.03987994585026,0.0,0.0,135.0146310780865
036ac55aa72a4e487a7e769f,1.0,0.029297020298353203,0.007801927722940667,0.5080434637549124,h2_h3_baseline,market,474,4490.115568993639,9.515846180056105,0.0,0.0,471.85667822209007
03b80372ae62a646d7714ad3,1.0,0.029661207917679358,0.009276483920696944,0.5184065153556762,h2_h3_baseline,market,769,4497.432059676603,24.59168759133976,0.0,0.0,182.88423854491484
040228d02170b90153d38c5c,1.0,0.02924154766441515,0.013902637429716902,0.46417971916719947,h2_h3_baseline,market,294,4299.5929123661235,14.733208651936291,0.0,0.0,291.8300428604231
0405a3d6e15b05fe0c4e688e,1.0,0.030093059310270506,0.009085825196899424,0.4946935422074711,h2_h3_baseline,market,533,4586.484375018345,11.30688105846273,0.0,0.0,405.6365633726688
0422c07c8ffbb1e6b03b0f54,1.0,0.03043861058778184,0.01096077899323331,0.4583016856747285,h2_h3_baseline,market,448,4606.7174845472055,11.80525598114979,0.0,0.0,390.2259715420866
04bae9a07bc9ceb3ebc8d77e,0.25,0.0068765063462522145,0.005774920456786395,0.0633613086666858,h2_h3_baseline,administered,315,4657.5256552386,25.448269489708142,0.0,0.0,183.01934664446276
04c0713f2248ae44b73d9b9a,1.0,0.02838441687528231,0.004532666222411605,0.19273893302682893,h2_h3_baseline,market,399,4422.479811960718,1.3238083883875102,0.0,0.0,3340.7250254303062
04db8f78cb5c6e52ced84de4,1.0,0.029537493334638534,0.009469124216797957,0.5461049834760949,h2_h3_baseline,market,59,4840.236805183062,22.816226929267085,0.0,0.0,212.14010625807455
050959a66e9c1b8f03bc71cf,1.0,0.0287577410386374,0.009027495713951684,0.4975470755333254,h2_h3_baseline,market,732,4262.126853569429,14.359427459920994,0.0,0.0,296.8173254445954
051855e70e3702b49439cc3b,0.25,0.007586145261310976,0.004661160198061678,0.1259525074136904,h2_h3_baseline,administered,736,4238.747919139667,23.374420208183377,0.0,0.0,181.34130735168708
0522f17e0f9c3dd76c5808a3,0.25,0.0074257634198182515,0.004396823075848648,0.1655086153802134,h2_h3_baseline,administered,766,4327.6079001806975,32.441092623660985,0.0,0.0,133.39895639101707
052c44670cc2e90e575cbcad,0.25,0.00736822542584547,0.004814099174049784,0.08396901806776291,h2_h3_baseline,administered,546,4544.283895655188,32.472241056328926,0.0,0.0,139.9436487236071
05312f416e5cfc90e702d1d6,0.25,0.0074958407478386314,0.0048134322922550625,0.050201380451688614,h2_h3_baseline,administered,388,4552.2808790139825,25.993367061397112,0.0,0.0,175.13240467313676
054c389dc53916d8527b8286,1.0,0.02986045181133905,0.00879443331883206,0.5243036569489801,h2_h3_baseline,market,668,4257.291597019426,15.325028872627186,0.0,0.0,277.7999070933949
055792fd15ebbb94200a905a,0.25,0.00741121743925678,0.004315110143145225,0.13773127968504645,h2_h3_baseline,administered,187,4313.338927256942,32.565686354332755,0.0,0.0,132.45042282620483
0575a1fb5862426b0bf6d43b,0.25,0.007612943357887971,0.005847560442509676,0.009690106948870686,h2_h3_baseline,administered,536,4542.681433443168,25.38597262437226,0.0,0.0,178.94454944310013
0630af557d9d5dd173fdbb63,0.25,0.007182753742442722,0.0038257819052706023,0.14527966773129977,h2_h3_baseline,administered,495,4613.04836791367,8.768283796025509,0.0,0.0,526.1061885342573
065591a4339b14cc9b77e510,1.0,0.028994700959694322,0.007665548732474145,0.5452489002432864,h2_h3_baseline,market,584,4689.048706696205,10.450299160094346,0.0,0.0,448.69994962458776
066154f99124aa117d8c7742,0.25,0.007272239774590955,0.004696563244354932,0.08226755262304451,h2_h3_baseline,administered,0,4545.736337639469,15.668445104132195,0.0,0.0,290.1204495678154
066cd590b433e5506a9ace22,1.0,0.028417730797882672,0.01383630860738318,0.34559217714440865,h2_h3_baseline,market,295,4552.990268467387,13.720884590228188,0.0,0.0,331.8292081335601
067b3a5e6b88596af2da84f0,0.25,0.007547470121640357,0.005125389078808782,0.056049084620115625,h2_h3_baseline,administered,56,4442.894198772266,28.9836165975195,0.0,0.0,153.28984855369984
06b529b9a9658394469ae25d,0.25,0.007396701496775189,0.0043132014387824895,0.08734580883655796,h2_h3_baseline,administered,175,4473.079973660492,22.644910549593416,0.0,0.0,197.53135981103733
06f475e1877a934b2a290d0b,0.25,0.007383514339764382,0.005028028264074749,0.09976638795279628,h2_h3_baseline,administered,781,4307.256552370033,26.856899055799598,0.0,0.0,160.37802962363614
07013fa7ee62efe63f23cbcc,0.25,0.007170236825343042,0.005187637049636414,0.02286878439226537,h2_h3_baseline,administered,414,4064.33060315493,19.280879821455745,0.0,0.0,210.79590977130343
0762f8600f1fa0c9cb518792,1.0,0.02819415668736652,0.014520892281111242,0.47473302438976256,h2_h3_baseline,market,395,4430.501571326616,17.007044236696007,0.0,0.0,260.509792863768
07e777d442b2f2c17ffd236b,0.25,0.007356134993762781,0.004683984033202968,0.04842354644705451,h2_h3_baseline,administered,70,4757.999661619256,25.60954320791128,0.0,0.0,185.79010265788023
083e2e891719b538c5530e97,1.0,0.028176411709570883,0.012131233350403205,0.47727944894186525,h2_h3_baseline,market,15,4530.400765346314,13.02004485519951,0.0,0.0,347.95584928704096
085af82f50a02bfdd09b3f09,0.25,0.007282491542798353,0.0041152883696010745,0.0509707448416048,h2_h3_baseline,administered,500,4689.321854252378,13.129064369537307,0.0,0.0,357.17106126258096
088c9b63af8dc352aa60fe1a,0.25,0.0074348971461944266,0.004596002667259417,0.03572301474747373,h2_h3_baseline,administered,699,4679.553970797014,21.4768443245456,0.0,0.0,217.88834058124704
08b70c1ccbcc2c01270a2444,0.25,0.007536432955332952,0.0052676205125390795,0.005261938545432239,h2_h3_baseline,administered,335,4604.568742963379,24.91874613435314,0.0,0.0,184.78332409412414
08e0ef23c418bfbb66d66a05,1.0,0.027790449472566096,0.00773854037271954,0.4563561537895931,h2_h3_baseline,market,612,4443.276509771407,9.951924237407285,0.0,0.0,446.47410930541685
08e3e7a7ef48da5f7a9808a1,0.25,0.007219998542103287,0.005762562671660734,0.11585877184418848,h2_h3_baseline,administered,23,4564.375074282762,22.333426222914003,0.0,0.0,204.37415328597152
09167ea8d065802a486e19a4,0.25,0.007430244563941344,0.004447693923772929,0.06941698812334961,h2_h3_baseline,administered,139,4565.276881131519,21.094895326327013,0.0,0.0,216.41619029196733
09394bf5d3fd060145c48739,0.25,0.007571920372076207,0.005769480375445621,0.037575921888124884,h2_h3_baseline,administered,287,4724.190866498216,35.303240436183444,0.0,0.0,133.81748553756663
09506505cd7efc46e4de0d73,0.25,0.007427618955650348,0.004944100681140834,0.00504464401882887,h2_h3_baseline,administered,59,4855.219125840793,35.555935890455125,0.0,0.0,136.55157723310444
0990c506e52948bc49cb3de9,0.25,0.007360159962785069,0.005442901560362176,0.0893015092789522,h2_h3_baseline,administered,186,4405.696657058146,26.678632580091826,0.0,0.0,165.1395229433825
099533c2d45d606572f8b8f7,0.25,0.007657634600850662,0.004797201228037933,0.09462298857882068,h2_h3_baseline,administered,481,4673.60000339484,16.725291616364593,0.0,0.0,279.4330951349172
09dc62ebd06a331d749b1e0a,0.25,0.007292351501263968,0.005044528319593356,0.10015424434232689,h2_h3_baseline,administered,573,4643.841753069641,11.229009976792875,0.0,0.0,413.55754092899747
0a117e6c1cd4cd1cd8f16995,1.0,0.028919244447453172,0.008979785593000044,0.5461253617966813,h2_h3_baseline,market,255,4234.022570848825,19.76368052780883,0.0,0.0,214.2324940383078
0a1d4ea71bceada4744e9d37,1.0,0.026177321640372616,0.009766535124493563,0.5033187080170465,h2_h3_baseline,market,357,4453.578777870709,16.991470020362044,0.0,0.0,262.1067378239599
0a4a8e7d7d8087f782d19754,1.0,0.028095571606173708,0.008561470326560046,0.5304211840415383,h2_h3_baseline,market,497,4387.474649007377,9.048619690036977,0.0,0.0,484.87778239129943
0a71b4abf74589cbe0d80732,1.0,0.02922597537583825,0.009177290173590948,0.5166390151293039,h2_h3_baseline,market,443,4482.584666317458,19.51449306646529,0.0,0.0,229.7054118213587
0ab22121ac6878e32642ca23,1.0,0.028981111859676802,0.010388146459633879,0.4896965366127203,h2_h3_baseline,market,676,4456.912517645932,13.720884590228186,0.0,0.0,324.8269080858008
0adc9ea5062fea02befdbb87,0.25,0.007421485744997534,0.005269667617790174,0.027048357570140374,h2_h3_baseline,administered,541,4664.838315614207,22.707207414929297,0.0,0.0,205.4342583997017
0b1915dd446384032dc232ac,0.25,0.007696040648624867,0.005788367906133384,0.11284664119426875,h2_h3_baseline,administered,398,4455.108997707047,17.458696510381166,0.0,0.0,255.17993253723046
0b66c901855852d877a7c18c,1.0,0.028450439982020157,0.009860817647091109,0.5245475663629962,h2_h3_baseline,market,455,4563.541851402615,9.531420396390075,0.0,0.0,478.7892739607843
0b8bf3dc82e51a5059d69523,0.25,0.007398500306334434,0.006812230532114878,0.035940638274783984,h2_h3_baseline,administered,174,4640.624034537417,10.045369535411108,0.0,0.0,461.96648298289796
0bab14ed0e9a2a4206db7291,1.0,0.026989104806411538,0.006438846039826836,0.5043006453230627,h2_h3_baseline,market,519,4427.858903574296,8.17646357533462,0.0,0.0,541.5371649097191
0bd2b2dec5c8e6892f98c3d1,0.25,0.007303169948735772,0.0047899511456370005,0.11413394675249645,h2_h3_baseline,administered,471,4184.831280065151,29.642706339755666,0.0,0.0,141.17574934285318
0be15e1746c5a5be71e61743,1.0,0.02875973236101655,0.0070269190488244145,0.041314355201163756,h2_h3_baseline,market,565,4300.698446125557,0.3270585430133848,0.0,0.0,13149.628829446452
0bfc1197fdd4e85d99e347d5,0.25,0.007286816400465212,0.006116260046551712,0.08175652979078264,h2_h3_baseline,administered,720,4491.457171375855,29.341823573200816,0.0,0.0,153.07355250673996
0c1c1722ad3281bb39c53bd6,0.25,0.007314873430782424,0.006364898358597997,0.02558451448233715,h2_h3_baseline,administered,118,4790.599202201356,20.417797613835603,0.0,0.0,234.62859671775414
0c1d7c22e6f8f528a90d1853,1.0,0.027593571147130364,0.010370893004868414,0.5304518240585835,h2_h3_baseline,market,75,4495.385500173089,17.380825428711308,0.0,0.0,258.6405069547032
0c71444d255e0349760fca3d,0.25,0.007365461249510421,0.004447156912776401,0.21144972226349898,h2_h3_baseline,administered,148,4210.631069991601,22.726964896050546,0.0,0.0,185.27027648655883
0c88aa9742867a7dc2e45c4c,0.25,0.007829084096069989,0.005295589403888974,0.05754009565510421,h2_h3_baseline,administered,706,4580.6428741217405,26.012480053763504,0.0,0.0,176.09404657511732
0c9fa5ebae224a8f07bcaf27,0.25,0.007466095936390555,0.004332607399845319,0.09938758135257202,h2_h3_baseline,administered,673,4487.881842030766,23.252304986618267,0.0,0.0,193.00804133669968
0ca7f36dc1b4869e726afc1f,1.0,0.029178287198299062,0.010327953601822815,0.5095796090874338,h2_h3_baseline,market,377,4536.7769396738595,20.44894604650354,0.0,0.0,221.85871728335746
0cccc46264be447d08453688,0.25,0.007200397103463996,0.00559834136172367,0.004274479484581075,h2_h3_baseline,administered,26,4646.161428207549,30.52546401458259,0.0,0.0,152.2060868915208
0ce7d3683dcca79a6b2271fe,1.0,0.029120617406157873,0.012363636396025801,0.4858423613589415,h2_h3_baseline,market,441,4591.139737018008,14.265982161917163,0.0,0.0,321.8243009776075
0d12fb26f80fb2ed4771e988,0.25,0.007530091464386107,0.003925495739649945,0.1436137897350164,h2_h3_baseline,administered,87,4627.470633181493,15.511919468634828,0.0,0.0,298.317087226907
0d641218af473291af5bbd2d,0.25,0.007267997821049554,0.0035506199353055458,0.3414151793447254,h2_h3_baseline,administered,276,4631.725830479459,13.861052537233926,0.0,0.0,334.15397698245454
0d95724d6ec46067c9599d9e,1.0,0.029229254180462277,0.013088966636279776,0.4836584181039143,h2_h3_baseline,market,200,4629.28395669881,13.238083883875106,0.0,0.0,349.69441176737024
0db2ccc88e69aa709937467c,0.25,0.0071342754793815135,0.005212146773614902,0.07830786318627209,h2_h3_baseline,administered,633,4638.112853808548,18.159536245409843,0.0,0.0,255.4092126103119
0deb1113a0513951da35e5d7,0.25,0.007360877908291574,0.004966395084439371,0.07400479458412723,h2_h3_baseline,administered,354,4558.272183042377,15.729958497310417,0.0,0.0,289.78284868467847
0e0996023f3d5c378f5c87c7,1.0,0.02952385291682503,0.0038172845148110725,0.664735684044143,h2_h3_baseline,market,321,4466.035698877867,1.8689059600764852,0.0,0.0,2389.6524460198593
0e1dee54f005fbbd2d70f1a2,0.25,0.0071658086141402596,0.005082243018249063,0.04627890614003134,h2_h3_baseline,administered,300,4646.99263146884,20.729281940515012,0.0,0.0,224.17528232786375
0e1f027dccf5f417fe861116,1.0,0.02955836673587641,0.01188152580042218,0.5137559835180404,h2_h3_baseline,market,749,4649.631608055215,16.493095097674985,0.0,0.0,281.9138300312516
0e215364fd91b243b3404450,0.25,0.007310468107534611,0.004255863284006411,0.10265532634678196,h2_h3_baseline,administered,571,4713.005325530788,11.41590057280053,0.0,0.0,412.84568794861195
0ec9bdd7d2349f62c0f69437,0.25,0.00752980940882946,0.006979309108690117,0.04486751164804867,h2_h3_baseline,administered,294,4307.932328600718,25.51056635504402,0.0,0.0,168.86854915900142
0efb891646b9c5a78e367b8b,0.25,0.007441373771989579,0.004282153098918791,0.09767274111370146,h2_h3_baseline,administered,349,4733.487563949899,37.86717438248526,0.0,0.0,125.00239696097535
0f5184c9b54a2fc8dd7b0e06,1.0,0.027835738765013062,0.008265254641986535,0.5181933163696967,h2_h3_baseline,market,306,4477.882839999008,7.973998762993004,0.0,0.0,561.5605135005383
0f5c74b940567eb76960ab6c,1.0,0.029876029658401394,0.005732588166769865,0.5860847026182675,h2_h3_baseline,market,618,4404.238627387723,12.55281836518039,0.0,0.0,350.8565566123709
0f62f20e815e525996308f21,0.25,0.0077730269610928335,0.006327823363000434,0.07093031328432503,h2_h3_baseline,administered,243,4278.004045606948,25.837624898057406,0.0,0.0,165.57265083326558
0f8184e473c77e02c42c08fc,1.0,0.029016090352492547,0.005118279145180615,0.5034529645178409,h2_h3_baseline,market,787,4626.52765342348,6.837080970613137,0.0,0.0,676.6817115826232
0f87841ac0808120fabba7bc,1.0,0.02659452435559603,0.009864014759301997,0.5301656475028658,h2_h3_baseline,market,789,4683.805959095202,19.031692360112203,0.0,0.0,246.10559431445054
0fcb6d709f8c0497ae246efd,1.0,0.03216385654794295,0.008281585528187543,0.4820430636206827,h2_h3_baseline,market,61,4615.698254953507,10.606041323434047,0.0,0.0,435.19519811365643
0feb85e4723392c22fbf55c6,1.0,0.02946818249148696,0.009077703254212059,0.5144440633910872,h2_h3_baseline,market,3,4443.995570482792,16.19718498732954,0.0,0.0,274.36839018379834
0ffd6c0d5d1e7461047b7c16,0.25,0.007247659241037961,0.004232772269508012,0.09372183930993029,h2_h3_baseline,administered,715,4400.585040127943,33.282100305695394,0.0,0.0,132.22077331985247
10334711d94a3d0363e4799d,1.0,0.02943340579854072,0.01010536424802098,0.4591332309581878,h2_h3_baseline,market,136,4195.615497265151,16.773430991686467,0.0,0.0,250.13460271453428
1036f5b6098be5c79c67d9b2,1.0,0.029997720948982114,0.01246030359278556,0.4567536238973578,h2_h3_baseline,market,804,4310.860235953852,19.374325119459563,0.0,0.0,222.50376255036753
1046690078d14a9f9c1ef0f5,1.0,0.023998919090146148,0.009906228453851855,0.4971749365187324,h2_h3_baseline,market,338,4325.17464171972,15.340603088961146,0.0,0.0,281.9429338362875
1104f8ad625d1a8e7d7a6494,0.25,0.00723906720140364,0.0046234871905945565,0.07802017583943338,h2_h3_baseline,administered,729,4611.273032089364,35.61823275579102,0.0,0.0,129.4638356626393
111076c2fc8e6b5c535f0348,0.25,0.007500163583155349,0.004562434703374678,0.09150245098997828,h2_h3_baseline,administered,145,4435.919303643514,26.211406090072707,0.0,0.0,169.23622061326847
1144b3bc7271709a01e41228,1.0,0.026427309199988543,0.009975629931839312,0.5304543900969358,h2_h3_baseline,market,383,4351.18674485301,20.339926532165748,0.0,0.0,213.92342484482444
119921e9c7111ea20b5c4af0,1.0,0.029034865139646614,0.011991537515623154,0.44869427113350235,h2_h3_baseline,market,235,4465.36993433629,14.484021190592758,0.0,0.0,308.296285650045
11a2fed514cded76b878192c,0.25,0.007445751335196973,0.005208761183461826,0.09506288957290329,h2_h3_baseline,administered,563,4608.77929988155,19.421047768461477,0.0,0.0,237.30847865818595
11b7832e39136b8411312c70,0.25,0.007292012868258885,0.005349391982177291,0.10108231442542158,h2_h3_baseline,administered,234,4500.911813449812,25.526140571378,0.0,0.0,176.3255906573124
11cd239bd83f70ccb98856b8,1.0,0.029018237157842335,0.006525471275431954,0.5637826672296091,h2_h3_baseline,market,638,4491.771168048887,12.319205120170823,0.0,0.0,364.6153403756786
11d82d0312f766e0637146d5,0.25,0.007563190575011154,0.004852606951567839,0.12034129382872996,h2_h3_baseline,administered,382,4520.84835845479,11.696236466812001,0.0,0.0,386.5216278144401
120d0bb1677f883c02bede13,1.0,0.028916719070583834,0.010855927045272546,0.4624389483990708,h2_h3_baseline,market,468,4492.117785979242,10.855228784777585,0.0,0.0,413.8206457959312
1242c30feebb03f1e115f938,0.25,0.007462409352845109,0.004858758279355108,0.11105911155357333,h2_h3_baseline,administered,618,4419.673958293801,24.543125872004072,0.0,0.0,180.0778752202566
124ece884cf16f42de932b3b,1.0,0.01780349040410755,0.003890118270886844,0.6283534372800438,h2_h3_baseline,market,257,4298.473569507979,3.441901809807527,0.0,0.0,1248.8658326218645
126d7d9cd11d34bb2357ad0c,1.0,0.02843074193071204,0.01036762090073467,0.5122641881307485,h2_h3_baseline,market,476,4254.741264637208,23.267879202952248,0.0,0.0,182.85900607982194
127ab48188ff2ae30e5f3954,0.25,0.007078948910160352,0.005458371095019391,0.09219392911250163,h2_h3_baseline,administered,394,4615.4555041531485,13.744184108710694,0.0,0.0,335.8115307279678
1284100a05e00526521d6070,0.25,0.00726266193898613,0.005228683598119181,0.023821929085114994,h2_h3_baseline,administered,165,4542.626703956272,28.656558054506103,0.0,0.0,158.51962037157375
12a1a199864d6abea68911d9,1.0,0.028789560669641005,0.012920038093588134,0.6077612100353015,h2_h3_baseline,market,714,4749.724312081979,5.155065606544306,0.0,0.0,921.3702937266696
12a359183bbb2d632d984db5,1.0,0.028993981983519698,0.010597566013488297,0.48947250296908823,h2_h3_baseline,market,327,4547.673520928797,9.469123531054194,0.0,0.0,480.26340621860135
12b1a3e1b62e30ea3145d4f4,0.25,0.006944908077114679,0.005075803084341907,0.05743018418349423,h2_h3_baseline,administered,795,4518.843284135143,23.94192775969494,0.0,0.0,188.74183104596923
12d2ac3fcd926c499d4f58fc,0.25,0.007366337301878152,0.004420506076592757,0.10600416549987628,h2_h3_baseline,administered,723,4200.342541002287,35.088709400436024,0.0,0.0,119.70638455428892
130676559e60362cd8b42b66,0.25,0.0072658666445787395,0.0046587899035043226,0.0669178798765934,h2_h3_baseline,administered,535,4703.871624269271,11.992146577157449,0.0,0.0,392.2460081691438
131f7b6087e12dff6f47af0d,1.0,0.029957686836620687,0.012081294369732794,0.4650703338761855,h2_h3_baseline,market,545,4647.018957620567,17.147212183701747,0.0,0.0,271.00725807997594
13537c3d708f5ff8c7d78ee9,0.25,0.0076362516685324336,0.005624318474415341,0.0707755295120899,h2_h3_baseline,administered,391,4498.775988361293,26.073647388002524,0.0,0.0,172.54110717288256
1373733cdc81989b89127338,1.0,0.029829900234332157,0.008613829845251764,0.4863486931065063,h2_h3_baseline,market,32,4525.523927506119,11.836404413817737,0.0,0.0,382.33941400507183
139e3d6c443ef7683d8fdcfd,0.25,0.007398921552615221,0.0050826722920383725,0.023136912049083656,h2_h3_baseline,administered,55,4491.805391067923,20.137461719824135,0.0,0.0,223.05717838539735
13aa9f06dd81d6d4e95f1e6b,0.25,0.0070108221342834315,0.005981944145425776,0.02383177828105308,h2_h3_baseline,administered,359,4386.392973877926,4.952600794202681,0.0,0.0,885.6746497744103
1432ac36799598659d483e99,1.0,0.02914209412188511,0.01588488445317034,0.3471135920017786,h2_h3_baseline,market,382,4517.363803014071,8.425651036678156,0.0,0.0,536.1441843899411
143d1f30ef0f46bd006cb758,1.0,0.0293788007027105,0.013423523126370905,0.41528368446269387,h2_h3_baseline,market,44,4494.646708686053,12.225759822167007,0.0,0.0,367.6374126487118
147e4757a256453d85edfd37,0.25,0.007228873299759258,0.004398083380662467,0.13191022494305393,h2_h3_baseline,administered,559,4217.062062999052,22.516074878256184,0.0,0.0,187.29117245348462
14abdccac329f4d406643ec2,0.25,0.007347494885455105,0.004132488046849997,-0.01180079539713387,h2_h3_baseline,administered,147,4404.7397531667675,13.583712297584755,0.0,0.0,324.26627247913297
14ae0b728b2ab2eb7482e42c,0.25,0.007395545940912762,0.005430784220424353,0.05497915270660198,h2_h3_baseline,administered,550,4981.2746620011385,20.91617253652267,0.0,0.0,238.15421551448338
14b8df0c866c166a8c35607c,0.25,0.00732178576366771,0.0054168271535692996,0.058975275770609785,h2_h3_baseline,administered,389,4414.877973586365,32.5929203278564,0.0,0.0,135.45512120965344
15069d007d82e62d1a7c95c4,1.0,0.03072169898853528,0.014840592135687966,0.43323237351485405,h2_h3_baseline,market,56,4432.422861259794,17.58329024105293,0.0,0.0,252.08153880728813
151049bd478c3ff4e3d50d21,0.25,0.00739049596050025,0.004305258678221766,0.1382663694182251,h2_h3_baseline,administered,150,4535.744766817682,11.493771654470383,0.0,0.0,394.6263161625933
151a8083e7e280a73e004647,1.0,0.028910680024502894,0.010299978106114946,0.5346405343245727,h2_h3_baseline,market,660,4498.861004279155,18.844801764104556,0.0,0.0,238.73220109157919
1556a7c8dcf7eb499c018901,1.0,0.02529929130981607,0.009849979221071834,0.4878210974866897,h2_h3_baseline,market,400,4282.8803657399885,13.938923618903782,0.0,0.0,307.2604802806727
15837d90c4947ac117f32e82,1.0,0.028972181410217072,0.00967610846086261,0.49415899579490563,h2_h3_baseline,market,726,4441.923751222006,22.613762116925468,0.0,0.0,196.42568663519324
15d702517b5bd42b0344baea,1.0,0.02467132543505332,0.004003949070666212,0.5401700757676939,h2_h3_baseline,market,580,4629.84549134122,4.2517610591740045,0.0,0.0,1088.9241956227584
161cd7897fb74e8f2b056710,1.0,0.02413983049597005,0.003610811360239735,1.7847088392604122,h2_h3_baseline,market,527,4766.419767174281,5.793608476237103,0.0,0.0,822.7031196056984
167115e627e51ff137053621,1.0,0.030059878911245744,0.010452997985788196,0.37508490948615275,h2_h3_baseline,market,243,4260.399748368731,9.546994612724042,0.0,0.0,446.2555936389192
1672474dfeca9436dc8e8977,0.25,0.007504161782689361,0.004944293680028314,0.07778049277276415,h2_h3_baseline,administered,683,4542.295437992332,17.645587106388803,0.0,0.0,257.4182094710659
1676fdab77488b03df76dbcc,1.0,0.029552410187422593,0.01239367899574272,0.4808841163307037,h2_h3_baseline,market,66,4233.399454068008,15.371751521629088,0.0,0.0,275.4012415638732
175957eca47720add738c1f5,0.25,0.007221970578477979,0.004857040573545202,0.10922869960265721,h2_h3_baseline,administered,507,4488.587849444486,18.159536245409836,0.0,0.0,247.17524659139139
1789957639045fc5ebeea2cc,0.25,0.007517988656064348,0.004342204117017114,0.21213543637384752,h2_h3_baseline,administered,747,3948.4309759930798,23.26787920295224,0.0,0.0,169.69449349264718
1796536cda9ef17ae5f90a1d,0.25,0.007428837691962195,0.005147021055923629,0.047862671585712266,h2_h3_baseline,administered,72,4472.056017677517,16.804579424354397,0.0,0.0,266.121269967417
17b9b8a5ca1389a4541c6377,1.0,0.028961817930346957,0.01695935544631529,0.4300750578329436,h2_h3_baseline,market,681,4680.346507056133,12.397076201840685,0.0,0.0,377.53631831037774
17ef12b90e9ec7511f4f50a7,0.25,0.007417852562065913,0.005689531834799647,0.06707972831686518,h2_h3_baseline,administered,90,4465.480037181208,21.632586487885316,0.0,0.0,206.42376905239541
1806bc7aaebde50da212c39f,1.0,0.025573903867019594,0.006320631480401891,0.4795726226351447,h2_h3_baseline,market,418,4449.376838442058,4.84358127986489,0.0,0.0,918.613022339159
18133bd4f5a467dc4c9c704c,1.0,0.02904376609743999,0.008257443940030803,0.5768041965301524,h2_h3_baseline,market,179,4639.209812905647,16.212759203663506,0.0,0.0,286.1456063479528
182d39fa44cfaf371a6da9d4,0.25,0.007720812488056551,0.005931226925118726,0.10476005089559588,h2_h3_baseline,administered,647,4390.723929932737,17.957071433068222,0.0,0.0,244.51224946664473
183ed9562136925d778871af,0.25,0.0075515074128250205,0.004931734983280839,0.05832274583780691,h2_h3_baseline,administered,448,4625.654900844769,28.01690410301718,0.0,0.0,165.1022855286365
183f641eb297fdce3a36854a,1.0,0.0294366705369981,0.009311311765918725,0.40381760061880545,h2_h3_baseline,market,41,4136.908206281607,10.74620927043979,0.0,0.0,384.96441881708336
18596b290cde4cb710743fd7,0.25,0.006916430271000128,0.0038247245947173863,0.024342220991376232,h2_h3_baseline,administered,555,4772.720451801563,17.169206537796196,0.0,0.0,277.9814222221
18c4584d683ac3f979a36c2f,0.25,0.007377321368317214,0.004644349198421371,0.062285955998840174,h2_h3_baseline,administered,339,4476.519412612047,28.31392529515875,0.0,0.0,158.1031017757705
18eb13d8e4ef9fdb0ad0980d,0.25,0.007699119628704655,0.005758417510108595,0.0954682658143692,h2_h3_baseline,administered,399,4431.623412940918,8.95517439203316,0.0,0.0,494.8673491923783
192d81d8d286eb545e28d388,0.25,0.007338654236396298,0.005183315566175917,0.10378239701831299,h2_h3_baseline,administered,800,4282.354701230861,25.385972624372265,0.0,0.0,168.68980222248834
198e6cce0794c4d72b8928d1,0.25,0.007406105676120101,0.00429113707488687,0.08772641125375774,h2_h3_baseline,administered,317,4478.354923213248,34.20097906939967,0.0,0.0,130.9423018015331
19e610c7bc1154a8d2d7f20d,0.25,0.007500767468972087,0.005419162817866279,0.04017390141122183,h2_h3_baseline,administered,642,4636.248249178482,21.587899331972622,0.0,0.0,214.76143546361624
19e89889dc2309d83c747bb5,0.25,0.007404774903785891,0.004870819912121093,0.05956297550549841,h2_h3_baseline,administered,288,4571.097006063238,14.795505517272181,0.0,0.0,308.9517286669907
19f39f6d39e5fac0f313f65a,1.0,0.030740615738150897,0.007532547515170901,0.4737379192290721,h2_h3_baseline,market,46,4444.258732643612,10.48144759276229,0.0,0.0,424.0119213793033
1a54db151f952f19ef6c3e67,1.0,0.02975692864831794,0.009206812226222643,0.5032284786564735,h2_h3_baseline,market,801,4285.50202547253,16.929173155026163,0.0,0.0,253.14302040795133
1ac95f453a82950eb291dcc6,0.25,0.007381023962317188,0.004527725544318184,0.034537557254159745,h2_h3_baseline,administered,558,4487.608713723068,32.642481287623994,0.0,0.0,137.4775610402047
1acb165179778494a9a1e64b,1.0,0.030181458728908362,0.01483328170604078,0.45534568173256157,h2_h3_baseline,market,62,4616.316054850384,13.191361234873188,0.0,0.0,349.94993864973645
1add36adc7cd0055903402be,1.0,0.026242529335474565,0.009497542274335333,0.4855944731843826,h2_h3_baseline,market,201,4486.975359427892,20.557965560841332,0.0,0.0,218.25969822493772
1b8562250e80a36e9a99b4f6,0.25,0.0075858998365488746,0.004716326619116612,-0.21320650653577888,h2_h3_baseline,administered,456,4613.394977696694,11.104416246121113,0.0,0.0,415.45587588255256
1bbc2bd31bb44b4331283e15,1.0,0.027472901134683557,0.011199972952139791,0.5126947677032087,h2_h3_baseline,market,790,4460.728579973299,10.761783486773767,0.0,0.0,414.4971496086624
1bc130ba56e42790c194e1a0,1.0,0.02857027360572246,0.011783223785683914,0.2259316620493649,h2_h3_baseline,market,696,4470.933511971638,4.37635478984577,0.0,0.0,1021.6113013381168
1bcefa0654eb517450ac64de,0.25,0.007288391153452687,0.004589474765051136,0.04452794709931023,h2_h3_baseline,administered,587,4626.602185534954,30.432018716578778,0.0,0.0,152.03073541139977
1bd34af85ce503a4be041453,0.25,0.0072732311246817725,0.005192417576187466,0.05662949912834502,h2_h3_baseline,administered,281,4189.571781301476,23.299027635620188,0.0,0.0,179.8174519050033
1bef23120a13a142e787bdb4,0.25,0.007495478560479214,0.004136111934099266,0.19466849820360113,h2_h3_baseline,administered,43,4385.081912821786,10.060943751745079,0.0,0.0,435.85194600269887
1c16ff2cb295ef3175d2e81c,1.0,0.027798895413647516,0.008547979709962567,0.348733710355219,h2_h3_baseline,market,755,4524.974401602281,6.214112317254314,0.0,0.0,728.1771185625475
1c3814c1468252f19c42d543,0.25,0.007504260958518724,0.005418880347446178,0.08445412629568735,h2_h3_baseline,administered,183,4437.887324047256,27.348323882452558,0.0,0.0,162.27273536477045
1c498f7b5539e75697ee025e,1.0,0.030071967779924578,0.011094966408554957,0.49325813741365615,h2_h3_baseline,market,240,4513.505363237303,8.51909633468198,0.0,0.0,529.8103444214419
1c5164c52b784ebb8f0f98e6,1.0,0.02837111222111883,0.007075175022709676,0.5862304125620731,h2_h3_baseline,market,162,4798.543568642842,3.7378119201529705,0.0,0.0,1283.7841151853518
1c8002a7d85fe67535f05740,1.0,0.028928809092870864,0.011755535525054072,0.46976467965274993,h2_h3_baseline,market,786,4832.56533943832,7.101842648290645,0.0,0.0,680.4664055182184
1c970ec336c4ad5b953ed5ab,0.25,0.007566789719233835,0.004886434729975281,0.10131649089817994,h2_h3_baseline,administered,142,4551.157876004736,21.040766267194424,0.0,0.0,216.30190736449768
1cbfa01e5c5f8dbb82a27165,1.0,0.02999470351137045,0.011261898021678372,0.5092600485387563,h2_h3_baseline,market,388,4534.952091825619,12.179037173165092,0.0,0.0,372.3571927194533
1d2b7de4f89763b468760c33,1.0,0.03368129739827475,0.011158299415566652,0.4198210789637676,h2_h3_baseline,market,648,4542.86017923345,7.382178542302117,0.0,0.0,615.3820519513971
1d5d547b22fa582debc5e0dc,0.25,0.007664105702275416,0.004522581088591944,0.08214761430837798,h2_h3_baseline,administered,341,4710.992290744434,18.05051673107205,0.0,0.0,260.9893312713292
1da22dbc374968c50f5e28e3,0.25,0.007115691803487569,0.0056219517257667636,0.05633262715677295,h2_h3_baseline,administered,102,4533.379923870283,17.209509049037628,0.0,0.0,263.42296639332625
1db85e8cc056e3fd67215e50,1.0,0.029200329293606705,0.011060977933913528,0.4887347386896367,h2_h3_baseline,market,800,4279.069706457488,14.873376598942029,0.0,0.0,287.69995017552816
1dfaccfd4d66942ac434753f,0.25,0.0073453471734188786,0.004254948153265953,0.10047361655746587,h2_h3_baseline,administered,303,4707.973289231095,21.220378069039224,0.0,0.0,221.86095242572904
1dfc960339e1b22413eec342,0.25,0.007355282196869065,0.005049540934666108,0.024247621518601534,h2_h3_baseline,administered,49,4860.335680556559,18.15953624540985,0.0,0.0,267.64646491372247
1e03b5dafcbdbcb97dd4b914,1.0,0.028349762735993583,0.011638443352157725,0.5063668440760878,h2_h3_baseline,market,198,4537.053457391731,9.920775804739332,0.0,0.0,457.32849392930535
1e0e67477fb78b8d6dd3bed5,0.25,0.007260945127866266,0.004641827207882131,0.09198627374197475,h2_h3_baseline,administered,374,4201.37317361363,26.19583187373874,0.0,0.0,160.38326989819691
1e7b2b10c94d874effda3770,0.25,0.007284187816133398,0.004662452617616314,0.036171053491384865,h2_h3_baseline,administered,783,4577.285789033395,33.01135782252286,0.0,0.0,138.65790718582386
1e7bbb50589062ffea4d1e6c,0.25,0.007345968344158225,0.004408570716769978,0.08293053645815121,h2_h3_baseline,administered,561,4732.718343645433,28.874597083181694,0.0,0.0,163.9059526964639
1e7e742cfa481e34f6e9f24b,0.25,0.0071627530884814695,0.0037762596613277353,0.16874368437383533,h2_h3_baseline,administered,716,4570.3661277981955,20.49566869550546,0.0,0.0,222.99180357069494
1e852ff078d3857bddc675b7,1.0,0.028877811003242774,0.01650309050230232,0.33008871950216623,h2_h3_baseline,market,611,4390.8923594971775,9.375678233050365,0.0,0.0,468.32797055884095
1ee4b955b787aa323c5e7834,0.25,0.007466871911591458,0.004802901376766399,0.051744071857596045,h2_h3_baseline,administered,71,4778.813779322435,18.23740732707971,0.0,0.0,262.03361550337485
1ee6aa296dff6363593c0416,1.0,0.029618205763056422,0.015144178490395432,0.3379664498605773,h2_h3_baseline,market,628,4722.331830652568,5.295233553550042,0.0,0.0,891.8080350746026
1ef4edad1a6330b07d7dc8d5,1.0,0.028508673502732375,0.007605687035412559,0.6554916575475509,h2_h3_baseline,market,500,4680.203128413464,5.762460043569158,0.0,0.0,812.1883870824439
1f6d8879369de65dd12a67c2,0.25,0.007430904265826864,0.004490998358540515,0.04805817140546579,h2_h3_baseline,administered,302,4462.824599391671,28.189331564486988,0.0,0.0,158.31608455072242
1f7c17b8aeca74b607900e3c,1.0,0.030453738162839028,0.015867636299625475,0.3879603184444289,h2_h3_baseline,market,63,4504.196676363892,11.213435760458912,0.0,0.0,401.67855531367996
1f9b1ce460508164369a532d,1.0,0.028415286687330094,0.00775621397524152,0.5439018027282233,h2_h3_baseline,market,123,4650.182718667792,22.317852006580026,0.0,0.0,208.36157159285614
1fa3f1b13fab7a5c2e632fb0,1.0,0.0297773352930574,0.008333147771546517,0.48448323618872113,h2_h3_baseline,market,286,4550.988229609029,7.475623840305942,0.0,0.0,608.7770501602417
202b97258bf0482d36f030f0,0.25,0.007294577993533438,0.0057948353932664905,0.04066232736365941,h2_h3_baseline,administered,259,4579.465069748258,10.123240617080965,0.0,0.0,452.3714532697482
208f3282822bcc706ad0c080,1.0,0.02921215834304042,0.011597327065279998,0.43652901195186,h2_h3_baseline,market,409,4487.972811914954,7.973998762993001,0.0,0.0,562.8258726027713
209f69e8abfd9cb72e36b5a1,0.25,0.007399283180319934,0.003698205346310185,0.16185267238958648,h2_h3_baseline,administered,393,4511.912816364079,19.945467488264175,0.0,0.0,226.21243743817328
20fe865da3120ef842022566,1.0,0.02787555538819682,0.005148921633453262,0.5262419451863455,h2_h3_baseline,market,509,4602.461400055952,11.104416246121117,0.0,0.0,414.4712606269274
213e60942e55aed7bda7f1ea,0.25,0.007527032571661119,0.0048688037310692265,0.13662377256266997,h2_h3_baseline,administered,717,4421.634153662808,25.744179600053588,0.0,0.0,171.75276984369717
21c6e0e2ed830774058097f8,0.25,0.007356085205936045,0.0044615255508597415,0.10586290064264729,h2_h3_baseline,administered,248,4359.716094181186,32.33317029857553,0.0,0.0,134.83726012395567
21f2fa28195620cfdec28e10,1.0,0.029334138157981023,0.011669108685344688,0.501006104014327,h2_h3_baseline,market,536,4524.651087894242,11.306881058462734,0.0,0.0,400.1679211534402
2210420efaad687f94e7f244,1.0,0.029492190703824743,0.00488242369357081,0.4119318363957967,h2_h3_baseline,market,556,4583.616933851431,4.921452361534745,0.0,0.0,931.3545264963287
22d6623f3dd00275e34381ea,0.25,0.007321454621391021,0.005908659880074387,0.11387257249290142,h2_h3_baseline,administered,18,4619.41542715914,10.839654568443612,0.0,0.0,426.158914750584
2311b9995fcde2da11bfcf1a,1.0,0.02948900488712225,0.011735516704300116,0.49661849262634655,h2_h3_baseline,market,477,4562.460558262951,21.850625516560907,0.0,0.0,208.80228599428403
2334c734678426fa3d17df48,1.0,0.028882365333951898,0.012416547707919941,0.3890758151830285,h2_h3_baseline,market,52,4617.591293948797,5.295233553550042,0.0,0.0,872.0278807821539
237ae23f8754c165d782dff8,1.0,0.03039933219797041,0.00950252064128983,0.42056242314051057,h2_h3_baseline,market,733,4368.431568698761,5.544421014893572,0.0,0.0,787.8967987755914
23cf97fd001d75255cea5090,0.25,0.007228475758688458,0.004041317236703544,0.10396269789127445,h2_h3_baseline,administered,306,4493.973477988349,20.76043037318295,0.0,0.0,216.46822330780716
243bff794e74271adb2ca218,0.25,0.007382667588722489,0.00523209168584466,0.06589307011034502,h2_h3_baseline,administered,763,4501.184035273656,24.202332182990485,0.0,0.0,185.98141704860618
248a33a0be397722c5857824,0.25,0.007178859495813682,0.004847878125283497,0.06826699202055023,h2_h3_baseline,administered,482,4676.778212632317,26.616335714755937,0.0,0.0,175.71082145764862
24c0d9bb95511113d803049e,1.0,0.02961185414030654,0.010525971882255403,0.40539114625970485,h2_h3_baseline,market,763,4476.327060994556,5.341956202551954,0.0,0.0,837.9565258989076
24c7368976bd8eee9011176d,1.0,0.02890376506869137,0.01565127850764293,0.3974269240526364,h2_h3_baseline,market,298,4550.832986055765,4.454225871515623,0.0,0.0,1021.6888674545976
2515d2f996309bdd3ad81535,0.25,0.00725402857382755,0.004158247356386074,0.121019603180786,h2_h3_baseline,administered,600,4485.830113975579,22.940820659938847,0.0,0.0,195.53921720895997
256610ad7f77559cfc4adfea,0.25,0.0073277331784827975,0.005069443322207527,0.050734645546913475,h2_h3_baseline,administered,346,4349.933709194949,34.46574074707719,0.0,0.0,126.21036469566776
257bd7c6154d516c18211772,1.0,0.028971985848561817,0.008371443686408086,0.5070257267889942,h2_h3_baseline,market,703,4351.178390890069,21.492418540879576,0.0,0.0,202.45178003647777
2594329fd3f5845675f517a2,1.0,0.030283652106978785,0.010078949627635489,0.5482023223929416,h2_h3_baseline,market,97,4520.575995938741,17.53656759205103,0.0,0.0,257.77997730797824
25a3060af4566d50c9984639,0.25,0.00762337676724202,0.005776800554425967,0.03976917898393201,h2_h3_baseline,administered,466,4503.094502781017,30.10769790890154,0.0,0.0,149.56621779606894
25b51cc357f2046f7e361e3d,1.0,0.03187603134377536,0.005303363853592815,0.29778383529827,h2_h3_baseline,market,72,4452.18320326726,3.036972185124289,0.0,0.0,1465.9940664175208
25d59f205707e6ca0dc25da0,0.25,0.007298058555456421,0.006793847845508736,0.0785283370191941,h2_h3_baseline,administered,338,4334.7917335059155,27.192581719112855,0.0,0.0,159.41081940223128
25da626172ccaad7771918bb,0.25,0.007318209737348937,0.004505770853084749,0.013496471693091408,h2_h3_baseline,administered,667,4757.2762569372635,30.307424985907012,0.0,0.0,156.96735236165404
25fbe3d3027c7a8fedb68b16,0.25,0.007541411850711435,0.006116738610806163,0.08424112367383961,h2_h3_baseline,administered,651,4457.333653435863,18.097875957871487,0.0,0.0,246.29043009310666
264f5add4a2e5ac4b56fd556,1.0,0.02878662607316856,0.010698460036236727,0.4822266068001564,h2_h3_baseline,market,204,4482.351661778948,13.518419777886571,0.0,0.0,331.5736406640648
267738b871a21623b9eb2343,1.0,0.029184116485386644,0.022232678898646427,0.30039168661980087,h2_h3_baseline,market,247,4629.323424154664,8.456799469346096,0.0,0.0,547.4084422759307
2695bbb754bca27f18903b06,0.25,0.0071054440970448,0.006033176329092706,0.10507929090246353,h2_h3_baseline,administered,619,4630.966113130099,8.768283796025505,0.0,0.0,528.1496608525863
26b3f8f59b2dbd7b6383bfb2,0.25,0.007443968718294939,0.004185665106829248,0.04126069499376807,h2_h3_baseline,administered,696,4488.1183846665335,16.78900520802042,0.0,0.0,267.3248551094901
271adf6de4a718f025ebf510,0.25,0.007131456293772187,0.004463733414274981,0.0907708741160407,h2_h3_baseline,administered,283,4471.632700681948,28.391796376828616,0.0,0.0,157.49735033783844
2724ea3f473c156763375718,0.25,0.007585483620539445,0.005297390245588117,0.09284482224856859,h2_h3_baseline,administered,630,4241.026284459287,26.77207787809565,0.0,0.0,158.41229447226453
273d27116965d3f3c0af89c6,0.25,0.00731185030936322,0.004874045565225478,0.041494057449430514,h2_h3_baseline,administered,538,4441.2452418052635,19.654661013471042,0.0,0.0,225.9639705188145
276b9e4884f004b5e434c857,0.25,0.00738808867921539,0.004245345765266045,0.11106219465782016,h2_h3_baseline,administered,46,4457.479467442974,23.928117622140913,0.0,0.0,186.28625693976136
2799395ad692375ed280b382,1.0,0.025016096136851913,0.008932453317406677,0.5176564878169617,h2_h3_baseline,market,113,4662.60355238197,8.503522118348002,0.0,0.0,548.3143910829016
28932549bea51fe6505283c2,0.25,0.007393841479923149,0.004800495734692362,0.05789808579602906,h2_h3_baseline,administered,132,4487.0305413937995,25.557289004045934,0.0,0.0,175.5675471167331
28ca07715400c045459b53b5,1.0,0.0276585271759594,0.009731053378211797,0.45577515007825214,h2_h3_baseline,market,394,4601.309384935877,4.282909491841945,0.0,0.0,1074.341961626884
28df2e497a42b42b1d09dc58,1.0,0.025886473282554827,0.010116839822825734,0.5069771451700686,h2_h3_baseline,market,161,4540.298956195963,17.39639964504528,0.0,0.0,260.99072502562905
28f18762c31e7adc0b641b2e,0.25,0.006915386400702261,0.008734247584173611,0.04512812471595213,h2_h3_baseline,administered,5,4287.185985901384,35.79479838113786,0.0,0.0,119.77120083907289
2951a3163cb19849eede55fc,0.25,0.007395768721774512,0.004634183120129405,0.025965925358974833,h2_h3_baseline,administered,179,4655.484383728683,29.59101103454435,0.0,0.0,157.3276552901116
29982cfa5931e4b71d916b94,1.0,0.02944987189691793,0.01221234877529035,0.466591785902397,h2_h3_baseline,market,457,4564.726908583939,22.411297304583858,0.0,0.0,203.67972663725718
29b5ec4edfe3128b40aea27a,1.0,0.028338545180064262,0.021738982203330977,0.3686935149788772,h2_h3_baseline,market,734,4639.820620481123,5.4042530678878355,0.0,0.0,858.5498425399463
29c7cec2ff77e34e524841af,0.25,0.007294946910864928,0.005342487603370631,0.08081882047130921,h2_h3_baseline,administered,85,4335.400948888533,31.273026398613187,0.0,0.0,138.6306810741153
29d811228b472ff855012d19,1.0,0.028673774362017183,0.010015264128312844,0.5011892009796465,h2_h3_baseline,market,305,4359.596533788573,17.396399645045282,0.0,0.0,250.60337901757975
2a5317c8983d0bff0af738bb,0.25,0.007005734100339931,0.0035223213985896857,0.06204386213251002,h2_h3_baseline,administered,603,4785.390066124259,16.78900520802043,0.0,0.0,285.0311859953552
2a8ffeddfca349742ebabd6d,1.0,0.02782483253574623,0.012639854610777754,0.4268355107339801,h2_h3_baseline,market,795,4495.883760451295,6.992823133952848,0.0,0.0,642.9282815150934
2a9ba30d40a7acd904c3036a,0.25,0.0075795564105586135,0.004923707004505602,0.054262885908894117,h2_h3_baseline,administered,504,4375.779444423027,22.520316818921643,0.0,0.0,194.3036361169876
2a9ffc2b8990ce64b6dfa8d6,1.0,0.03097980113289816,0.011564012552395926,0.31723231734396057,h2_h3_baseline,market,43,4378.18541109643,4.423077438847681,0.0,0.0,989.8504992571536
2aadfa1ca9a9aacf1f5ccfe9,1.0,0.028996016989921634,0.006588423609058459,0.556878774081026,h2_h3_baseline,market,450,4649.04910602826,6.229686533588281,0.0,0.0,746.2733607802288
2ab15d811ae8a9fa89a34d52,1.0,0.0258865364230441,0.011765963583537174,0.45791041776362396,h2_h3_baseline,market,675,4378.527669541228,11.384752140132587,0.0,0.0,384.59578352227834
2ad2e90f3d6058e254e8c295,0.25,0.007428535677548595,0.005595463998874077,0.057705914434836726,h2_h3_baseline,administered,565,4318.2165275966,13.59629085955643,0.0,0.0,317.60254117846074
2ad5a786fdd4995ec245c30a,0.25,0.007735785095971904,0.004571988181933689,0.052303934098930915,h2_h3_baseline,administered,551,4571.074985705735,17.131637967367777,0.0,0.0,266.8206621230665
2b0ee3ae2c2d0954f1c04ba4,1.0,0.028403071443313666,0.010139164322620619,0.46458008503752546,h2_h3_baseline,market,543,4428.220375801603,9.68716255972978,0.0,0.0,457.12254217865905
2b2aceb86b0eeaf610ac6a64,0.25,0.007420641666099034,0.004953194622418143,0.046903288833591475,h2_h3_baseline,administered,73,4505.851454842817,34.40930009055308,0.0,0.0,130.94865175940842
2b5fd81c85decda7540e3cfa,0.25,0.007255089695472286,0.004958967467045169,0.08002760806824694,h2_h3_baseline,administered,593,4435.129006617018,21.19650843053414,0.0,0.0,209.23865933636952
2b613c138f588090e1d17825,0.25,0.007272654123294327,0.005311350555058869,0.06803791430159675,h2_h3_baseline,administered,748,4340.375817147499,27.052413772107126,0.0,0.0,160.44319940214433
2b99ba305d72e11c9caa5749,0.25,0.0071657293441020516,0.007337329661716014,0.03519840730620016,h2_h3_baseline,administered,491,4304.478861609398,25.713031167385644,0.0,0.0,167.40456749685703
2b9c917c423a7cd3d3a7119e,1.0,0.02641122961171968,0.0079039831631897,0.3776567476771853,h2_h3_baseline,market,449,4291.752186846339,6.868229403281081,0.0,0.0,624.870244548921
2c279cf29fcb12bceec3abad,1.0,0.028901826286864097,0.008631615963714648,0.39753322505414973,h2_h3_baseline,market,144,4652.3918757540605,5.544421014893568,0.0,0.0,839.1123010421979
2c2f3ee0f97dff1708e1d49b,1.0,0.027090181344769346,0.01008093632908037,0.5354143179113386,h2_h3_baseline,market,351,4497.218867907065,16.13488812199366,0.0,0.0,278.72637441947006
2c4db5660e3d6e369819ac93,1.0,0.027495771725270225,0.004834853476007481,0.4456989941201533,h2_h3_baseline,market,605,4657.432257678943,2.554171478771196,0.0,0.0,1823.4610700138342
2c515867eb5580efe13d497b,1.0,0.03000356381908155,0.014267139448510994,0.47125749646816556,h2_h3_baseline,market,647,4377.390058877854,8.067444060996829,0.0,0.0,542.5993692402468
2c725d3efb1386213a279405,1.0,0.029721189602579093,0.013317995126723964,0.42507418069234815,h2_h3_baseline,market,424,4671.440793391754,5.871479557906959,0.0,0.0,795.6156105663101
2c9fb77bd11a1c1204bf5ed3,0.25,0.007319424506713387,0.005134309437060925,0.17026398602745846,h2_h3_baseline,administered,384,4271.727325355111,16.46820102567188,0.0,0.0,259.3924690800178
2cf69383c2b4bf9a6241d2cb,1.0,0.02959779859113738,0.01284292846992533,0.45425774171118544,h2_h3_baseline,market,188,4642.085037418224,12.864302691859805,0.0,0.0,360.85010968807615
2d43d27934d733e45c986bd9,1.0,0.029452758556840805,0.01216061105193849,0.5254840073856208,h2_h3_baseline,market,442,4656.705879589732,21.507992757213557,0.0,0.0,216.51048204058563
2d4e64aa46b7e0ce49758310,0.25,0.007387804294714362,0.00460163721751594,0.05675428401458818,h2_h3_baseline,administered,772,4566.643428285105,21.7416060022231,0.0,0.0,210.04167897340065
2d7d7a6573bf1edbf9b77efc,1.0,0.029342084615297193,0.004465841597679179,0.5551576388954271,h2_h3_baseline,market,393,4499.044010655326,9.765033641399633,0.0,0.0,460.7300062522338
2d84610f3fffab281cb018ea,0.25,0.007809024742293549,0.004739032282261795,0.04804678189562191,h2_h3_baseline,administered,515,4866.135795768126,19.642417745570153,0.0,0.0,247.73609128975778
2dcfadc1b519a7db2c9de22a,0.25,0.00730335984851546,0.004435758093177959,0.03696429967758499,h2_h3_baseline,administered,499,4799.9581837145615,27.488491829458304,0.0,0.0,174.61700749150015
2dea5caf79725df438e11b84,0.25,0.007864645634487058,0.0032611632891268554,0.03719796708619831,h2_h3_baseline,administered,269,4676.410620002615,34.154256420397786,0.0,0.0,136.9202878388459
2e0bd1e7c45496c160709b46,1.0,0.029163048310041337,0.008441077102183633,0.5220959447916029,h2_h3_baseline,market,126,4553.45221016611,11.649513817810094,0.0,0.0,390.87057892533403
2e629ae1264d7e73a2efb4f3,1.0,0.030729215993372517,0.009208489319125194,0.3924139363542102,h2_h3_baseline,market,479,4458.773697039678,8.00514719566094,0.0,0.0,556.9883461301603
2e6cfa54e15b92956b54d902,0.25,0.007145820718447297,0.005423829688751116,0.17132272749324406,h2_h3_baseline,administered,318,4555.294868873322,7.226436378962408,0.0,0.0,630.3653183932665
2e781f1e655f338be8665311,0.25,0.007079739970523053,0.004721504784905862,0.0787154709816443,h2_h3_baseline,administered,156,4526.635251017147,37.82977147521485,0.0,0.0,119.65801204966013
2eab52e992ea5f1e5ef9b1f6,1.0,0.029624932411121782,0.014511892025350498,0.4776812734425013,h2_h3_baseline,market,794,4247.425798529714,23.47034401529386,0.0,0.0,180.96989953628227
2ebc5ceb2a6b447ac19eab20,1.0,0.0266698695570947,0.008249664381036638,0.5006668397093517,h2_h3_baseline,market,736,4219.9057153349895,9.17321342070875,0.0,0.0,460.02480502726024
2ec7e336467efa04e40d231c,0.25,0.0075536121712089024,0.005645389219976804,0.054089406681498704,h2_h3_baseline,administered,240,4524.533156678142,17.323286357934194,0.0,0.0,261.1821488828459
2f17bf39668ff0b7be08a89b,1.0,0.028038099650947827,0.013336553279902987,0.37496342997607246,h2_h3_baseline,market,529,4562.629523103847,4.2517610591740045,0.0,0.0,1073.1152243983897
2f61c858e4facd5093e82f09,1.0,0.029705418265918767,0.015110603735174494,0.43230229222068883,h2_h3_baseline,market,701,4703.147468782544,5.918202206908867,0.0,0.0,794.6919189905548
2f69384985f5d6bf6f366d51,1.0,0.028860652438518025,0.01022485715373915,0.47405560849548345,h2_h3_baseline,market,360,4618.082304510366,10.979822515449353,0.0,0.0,420.5971724964053
2f8568dc6dc521d5a2e05288,1.0,0.02962982140784652,0.014946833379677647,0.4697079124653361,h2_h3_baseline,market,427,4694.340581550121,16.3217787180013,0.0,0.0,287.61207112633684
2fa93395948d8755de192fdc,1.0,0.029670156402244637,0.0171798139156533,0.36147268129473764,h2_h3_baseline,market,672,4524.3656048203575,8.3477799550083,0.0,0.0,541.9842915368101
2fbc8e126bfd90b42381f6ce,1.0,0.03203317698732729,0.005909330468554607,0.4176865455928363,h2_h3_baseline,market,115,4631.387665929563,5.6067178802294535,0.0,0.0,826.0425733673663
2fc8c68ee23c7e0815289e99,0.25,0.007634682489329412,0.0027160064919416883,0.0,h2_h3_baseline,administered,16,4788.652606754614,4.59439381852136,0.0,0.0,1042.281701548992
3044ea559c4161d9603234c2,1.0,0.027154319882437994,0.008360927007625812,0.5556364317437433,h2_h3_baseline,market,210,4641.651217755006,5.248510904548126,0.0,0.0,884.3748831183256
30593b55b1ae7f379284e0cc,0.25,0.007415344552406216,0.005005312222155091,0.060568334025372005,h2_h3_baseline,administered,143,4628.116401449646,17.069341102031892,0.0,0.0,271.136206944668
30735c429e1aa251a4a71391,0.25,0.007295283387379411,0.005883962775800336,0.040688590347478494,h2_h3_baseline,administered,101,4546.527387655686,16.555391963010866,0.0,0.0,274.62517334617223
3091122a48edbf8366ffb9c2,1.0,0.02833876498391445,0.016194559451409136,0.4456792635658586,h2_h3_baseline,market,535,4694.397527147752,5.357530418885924,0.0,0.0,876.2241480887257
30bb830535cbdcf1ac44593b,1.0,0.029367783271382567,0.009351174965241526,0.5008444993329287,h2_h3_baseline,market,226,4446.181589825295,18.1283878127419,0.0,0.0,245.2607278569034
30e0ef2f170102cecbc6584e,0.25,0.007312676440591335,0.004991894152045487,0.05751563877290501,h2_h3_baseline,administered,711,4567.679273258315,21.274379512203986,0.0,0.0,214.70328996613412
30eb019823af256a08ea12ca,1.0,0.029618369326419522,0.012357042288884275,0.451221821126241,h2_h3_baseline,market,311,4686.443689818108,8.005147195660944,0.0,0.0,585.4287966570205
30f712246b454a40f675ef74,1.0,0.02810805134773674,0.010126374530169907,0.4951393935299215,h2_h3_baseline,market,691,4686.2102049264795,5.5444210148935715,0.0,0.0,845.2118250649178
311b35f864f34c8d757319c4,1.0,0.031758116216508134,0.00495171191970252,0.46647221714553117,h2_h3_baseline,market,203,4442.4510254921315,3.7378119201529705,0.0,0.0,1188.5164690978681
3172f0c75a6ece0bcafa2cc9,1.0,0.02777208959743329,0.007026058743314626,0.5302617675601626,h2_h3_baseline,market,729,4590.78703092789,18.25298154341367,0.0,0.0,251.5088847270768
318732e1051a863c5debbe5d,1.0,0.02831152291434912,0.007814602044042404,0.3894080147473048,h2_h3_baseline,market,540,4611.756293076562,12.334779336504798,0.0,0.0,373.88235064960276
3192a18214c7b817e32093d6,0.25,0.007493175948330917,0.00618994357328027,0.0,h2_h3_baseline,administered,203,4448.124236247853,8.643690065353743,0.0,0.0,514.6094090158488
31937e3b3e9d623655d6fb68,1.0,0.029608060711968007,0.01476141343405507,0.4140885072437303,h2_h3_baseline,market,654,4352.325795943122,15.620938982972621,0.0,0.0,278.6212660255131
3205308146c76ecc3e367bd3,1.0,0.030604339535748683,0.01330258619572075,0.49244813644762214,h2_h3_baseline,market,129,4365.273836326246,18.58004008642705,0.0,0.0,234.94426363025624
325f695bc8304d9bf2d90ecd,0.25,0.007133180033017756,0.006200380605406383,0.08623409064222054,h2_h3_baseline,administered,292,4481.62320842763,20.945322457261042,0.0,0.0,213.9677351624635
326dd2450a15e30709cebe75,0.25,0.007485805816538556,0.006273654377120636,0.11989282474468525,h2_h3_baseline,administered,279,4386.180394995305,29.09263611185729,0.0,0.0,150.76600065154042
328d069bff141b636b2f0b25,1.0,0.029304218478333127,0.013385231693756513,0.5020508649308798,h2_h3_baseline,market,74,4400.055207664657,9.905201588405367,0.0,0.0,444.2166238004874
3293a4631aedf9b8f630263b,0.25,0.007282989942180177,0.004718071750672238,0.08087862690865208,h2_h3_baseline,administered,53,4495.133916060872,21.056340483528402,0.0,0.0,213.48125138730776
329ffc58bd6475457aaf06ff,0.25,0.0075636212847888466,0.005017236721348083,0.0341832613112808,h2_h3_baseline,administered,523,4786.307405056991,21.427138958839084,0.0,0.0,223.37594460237318
32b52324e9d4d69b3ae7ebb2,1.0,0.029236231716949893,0.016127241843583908,0.46188100977430185,h2_h3_baseline,market,610,4768.217883568523,10.092092184413023,0.0,0.0,472.4707024508667
32e7cbc1308beba0c3458925,0.25,0.007195403082648364,0.003961471099406858,0.046555994883243954,h2_h3_baseline,administered,7,4431.42036472173,25.417121057040195,0.0,0.0,174.34784823886602
3300676a85285ef3ca314288,0.25,0.007643745692057819,0.0053075899747722765,0.025210494423985846,h2_h3_baseline,administered,634,4620.447370319474,25.713031167385644,0.0,0.0,179.69283124348405
330f477182d9ebb4c78065e2,0.25,0.00716608048368688,0.004327998019985321,0.0636401003447894,h2_h3_baseline,administered,428,4497.1888232766305,40.337220304984136,0.0,0.0,111.48980493137626
331e2f6b88cb717a9c783b7a,0.25,0.007404008408368139,0.004330016800175065,0.1436521238637545,h2_h3_baseline,administered,755,4540.251139478296,19.31202825412368,0.0,0.0,235.09965290718858
33771f755cc2910fa762b602,0.25,0.0071066364929629105,0.0063290664748454194,0.08551217373571457,h2_h3_baseline,administered,282,4497.560579928064,16.633263044680724,0.0,0.0,270.39556627263056
33e749dbddeab95783f62a63,1.0,0.029551498986277975,0.01454067855471301,0.16561398045462428,h2_h3_baseline,market,600,4458.831513108197,3.675515054817088,0.0,0.0,1213.1174669695622
33e979f8a5f58d98e7805679,1.0,0.027573266687625907,0.007940645288990172,0.5954677970634302,h2_h3_baseline,market,319,4564.412682645892,8.020721411994911,0.0,0.0,569.0775739723184
34393ec33f32306786e799b2,0.25,0.0070159722595283785,0.004550065888355545,0.09014129038591938,h2_h3_baseline,administered,514,4634.809353691399,36.33987027105546,0.0,0.0,127.54061363237732
343b81e7fc295454975107ec,1.0,0.0324220674250469,0.006739725032713526,0.39809793405536625,h2_h3_baseline,market,117,4286.767532420669,5.7780342599031345,0.0,0.0,741.9076003354356
345ee65cb2cb9005063234c8,0.25,0.007249956376242497,0.004337606935221422,0.044440692556772514,h2_h3_baseline,administered,314,4655.117002599502,35.197728914773805,0.0,0.0,132.25617521719064
34934c0699c7398ec67440cf,1.0,0.029364232044614982,0.008073533561031134,0.5311635914496736,h2_h3_baseline,market,722,4177.512581761653,22.17768405957429,0.0,0.0,188.36559176061425
349983da0e351b306a79089f,0.25,0.007433712788953017,0.00458718181407158,0.025839015956600986,h2_h3_baseline,administered,629,4520.718782328261,18.907098629440444,0.0,0.0,239.10166604245677
34a1e55fa6982185d8bce8bb,1.0,0.02938965387666505,0.011803025853931559,0.4716011528254666,h2_h3_baseline,market,164,4599.658512046734,19.85712582581266,0.0,0.0,231.63767769792494
34da37b619a5bdad9ed21efe,1.0,0.027362153306261065,0.005851714033206557,0.6133523020586857,h2_h3_baseline,market,571,4707.4687230153895,6.899377835949021,0.0,0.0,682.3033663248955
351784332ea268e76aee03c9,1.0,0.031587610960553306,0.003237212223162114,0.2728895270463411,h2_h3_baseline,market,793,4671.024812810896,1.9156286090783974,0.0,0.0,2438.377037529269
3545b75515a97b1494442b0b,0.25,0.007504743857785104,0.009354706521207828,0.07025574617525833,h2_h3_baseline,administered,494,4149.277064779627,27.395046531454483,0.0,0.0,151.46085114385568
3547b555b0997e97d18cea37,0.25,0.007258484397079493,0.005623384232955133,0.05299456015918347,h2_h3_baseline,administered,463,4487.102934664465,25.090062514026812,0.0,0.0,178.83984673836153
35b623ae4cd7e002eb0bd7c4,1.0,0.028200721591285116,0.009179879684856607,0.556954661057398,h2_h3_baseline,market,267,4772.119336552521,9.437975098386252,0.0,0.0,505.62957486171797
363072b9a0945cbc7e791792,1.0,0.02946562601821968,0.009405890901863993,0.3166329050632701,h2_h3_baseline,market,112,4438.932831221456,3.831257218156795,0.0,0.0,1158.6099753847932
363341dad09a6c692f76e9aa,1.0,0.02879105073459261,0.018343239314101648,0.44291396350413165,h2_h3_baseline,market,4,4627.480106323744,9.46912353105419,0.0,0.0,488.69149200005944
363bfc4fb3833f2d142a4836,0.25,0.0074615507534853565,0.0056533159960905025,0.08174728365733071,h2_h3_baseline,administered,48,4552.7015128324165,13.362677614546863,0.0,0.0,340.7027875817538
365d8ca0517a6712475872b4,0.25,0.007166432132250688,0.005141767510918325,0.07716477416819963,h2_h3_baseline,administered,245,4405.030587464892,26.927820041435368,0.0,0.0,163.58660228294087
3676b18791dc80f28116b0bd,1.0,0.02535045155789612,0.0040337580290319966,0.230932510140847,h2_h3_baseline,market,7,4402.64984927975,4.080444679500326,0.0,0.0,1078.9632491277591
3681e2624136cf6b83cc4a46,1.0,0.02833790639039653,0.007606353233008481,0.5104401671540635,h2_h3_baseline,market,570,4434.56019824466,19.45219620112941,0.0,0.0,227.9722121035971
36ad49cfc2756b3ea1b161ea,1.0,0.029354666623480324,0.00956851619470653,0.5107707720205396,h2_h3_baseline,market,339,4467.296621850583,15.356177305295118,0.0,0.0,290.91202406930853
36f5f251964b6f5a7400245d,1.0,0.03083997542708562,0.013321654779400298,0.42213073833954917,h2_h3_baseline,market,798,4503.613551647942,9.67158834339581,0.0,0.0,465.65397448116255
36f98aba9663288c12590daf,0.25,0.007399416248647512,0.005133833220325297,0.07431480458386955,h2_h3_baseline,administered,166,4656.63737351961,20.24648123416191,0.0,0.0,229.99736693319633
377710b55eea15361760277d,0.25,0.007376200213942741,0.004676740177767184,0.05469327487704946,h2_h3_baseline,administered,519,4444.489767923148,21.701592011925296,0.0,0.0,204.80017159482333
37ba5a6e0c1a849b93b97f69,1.0,0.026869167175540342,0.0075191597215001375,0.469589130804913,h2_h3_baseline,market,567,4424.828033253969,6.7903583216112295,0.0,0.0,651.6339526842579
38088d5765af6fc57507491a,1.0,0.02911672735284111,0.005575463720699278,0.4516710792243519,h2_h3_baseline,market,18,4611.547546853839,4.81243284719695,0.0,0.0,958.2570174542552
380c37034dfa52ef1dea4078,1.0,0.027738225988904644,0.009420773750102673,0.5393576342302169,h2_h3_baseline,market,191,4484.467671801926,18.221833110745738,0.0,0.0,246.10409087532233
3854e27cba4b24113745495c,0.25,0.007216582418518254,0.004736683014936545,0.04471452389372893,h2_h3_baseline,administered,45,4610.4653744081525,22.97196909260679,0.0,0.0,200.69961594593852
38742a24cd9aca933b80ab62,1.0,0.02921282578858946,0.008526352605076863,0.5624533843416295,h2_h3_baseline,market,606,4503.138879138014,19.623512580803094,0.0,0.0,229.47669845526312
38fc9df98dd61d2689163b6d,0.25,0.00728680100572027,0.004609292870225488,0.017470841414263034,h2_h3_baseline,administered,330,4678.864991228914,24.685132889343578,0.0,0.0,189.54181904561477
394a198846a3e4221201e28a,0.25,0.007533240134580438,0.004614175892431666,0.05202755816928102,h2_h3_baseline,administered,653,4515.187546027215,40.041310194638704,0.0,0.0,112.76323187426
3954664f3a35875d6e7e5e12,1.0,0.02799791482290253,0.007407031893044099,0.4762411801615043,h2_h3_baseline,market,452,4563.415473601831,6.82150675427917,0.0,0.0,668.97470573333
39cb9ee40e0550f7aaeb3145,1.0,0.02477548063718865,0.011845543748880106,0.48557931140273847,h2_h3_baseline,market,262,4402.71168209665,16.617688828346747,0.0,0.0,264.9412759845657
39ff1838fa80303f38957036,1.0,0.029817939084300835,0.007514056352816176,0.5036316281590615,h2_h3_baseline,market,574,4389.709422016227,11.447049005468475,0.0,0.0,383.4795692688289
3a124324b3959850fa1de89c,0.25,0.00767580627799994,0.004375134009643803,0.12744783403918888,h2_h3_baseline,administered,75,4500.8802251928,23.579363529631657,0.0,0.0,190.88217625283417
3a39f9409612b932f473c7cc,0.25,0.007523541657163973,0.005387908046130349,0.032940580601177605,h2_h3_baseline,administered,502,4655.789633147897,27.067987988441097,0.0,0.0,172.00353550977152
3a41e19aaf5808679dd82386,0.25,0.007485764317014457,0.00506864895080718,0.03823489566857252,h2_h3_baseline,administered,516,4737.140979725482,20.947292625279115,0.0,0.0,226.1457394264268
3a553dbc22678664417632e3,0.25,0.007332167492443531,0.004616289067853024,0.08524722923823526,h2_h3_baseline,administered,27,4511.1872504340745,28.17375734815302,0.0,0.0,160.12018541537603
3a60ec2936e64688e6375b63,1.0,0.029397051374039154,0.008584568692791297,0.5395896761895609,h2_h3_baseline,market,688,4579.757295850107,9.40682666571831,0.0,0.0,486.8546491390457
3a7423018126d6a1b7b77a8f,1.0,0.019312868060773432,0.0032305225214806508,0.15001819262479188,h2_h3_baseline,market,780,4519.780632101563,0.8098592493664767,0.0,0.0,5580.945868849708
3a8cad341155db2f21eb301d,1.0,0.028391606754158246,0.008336415016525647,0.546517439705204,h2_h3_baseline,market,807,4337.706447950548,18.28412997608161,0.0,0.0,237.2388762071217
3ac45de327105c62bb576c26,1.0,0.0293596693539047,0.008513133828443013,0.38542305503587987,h2_h3_baseline,market,12,4656.291026051017,3.893554083492678,0.0,0.0,1195.8973539861895
3aceb3df25b551f5c65a6507,0.25,0.007575522848091562,0.004882575797618066,0.054401967854431854,h2_h3_baseline,administered,356,4518.516512202832,20.885024103854732,0.0,0.0,216.35198933616996
3acfed99a38a1dbe33065929,1.0,0.02950383887572704,0.014586880288398905,0.36653358761885463,h2_h3_baseline,market,484,4746.161714001338,7.304307460632258,0.0,0.0,649.775730222412
3add4b919a047e7be9ef9db7,0.25,0.007294306310373827,0.004922107100588155,0.058153443237384854,h2_h3_baseline,administered,592,4433.350799667499,32.51896370533085,0.0,0.0,136.3312447419946
3af712e5a885bd69db4363f0,0.25,0.007321563509962647,0.006580322747843223,0.032949298030624526,h2_h3_baseline,administered,773,4643.9545621116085,13.861052537233926,0.0,0.0,335.0362138543877
3b0e116fce1c976c1e8abd83,0.25,0.007415597841654107,0.004371524575493688,0.06920788485498314,h2_h3_baseline,administered,284,4313.749011079385,35.3690452944475,0.0,0.0,121.9639652460902
3b76f8b765c7276318f3a92f,1.0,0.03010786463577671,0.007085224562707182,0.5034428116432628,h2_h3_baseline,market,222,4633.026937540344,13.985646267905695,0.0,0.0,331.27013573711133
3b79a60da7c4743488733f67,1.0,0.02363971863340392,0.006208640222602401,0.48046462843812604,h2_h3_baseline,market,271,4676.334226893557,4.765710198195038,0.0,0.0,981.2460331021952
3b8beb9dc66b97225906fd0e,1.0,0.02822410093759231,0.009628077836226106,0.5441124130002118,h2_h3_baseline,market,707,4535.926467860852,10.263408564086697,0.0,0.0,441.95127179607584
3ba6ed6e8f4b7f1f7b6b99a7,0.25,0.007434586843104969,0.0044484675465250615,0.13032340575904647,h2_h3_baseline,administered,368,4520.649128538746,16.20137512653966,0.0,0.0,279.0287301683064
3beaab77e9d313e18959c7a1,0.25,0.007286975960921666,0.0042988034535167636,0.08516679347555933,h2_h3_baseline,administered,253,4507.904330383055,28.968042381185523,0.0,0.0,155.61646420784365
3bf01ab3e12cd59a5f5c3c1b,1.0,0.02808232509302423,0.008630773538972483,0.46229638767569037,h2_h3_baseline,market,280,4426.5087551046645,13.456122912550688,0.0,0.0,328.95870406891174
3c19f6231a81a83dcdb7059b,1.0,0.029105557261594337,0.013502867871817327,0.4468638871602096,h2_h3_baseline,market,76,4438.035163610761,9.437975098386243,0.0,0.0,470.2317093811363
3c3494b0d7ccbb7ca2c2c833,1.0,0.02992012334612764,0.0075445256459688624,0.5606464904665336,h2_h3_baseline,market,521,4503.6367668078265,16.47752088134101,0.0,0.0,273.3200460942946
3c374d729481b16b039ecab7,1.0,0.02778000037059587,0.004265736221761387,1.1222447162822602,h2_h3_baseline,market,435,4713.584310338496,5.388678851553866,0.0,0.0,874.7198413910486
3c5edac66c51525b300ed32c,1.0,0.02801881782024115,0.009163468355915942,0.4780433067131585,h2_h3_baseline,market,290,4644.583867902791,10.278982780420664,0.0,0.0,451.8524806510779
3c71cf98a76c88b44a1b7e86,0.25,0.007443772825700249,0.004842952567617578,0.02364110160776211,h2_h3_baseline,administered,490,4601.762977207512,20.947320969190603,0.0,0.0,219.68264982313502
3cae4c3718435e2c83f66252,0.25,0.00729584326235279,0.004184075905498432,0.06690864298439018,h2_h3_baseline,administered,530,4647.993012726265,23.657234611301504,0.0,0.0,196.47237257840067
3cb61edbf8b345fc1f766fc4,0.25,0.007017586098433118,0.004862853006737195,0.08278931504756598,h2_h3_baseline,administered,295,4560.879396947854,20.52681712817339,0.0,0.0,222.19126172698117
3cc32be360dc1b0208a63b79,0.25,0.006939979474564366,0.00470709930564354,0.1807664827507126,h2_h3_baseline,administered,771,4566.110107525771,7.49119805663991,0.0,0.0,609.530020832722
3d25bfd438823482d20f389c,0.25,0.007384863371082829,0.004836332629417417,0.061072454002154206,h2_h3_baseline,administered,631,4315.470080483408,28.26720264615684,0.0,0.0,152.66703729065785
3db173de7a037d0d2bdaa7fb,0.25,0.007559451473732695,0.006313078900001728,0.022813881601096944,h2_h3_baseline,administered,149,4734.316271901951,26.28927717174257,0.0,0.0,180.08544856420409
3dc2acdccd6b17a97420c857,1.0,0.02757769017163656,0.013668178555396504,0.3343422266242666,h2_h3_baseline,market,609,4247.651479623365,21.476844324545606,0.0,0.0,197.77819382751588
3ddada904d102755b7104493,0.25,0.007062611797464332,0.006184421690255437,0.041924009144992246,h2_h3_baseline,administered,617,4635.831625840651,11.44704900546847,0.0,0.0,404.9804996576871
3e36dcde82498b970142e19f,0.25,0.007576544240904,0.005613600950211675,0.04517164923121337,h2_h3_baseline,administered,594,4411.984258292992,20.059590638154265,0.0,0.0,219.9438830970556
3e3af4c4cab1487669d2f036,0.25,0.007505563079905065,0.005733130729314909,0.09444419895936071,h2_h3_baseline,administered,129,4375.065958746107,31.069829104524345,0.0,0.0,140.81396920554724
3e8792a6128d4ed85eef5d79,0.25,0.0075024216043591205,0.005507376100912801,0.033319975641288,h2_h3_baseline,administered,782,4510.853033052089,23.68838304396946,0.0,0.0,190.42469149030637
3eafa884de0b2f662f8cd22a,1.0,0.028675914839063475,0.006216835919641662,0.5067547165605271,h2_h3_baseline,market,347,4765.013632732143,7.864979248655206,0.0,0.0,605.8520286047658
3ee21fbd7975430aa52c0eca,0.25,0.007495731891401294,0.004671762881077908,0.06243015822087159,h2_h3_baseline,administered,411,4416.294115573115,20.054295386466197,0.0,0.0,220.21686778152707
3f01236c48ffc634f27fed18,0.25,0.006433326265252228,0.0069655862978376774,0.14050356637313632,h2_h3_baseline,administered,379,4304.262342785331,20.791578805850893,0.0,0.0,207.01950453007842
3f0caf071aeecc07c2b108e7,1.0,0.02899786104659,0.012051080212856856,0.47918436909219314,h2_h3_baseline,market,719,4645.109598839105,14.46844697425879,0.0,0.0,321.05101584871875
3f4f893b0875c313e2c1c000,0.25,0.007345159112683233,0.0048842601011985735,0.057934144090553856,h2_h3_baseline,administered,86,4682.134578305089,32.6435574360026,0.0,0.0,143.43211788373162
3f6008ec887e7ffd4f912f1c,1.0,0.031238512865945783,0.004734471093141424,0.4348020423798523,h2_h3_baseline,market,39,4444.9385652117035,5.5288467985596,0.0,0.0,803.9540119595498
3f60c7cc6ffd0e6bb7dfc8f3,1.0,0.02410854383374601,0.004788185142620255,0.21511672794692532,h2_h3_baseline,market,808,4773.560635392635,0.4360780573511797,0.0,0.0,10946.573795499231
3f848cf24a821ff834295b39,0.25,0.007364091370567272,0.005042504690808965,0.1209593499642837,h2_h3_baseline,administered,722,4188.767452815712,37.892068340550736,0.0,0.0,110.54470331810954
3fc03ef1ba1ed658c4f05924,1.0,0.02900011078314391,0.010314678688212784,0.4424013528919128,h2_h3_baseline,market,292,4460.573119573118,6.401002913261958,0.0,0.0,696.8553490784158
40165177ade312b18aceda65,0.25,0.007435515419468704,0.005265776180661768,0.049490190033931875,h2_h3_baseline,administered,29,4562.429096151292,25.63516008571578,0.0,0.0,177.97544781838644
402a39cd9d7206f07e89b7b0,0.25,0.007324940529071828,0.005815567233326013,0.06384511900142947,h2_h3_baseline,administered,468,4504.72631903153,21.241539219333802,0.0,0.0,212.07155811624895
403b405e3bdf82d6992d65fa,0.25,0.007634505249602404,0.005218713796889291,0.02674130826733138,h2_h3_baseline,administered,392,4738.283764466795,18.14396202907587,0.0,0.0,261.1493430637504
406484d08adb4bb5f97db653,0.25,0.007435183555628478,0.00476155943378801,0.040671070522171233,h2_h3_baseline,administered,549,4522.846228686177,22.738355847597237,0.0,0.0,198.90823501049687
40a29d970c856d14ac80b74f,0.25,0.0072433037609261775,0.0054967167635367456,0.10210416427659426,h2_h3_baseline,administered,583,4257.636173174927,24.498398059528128,0.0,0.0,173.7924317675543
40ae018f580881d361d10d3e,1.0,0.02912499463304588,0.009109229423242712,0.511984289793869,h2_h3_baseline,market,777,4528.14841477887,7.257584811630346,0.0,0.0,623.9194625080331
40df3d1d0be8703116b81c77,0.25,0.007457214105185963,0.0045368880040862975,0.018688556140192086,h2_h3_baseline,administered,780,4534.698646758692,11.144961313643748,0.0,0.0,406.88330081570393
415967d3ef23cb6a36499b4f,1.0,0.027688973317984086,0.006806219193046917,0.4087233510143336,h2_h3_baseline,market,48,4541.271003995941,4.220612626506062,0.0,0.0,1075.974368146486
41932f7e7a37faa665a797cd,0.25,0.007638171052423015,0.004875707147708844,0.024509379046365062,h2_h3_baseline,administered,691,4695.905920901702,14.250407945583198,0.0,0.0,329.5278239636053
419b4b932dfe5617e66005ef,1.0,0.026560793278522225,0.007162535492204718,0.36587662699813833,h2_h3_baseline,market,583,4238.092760986845,7.896127681323145,0.0,0.0,536.7305256488295
41e0e3029bc7c140433c55ad,1.0,0.028901252687397502,0.010778903787832833,0.4750258240769602,h2_h3_baseline,market,562,4586.0419224480665,7.864979248655205,0.0,0.0,583.0965063553361
4221b5b57ea11b5cadb85b41,1.0,0.029035656486993064,0.009540485654073082,0.5330031147490593,h2_h3_baseline,market,428,4482.935332278865,25.759753816387555,0.0,0.0,174.02865587274985
4226c99eb1bc195e4824e5f6,0.25,0.007882365536000052,0.005418160205867964,0.08965708624627391,h2_h3_baseline,administered,199,4634.511195155051,12.147888740497146,0.0,0.0,381.50754375162194
42a46972b6a89e0fb1e79657,0.25,0.007360909129189183,0.004606611375882919,0.09650497947985523,h2_h3_baseline,administered,116,4569.353390340451,20.106313287156173,0.0,0.0,227.25963358281774
42d7442ba9bbd1bc36cab80c,0.25,0.007586146282492901,0.005180064776106781,0.043269856637868455,h2_h3_baseline,administered,545,4662.762747556323,31.506639643622748,0.0,0.0,147.99301989351034
4332dbbf0eaf21bc56b6f956,0.25,0.007435586642921149,0.00454015126092716,0.1367639396083838,h2_h3_baseline,administered,596,4205.88450301356,24.233480615658426,0.0,0.0,173.55676511016475
438b64bb2eec92c21c6860b7,1.0,0.028824168781461903,0.010029334341081811,0.5129192110642193,h2_h3_baseline,market,283,4461.953569620624,16.78900520802042,0.0,0.0,265.7664057122971
43c3e833614d4182890b499e,1.0,0.029210524567404146,0.013066957935328917,0.3928725611275539,h2_h3_baseline,market,324,4650.745255292579,20.02844220548633,0.0,0.0,232.20703874905533
43d41fe4a110e75379f2835c,1.0,0.029843302670015562,0.009846285283905134,0.4708488874432725,h2_h3_baseline,market,665,4417.030621170528,11.353603707464648,0.0,0.0,389.04216977966786
43fa4beb508950f4b796b83e,1.0,0.028193844373679,0.016256747595826074,0.3678104683773739,h2_h3_baseline,market,350,4286.028488400247,7.132991080958581,0.0,0.0,600.8739447104791
44478136a604b28de4f2dcd4,0.25,0.00755632933778233,0.004849285024748889,0.04985301801356924,h2_h3_baseline,administered,100,4650.247631832921,24.10888688498665,0.0,0.0,192.8852067711502
4453569e2550a7c768f75c84,1.0,0.030214145621485326,0.010450039917752061,0.4653012240057842,h2_h3_baseline,market,713,4698.558285080878,6.992823133952846,0.0,0.0,671.9115005594193
44ded3e1d5d50777674a51c3,1.0,0.027358972995131133,0.008629275332203944,0.490152386216881,h2_h3_baseline,market,671,4415.903208543057,14.001220484239669,0.0,0.0,315.39416249560344
44fe5c46f13dd4833b286493,1.0,0.029974673365898978,0.012648728600813067,0.4700754430067349,h2_h3_baseline,market,433,4634.748815159008,13.533993994220545,0.0,0.0,342.4524066685855
45396cc82a4afbb93808d9e0,1.0,0.0297044519171739,0.014789472485626632,0.4850364308037467,h2_h3_baseline,market,683,4527.72685665333,6.805932537945195,0.0,0.0,665.2617890950053
4580ef4119cfb55e2859479d,0.25,0.0074128944716226755,0.005033380871433594,0.06572416324628706,h2_h3_baseline,administered,3,4461.885879567085,31.389071374354867,0.0,0.0,142.14775029032822
45913bcd408fc372cad52150,1.0,0.02801349635361307,0.003953936044925985,0.5337214139580233,h2_h3_baseline,market,670,4484.270185287944,5.232936688214159,0.0,0.0,856.9318630182563
45c258fbda983997e3629368,0.25,0.0078401850839112,0.005920486731688983,0.05568603176210495,h2_h3_baseline,administered,412,4511.148159707265,22.42687152091782,0.0,0.0,201.14923989731076
460a7c4e287d427efe87f5e9,0.25,0.007388627942199767,0.0046370272540228056,0.12608249855109158,h2_h3_baseline,administered,177,4402.018923494668,15.63651319930659,0.0,0.0,281.5217732614378
462f33c0a76fae5c63a5c1f2,0.25,0.006511261176297754,0.006234986159020013,0.1641679472109005,h2_h3_baseline,administered,387,4227.295009725007,37.26909968719191,0.0,0.0,113.42627123288896
4637b7c791c334319ed8e1af,1.0,0.030135079165866996,0.010955005558947753,0.4138678047484729,h2_h3_baseline,market,738,4490.679017311051,11.836404413817732,0.0,0.0,379.39553772500926
4648f518aae0508b09a166aa,0.25,0.007495682575574492,0.008142912130581183,0.0,h2_h3_baseline,administered,64,4574.714844529426,4.9058781452007745,0.0,0.0,932.4966314144365
465a76c81e191a401e08c18c,0.25,0.007301068046051398,0.004379559659925664,0.0914936807679668,h2_h3_baseline,administered,176,4514.110683992416,27.457343396790364,0.0,0.0,164.4044953205522
4668d05d82d443bb5d909da5,0.25,0.007583149296414621,0.004631120823837182,0.10034252048866144,h2_h3_baseline,administered,274,4342.991518874189,16.757856775352483,0.0,0.0,259.1615131394294
46b50205ff5aa2abc598035b,1.0,0.027604773358587187,0.00917471713635502,0.5629904584438304,h2_h3_baseline,market,285,4568.263855981108,3.831257218156795,0.0,0.0,1192.366786111762
47759dc10b1b6922a47674e4,0.25,0.0075208942477863585,0.003230978286475835,0.15568856059694866,h2_h3_baseline,administered,257,4305.041976274437,8.877303310363304,0.0,0.0,484.94929437059557
47d02136bef3586bb77c8adc,0.25,0.007473804781662016,0.005005236871398723,0.03361084720984401,h2_h3_baseline,administered,15,4546.921419476973,26.569613065754037,0.0,0.0,171.1323912856513
47eb0ba40a5c6436cc446cd5,0.25,0.00755495549848647,0.005615175153148683,0.0897818143895903,h2_h3_baseline,administered,804,4319.006775987525,31.834339890156944,0.0,0.0,135.67131565755963
47f6b49196ca47ee66d68d7f,1.0,0.029452389665296813,0.01512395047790803,0.37564674079097465,h2_h3_baseline,market,166,4640.646670846858,7.475623840305941,0.0,0.0,620.7704895243818
4805637a054a33193e8f9a40,1.0,0.025348829690251557,0.007615567151528775,0.4934911690262495,h2_h3_baseline,market,231,4617.306274794324,13.191361234873186,0.0,0.0,350.025004439105
480b34542f5c59851394eade,1.0,0.029585024456761134,0.012865344634388346,0.4744481618369955,h2_h3_baseline,market,746,4484.442060416533,9.749459425065663,0.0,0.0,459.96827771672383
483e422abfec47aa2bf3851c,1.0,0.029249997730581154,0.014015418146514271,0.41612971581532915,h2_h3_baseline,market,544,4450.964171391469,10.09209218441302,0.0,0.0,441.034831039878
488d5f16958827a116a56b0b,0.25,0.007497590512881049,0.004778964565073514,0.07390252369938663,h2_h3_baseline,administered,324,4668.840470058973,35.77428673980388,0.0,0.0,130.50827551131124
4895b989015c58c0d75655cd,1.0,0.030339981434873178,0.009773493270949752,0.4067501588526298,h2_h3_baseline,market,38,4637.467309839222,8.363354171342271,0.0,0.0,554.4984960376173
489ac77096d740686ad6061b,1.0,0.029326272784407,0.010267462076271088,0.5494484154788567,h2_h3_baseline,market,346,4339.63994519321,22.47359416991973,0.0,0.0,193.0995065756636
489fd94c806c90be76f869f4,0.25,0.00863526173887126,0.009082868925686952,0.09785956817304813,h2_h3_baseline,administered,532,4586.197204740518,8.378928387676238,0.0,0.0,547.3488962485842
48d25a218f862e7693590c00,1.0,0.02954233397498695,0.008148561443699437,0.43728631873048746,h2_h3_baseline,market,595,4430.380910707979,9.531420396390073,0.0,0.0,464.8185397830044
48dc2d4f56cae93d600abee4,1.0,0.03036177923035882,0.00985168019420994,0.42059415616271345,h2_h3_baseline,market,276,4624.506824368295,7.709237085315503,0.0,0.0,599.8656901053181
48e1505e49e160100a5d4443,1.0,0.024234657593117142,0.00524351507620286,0.6831378017526503,h2_h3_baseline,market,361,4676.939615748768,4.360780573511799,0.0,0.0,1072.500561976766
493e062b39fb25b62ec2903d,1.0,0.028968599330249225,0.009468492897680777,0.5156351158591616,h2_h3_baseline,market,130,4671.640604524341,30.805799908594064,0.0,0.0,151.64808634691767
493e1d17e5024cfb28c82952,0.25,0.007388631446008204,0.004748162919229726,0.0962176158359146,h2_h3_baseline,administered,337,4564.461790614127,22.321991448105745,0.0,0.0,204.4827318039972
4978850e8bd7982a60a2a015,0.25,0.007420548315539597,0.004767837070532647,0.06761323808299059,h2_h3_baseline,administered,311,4707.030767900665,22.862949578269,0.0,0.0,205.8802934322459
49b295579a795198fe37a0bc,1.0,0.030333691165809733,0.011960837755611877,0.45488268843296625,h2_h3_baseline,market,754,4293.983119497485,16.446372448673078,0.0,0.0,261.0899840009358
49b350420b323d394c95419f,0.25,0.007315071890521341,0.005897656272544857,0.2421358390628185,h2_h3_baseline,administered,301,4315.75413591115,5.528846798559602,0.0,0.0,780.5884831237336
49c397ecea632e35c2e74f97,1.0,0.02932316243002029,0.009187983214326368,0.4701616779117638,h2_h3_baseline,market,234,4491.756154946701,15.667661631974537,0.0,0.0,286.6896324707404
49caa4be20603153081a9983,0.25,0.007109727087355416,0.006206104866457246,0.04776219458908238,h2_h3_baseline,administered,649,4610.758747266041,10.761783486773762,0.0,0.0,428.4381629618052
49dfbac8bbc5bb70436b8fad,1.0,0.027877831186658632,0.00715286331579221,0.41393192697046066,h2_h3_baseline,market,483,4566.137267756408,3.145991699462084,0.0,0.0,1451.4142769471218
49e5249a798834c0be80cba7,0.25,0.007776050719153977,0.00613924797716363,0.08394988840056364,h2_h3_baseline,administered,578,4462.800161751808,15.278306223625265,0.0,0.0,292.10045252600435
4a339888195dcf6c8f612bbd,1.0,0.030598574396560784,0.011766461827767905,0.2577546542578339,h2_h3_baseline,market,604,4391.810341511,3.177140132130025,0.0,0.0,1382.3155916533756
4a43f58940a16d89d01505e3,0.25,0.007630760002825432,0.007077286151763473,0.078179705678919,h2_h3_baseline,administered,328,4454.978754251449,17.857648981558203,0.0,0.0,249.47173946873724
4a4969392b7eced482421268,0.25,0.0074329067811907245,0.004876214334744695,0.04525333577445628,h2_h3_baseline,administered,401,4481.862361465375,26.75960373767505,0.0,0.0,167.48612593075612
4a4a1f6c3dd7b8a371555fa3,0.25,0.0072336428680733564,0.005200844364221862,0.021217869292530875,h2_h3_baseline,administered,376,4725.488369980868,15.418474170631002,0.0,0.0,306.48223148967253
4a772ba5fba2e002974a961e,1.0,0.029826410874825262,0.012245550490890102,0.5036159607069374,h2_h3_baseline,market,679,4614.619191115905,16.35292715066924,0.0,0.0,282.1891853732775
4b06e573c4db6c46221d381c,0.25,0.007176222664190972,0.004047317363019105,0.054713151486939934,h2_h3_baseline,administered,92,4583.335566290783,30.61890931258643,0.0,0.0,149.68970708589953
4b09aeba83508ef9001cb47b,0.25,0.007701367092550846,0.005039800261431581,0.05529820102388592,h2_h3_baseline,administered,8,4364.7422633839515,33.79604944471645,0.0,0.0,129.14948152516445
4b4e0142db5a60868975388b,0.25,0.007503501955398595,0.0050977907273368475,0.09261767134415545,h2_h3_baseline,administered,665,4424.703273232021,21.452805121847405,0.0,0.0,206.252900173224
4bb41196ae63c01263b5e750,0.25,0.0072921945506304936,0.004656830834351988,0.036379912673103185,h2_h3_baseline,administered,124,4789.137543639218,38.374869046903854,0.0,0.0,124.79879834340734
4bebaef35fa63b23d2a26524,1.0,0.028520077525241112,0.009734934168478497,0.42340811786588545,h2_h3_baseline,market,759,4460.540549832635,9.188787637042713,0.0,0.0,485.4329783235909
4c84e882e07216eca132d548,0.25,0.007184929383833785,0.004971938982520108,0.04652117720688637,h2_h3_baseline,administered,708,4670.844329084664,25.510566355044027,0.0,0.0,183.09449755360413
4d0da8e2b298c54e4b492e50,0.25,0.007549948643483142,0.004674191719379462,0.10767096071586463,h2_h3_baseline,administered,329,4674.269507072533,30.447592932912734,0.0,0.0,153.51852336477538
4d121ae8a68a68f84652611c,1.0,0.029713793210954322,0.016836362855750887,0.48389413305129186,h2_h3_baseline,market,385,4481.496730331841,5.513272582225629,0.0,0.0,812.8560058466626
4d27cc17fcf498adf1b1081a,0.25,0.007357298838946534,0.005079979632513308,0.055057628449127406,h2_h3_baseline,administered,415,4654.672225646186,34.87241526625538,0.0,0.0,133.47719652072175
4d55c77ec27132e71fdbeb4d,1.0,0.029125551586862603,0.012901353230305987,0.4766717598564055,h2_h3_baseline,market,482,4657.53668494158,11.945423928155538,0.0,0.0,389.90133066468223
4d690aed5b7fa21869d3d4cc,0.25,0.007364382722505015,0.004649517462387233,0.12194294489850888,h2_h3_baseline,administered,454,4112.711688581103,26.14910922473682,0.0,0.0,157.27922711380606
4da9e7b05ce223f7479bd5b5,1.0,0.028904243362946582,0.007816854072529373,0.5534423564904792,h2_h3_baseline,market,193,4742.228519642028,19.171860307117953,0.0,0.0,247.35359238359237
4e09da75a45915e884467a56,1.0,0.029297321580094928,0.008888881736591827,0.4923443287646196,h2_h3_baseline,market,723,4192.687551878837,25.043339865024905,0.0,0.0,167.41726840253733
4e15199340bb34026048bffb,0.25,0.0074876609094340005,0.005236699025205347,0.049529874344293484,h2_h3_baseline,administered,397,4480.830116160087,29.528714169208474,0.0,0.0,151.74484369632802
4e58ca4ef46d3cf04fae441e,0.25,0.007833401470968417,0.005023130289602751,0.15559767947248537,h2_h3_baseline,administered,670,4499.36641159374,15.325028872627179,0.0,0.0,293.59595006246866
4ebfb18a953defb40ccbfbf4,0.25,0.007595797613546241,0.007283211518127078,-0.03877508796417295,h2_h3_baseline,administered,6,4526.459500592016,16.389844096591677,0.0,0.0,276.17465266392065
4ee58aea8fd59e6b2ab7d814,0.25,0.007318392699899835,0.0048856221427680535,0.05343908445930042,h2_h3_baseline,administered,30,4342.003521146496,30.525464014582592,0.0,0.0,142.24201535715358
4ef5415c362c8be2635c8993,1.0,0.028279515969897816,0.008523563041044511,0.48283974522084516,h2_h3_baseline,market,649,4600.239401163232,3.815683001822824,0.0,0.0,1205.6136211958935
4f60614614921a0b52d8466a,1.0,0.029120805413582945,0.012213831679548209,0.45087642585622956,h2_h3_baseline,market,192,4656.523403340705,9.889627372071402,0.0,0.0,470.84922698815365
4f90b5a69ba2bf52b1085832,1.0,0.029371835440557038,0.009172791332882659,0.5052387920584981,h2_h3_baseline,market,186,4390.959751393344,14.81107973360614,0.0,0.0,296.46452725727454
4f97b79f9127b999d93a7ae7,0.25,0.007362577939922301,0.004866332043569495,0.045395772134501404,h2_h3_baseline,administered,553,4330.092875301596,29.0178733699208,0.0,0.0,149.2215787181035
4fb4ada4fcce6affedff1260,1.0,0.02742191157192758,0.010343088069274262,0.5040764791243553,h2_h3_baseline,market,322,4546.914120022388,17.661161322722787,0.0,0.0,257.4527256128024
4fc019fc1665fc7fe92936fe,0.25,0.007381206933143077,0.003352621977161298,0.04704180248792829,h2_h3_baseline,administered,159,4813.310798553345,25.043339865024905,0.0,0.0,192.19923638362357
50880fe588443d1aa76054c4,1.0,0.029883454904228196,0.008048859528935312,0.5691360422057299,h2_h3_baseline,market,365,4711.057913310763,15.574216333970709,0.0,0.0,302.49084848236856
50b99f6e0afe491660cb0c85,1.0,0.031018924719025887,0.0045920419090635595,0.5087021538920413,h2_h3_baseline,market,278,4500.2036012270155,7.724811301649467,0.0,0.0,582.5648582854178
50ee6bb8875b51a44c84637f,1.0,0.02807255708982274,0.007720412659320932,0.4937595567302828,h2_h3_baseline,market,281,4174.550226543916,8.986322824701094,0.0,0.0,464.54487647262675
512f5d6a82066d97980bd9e7,1.0,0.026213905330695023,0.006514251894779054,0.5113863905583381,h2_h3_baseline,market,133,4677.189949999194,6.494448211265783,0.0,0.0,720.1828081230628
5143de694752d98e30fd33c0,1.0,0.029089883589570063,0.010319391814779678,0.4103509343290642,h2_h3_baseline,market,538,4429.336471125297,6.9616747012849025,0.0,0.0,636.2458260665043
516d5b5d63139f656bb24401,0.25,0.007317923419907837,0.00385321798334584,0.011458832982503993,h2_h3_baseline,administered,808,4782.093530598263,6.58789350926961,0.0,0.0,725.8911401451064
5175c9257fcbfd3261d5ef9a,1.0,0.02253328449144069,0.003961927478244428,0.1926827961117105,h2_h3_baseline,market,456,4600.811989716863,2.616468344107079,0.0,0.0,1758.4053711481
517d536ca303494f5ff6adc7,0.25,0.0074910126604768035,0.0049456472164972716,0.0662496024714466,h2_h3_baseline,administered,615,4332.665594840833,22.90743273061476,0.0,0.0,189.1379817979524
51edf7ae7d561c2315f3662f,0.25,0.007456147106535353,0.005559785755379309,0.04822447535032457,h2_h3_baseline,administered,407,4577.488975324114,30.28874035069238,0.0,0.0,151.12840356926483
51f59aa085f901be5999d6b7,0.25,0.007402194506839682,0.004492508665967446,0.1116957889516614,h2_h3_baseline,administered,263,4199.914468824007,22.55146525158959,0.0,0.0,186.2368773810813
52242095684f983046f762d6,0.25,0.007259332342995894,0.00509450680274438,0.013162782719614415,h2_h3_baseline,administered,568,4737.581239112935,16.586540395678806,0.0,0.0,285.62805299332877
5236c9b769e88bdf157adfe9,0.25,0.007183598272660682,0.005046650262675871,0.02640899580354525,h2_h3_baseline,administered,560,4586.551741605366,12.00772079349142,0.0,0.0,381.9668878453127
528e252bd11a910bdc52fbbf,1.0,0.025650536639691735,0.009367098471854976,0.4277303342019105,h2_h3_baseline,market,116,4546.987969185313,4.282909491841944,0.0,0.0,1061.658664010151
529cb41cb26616127afc0984,1.0,0.029143041214506456,0.011274017554252076,0.5322530345522076,h2_h3_baseline,market,91,4549.898770648893,11.166713111457,0.0,0.0,407.45192656384415
52b10d3093102d21fe05c999,0.25,0.007512963029723103,0.005047231565761042,0.07608397816982278,h2_h3_baseline,administered,799,4645.679607772133,9.983072670075222,0.0,0.0,465.355683696243
52d00a72d92ec89a80797bf6,1.0,0.027941945142134564,0.0027650631176510377,0.45963239170955705,h2_h3_baseline,market,363,4761.3690548919185,5.8870537742409255,0.0,0.0,808.786404453363
52fa3c4c5ad2ae056b158eea,1.0,0.026754373426106568,0.0044966266451824475,0.39646781500877737,h2_h3_baseline,market,64,4572.8121435904695,3.7378119201529705,0.0,0.0,1223.3927873511961
5329cd136ce5deef55a3315a,1.0,0.029906535448940536,0.0119786951485477,0.38424936727606535,h2_h3_baseline,market,368,4505.890373168377,5.902627990574897,0.0,0.0,763.3702107541285
5378d95f7a8ac60b40ace0ce,1.0,0.027773509064951858,0.005012792550835444,0.5504277431443597,h2_h3_baseline,market,176,4493.968799461372,11.633939601476126,0.0,0.0,386.28091200431993
5386eeea2a6a1dd7249f48aa,0.25,0.007583177358176236,0.004333029087689901,0.10282132463091749,h2_h3_baseline,administered,184,4815.881709716527,29.045913462855378,0.0,0.0,165.80238441718126
539ae3dc9f5cf0164a63626f,1.0,0.027540943967130548,0.006318545058671705,0.541924509962016,h2_h3_baseline,market,380,4360.689979769167,10.247834347752727,0.0,0.0,425.5230746118992
53aaad5b2b79d36d670bf429,0.25,0.006224070081871709,0.0019458960000979602,0.6565019818612469,h2_h3_baseline,administered,658,4503.064605510966,4.718987549193126,0.0,0.0,954.2437988167443
53cdfa81ebbc87e16722e11f,0.25,0.007346281985160268,0.0034059963983194925,0.1255803022580463,h2_h3_baseline,administered,730,4669.2208421922805,9.03304547370301,0.0,0.0,516.9043879813635
53e610a6c1f7b187d448acec,0.25,0.0073323426442617,0.004489310900906002,0.028963446192853518,h2_h3_baseline,administered,105,4669.4845844250995,26.834374743431525,0.0,0.0,174.0113056134497
5433f8cdd6d331aae98772a6,1.0,0.028561415638644044,0.007139790743773133,0.48377712502844167,h2_h3_baseline,market,566,4600.7937593201505,6.619041941937548,0.0,0.0,695.0845454188784
5434c1b6597a540b11a24f1a,0.25,0.007340249811392103,0.004748807436841867,0.014750613329708796,h2_h3_baseline,administered,377,4545.534106449173,30.4631671492467,0.0,0.0,149.214101218677
543f4d95bfd4f83c97c87c49,0.25,0.007324895348543555,0.00569483482124346,0.07974034990847853,h2_h3_baseline,administered,418,4458.17246905131,11.59299171702719,0.0,0.0,384.55754803165917
546bd37d654894c6edf95c92,1.0,0.030457417643904305,0.009115464289306558,0.5510970656544674,h2_h3_baseline,market,498,4757.864986356425,11.291306842128764,0.0,0.0,421.3741644682308
547eff053822896c2e7daae3,0.25,0.007329066388765693,0.00453656681959816,0.019957547400127035,h2_h3_baseline,administered,109,4761.879300247181,22.84997636725073,0.0,0.0,208.3975590920982
54eb114850dc89216e31f0f7,0.25,0.007276876349953899,0.00534955053144354,0.0422518174941937,h2_h3_baseline,administered,802,4591.467484390112,24.498242293335927,0.0,0.0,187.4202822150671
5537666b99de74f8cc3858a3,0.25,0.0075073011815490025,0.004676765637836525,0.06711205510901244,h2_h3_baseline,administered,223,4467.567428603346,24.186757966656508,0.0,0.0,184.7112967666963
55771d79f0c95309c495139c,0.25,0.007408713071749018,0.005212999179033186,0.09605855331201647,h2_h3_baseline,administered,741,4512.139411023658,22.97243674883284,0.0,0.0,196.4153589955104
55928aefe250c785c19d0d13,1.0,0.02954214165890933,0.011049831145831523,0.4922840335078756,h2_h3_baseline,market,704,4696.195840582611,15.729958497310413,0.0,0.0,298.5510636525576
5664ef608f90e3ce5bfccca2,1.0,0.02800493999478142,0.014362439681749757,0.4560107672164563,h2_h3_baseline,market,805,4615.083569475643,19.623512580803094,0.0,0.0,235.18131886288273
566e4c6205113aaf09362f1e,1.0,0.028903560936955636,0.009152539377305424,0.4485010928181152,h2_h3_baseline,market,735,4421.149605411959,15.947997525986,0.0,0.0,277.2228675235273
56d79e80df8989000e3b8e28,0.25,0.008027354468201596,0.0047766527590226695,0.1455680201348778,h2_h3_baseline,administered,627,4574.744406874953,16.18161077099557,0.0,0.0,282.71254769487285
57022ac2e70198f416faec7d,0.25,0.007299514997159589,0.004976252783166624,0.06973480680771828,h2_h3_baseline,administered,289,4352.384316236421,21.305527944871923,0.0,0.0,204.28427436758292
571bf56c09f7d3cbc34b278e,1.0,0.029851143933286778,0.012220126834832484,0.4378704348722145,h2_h3_baseline,market,757,4529.046520703995,16.8045794243544,0.0,0.0,269.5126373790811
5748465e3a9dc1fe817bb3b3,0.25,0.007268996066668769,0.004655280018248976,0.05705626483542442,h2_h3_baseline,administered,510,4653.88189348598,43.63990166350899,0.0,0.0,106.64281348226511
57824cb434267dc67799fef2,1.0,0.02833943214053814,0.00821182931948481,0.5310517109541516,h2_h3_baseline,market,429,4518.310500110144,6.712487239941372,0.0,0.0,673.1201622589018
57b3732e7a75cd0f3d058493,1.0,0.029133566226349696,0.009009310640879238,0.5008805875177669,h2_h3_baseline,market,138,4602.570442160886,12.864302691859805,0.0,0.0,357.7784628057044
57b978b9ababd07f954ea7e8,1.0,0.029389970317798185,0.00985778880195663,0.48850750380198615,h2_h3_baseline,market,140,4463.511784122374,17.007044236696018,0.0,0.0,262.450765812173
57c65a539fb613a3ea7efcde,1.0,0.02901154094105107,0.015502531268053309,0.4155055903993272,h2_h3_baseline,market,26,4627.5376376180775,16.290630285333357,0.0,0.0,284.06130128582583
57cfe981fc5cbf98908fb911,0.25,0.0075660647549718445,0.004901533119106384,0.06940031979044009,h2_h3_baseline,administered,433,4649.648409792743,25.822050681723425,0.0,0.0,180.06503306430713
582b29e2c44fce7b564fab4f,0.25,0.007282189635552292,0.004717511839222998,0.1368531162456199,h2_h3_baseline,administered,726,4453.189266127003,35.2600257801097,0.0,0.0,126.29568945576501
5833046af6a86f88ef6076de,0.25,0.007471966763500773,0.0041302416042860845,0.09306373045271704,h2_h3_baseline,administered,14,4570.8028104837285,22.35071944646249,0.0,0.0,204.50360989194743
584d873342ff6cec30dcd494,0.25,0.007278028071553718,0.004007241757740844,0.07345530998749183,h2_h3_baseline,administered,506,4687.63315655667,18.73578224976676,0.0,0.0,250.19682093151064
58714431c8a4a7b880fb5b5c,0.25,0.007409473772328757,0.004193277488664228,0.03829987151908855,h2_h3_baseline,administered,170,4549.270771535574,38.2347010998981,0.0,0.0,118.98277325745062
58801b28876d1c488134b374,0.25,0.007079460655855473,0.00595008362825543,0.03556880376915602,h2_h3_baseline,administered,408,4814.82313550683,13.442083961522767,0.0,0.0,358.1902292300062
58c56c1b0c6aa923909f01d3,1.0,0.029693887008888184,0.011466511448196635,0.5244971219048523,h2_h3_baseline,market,644,4552.969684130313,14.904525031609971,0.0,0.0,305.4756642344681
58e55e283491c1f14c8f1073,0.25,0.006974631898282287,0.0029756988218689368,0.0,h2_h3_baseline,administered,320,4389.723865794266,11.213435760458907,0.0,0.0,391.47001503976315
5939a7e98fd637d2313bc11d,0.25,0.0074004041258885316,0.0059418703902763504,0.0880039067444772,h2_h3_baseline,administered,161,4550.135855314604,28.67213227084008,0.0,0.0,158.69541240719474
5940b6f6b37fb2dcbc2280c1,0.25,0.007489233779736613,0.004667110437693362,0.05116369587991974,h2_h3_baseline,administered,787,4637.818068365272,16.24390763633145,0.0,0.0,285.5112311764341
5944297389c4fb041b0daf18,1.0,0.02700061642989868,0.007711378450788748,0.5336396243970998,h2_h3_baseline,market,559,4211.463109743007,13.362677614546868,0.0,0.0,315.16610901084135
59595f019e39e9685f1424c9,0.25,0.007511740539643647,0.004771786696433965,0.06086057643983297,h2_h3_baseline,administered,193,4755.524364876772,30.26596901848686,0.0,0.0,157.1244707867121
596eba783f687199378e5489,1.0,0.02870756772899352,0.00785386969262994,0.5044386265229618,h2_h3_baseline,market,475,4385.557332031224,16.399649799671153,0.0,0.0,267.41774279345674
598f0992a42260f8b5aa5cf2,0.25,0.007345984440380917,0.005287082998949933,0.05096397661240975,h2_h3_baseline,administered,366,4677.210085970556,24.91874613435313,0.0,0.0,187.69845243226453
59c40196a967110b2ed46bd8,1.0,0.0291768854631982,0.010496947641342175,0.5090301797475394,h2_h3_baseline,market,631,4305.536306176649,13.829904104565989,0.0,0.0,311.3207635875915
59e203998458269d7816fa1e,0.25,0.0073014951514229045,0.005352879645215458,0.046131907945682074,h2_h3_baseline,administered,265,4389.192809283209,25.154430314210046,0.0,0.0,174.48985146778298
5a1dcc5822ac4436de6a304b,1.0,0.024228282433752038,0.009002646587638354,0.5926883818630891,h2_h3_baseline,market,89,4545.064293276652,6.66576459093946,0.0,0.0,681.8519062996312
5a2bca214eab45eb87658d6e,1.0,0.02910295246053512,0.007701511970953195,0.518733689188245,h2_h3_baseline,market,766,4320.6331194370705,21.289953728537967,0.0,0.0,202.94234428727333
5a2cc2cc5fcbc9dc55e55c43,0.25,0.007385497091983388,0.004449684790714521,0.016661647017893716,h2_h3_baseline,administered,47,4678.775267943763,14.997970329613796,0.0,0.0,311.96056300401034
5a3cb4cca52d2b5902458e21,0.25,0.0074172291402132,0.0048311650806218695,0.058745943398831414,h2_h3_baseline,administered,11,4495.188977486261,21.819477083892973,0.0,0.0,206.01726430944518
5ab163f358e57b854e24ff97,0.25,0.007455773240605841,0.004572810552985348,0.11362536723272484,h2_h3_baseline,administered,652,4348.790672025706,28.967810436186305,0.0,0.0,150.12493545570982
5ad63dc55c344d0d6623561b,1.0,0.029713412668961856,0.014772002045900425,0.4786168977561274,h2_h3_baseline,market,287,4705.843658052311,21.103063132530316,0.0,0.0,222.99339335237383
5afa01eab727678004708fc9,0.25,0.007728486477483228,0.007420337183117522,0.05404537118780627,h2_h3_baseline,administered,191,4496.014848417079,29.98036644289362,0.0,0.0,149.9653066943346
5b20020b1d817574dc81f393,1.0,0.023802132089586987,0.011630812676615625,0.5172868005984235,h2_h3_baseline,market,333,4479.491993365174,21.430121675543695,0.0,0.0,209.02783760099794
5b5e88871203cae0b8e0d49c,0.25,0.00758536370221714,0.005614010251447013,0.08140109260810294,h2_h3_baseline,administered,518,4621.445096610627,20.916172536522655,0.0,0.0,220.9508019950073
5b7c41b0f9f5bafa314b1509,0.25,0.007310513215117835,0.00802339309596114,0.06153999123684268,h2_h3_baseline,administered,115,4638.409505780941,10.824080352109643,0.0,0.0,428.52689142102514
5b84ddb5f94642376980b5f3,0.25,0.007413939545547778,0.0051979211427065075,0.0656454182150294,h2_h3_baseline,administered,678,4545.3872040019705,26.086812359400945,0.0,0.0,174.2408057136173
5b93918dfc3e70ca08a80052,0.25,0.007968769090472734,0.004118899029927456,0.11016991492697627,h2_h3_baseline,administered,252,4603.8710789192955,13.331529181878922,0.0,0.0,345.3370589457341
5b98db4045f8afde1af6b1fc,1.0,0.029252206848010897,0.007915436003430055,0.6335620270149744,h2_h3_baseline,market,320,4384.397469476565,6.587893509269612,0.0,0.0,665.5234276794883
5bb6e0e6490b68083416bb94,1.0,0.029936554010064054,0.008057303888634678,0.48466810031455426,h2_h3_baseline,market,528,4553.958544337363,10.045369535411101,0.0,0.0,453.3390761070687
5bf595ee6be82ae76314b5da,1.0,0.028765000176813608,0.010436539497848788,0.5254630839636601,h2_h3_baseline,market,366,4665.359601123082,12.957747989863632,0.0,0.0,360.04401418924186
5c4edb0dd41eaa634799f08b,1.0,0.030615313496980316,0.015218437650686702,0.094756536337918,h2_h3_baseline,market,58,4665.370468107634,0.7942850330325059,0.0,0.0,5873.672893338663
5c53ccdbc1c9bd2e5e0a7a30,0.25,0.007286583673194933,0.00497453025504142,0.009160811801104616,h2_h3_baseline,administered,591,4805.635769525673,35.976439731472325,0.0,0.0,133.5773024066549
5c5f13732648f6b1eba6e1b6,1.0,0.030367335468312544,0.007024465587077524,0.5450068119687295,h2_h3_baseline,market,515,4852.716026152373,8.721561147023593,0.0,0.0,556.4045179925683
5c7ba025ccbe81129d362e50,1.0,0.028969466564393212,0.009090998766273332,0.5047875685055296,h2_h3_baseline,market,561,4712.599887874175,13.643013508558342,0.0,0.0,345.42221078341186
5caa7c2e2f8ca29b9167a068,1.0,0.0281629680929895,0.010070925803602212,0.4757221208022917,h2_h3_baseline,market,300,4629.283232565327,7.070694215622697,0.0,0.0,654.714104640097
5cc8f35d48d3f90fb97f0e19,1.0,0.027503729506510935,0.007217761554701526,0.4276681617118269,h2_h3_baseline,market,617,4626.218805291836,3.8312572181567948,0.0,0.0,1207.493661184538
5cd0a7e28b03c6f0d8d03e08,0.25,0.008130100543342287,0.004001752545922636,0.0,h2_h3_baseline,administered,340,4627.431779738165,13.0823417205354,0.0,0.0,353.71586208258634
5d038e9257ea1dd84cc62294,1.0,0.02946765315474013,0.009597044953058118,0.41184404832021615,h2_h3_baseline,market,239,4545.583311865524,11.042119380785232,0.0,0.0,411.6585915359191
5db7c868d3b9d7c4096fd3dc,1.0,0.02920637434163405,0.007324496009066857,0.550647971979895,h2_h3_baseline,market,653,4492.693623073546,19.794828960476764,0.0,0.0,226.96299281210554
5dd2a7f570edf294239f1f6b,0.25,0.007509782302408365,0.005051771983976072,0.1365288837631221,h2_h3_baseline,administered,445,4391.270009736253,12.428224634508629,0.0,0.0,353.33043446473476
5dd7de0015bb8b8a84e43d83,0.25,0.007362877854918871,0.004291081021807518,0.03497232942528703,h2_h3_baseline,administered,655,4379.662568967852,25.479417922376072,0.0,0.0,171.89021281061622
5e04f604bef9bcd242281679,1.0,0.02844103920908385,0.00743268046096003,0.29672526901995,h2_h3_baseline,market,277,4764.562202935413,4.6566906838572395,0.0,0.0,1023.1648452520408
5e102a09e4683f740866ee9f,1.0,0.028848709597616474,0.011892974389003823,0.5607122621568724,h2_h3_baseline,market,331,4900.259282193517,19.48334463379736,0.0,0.0,251.5101680074548
5e61b31a11e4660de5c94199,1.0,0.029378608366433242,0.01117502457784063,0.4767628216435795,h2_h3_baseline,market,163,4327.656346619493,18.315278408749553,0.0,0.0,236.28668099045058
5eb8d318be72fa39ca58424c,0.25,0.007486466631415021,0.005518018695034608,0.07816576906337794,h2_h3_baseline,administered,17,4549.46870124589,20.448946046503544,0.0,0.0,222.47937330852216
5eeb2d58fe0bece489dd1da7,0.25,0.007444968600905446,0.003932760224565591,0.09821977499804585,h2_h3_baseline,administered,419,4336.055098671547,25.22138995411589,0.0,0.0,171.91975170916163
5f0c85d5719c1e43951b7ece,1.0,0.02901436830986161,0.01996763231638142,0.4427802066387681,h2_h3_baseline,market,122,4801.463362512022,8.347779955008297,0.0,0.0,575.1784771987619
5f283a612372b66a5f18263c,0.25,0.007520627018338487,0.004250363185850812,0.03759993906821373,h2_h3_baseline,administered,343,4808.15738562949,26.289277171742555,0.0,0.0,182.89424065252027
5f66a85b269b89d93abb5c6d,1.0,0.02990242279320528,0.012270718250290915,0.4466457295123345,h2_h3_baseline,market,261,4588.747910254089,12.833154259191863,0.0,0.0,357.5697616949751
5fb0d26d6ad2b6116452fdc9,0.25,0.007874494078025079,0.004407572770192256,0.05842081245650457,h2_h3_baseline,administered,84,4801.508062478794,25.354824191704317,0.0,0.0,189.37256382356495
600ba8102b8bf279c5ef53b7,1.0,0.028309383972083938,0.007406723947606181,0.5108102403619368,h2_h3_baseline,market,172,4637.549361258856,13.98564626790569,0.0,0.0,331.59349753476323
603aa00a1bd774538489dfce,1.0,0.02848018972921786,0.009651194297782602,0.522743668478577,h2_h3_baseline,market,165,4527.72057066476,15.0446929786157,0.0,0.0,300.95134391246097
60402632b3e15a03f06c8a3a,0.25,0.007381586395460248,0.004775342125887547,0.16040671614085777,h2_h3_baseline,administered,621,4038.5469440157813,26.25812873907462,0.0,0.0,153.80178017049764
6046f97c575cf10b42a6509e,1.0,0.02992296171307299,0.010191096474101631,0.49747458284823576,h2_h3_baseline,market,705,4441.659188144671,11.229009976792879,0.0,0.0,395.5521633095258
606b77c59f3dade5bcd7146f,1.0,0.02901026498444848,0.009501368090940947,0.5067423090521238,h2_h3_baseline,market,791,4299.128532446588,18.673485384430887,0.0,0.0,230.2263580654851
60741fa89f8e4fb5dfd45d8d,1.0,0.03005715580380174,0.012958160739569876,0.44087595477775865,h2_h3_baseline,market,106,4622.308065791438,5.8870537742409255,0.0,0.0,785.1649132230725
6082f5c47cfa46356b17e921,0.25,0.007357266880703359,0.004977630530266618,0.02958649788712058,h2_h3_baseline,administered,291,4563.884148705289,9.50027196372213,0.0,0.0,480.39510512256913
608f6dc3bbeab3aec79e662a,1.0,0.028905353279256557,0.00916484655525168,0.5661998719586009,h2_h3_baseline,market,312,4667.738754537125,12.054443442493328,0.0,0.0,387.221423934248
6093a7e6cb24b524ffccceb5,1.0,0.02896496535104955,0.009779920264838898,0.4968996135319909,h2_h3_baseline,market,724,4420.13400335399,20.97846940185854,0.0,0.0,210.69859381458966
60a53d92139133968bcebe15,1.0,0.028813871180942273,0.010480523421583393,0.46730356629345404,h2_h3_baseline,market,761,4221.830876023913,13.082341720535394,0.0,0.0,322.71216928976037
60b9a2f03101b21db3ed6362,0.25,0.007404219881548794,0.004499359822714456,0.100585077157039,h2_h3_baseline,administered,740,4622.438803885728,21.71045756955517,0.0,0.0,212.91300697263185
60dfb7e630a2ea488a3ad1b9,0.25,0.0076812702883863335,0.0052487816099610896,0.05721181837213946,h2_h3_baseline,administered,707,4545.054056683303,18.08166516373999,0.0,0.0,251.3625827889852
6149dbb9226bba2c659a0616,1.0,0.02887204638968822,0.011531798686617148,0.3176698983571783,h2_h3_baseline,market,578,4453.319982219933,7.257584811630348,0.0,0.0,613.609085915668
6151908f47bbc4b9b51e8709,0.25,0.007390224997695514,0.005549024525618198,0.009867461318773758,h2_h3_baseline,administered,614,4926.969591945325,22.19325827590826,0.0,0.0,222.00298535225733
61729dd92adfcc5635945149,1.0,0.029026498183299203,0.00986224140592099,0.5291503730290898,h2_h3_baseline,market,469,4524.77540683193,12.583966797848328,0.0,0.0,359.56669939764936
61734e76ec7f0655043f1d6d,1.0,0.02881588900671776,0.00871635874854404,0.5180460339544332,h2_h3_baseline,market,173,4287.951426928138,20.480094479171484,0.0,0.0,209.37166238608123
61814ee2d2379972f23a213c,1.0,0.03154541633250818,0.016305066259715745,0.13486332873713547,h2_h3_baseline,market,371,4735.787021127149,2.6320425604410502,0.0,0.0,1799.2820831641777
6190f3929b98ec67ce343e40,1.0,0.029225129288927645,0.012150174422885959,0.4767140910231312,h2_h3_baseline,market,591,4796.161955923484,26.772077878095654,0.0,0.0,179.14791589066763
61e74afca331e93322959ca2,1.0,0.02939780822677083,0.00843729710207997,0.5284868032613804,h2_h3_baseline,market,349,4717.555418092589,23.50149244796181,0.0,0.0,200.73429074934023
62017e87e57a50cdff77176a,1.0,0.030591773112244997,0.010094625403410986,0.3798173330556239,h2_h3_baseline,market,189,4548.504182771889,6.13624123558446,0.0,0.0,741.2525042846781
624f8fe8cc48ccc355076709,0.25,0.007284943215455839,0.007359649552371832,0.027520404361393264,h2_h3_baseline,administered,531,4829.423942259434,15.413509350362968,0.0,0.0,313.32409981933847
62a02ebad0b0f165a954eb08,1.0,0.028969278699280454,0.007241623012693082,0.5411254135530652,h2_h3_baseline,market,98,4603.106262234459,11.618365385142152,0.0,0.0,396.1922447473569
62c14f7261aae57cdef3cc9d,1.0,0.029600107223656334,0.006912451088667254,0.5776888784554112,h2_h3_baseline,market,421,4531.592961405212,10.964248299115383,0.0,0.0,413.30630589338534
62c79931dd04f587733bc620,1.0,0.027635859790628308,0.009794736002772681,0.5461560726481054,h2_h3_baseline,market,797,4375.567687611231,18.29970419241558,0.0,0.0,239.1059244238883
62cd4a6c0f0407e188efd1df,0.25,0.0073477546840880256,0.0049882823833307085,0.11684573107513588,h2_h3_baseline,administered,136,4203.635466256944,30.07938819932135,0.0,0.0,139.75136190940833
6309a8a5fd133402a347e602,,,,0.0,h2_h3_baseline,market,16,4782.319072329298,0.0,0.0,0.0,
6326fcf6a4303f8d32e7cf12,1.0,0.02778716564442948,0.005302900940645942,0.14809180994815854,h2_h3_baseline,market,310,4605.989598785457,2.491874613435314,0.0,0.0,1848.4034364937854
638d646c1015cd9c6e3f59ba,1.0,0.028879053377090437,0.00691159947106401,0.49124411914516763,h2_h3_baseline,market,444,4673.815716029039,6.650190374605493,0.0,0.0,702.809311125368
638f7bcf37b5b4d3833796bb,1.0,0.02906718176525582,0.01675235908475403,0.42447612446109695,h2_h3_baseline,market,773,4630.928292884948,4.874729712532833,0.0,0.0,949.9866794622322
639d8a1eb069b6f55c82bcb6,0.25,0.007351965214976646,0.005102389199502237,0.07124116112436757,h2_h3_baseline,administered,403,4374.839000838035,25.058914081358868,0.0,0.0,174.58214616300725
63e53c5d8be15dcd15fcaffd,0.25,0.007646850763530971,0.005122280887552864,0.12894566269026378,h2_h3_baseline,administered,650,4391.398272384323,24.217906399324438,0.0,0.0,181.32856738214255
642e563065d1e188c773434f,0.25,0.0072596039171319285,0.005216753756428251,0.06581487853383294,h2_h3_baseline,administered,509,4615.004734075049,20.744387681235036,0.0,0.0,222.47003888428537
646231b742de89ee3ad8a5ea,1.0,0.028623363770615525,0.007128265330003769,0.5142641180565681,h2_h3_baseline,market,159,4789.7723117517135,8.970748608367128,0.0,0.0,533.932286017271
64c593074cd0fdd6bb69c4b2,1.0,0.029634990890032006,0.012767162384857365,0.49834881070323644,h2_h3_baseline,market,616,4584.98728495999,11.400326356466563,0.0,0.0,402.1803535790241
64d496218f98165dd23dd366,1.0,0.02345344177391474,0.010042941169342743,0.49101536498142306,h2_h3_baseline,market,220,4589.779300611971,16.55539196301086,0.0,0.0,277.2377308170508
64f560b9870c767ca0e34bab,0.25,0.007041259993419864,0.005947839751232903,0.031062385934831706,h2_h3_baseline,administered,467,4719.458946850743,9.344529800382423,0.0,0.0,505.05044637533285
65dd819e210bc45c0bb925bc,1.0,0.02956119807608018,0.008694733858254458,0.539714559747357,h2_h3_baseline,market,490,4587.280298018573,9.983072670075215,0.0,0.0,459.50585051526144
65e7785c7590ee69d27a9915,1.0,0.027592485490953875,0.014901442577444003,0.2664558526844773,h2_h3_baseline,market,95,4269.006270769174,13.674161941226282,0.0,0.0,312.19509386520656
6640bf072604bc80af9b0cbc,0.25,0.0073668703654972785,0.004074441714534268,0.0696755833809161,h2_h3_baseline,administered,429,4526.085189105394,13.409400263548774,0.0,0.0,337.5307694713838
66bda6e646ae18301727fd32,0.25,0.007357214586597815,0.00416687137638491,0.09508200303554643,h2_h3_baseline,administered,434,4430.843446795072,25.409442554583315,0.0,0.0,174.37782970944568
66cd4dd759fc069e945113a3,1.0,0.027949067401610985,0.010920658111079515,0.4819541394331824,h2_h3_baseline,market,127,4004.6639381256637,19.078415009114128,0.0,0.0,209.9054840883039
675928dbd683be024661cfbe,0.25,0.007441965095727254,0.004568019426958808,0.061927007270485036,h2_h3_baseline,administered,33,4584.501389505439,28.67213227084007,0.0,0.0,159.89398159159362
6793e39aac80f40beebbb508,0.25,0.007280286662096546,0.003937669541993164,0.0869861435577722,h2_h3_baseline,administered,540,4643.54720884959,37.39369341786369,0.0,0.0,124.17995614820113
67b8a792f1bdf805d8dd0c10,0.25,0.007369477504368095,0.005522370505111616,0.09700592957496387,h2_h3_baseline,administered,258,4522.711286735363,25.212867553384328,0.0,0.0,179.3810750466691
67dffae284c6f580ac4cd171,0.25,0.006970977093251209,0.004288172837157763,0.1496857047255827,h2_h3_baseline,administered,410,4538.031716083519,16.399649799671156,0.0,0.0,276.7151598672866
67e8eab2df87bac5d576871d,0.25,0.007457844303748743,0.00499632887193981,0.037941152920079664,h2_h3_baseline,administered,160,4660.164910054453,11.384752140132589,0.0,0.0,409.3338926217659
683404514d5a8e8cfa95e2e3,0.25,0.007606292100045425,0.005064251306534491,0.0743403964749087,h2_h3_baseline,administered,146,4572.887960825486,13.829904104565987,0.0,0.0,330.6521814070809
685fb489ebe003f4c0fe6210,0.25,0.007262825697796186,0.005135666980475557,0.09328101594650007,h2_h3_baseline,administered,431,4536.061666625932,25.45842367105982,0.0,0.0,178.1752760985888
687111bf2e8255f5bd7235d8,1.0,0.027831398908988683,0.005765410420014291,0.21672091112123756,h2_h3_baseline,market,119,4584.351885867703,1.0278982780420667,0.0,0.0,4459.927586025286
687149290ae093da95d505d3,0.25,0.007499765718146703,0.004574373901798045,0.13910806984618793,h2_h3_baseline,administered,702,4232.822334434104,27.846698805139635,0.0,0.0,152.00445711909148
68714948bdb832bb1ae5a2e7,0.25,0.007348806823038116,0.004655852777802484,0.03795414751632044,h2_h3_baseline,administered,228,4507.467020569068,36.44619392779186,0.0,0.0,123.67456062763037
6871ef33d23ea2d1998eb4fe,0.25,0.007068375543374068,0.0045799314881176225,0.07224058152468134,h2_h3_baseline,administered,543,4456.835104054333,32.56568635433277,0.0,0.0,136.8567840260294
688dd28ac39284dcc8d5ba26,0.25,0.007259428391556601,0.0043928627290037185,0.006858036133377938,h2_h3_baseline,administered,99,4290.941178826257,29.871346928555823,0.0,0.0,143.6473952476608
689599d95fdb7e24548225c2,1.0,0.029261776704197183,0.009922694684866762,0.4956104431769758,h2_h3_baseline,market,223,4460.778017804527,11.415900572800522,0.0,0.0,390.7513024800477
68a391a54bb13bb3f8c77c89,1.0,0.028481902636388248,0.005993808851284836,0.5532410764633643,h2_h3_baseline,market,387,4217.284054547316,25.713031167385648,0.0,0.0,164.01349288980407
68d02e14c3f6081b900235c8,0.25,0.0073461862523722995,0.005731240530352611,0.05328715106273787,h2_h3_baseline,administered,486,4505.942749224227,24.934320350687102,0.0,0.0,180.71247524900187
68db94501b2421c726b39b6b,1.0,0.029071299637163074,0.013973771535588899,0.44595945081523153,h2_h3_baseline,market,659,4630.5599682953125,13.440548696216727,0.0,0.0,344.5216466198833
69302339e6171f24fb8bb05c,0.25,0.00757583956517931,0.004866734252871415,0.09819901502282326,h2_h3_baseline,administered,405,4291.766729277728,33.11078392602173,0.0,0.0,129.61839679986653
696217517b04f7e85e80845b,0.25,0.007821533193798358,0.006620885126437322,0.04246014399725055,h2_h3_baseline,administered,503,4739.980584431063,8.176463575334624,0.0,0.0,579.7103528632888
699a3ab434b1ba4aa36b40d8,1.0,0.02985940015459127,0.0076804716149035225,0.47949268928104494,h2_h3_baseline,market,748,4326.880749471049,12.973322206197594,0.0,0.0,333.52141268826415
69b6cb97fb5e4c4df302c0bd,1.0,0.027680656299187277,0.007494750267096439,0.6113535295259784,h2_h3_baseline,market,555,4758.184188330272,7.288733244298288,0.0,0.0,652.8135999561279
69e2b2055bbfea20d6d9000e,1.0,0.028843873687651223,0.01023246142128468,0.15365036326073464,h2_h3_baseline,market,260,4470.816565562571,0.6385428696927989,0.0,0.0,7001.591870743881
6a3b29642795d56f0fa41e79,1.0,0.03002942188353071,0.009611153257542932,0.3159963877581838,h2_h3_baseline,market,472,4317.481383479465,3.8624056508247366,0.0,0.0,1117.821837941221
6a42046e304efc4ff3e611f1,1.0,0.02909507139401237,0.0209713123373502,0.38849701770356115,h2_h3_baseline,market,178,4421.214092484693,12.381501985506715,0.0,0.0,357.08221003073675
6a66ee4ba2dcf846b67b1b01,0.25,0.007283000765336754,0.005028819498811039,0.03306840921365934,h2_h3_baseline,administered,610,4789.858466422422,24.82006115874185,0.0,0.0,192.9833466480154
6a93aa0ea6b037d7f609af12,0.25,0.007630162932109114,0.004748851291342754,0.0,h2_h3_baseline,administered,396,4566.691651907963,15.02911876228174,0.0,0.0,303.85624893515995
6ac9a30c83ed3f1864254c3c,0.25,0.007477756305855797,0.005445027649517008,0.0441612264430849,h2_h3_baseline,administered,485,4705.1311717898525,16.057017040323807,0.0,0.0,293.02647932513923
6ac9ea1e311e13965d7293c7,0.25,0.007375666498033249,0.004157633101855333,0.10137089163429838,h2_h3_baseline,administered,117,4301.827623133391,17.692309755390735,0.0,0.0,243.14675034573435
6ad2fd827314a35d4a12d7b6,1.0,0.028534238539427,0.0076216753442287025,0.5699440404766174,h2_h3_baseline,market,330,4664.201052761453,13.17578701853922,0.0,0.0,353.9979089065881
6adf6c1a7681b2e208fb13f4,0.25,0.007404220097985696,0.008840833967097653,0.06002329645887404,h2_h3_baseline,administered,674,4689.628969785396,10.917525650113472,0.0,0.0,429.5505337087671
6afbd49b1bf0f3d9092bd7b1,1.0,0.029584340610537597,0.015093399258231093,0.4252668407173475,h2_h3_baseline,market,588,4564.293491125304,16.991470020362044,0.0,0.0,268.62263745606464
6b042d29074b98c884c675ce,1.0,0.029755482505821104,0.0086078375840463,0.4933199023737974,h2_h3_baseline,market,717,4412.302077503044,16.33735293433527,0.0,0.0,270.0744787259852
6b057252f0b8157734b847ad,0.25,0.007436843901592186,0.0051965818812773155,0.030223242723451702,h2_h3_baseline,administered,639,4631.547447562101,27.69095664179992,0.0,0.0,167.2584846913779
6b3e682ac1f390ec667b29e2,1.0,0.0301568408097839,0.008050677948073024,0.41583868935388,h2_h3_baseline,market,419,4314.170352064431,7.92727611399109,0.0,0.0,544.2185045693338
6bf4cd79e2ca66fdeedd75ed,1.0,0.02973068466010097,0.008247662609368935,0.5564277826705815,h2_h3_baseline,market,526,4451.628893775711,17.64558710638881,0.0,0.0,252.28001012014738
6c0e78bf3e1b2a01ad66cde2,0.25,0.007388592433928318,0.0067609589727381115,0.04780826072851699,h2_h3_baseline,administered,44,4507.822726653143,25.418364008646293,0.0,0.0,177.34511651181663
6c3563a39d8c1dd7f62847fa,0.25,0.007287492145084118,0.004559473486508378,0.019479558693472093,h2_h3_baseline,administered,712,4641.560743309345,31.391890406827013,0.0,0.0,147.85859287722005
6c6ce5316bab3dffd1ee69dd,0.25,0.007301807164385747,0.005129577626335641,0.05681657365895332,h2_h3_baseline,administered,404,4277.8594837422515,25.074488297692845,0.0,0.0,170.60605317061908
6c8d0ca5382d9f8af4b1d741,1.0,0.028841308703857687,0.010198300430543874,0.48351671179346006,h2_h3_baseline,market,770,4362.779249339231,14.172536863913349,0.0,0.0,307.8333322559848
6c96611963c9069ed355dd45,1.0,0.029565605116912443,0.009513973683873885,0.5301247023560332,h2_h3_baseline,market,742,4557.929850517081,22.691633198595323,0.0,0.0,200.86389598432385
6caa6375b5aa1cebb056b85e,1.0,0.028959013447905507,0.017458666986670427,0.4235730837473343,h2_h3_baseline,market,423,4441.074261886111,6.619041941937548,0.0,0.0,670.9542409374891
6cb4b1936950c94f9815f23b,1.0,0.029868779227883464,0.00813999494129167,0.42044712363564946,h2_h3_baseline,market,364,4329.323065662194,8.89287752669727,0.0,0.0,486.8303934991966
6cdbcd274a886dae936dfdd5,1.0,0.029410171371824063,0.00860854254750003,0.46153133007669456,h2_h3_baseline,market,22,4499.1955130877395,7.179713729960497,0.0,0.0,626.6538865349015
6cf4f8df1cfaa9e26396ace6,1.0,0.02992996552814512,0.010169003111540183,0.41743237633136987,h2_h3_baseline,market,137,4503.051701459927,3.7533861364869416,0.0,0.0,1199.7304667605158
6d15cdb4b9be702be9c2f7f6,1.0,0.02875680126477236,0.009845279037698208,0.5723872672112863,h2_h3_baseline,market,462,4534.843067114919,18.548891653759117,0.0,0.0,244.4805410352315
6d181b7f6c82fc3445546156,1.0,0.02864191460156827,0.011620258803737423,0.40437652636598814,h2_h3_baseline,market,9,4518.5198133878175,3.582069756813264,0.0,0.0,1261.4270854980928
6d3657902432fa006f635f12,0.25,0.007394968121675257,0.0040722223092192365,0.06408037741405627,h2_h3_baseline,administered,65,4685.556926231598,27.65980820913198,0.0,0.0,169.39947272246974
6d445238e00412a5ec2aa3be,1.0,0.029097538973453282,0.012756978570698739,0.4544867828008175,h2_h3_baseline,market,758,4278.606914407891,10.917525650113468,0.0,0.0,391.9026207521136
6d72b2eabff3b2e18d92e313,1.0,0.027781206053787054,0.01262120425740721,0.44490730407654866,h2_h3_baseline,market,25,4488.852802321385,2.8968042381185524,0.0,0.0,1549.5879021624373
6d9c3821d5758a2526933979,1.0,0.029575479931996457,0.010043840930824461,0.5556073824919396,h2_h3_baseline,market,635,4540.663802543047,13.331529181878928,0.0,0.0,340.59587168102286
6da10ef65d70f0c5d294c11a,1.0,0.029002107892090765,0.006341984508355372,0.394791119626143,h2_h3_baseline,market,453,4267.611431849732,6.728061456275344,0.0,0.0,634.3003047139647
6db434a8d806c5cc7a51fb45,0.25,0.00739864766329387,0.004699307683026202,0.04919206940449213,h2_h3_baseline,administered,742,4575.562360046956,38.62405650824736,0.0,0.0,118.46405514319659
6dd1762a43a149b07f1beb5c,1.0,0.029525809640580172,0.00745546163216044,0.5669256064795981,h2_h3_baseline,market,332,4672.577849482868,12.490521499844514,0.0,0.0,374.08989284723094
6de6cc63e85a494bf063550e,1.0,0.026158649109203094,0.010918762214853472,0.49646081144660176,h2_h3_baseline,market,258,4513.537028773562,15.83897801164821,0.0,0.0,284.96390521246025
6df5b611ba7b3db01764a693,0.25,0.007350951505527145,0.004808721443646699,0.05054545870341341,h2_h3_baseline,administered,628,4741.4083125637635,18.46497369020319,0.0,0.0,256.7785035664239
6e0044a85bc3d99d5ba07b5a,0.25,0.007735389142003167,0.002839927639105608,0.0,h2_h3_baseline,administered,435,4719.442512323765,11.213435760458907,0.0,0.0,420.87390636914154
6e0e30b4aa34271933e43aed,0.25,0.00721642942105222,0.0056084954265628855,0.056121099856036985,h2_h3_baseline,administered,256,4559.175012805896,6.307557615258136,0.0,0.0,722.8114732994495
6e40bb5bc3377dfdc53e6471,0.25,0.007418883650618865,0.004947903335069042,0.06011417249133647,h2_h3_baseline,administered,202,4795.50804344925,37.99909990216127,0.0,0.0,126.20056937655244
6e47137264930cf1b0273f83,1.0,0.02921388050661756,0.010230312158540322,0.41080691931495206,h2_h3_baseline,market,167,4413.401080075889,28.531964323834345,0.0,0.0,154.68269306607564
6e4f4b64fa4fbec38dd19e37,0.25,0.00732844836869239,0.004483942560803114,0.04699927026840107,h2_h3_baseline,administered,348,4656.542100795396,22.084238761570468,0.0,0.0,210.8536386999403
6e500ce921eb5eac33d0297f,0.25,0.007274617630211402,0.004332614098863781,0.12914251134512053,h2_h3_baseline,administered,244,4220.896618644141,34.761650857422616,0.0,0.0,121.42394030584016
6e977d89e5ac23c0569eaa90,0.25,0.007286504520417502,0.005068684561038298,0.10495031506522787,h2_h3_baseline,administered,342,4455.894233142186,29.802200885331747,0.0,0.0,149.51560961174914
6eb0bbb2b549cd14cfc98eca,1.0,0.025450256206989333,0.00610905390007848,0.28422512937168315,h2_h3_baseline,market,771,4558.886696689438,1.4172536863913343,0.0,0.0,3216.704772380907
6f23c803796c9565c20b065d,1.0,0.026433109154197876,0.006878299892560577,0.5654043181124294,h2_h3_baseline,market,375,4719.267630993251,6.151815451918427,0.0,0.0,767.134135911304
6f2ed0637fb774a577fc91ec,1.0,0.029341922060599632,0.008764540243114375,0.569203668106947,h2_h3_baseline,market,73,4493.126528883838,21.632586487885327,0.0,0.0,207.7017711867269
6f31466fbb1dce248f27a384,1.0,0.03021244315733917,0.009871897879484661,0.4410635065145791,h2_h3_baseline,market,230,4678.445675815948,6.805932537945198,0.0,0.0,687.4070011320496
6f506bd01df8bc39986690a4,1.0,0.029185312577071697,0.0061813796390687275,0.5626652466315325,h2_h3_baseline,market,740,4613.001621802574,13.73645880656216,0.0,0.0,335.8217490230348
6f868ce26395991aac4b50e1,1.0,0.031193010602306885,0.00481901879005223,0.5396292292027047,h2_h3_baseline,market,259,4572.679715763743,5.544421014893571,0.0,0.0,824.7352976046533
6f9c6752ec6e5ae18d9eb919,0.25,0.00755512249416739,0.005005369331514113,0.014882784417581901,h2_h3_baseline,administered,704,4705.797325237445,25.94502460302608,0.0,0.0,181.37571257837956
6f9e09c66f297e1f3be33c08,0.25,0.007482695500767201,0.005016986130613054,0.021014423937417162,h2_h3_baseline,administered,585,4498.923853020695,30.58776087991848,0.0,0.0,147.08248409167913
6fc67efca6928ea0483a226c,0.25,0.007315328979140094,0.004345851739401276,0.0781554912405299,h2_h3_baseline,administered,278,4513.3679465774885,19.258808519482223,0.0,0.0,234.35343583232384
70278a83a5c6b2e74481c684,1.0,0.029093876679274468,0.008813125398159921,0.5071361775648053,h2_h3_baseline,market,623,4470.082180954636,14.904525031609959,0.0,0.0,299.9144334673096
7089ca00705a122d881e73cf,1.0,0.02901391709992384,0.011053946062835404,0.44857775523544163,h2_h3_baseline,market,558,4465.741021440778,14.31270481091908,0.0,0.0,312.01237504974534
7098e8bec148bdd610818e9c,1.0,0.026570168421881958,0.0065184320063289445,0.4399665382231345,h2_h3_baseline,market,669,4529.001977511662,3.628792405815176,0.0,0.0,1248.074144515374
70d092bae852c1ebe89f7990,1.0,0.02867965358321078,0.007058624462974354,0.4908315519014269,h2_h3_baseline,market,410,4524.394472604162,6.229686533588281,0.0,0.0,726.2635845656465
70e5265d4f1bd3e0200b69d8,1.0,0.028155823586405174,0.011095658993823943,0.42693214823603504,h2_h3_baseline,market,523,4768.214879346329,7.382178542302115,0.0,0.0,645.908907786911
70ecd9dd056a6827b75f63b2,0.25,0.007523098302578859,0.005650821615667012,0.032318723714320687,h2_h3_baseline,administered,409,4497.374738834672,16.78900520802042,0.0,0.0,267.87618939365103
70f2922aa41a6dc588d995d9,0.25,0.007492707965518941,0.005850907873320107,0.03277181045269836,h2_h3_baseline,administered,272,4413.740187562444,15.185507991569674,0.0,0.0,290.6547604474449
71023852346631a4ea5948b4,0.25,0.00737278023669686,0.0058249672233276605,0.07895270091001262,h2_h3_baseline,administered,750,4667.151205779002,22.771386435470518,0.0,0.0,204.95683119711487
71181d4a61757d6b4b5d14a4,0.25,0.007214524215330125,0.005702764597702836,0.06566186040405116,h2_h3_baseline,administered,459,4707.023975706206,8.312514212131276,0.0,0.0,566.2575552456535
71481971a5e5475ba8e7137e,0.25,0.007886032155620988,0.007163758648984494,0.03705782208541255,h2_h3_baseline,administered,355,4552.586015432882,30.822285518620497,0.0,0.0,147.70436191964265
71a9ddf6fff16dd6603e43a6,0.25,0.007309415097523174,0.004706983903798649,0.0240854070579688,h2_h3_baseline,administered,332,4685.439117314696,23.87527363997708,0.0,0.0,196.24650958845277
71f0229b93acfd5628549f04,0.25,0.006960591466646737,0.007803163960237181,0.1394134816190236,h2_h3_baseline,administered,703,4360.278561587187,33.500139334370985,0.0,0.0,130.1570276489436
72196d694dc149ed490baa29,0.25,0.007609077149029945,0.0028321065864836546,0.26419906240381746,h2_h3_baseline,administered,229,4810.798805971966,18.066090947406025,0.0,0.0,266.2888623763246
725e45ae439f292a85654b8f,0.25,0.007353653868103517,0.004360899975482723,0.06009200154236964,h2_h3_baseline,administered,378,4591.174007985227,29.606585250878325,0.0,0.0,155.07273024162834
7270132826d1d3f2605b4f75,1.0,0.028450694740144625,0.009091912596457013,0.4479330610411739,h2_h3_baseline,market,779,4597.369449934621,11.711810683145972,0.0,0.0,392.54130503923903
7289640dca4550401282ebfb,1.0,0.02965128588678136,0.011062328386442435,0.4861691999911653,h2_h3_baseline,market,50,4491.953299253822,19.57678993180118,0.0,0.0,229.45300608027392
728fc9c0c8ea66f2b30090c4,1.0,0.027262493716723867,0.011559174315204415,0.48795288641527507,h2_h3_baseline,market,788,4331.027226012747,19.670235229805,0.0,0.0,220.18177085397681
7300f3a0bce608cc3276f6d5,1.0,0.02971902000690886,0.00875468145582966,0.3715014614224203,h2_h3_baseline,market,373,4456.405767277174,3.332882295469732,0.0,0.0,1337.1026553606791
73070198b132837ac721696e,1.0,0.02872595702596708,0.010714822423689176,0.46086561819238603,h2_h3_baseline,market,760,4103.228119772579,15.88570066065012,0.0,0.0,258.29695569780773
7313d57beae08ae9da2de012,0.25,0.007577834023083814,0.005989409533612951,-0.14595381374078698,h2_h3_baseline,administered,95,4279.212391212464,25.277657926838952,0.0,0.0,169.28832582503395
7359d5b2dce5380ecdc4cfe0,0.25,0.007371820934599635,0.0047161303284722015,0.025013696619925255,h2_h3_baseline,administered,698,4480.2494372028705,16.15110247259464,0.0,0.0,277.3958895254986
73719964a214aa63fa81b767,0.25,0.007182994195839755,0.004861357919313239,0.11429534333601168,h2_h3_baseline,administered,83,4484.804419170712,14.655337570266434,0.0,0.0,306.01849992658873
73cd1f38102ef8141e82899a,0.25,0.007394021518813918,0.004448538858428461,0.03602082744767563,h2_h3_baseline,administered,620,4695.302748250826,30.29185076957303,0.0,0.0,155.00217480825148
73e477037643eceee666960c,1.0,0.029041171153598024,0.013790305576665373,0.48008805706463914,h2_h3_baseline,market,88,4632.334470567625,12.599541014182307,0.0,0.0,367.65898577998774
7402fd0a9182322efe89d72c,1.0,0.030592216125280028,0.00508619112614083,0.528756099534917,h2_h3_baseline,market,199,4627.165482105376,5.8870537742409255,0.0,0.0,785.9900146235714
746a98b4eaa6498d1edf2e11,1.0,0.027105597252070665,0.004128929039008826,0.528724497181086,h2_h3_baseline,market,718,4543.9421643295955,11.556068519806264,0.0,0.0,393.20830925687295
74af402adce60f638817bd77,0.25,0.007448124241910069,0.004618156697255858,0.06691917961051165,h2_h3_baseline,administered,798,4514.864610817613,22.317852006580015,0.0,0.0,202.29834885035024
74c772e0fc571d9366464464,1.0,0.029618401475441987,0.00974605635263002,0.5615129601667623,h2_h3_baseline,market,229,4808.642680300934,15.885700660650125,0.0,0.0,302.70258662321663
7505cf88407537d20178a8ff,0.25,0.007268291353754901,0.004000108212911831,0.06497070363366554,h2_h3_baseline,administered,82,4594.237071902689,18.36200105775146,0.0,0.0,250.2035076380331
755157a9648f9d44714dc7f9,1.0,0.029467691259259306,0.00876566807330905,0.5329161662389128,h2_h3_baseline,market,480,4525.285269598396,15.745532713644387,0.0,0.0,287.4012173419183
75b0a396b602d2c0eef1b8c6,0.25,0.007305200434987134,0.0048932700619301805,0.06707494035788471,h2_h3_baseline,administered,2,4492.847488478438,23.672808827635475,0.0,0.0,189.78937063157113
75c86634bc396e6ebec6bb28,0.25,0.00790398999118901,0.006278656956390218,0.0,h2_h3_baseline,administered,286,4553.0317455612485,9.344529800382423,0.0,0.0,487.24032592575355
75c931d4ca9bcc4974cdf315,0.25,0.007276711012434753,0.0056267777593037825,0.06999765644526176,h2_h3_baseline,administered,552,4736.610985417833,18.81365333143661,0.0,0.0,251.7645510934981
75cc94a3adf5b02fd30cdd4b,1.0,0.03009424437131098,0.00830161410150697,0.5097587576680743,h2_h3_baseline,market,132,4472.652150773607,12.833154259191865,0.0,0.0,348.52321264431373
75fe97abc12b1c0f45f13bbe,1.0,0.029113727997237902,0.009438948430055294,0.4716800351588514,h2_h3_baseline,market,639,4609.977560094421,11.571642736140237,0.0,0.0,398.3857491293493
7622d25be86c3fe3e2e83ac0,1.0,0.02949063909283519,0.011972501983897833,0.4347800590587493,h2_h3_baseline,market,1,4492.766860606358,9.858478939403453,0.0,0.0,455.72617116918246
7634062940521cb869903f32,1.0,0.029455474572708137,0.007960401778037727,0.43929637322508075,h2_h3_baseline,market,57,4672.439712664352,5.404253067887837,0.0,0.0,864.5856613244238
763e067be9d34a8116d04cca,1.0,0.029665896305106427,0.008160115838450962,0.5373849858600972,h2_h3_baseline,market,784,4513.19635602725,14.001220484239667,0.0,0.0,322.3430672424225
76b588d4500929be2ab9bdf4,0.25,0.007512786009660928,0.005577439580276113,0.01564448357612949,h2_h3_baseline,administered,386,4764.334513678697,9.57814304539199,0.0,0.0,497.41734813313326
76f119958635d55f9299b415,0.25,0.0076351843766085175,0.005567536992694169,-0.022882919216121254,h2_h3_baseline,administered,611,4405.723956941741,22.52031681892164,0.0,0.0,195.63330269137413
771bf05de1b906d41e113cc3,1.0,0.028557289431438246,0.007452370404750751,0.46837212439547143,h2_h3_baseline,market,725,4658.667986013143,6.432151345929899,0.0,0.0,724.2783534565039
773d3f962a3066fbc1d13ec3,0.25,0.007494625019950434,0.005178203161491324,0.07668332388310536,h2_h3_baseline,administered,785,4459.702554684219,20.93174675285663,0.0,0.0,213.05926387034984
7771816cf0da9c393b12eb1e,1.0,0.028367280489979385,0.008604204875595003,0.5066770766245197,h2_h3_baseline,market,661,4599.3100018223995,14.639763353932466,0.0,0.0,314.165597532487
78060951daa5b1af4990c4a6,1.0,0.029399839716635342,0.010393243461325431,0.5243333655527963,h2_h3_baseline,market,620,4676.797770395596,15.55864211763674,0.0,0.0,300.5916412907357
781bd8ad4e72173bfb56221a,0.25,0.007570001857002731,0.004747806756035643,0.07631306859311222,h2_h3_baseline,administered,461,4447.891663939904,18.611188519095,0.0,0.0,238.9901998669449
7840d00662b2d0c4479b2dd5,1.0,0.032613585220566274,0.013947352317251369,0.531610427870592,h2_h3_baseline,market,60,4353.461989056453,16.664411477348658,0.0,0.0,261.243068498036
789d168e6fe48bcd196e9abf,0.25,0.007351868438449836,0.004706602043208452,0.044059811577267544,h2_h3_baseline,administered,128,4497.832319708129,21.49241854087958,0.0,0.0,209.27529915505053
78aa48ab1f49f86821b7f715,1.0,0.02543232840525902,0.007289327349385527,0.48415046754247265,h2_h3_baseline,market,633,4629.097958805761,9.593717261725958,0.0,0.0,482.51348591160826
78b9b7976f810276532f2ded,1.0,0.03578437704699334,0.002156925713384705,0.40007257858277695,h2_h3_baseline,market,359,4381.928233707472,1.8689059600764852,0.0,0.0,2344.64886265767
78e231d5b21e35dbf34e95d3,0.25,0.0073433859491504,0.004900567393348985,0.08307336542563623,h2_h3_baseline,administered,607,4229.479985423994,30.229553904237157,0.0,0.0,139.91208731767503
78e4835b1bcd7007cd4abc45,1.0,0.030171530629908256,0.00996958597443585,0.42288277938330804,h2_h3_baseline,market,772,4554.415616024628,11.384752140132592,0.0,0.0,400.0452148597752
7904caff7a0d9e70f044c867,1.0,0.028429734155764337,0.01653353384912979,0.21919466624929504,h2_h3_baseline,market,446,4566.444102849217,9.640439910727869,0.0,0.0,473.67590536689977
793ba29dcf00603a536a1ac1,0.25,0.007099737144935039,0.005235322354796635,0.0844325164199411,h2_h3_baseline,administered,162,4802.903642817545,6.66576459093946,0.0,0.0,720.533042727906
79587433f527832b94a730bd,0.25,0.007370118981018168,0.0056920561310705095,0.09192460401507924,h2_h3_baseline,administered,721,4462.114944576845,30.77465147592613,0.0,0.0,144.99319181786322
796724aada2f06bf4fb473fa,0.25,0.007857284692926495,0.005551432873777791,0.11118731749430405,h2_h3_baseline,administered,609,4255.229378551667,34.41901809807527,0.0,0.0,123.63017929293053
79696f2d0f8b28b5d8e49180,0.25,0.007247544912053778,0.006322382595915325,0.06796743544663297,h2_h3_baseline,administered,247,4634.692535331266,12.83315425919186,0.0,0.0,361.1499123071498
7984273bc0fa4bff4478a2c3,0.25,0.007565873452755904,0.004094638178818191,0.4221309443765473,h2_h3_baseline,administered,767,4733.81226823525,3.815683001822824,0.0,0.0,1240.6199010698263
799e92ac29f9157b800a3cb3,0.25,0.007481644311196384,0.005166004356099129,0.06495347111791457,h2_h3_baseline,administered,477,4573.441222199628,33.18865500769159,0.0,0.0,137.80134269194448
79d5c5012d308dd4fb26c93d,0.25,0.007465049832693148,0.005391062473701616,0.053333033395733066,h2_h3_baseline,administered,646,4544.391160255829,27.223730151780796,0.0,0.0,166.92757145767422
79f3d93659b2ff0b41e5c73b,0.25,0.007731672161063514,0.004810383530530318,0.07781341909722059,h2_h3_baseline,administered,321,4469.717648793902,4.6099680348553305,0.0,0.0,969.5767118120963
7a12e20c2c6c421539ba1804,0.25,0.007394171676320811,0.005429487701486699,0.04478285040230104,h2_h3_baseline,administered,198,4546.391496893686,20.24648123416192,0.0,0.0,224.55217992263033
7a15ba3c99a4f986447acf00,1.0,0.028924406638314953,0.013598941266937451,0.44292532312060107,h2_h3_baseline,market,416,4685.275130915524,4.656690683857242,0.0,0.0,1006.1383606940808
7a3770d4c104d0c606f070dc,0.25,0.0072476493129025625,0.006185302626328795,0.03462190947118537,h2_h3_baseline,administered,768,4640.984669895938,16.920041682385385,0.0,0.0,274.28919839644584
7a5639cf25c7be4ccfd50d05,1.0,0.03175888552043341,0.007701096211180686,0.33456012402416374,h2_h3_baseline,market,249,4567.648509517617,2.3828550990975184,0.0,0.0,1916.8805149954633
7a5abdbe0dfa2015ca0945f3,1.0,0.02917259866300188,0.00809452030506672,0.5241875111485483,h2_h3_baseline,market,169,4553.064317039643,14.390575892588934,0.0,0.0,316.39208541921147
7a61094420c4f8381e2f8df5,1.0,0.029214122668952305,0.009460078506144139,0.5255732859135273,h2_h3_baseline,market,415,4635.178179715646,18.86037598043853,0.0,0.0,245.76276658127745
7a66e946ff854d16841e4cdc,0.25,0.0075919955258805134,0.005690980186997997,0.04928772714548453,h2_h3_baseline,administered,112,4456.071043280795,17.536567592051014,0.0,0.0,254.10166612653694
7a7915d2467cd17507d968bc,1.0,0.028121853460778924,0.00694406613063649,0.4971837799248546,h2_h3_baseline,market,802,4580.533985696593,13.238083883875106,0.0,0.0,346.0118568425146
7a82e6f77a685bcb5eb93a03,1.0,0.028572568348044003,0.004767561018261667,0.4063701249725595,h2_h3_baseline,market,674,4681.227347541434,5.6067178802294535,0.0,0.0,834.9318527419567
7a8b28d02fc3415b46cc038c,0.25,0.007541389501990622,0.005474506387705547,-0.10087687206803288,h2_h3_baseline,administered,751,4444.3735144364355,21.025192050860454,0.0,0.0,211.38325413082492
7a92f478fd9cc866fcce414e,1.0,0.02863273169309114,0.008452441492412255,0.4050003235396939,h2_h3_baseline,market,125,4506.287644542748,7.927276113991088,0.0,0.0,568.4534737713332
7a95647e75e2165d4b226216,0.25,0.007218242318703327,0.0022673849732554882,0.48463518271243894,h2_h3_baseline,administered,182,4413.55570415682,11.213435760458907,0.0,0.0,393.5953082033973
7ab2adb98be2364f61859ad4,0.25,0.00730804024358073,0.004893095024326522,0.1539348994133335,h2_h3_baseline,administered,180,4312.374368936029,32.87717068101217,0.0,0.0,131.16622506165322
7ad3ba05293de03c58c99d8b,0.25,0.007241801347262837,0.006937941291740951,0.03925536755039915,h2_h3_baseline,administered,296,4727.322109971206,14.80590274476243,0.0,0.0,319.28631380774743
7b09617edb61cfc1cf7dcfed,0.25,0.0074893165558372905,0.005457722193880021,0.04825624993134741,h2_h3_baseline,administered,206,4732.806744234269,20.090739070822217,0.0,0.0,235.5715599884389
7b11bcb0eec298c9933dc401,0.25,0.007278402180479186,0.003967476943940969,0.06275932825602612,h2_h3_baseline,administered,487,4441.444078926501,19.07841500911412,0.0,0.0,232.79942682894458
7b15e4c893c95d8a8e9a8049,1.0,0.02877282184031256,0.009428708092438629,0.4636832226450299,h2_h3_baseline,market,150,4526.741366986585,4.049296246832385,0.0,0.0,1117.9081724454434
7b255b68e53e0297cf4cb7f1,0.25,0.007327169466769457,0.00394098621207503,0.09634363835325041,h2_h3_baseline,administered,556,4598.8740447090195,15.325028872627183,0.0,0.0,300.0890949656417
7b31cea5a8c3ff6119e5b01e,0.25,0.007467579584984261,0.005087176848360055,0.08349481906874218,h2_h3_baseline,administered,273,4506.864995271831,21.444426570525472,0.0,0.0,210.16486407085097
7b6ed0a41d6ae0521600113c,0.25,0.007808163257392184,0.003293870084965732,-0.03894163512664992,h2_h3_baseline,administered,58,4675.407898540453,7.942850330325062,0.0,0.0,588.6309956880569
7b891b2802f48250868deb9b,0.25,0.0075033562659304436,0.005935104469839514,0.06930351522681664,h2_h3_baseline,administered,400,4292.335005073727,28.10960210125055,0.0,0.0,152.69995603682943
7bfd7b62399c847af463b444,1.0,0.023448519931819446,0.005897539717664097,0.2755481448756108,h2_h3_baseline,market,698,4465.969288252174,2.5385972624372255,0.0,0.0,1759.2271741302284
7c056ee08bd2180c3240a755,1.0,0.029687579672215678,0.007535925163156522,0.5213412658277006,h2_h3_baseline,market,94,4427.6268966405905,15.636513199306586,0.0,0.0,283.1594768095062
7c38a2b9e34170555798d731,0.25,0.007155370768440316,0.004686105525505818,0.028869378468395906,h2_h3_baseline,administered,676,4468.350700705031,26.803226310763584,0.0,0.0,166.7094344873938
7c6482d2a98538fa6901c4a8,1.0,0.027077477986614334,0.010982979225657998,0.5123687823507038,h2_h3_baseline,market,190,4321.445604060377,20.46452026283751,0.0,0.0,211.16769650876668
7c9dd1b6761565d168a7c1ee,1.0,0.021948749580331915,0.003509016579835933,0.6307005262788207,h2_h3_baseline,market,575,4622.199956784754,1.9467770417463388,0.0,0.0,2374.2831652865866
7d378f5fc4c370561750b3eb,1.0,0.028428265539462854,0.0053087835302737625,1.0366892062593165,h2_h3_baseline,market,24,4565.01141117631,7.522346489307854,0.0,0.0,606.8600293359187
7d799dc6710973fcb72378ab,0.25,0.007551610251259705,0.005035095765775651,0.04860746843997727,h2_h3_baseline,administered,774,4718.477806397663,16.415224016005133,0.0,0.0,287.4452277834931
7d8a89747be61f9faa71ce13,1.0,0.028417436705168362,0.01040091696518988,0.5370479711792822,h2_h3_baseline,market,227,4602.516565683143,16.306204501667338,0.0,0.0,282.2555405344345
7da0266051642c30bb0e5e94,0.25,0.007518564126859465,0.005267890134864157,0.04762715645121666,h2_h3_baseline,administered,512,4690.480214296454,17.544408943831474,0.0,0.0,267.3490015715578
7dfb6c39ae8444d63ccdfd22,1.0,0.028861615629317508,0.007557207360741035,0.5029585728124444,h2_h3_baseline,market,187,4302.767166734208,19.14071187445,0.0,0.0,224.79661127325997
7e63b9b83b75c80219069bee,0.25,0.007390332298741135,0.004978414976435958,0.03810187747517015,h2_h3_baseline,administered,61,4626.8024919367,20.29320388316384,0.0,0.0,227.99763500012457
7e663454f41371ac38a06eed,0.25,0.00738069795813495,0.005562243240028399,0.053364578173483675,h2_h3_baseline,administered,476,4268.080269060414,38.03223628755647,0.0,0.0,112.22270067923564
7e786d3eead98b9ee5c196e5,0.25,0.007289325707669598,0.004394423316691647,0.13260702312607747,h2_h3_baseline,administered,586,4315.901963221254,29.840198495887886,0.0,0.0,144.6338221850637
7ee13b3c5ad9fe8af429c019,1.0,0.02917821796074626,0.012881546907409855,0.46200895419107535,h2_h3_baseline,market,599,4591.144927999917,13.331529181878924,0.0,0.0,344.38246845984463
7f135ba8c0e509cb479a7196,1.0,0.028496756993613287,0.011940297643798965,0.4830060886655078,h2_h3_baseline,market,245,4390.662867662285,14.01679470057364,0.0,0.0,313.2430032297324
7f49c9d7f6daeee72dffc1da,0.25,0.0073472449589161,0.005425563271719355,0.12382989432898395,h2_h3_baseline,administered,370,4453.610608609023,29.069261506080277,0.0,0.0,153.20687137777762
7facd9f7af693fd6f0ae4e10,0.25,0.007364553388272343,0.005136058213390799,0.09635946487981785,h2_h3_baseline,administered,372,4466.623485245664,18.9575523394965,0.0,0.0,235.61182399796522
7fbbf6103e70f8bcc7723bf8,0.25,0.007573739373130747,0.004896461920816414,0.027766119289561957,h2_h3_baseline,administered,390,4633.1442621312735,18.22183311074573,0.0,0.0,254.2633462820504
7fbe12ab48323d5164789bee,1.0,0.027882473140212374,0.015139153097051725,0.32924327677567733,h2_h3_baseline,market,54,4461.557877776764,3.519772891477381,0.0,0.0,1267.569816387807
7fc53b0554e6a5f78a2965eb,0.25,0.007333665904843212,0.00428326522210051,0.041449976938953,h2_h3_baseline,administered,96,4669.152174386039,13.334407916425164,0.0,0.0,350.1581925234666
800cbb69a70409fdf62866c5,1.0,0.029231232156722232,0.01971516149590205,0.3986141469307277,h2_h3_baseline,market,768,4629.045805584638,8.799432228693451,0.0,0.0,526.0618736843165
80329c0dbf0c0ba574d8a61f,0.25,0.007115022471067118,0.004274475618448391,0.08693229343205422,h2_h3_baseline,administered,743,4564.659803561841,7.444475407637997,0.0,0.0,613.160706915429
8040981f3b4f70d16d09039d,0.25,0.0075192531845647125,0.004555950783197261,0.10458538672817327,h2_h3_baseline,administered,426,4395.87061761056,25.1990820283646,0.0,0.0,174.44566483265058
8091cc0a62630f168680a8ae,0.25,0.0072727078140471055,0.004384675872885075,0.056350577808587085,h2_h3_baseline,administered,34,4503.951686368448,29.715604765216117,0.0,0.0,151.5685688362833
80b77c3d7ac884ee02252c76,1.0,0.028521346877222856,0.012119548339952844,0.48564874362622146,h2_h3_baseline,market,196,4500.243107852284,15.184860925621438,0.0,0.0,296.3638014134866
80f29de8fbf77441b076fb01,1.0,0.028897818356143138,0.00894977543494015,0.5399558718977613,h2_h3_baseline,market,149,4721.128870002429,14.484021190592758,0.0,0.0,325.9542918280705
81188b696ea4c77fdf9ca8ff,0.25,0.007325160917037901,0.005280175983993434,0.08170277150203979,h2_h3_baseline,administered,613,4550.965905854832,28.282776862490813,0.0,0.0,160.9094442169296
81442befd7ff2108c1659dd4,0.25,0.007483368857405258,0.004813629498430182,0.07718340113195654,h2_h3_baseline,administered,521,4521.920794289853,31.81812397030216,0.0,0.0,142.11776905861714
814f5d5996c6005f9e8b80a1,1.0,0.026468449649732072,0.007398089169577402,0.5258916741776323,h2_h3_baseline,market,706,4565.504503416148,13.62743929222437,0.0,0.0,335.0229199715578
815df4d2ab297ee27dece06d,1.0,0.029375746311420068,0.013859952959168583,0.35717509624003657,h2_h3_baseline,market,11,4487.212431793147,10.029795319077136,0.0,0.0,447.3882356560418
8161455cd33f32c83d9712f2,0.25,0.007591762942392255,0.004621158408711228,0.3680683473786021,h2_h3_baseline,administered,25,4490.237124770901,3.7378119201529705,0.0,0.0,1201.3009805445581
81625cb5002b799775c4d49b,1.0,0.02708572653069135,0.004919792688903332,0.48465880536928685,h2_h3_baseline,market,34,4479.286496116208,10.51259602543022,0.0,0.0,426.0875701188086
816a22cd436a187c0d309149,1.0,0.028968517409877735,0.010406423443335236,0.5104973228765924,h2_h3_baseline,market,5,4278.0513083746155,24.249054831992392,0.0,0.0,176.4213631423883
817334903a078d10d96dec36,1.0,0.02877155934664771,0.01022154960821857,0.5237691463364843,h2_h3_baseline,market,667,4739.225028418186,15.761106929978354,0.0,0.0,300.69112845138824
8182fb90ad96808133121913,1.0,0.030717977756111292,0.01301082095782734,0.4035968897874303,h2_h3_baseline,market,710,4576.090693167176,6.5567450766016675,0.0,0.0,697.921093424444
819a3844fa0d627a53ad0c09,1.0,0.02993264219805613,0.01010535760336011,0.496545480384969,h2_h3_baseline,market,673,4473.440861563219,10.232260131418757,0.0,0.0,437.1899076165251
81ad1fc98bf03100e1ea5aad,1.0,0.029725131005540858,0.010446027695043327,0.5384323273980914,h2_h3_baseline,market,242,4646.955985429206,15.58979055030468,0.0,0.0,298.0768709133419
8202c48c860a56e9699c78ee,0.25,0.00759716103969857,0.005773114039533331,0.08768777610172511,h2_h3_baseline,administered,60,4363.74532483023,29.388546222202727,0.0,0.0,148.48455897874484
820b579890db575da5213054,0.25,0.007368238120580372,0.004496217928004335,0.09773803502025723,h2_h3_baseline,administered,680,4339.992551119569,24.280203264660344,0.0,0.0,178.74613749368382
824dc92f90880bf84df485ec,0.25,0.0073239122724461075,0.004579517543576567,0.05052034674046689,h2_h3_baseline,administered,443,4494.264838651458,32.67470586867054,0.0,0.0,137.54568615599047
825637597ef4681fb4b762b7,0.25,0.007340129162974599,0.004945147593054892,0.05003292752148109,h2_h3_baseline,administered,597,4512.946132478754,32.2230535949854,0.0,0.0,140.05333539156157
8259a99e0673cec393835753,0.25,0.0073744735464033135,0.004582427176003342,0.05932152116851226,h2_h3_baseline,administered,22,4520.483771092204,22.738355847597234,0.0,0.0,198.8043375427201
825d4038edc9e909755ab148,1.0,0.029980592408901097,0.010379348146058549,0.5241043197959856,h2_h3_baseline,market,711,4553.500466954492,9.967498453741253,0.0,0.0,456.8348305331673
827160d8ab24ec095832ee9a,1.0,0.029290979819763186,0.012969994310788999,0.4488863844555397,h2_h3_baseline,market,765,4747.671513825989,9.095342339038893,0.0,0.0,521.989314624047
8292eb8b39620807aeb1d0a2,0.25,0.00713757566534995,0.004435513271744742,0.08614980743472328,h2_h3_baseline,administered,123,4659.3668826801695,32.534537921664814,0.0,0.0,143.21294170210075
82f2966d9643d7d2901fa66f,1.0,0.028179915244516296,0.009739414893415912,0.43000409932132627,h2_h3_baseline,market,209,4541.722988201628,5.622292096563427,0.0,0.0,807.8063021623714
8314a24369934066cb68febd,1.0,0.028192100789790175,0.006712513775130234,0.4640804346197755,h2_h3_baseline,market,99,4275.182268201363,14.15696264757937,0.0,0.0,301.98442806037605
83340e33868d9928c3cb4682,1.0,0.028735734763311673,0.009093539544084796,0.3739854558053718,h2_h3_baseline,market,334,4427.912482033988,5.3419562025519545,0.0,0.0,828.893445423362
83442a6adc6a1a4973559315,0.25,0.007248118999305625,0.004237939775080772,0.0859195500216598,h2_h3_baseline,administered,737,4614.651414446532,20.2620554504959,0.0,0.0,227.74843478841586
834778195f49c03ead215bf4,0.25,0.007677363875211838,0.004603941241551338,0.17094471499605168,h2_h3_baseline,administered,735,4432.249754521339,26.13353500840285,0.0,0.0,169.60008483721072
837733093a20515a5aee3ae7,0.25,0.007378170769257836,0.0058548733244618385,0.051778606957708105,h2_h3_baseline,administered,637,4595.3571645294405,19.35875090312559,0.0,0.0,237.37880545730314
837f315b6d73cc0543ba0f7f,0.25,0.007284869729984865,0.0068177236650596995,0.04088915730640366,h2_h3_baseline,administered,765,4761.2343746163915,17.879200351398374,0.0,0.0,266.30018574874373
83b0b316f0b70315670b6d2d,1.0,0.029481385598691602,0.013736818374248344,0.41944321727443956,h2_h3_baseline,market,608,4332.718261868899,16.648837261014684,0.0,0.0,260.24149278066983
83b529c47286cdb7769727e2,1.0,0.027688039377452737,0.0056907535329679335,0.5081814950745025,h2_h3_baseline,market,505,4567.359683709474,10.263408564086697,0.0,0.0,445.0139205888571
83e62587ddce4c6592dc40a8,0.25,0.007344796461192785,0.005134367247967281,0.07516980019330823,h2_h3_baseline,administered,672,4552.500786802164,29.94921801022567,0.0,0.0,152.00733405619428
8412e5247212c3a91f67261d,0.25,0.007487349392149075,0.005027621179086269,0.10939702931590074,h2_h3_baseline,administered,616,4596.789186684908,21.75718021855708,0.0,0.0,211.27688149424003
842acc7d530e6687f072426b,0.25,0.007381133275250664,0.004537375990019904,0.049544025423165244,h2_h3_baseline,administered,169,4567.688282601752,28.968042381185523,0.0,0.0,157.68025407089377
842b29c89992729b27dedfec,1.0,0.027060498582529173,0.01207945643977516,0.4922829983500612,h2_h3_baseline,market,745,4561.527885846096,20.962895185524573,0.0,0.0,217.60009032511647
847506db006f05891b533751,0.25,0.007362022434020017,0.0049219218792234554,0.054984998854667066,h2_h3_baseline,administered,588,4581.8816115822765,31.553362292624666,0.0,0.0,145.21056643948378
8486b02ff67ba80123ed3e7b,1.0,0.028867926889493006,0.010984214312768933,0.4650418110363812,h2_h3_baseline,market,632,4114.495742342365,21.97521924723267,0.0,0.0,187.23343307987707
84914a31f93966d62e2ba6d0,1.0,0.024069757134850094,0.004667822365887677,0.4618682664473351,h2_h3_baseline,market,107,4461.123791311909,2.102519205086046,0.0,0.0,2121.7993065273035
84b51124a36607fc8617ffbe,1.0,0.030438253553357178,0.012292902916849856,0.35054820862934305,h2_h3_baseline,market,662,4719.928103970518,5.980499072244751,0.0,0.0,789.2197702823013
84c142aa81c63de8cb72712d,1.0,0.02964338160972831,0.011134594078455594,0.4886344249814938,h2_h3_baseline,market,202,4772.440637914711,19.467770417463395,0.0,0.0,245.14572216413825
84dcb452699fc050bd0b7f07,1.0,0.02928049461521643,0.010097321759403517,0.49197953409174444,h2_h3_baseline,market,78,4497.212464161346,15.683235848308508,0.0,0.0,286.7528428227002
84dce376ba766fa7a5071aca,1.0,0.028450644382623708,0.006722166344964828,0.5824899390926594,h2_h3_baseline,market,155,4753.305226059877,11.057693597119203,0.0,0.0,429.86407466546444
850a6b98a58e75f2e849c3cd,1.0,0.029844134332772342,0.00935758694824079,0.48325213958264573,h2_h3_baseline,market,108,4493.310301971854,15.745532713644385,0.0,0.0,285.37048467583116
852af83995e1d004544c67ee,1.0,0.03144997111287877,0.011917991131791646,0.40306783564730136,h2_h3_baseline,market,81,4611.758295213537,13.331529181878926,0.0,0.0,345.9286802208809
8543fbb9bc7d538c629599b8,1.0,0.029802409732939596,0.01153543315875784,0.48278930480654203,h2_h3_baseline,market,687,4571.153041151429,13.923349402569821,0.0,0.0,328.3084341981488
854c727e981432b781492dc2,1.0,0.028780660199129726,0.01680002638888943,0.40878054685868953,h2_h3_baseline,market,564,4702.860320867863,12.879876908193777,0.0,0.0,365.1323964032645
8556f762d1497e86856dc04a,1.0,0.029560381486860948,0.01293074344347667,0.3933093636491849,h2_h3_baseline,market,216,4487.877149950691,14.063517349575543,0.0,0.0,319.1148443448354
8569d143906abd0c39d9935b,1.0,0.029289264991560038,0.013579099633328482,0.26192034543151527,h2_h3_baseline,market,6,4510.853143292334,4.6099680348553305,0.0,0.0,978.4998744430324
8573a3558666910d4639b89d,0.25,0.007438989719763556,0.004995051599216601,0.07805272577386686,h2_h3_baseline,administered,644,4569.032998220096,28.282776862490802,0.0,0.0,161.54824614409205
857a83353b4a6ca3e6d84955,0.25,0.007404314506906722,0.005081036280048405,0.06650025795017632,h2_h3_baseline,administered,196,4512.792624803571,26.367148253412413,0.0,0.0,171.15209356095343
8592e4e60ad2b8decf041951,1.0,0.03056997863104357,0.01126133179553115,0.45877848686715605,h2_h3_baseline,market,341,4693.638857505189,4.921452361534741,0.0,0.0,953.7101068355136
8596c5086feb9318012b9bc3,1.0,0.029045623699515608,0.011470518599247389,0.3903963503721223,h2_h3_baseline,market,460,4627.578431580161,4.625542251189302,0.0,0.0,1000.4402036086333
85bfa052fbcddc7cba5f4cdb,1.0,0.03092020299912776,0.01452399747042345,0.43458050570056644,h2_h3_baseline,market,83,4473.537212556737,6.182963884586372,0.0,0.0,723.5263372165092
85c20903bbec6a144ad652ea,1.0,0.028797206008810517,0.012267532529752087,0.42703453713804085,h2_h3_baseline,market,792,4486.5659197905925,9.422400882052276,0.0,0.0,476.1595240907837
86255f9a79d0648280ca3226,0.25,0.007299984629130279,0.004887230033893942,0.05050178520538576,h2_h3_baseline,administered,40,4426.828196904723,21.83505130022694,0.0,0.0,202.739537271374
8646ce80151417d36daaffc0,0.25,0.007454878544595488,0.00489164940548516,0.05356491184437211,h2_h3_baseline,administered,290,4667.8394309543855,27.87784723780757,0.0,0.0,167.439020349603
8652db1b9cffe3bebffa76bd,0.25,0.007356619698994931,0.004855523272333187,0.04062557188133468,h2_h3_baseline,administered,695,4506.321014319691,25.788042559628416,0.0,0.0,174.7445935029752
8656f14b49b6ee3cbcd9eb7f,1.0,0.026922065341056036,0.006488488885087561,0.43315300066747,h2_h3_baseline,market,666,4432.159771618177,7.210862162628439,0.0,0.0,614.6504636558751
8696f41f128e8d0e46e5b93f,0.25,0.007355104845870958,0.004757867099098213,0.043923795168378334,h2_h3_baseline,administered,576,4685.391076235942,32.78310850758148,0.0,0.0,142.92089095676786
86c66c4598e5c5dc296897cf,1.0,0.029261051206371517,0.009295867140065786,0.49733006727004,h2_h3_baseline,market,431,4524.876066503134,14.546318055928642,0.0,0.0,311.06676267531014
86ca3b4b256efd220c80f6e4,1.0,0.02957994336343882,0.012503901426677767,0.43902927802265374,h2_h3_baseline,market,153,4359.60491544171,6.245260749922251,0.0,0.0,698.0661160538386
8710f80b66d3e2b7bfeeb65f,,,,0.0,h2_h3_baseline,market,451,4676.077214119699,0.0,0.0,0.0,
8718090bd799fe8b61e19b3e,1.0,0.028611156397731125,0.008392483952506158,0.5236361821096123,h2_h3_baseline,market,486,4491.806024822374,13.62743929222437,0.0,0.0,329.6148255369838
874c741d64e057d652b4b535,0.25,0.007366736677749488,0.005247490623881804,0.08120973774143768,h2_h3_baseline,administered,598,4694.9487452023295,14.904525031609968,0.0,0.0,315.0015673257041
8754d062de47263ec0526ec2,1.0,0.02859757127088794,0.0038409522790405454,0.3440610122650109,h2_h3_baseline,market,256,4553.152040367591,1.557421633397071,0.0,0.0,2923.5191952716036
875ebbbf864f164c8aead306,0.25,0.007355748582967222,0.005591051594195322,0.06662193578259476,h2_h3_baseline,administered,395,4442.9070458018405,29.606585250878325,0.0,0.0,150.06482538103697
8773e123f3e092d412102496,0.25,0.007798394220931819,0.0052496425708075875,-0.12398634391340407,h2_h3_baseline,administered,158,4794.270012994681,10.667319656743082,0.0,0.0,449.4353002690888
8781b1018059ecea67cc7d52,0.25,0.007311658714609788,0.0062632964092203865,0.06151431978017096,h2_h3_baseline,administered,178,4429.929352904303,21.49241854087957,0.0,0.0,206.11590754564796
87884f8e0b5320eb63c79571,0.25,0.007372173622502856,0.0042936769278321095,0.049939317055958894,h2_h3_baseline,administered,251,4792.377378505446,35.08870940043601,0.0,0.0,136.57890131592862
87bb4ad4d0caf97f910b5b88,1.0,0.03271586195132525,0.011017998502340082,0.31957784906986253,h2_h3_baseline,market,626,4572.084166895778,6.7436356726093125,0.0,0.0,677.9850497360429
887bbd6c64d76d5a6984be19,0.25,0.007391508409589057,0.005187262111832683,0.0782317470620817,h2_h3_baseline,administered,268,4448.091185230611,25.868773330725354,0.0,0.0,171.948284070642
888be7edd262f467df88ceb8,0.25,0.007459719469408042,0.00536788523732419,0.10766164771543094,h2_h3_baseline,administered,654,4363.056762064406,27.67538242546595,0.0,0.0,157.65118237533977
889fb335faaf4af110cb5680,1.0,0.03001325760584693,0.017216426620033497,0.3579509482394962,h2_h3_baseline,market,799,4634.94113263513,2.6476167767750205,0.0,0.0,1750.6087638109045
88a8ac974e23ce4bcd3bb9b0,0.25,0.007357462945429412,0.005907890388435184,0.029929925680398733,h2_h3_baseline,administered,122,4820.890514372755,21.170597873431962,0.0,0.0,227.716314068897
88f7fbb277a78efdee966252,1.0,0.029402393646509973,0.011971707429426423,0.47170796520994074,h2_h3_baseline,market,180,4292.041909321573,15.838978011648212,0.0,0.0,270.9797252174442
89058fb13c148c1b48342331,0.25,0.007289871672334505,0.0046766019599123985,0.04285302995033311,h2_h3_baseline,administered,188,4662.588461616757,28.658089966345436,0.0,0.0,162.69711160416682
892cbb9afcb018c6e101989f,0.25,0.0072472840413301915,0.00519636138113899,0.10243884640895494,h2_h3_baseline,administered,172,4653.544161242104,25.52237573904981,0.0,0.0,182.33193527207877
89441e2c240bc0c7d770e2b6,0.25,0.0076000261022247445,0.004622586336736663,0.08507977018508604,h2_h3_baseline,administered,421,4543.167840908269,21.025192050860454,0.0,0.0,216.08210902037112
894683566e6e3acfe2b51d9f,1.0,0.029225822957393333,0.013810866136473917,0.37980097869862844,h2_h3_baseline,market,404,4269.926365662113,12.802005826523917,0.0,0.0,333.5357305349322
894ae98a8a05da964620791b,0.25,0.007297885533360148,0.0046293106235596624,0.058488380228821156,h2_h3_baseline,administered,480,4538.1907932060285,28.81668828079388,0.0,0.0,157.4848139725584
895a1d5e697e89ca68348512,1.0,0.026336183950102524,0.009688529755864313,0.47559313720847257,h2_h3_baseline,market,709,4505.581475995155,13.222509667541134,0.0,0.0,340.75085511607085
89633ca648d209d017529d31,0.25,0.007301301737544917,0.0041848236437276,0.1067190504147985,h2_h3_baseline,administered,120,4428.160528643719,22.956394876272828,0.0,0.0,192.89442233896045
89cbe8c7cf5db8a3b46632d6,1.0,0.03315253035007404,0.004725415664557641,0.5707350037180162,h2_h3_baseline,market,739,4782.994938365417,3.7845345691548826,0.0,0.0,1263.8264629284383
89ecb7a47defd55f97e4d799,1.0,0.029594165929247,0.007194798324854395,0.6209776719449295,h2_h3_baseline,market,274,4335.07258216327,9.578143045391986,0.0,0.0,452.60052617911776
8a354c33ce57313fa844426a,1.0,0.030333337874035936,0.008990476358113198,0.5167725329227387,h2_h3_baseline,market,302,4455.057342153767,16.69555991001661,0.0,0.0,266.8408466780995
8a4dfada8d8031d9e996a83c,1.0,0.02863602016732944,0.009576100278408588,0.5843586642366138,h2_h3_baseline,market,109,4755.228463152241,16.212759203663506,0.0,0.0,293.3016153152838
8a6edb1b9ddac6b2694ff103,1.0,0.028822764080602078,0.016786193051946466,0.35539689913465544,h2_h3_baseline,market,552,4723.732249197197,8.503522118348007,0.0,0.0,555.5030237417533
8aa9cc1788a2fae3589744f0,0.25,0.007509052638283529,0.004636140186004862,0.13888471390071475,h2_h3_baseline,administered,367,4486.753421687634,17.977123670672448,0.0,0.0,249.58127361649304
8aac0019bcda9ae8cb49ce23,1.0,0.02883680818194176,0.008914413495080178,0.4750456204938567,h2_h3_baseline,market,244,4211.425239640094,21.087488916196353,0.0,0.0,199.7120309761248
8ac18d03b14554d2378f2537,0.25,0.007300387447541189,0.005895265644660181,0.04930562094172158,h2_h3_baseline,administered,353,4434.018866240747,22.00636767990061,0.0,0.0,201.48799341794754
8acb71cefc2f5b595c2e86f1,1.0,0.0289403501629635,0.009045430662509436,0.5231479143687964,h2_h3_baseline,market,27,4501.324817099726,16.368501367003212,0.0,0.0,274.9992021978149
8ad34ea01f1334711fcd40dc,1.0,0.029265544592312714,0.008634492451778797,0.39961417873789035,h2_h3_baseline,market,35,4554.845283623728,3.831257218156795,0.0,0.0,1188.8643920950442
8adad7840091b4636cae4fa3,1.0,0.029406434474562922,0.006604976285349424,0.5145399893260708,h2_h3_baseline,market,430,4519.305870141172,9.235510286044624,0.0,0.0,489.3401371627616
8ae8b5012e4207cdb2459db5,1.0,0.029813905723949097,0.006613287933244513,0.548403845100564,h2_h3_baseline,market,695,4491.941611666518,12.45937306717656,0.0,0.0,360.5270977478199
8aff0d63bb383579ebd22e4d,0.25,0.0071821655498959395,0.008320398301889208,0.06569900809249518,h2_h3_baseline,administered,69,4593.42254325158,7.958424546659031,0.0,0.0,577.1773692545607
8b0740508e7be58df578b3ad,0.25,0.0073262340140139845,0.005570179725142803,0.028654082588502047,h2_h3_baseline,administered,564,4719.043401332525,25.01219143235696,0.0,0.0,188.66972988331386
8b3e229deb104e585f317858,0.25,0.0072401091086167066,0.004863405214487623,0.060501146187474875,h2_h3_baseline,administered,442,4669.777520081622,32.75257695034041,0.0,0.0,142.57740779181918
8b48332f5f5d20c330672dcc,0.25,0.00741026137198812,0.005348404911881808,0.05563190627876527,h2_h3_baseline,administered,469,4541.689169439799,26.258128739074614,0.0,0.0,172.9631694082347
8b767d0ec8321bad8d0d2f52,1.0,0.029720340563635546,0.009714710460413022,0.4147619938474831,h2_h3_baseline,market,289,4337.147171470752,7.7715339506513805,0.0,0.0,558.0812229620677
8b8fccfbb67a0adb51e65c1c,1.0,0.03217720299820099,0.00807253325922863,0.5134213532346915,h2_h3_baseline,market,627,4564.065075847858,7.008397350286818,0.0,0.0,651.2280693760998
8ba8b2b6535c35215489ead5,0.25,0.0073918507610569355,0.005147318624138391,0.09736254668670336,h2_h3_baseline,administered,449,4312.21652905876,24.63792962184583,0.0,0.0,175.02349406969756
8bb22b3f182d5ab7ecb00347,1.0,0.03028627272840916,0.007986391388767004,0.4480706870922961,h2_h3_baseline,market,762,4549.9781868362925,10.045369535411105,0.0,0.0,452.94283807052454
8c290c1ef7587b80929fc6c9,0.25,0.007390690066442937,0.004630220777190476,0.14845799069756474,h2_h3_baseline,administered,422,4471.8115137300365,16.913598938692186,0.0,0.0,264.39148344118246
8c39513ab8f85b078fd13e4f,1.0,0.029310722905493046,0.008795259129832117,0.45757631840468804,h2_h3_baseline,market,30,4332.4626060961255,17.52099337571705,0.0,0.0,247.2726581873283
8c5654bb93216c24646ae607,0.25,0.007281170760730835,0.004660047562754398,0.046652290354304876,h2_h3_baseline,administered,210,4657.324965824624,16.572048469592705,0.0,0.0,281.0349592188399
8c707305d27b5fbfbe1da2f7,1.0,0.02692619388915148,0.009318107356216203,0.5095960392843926,h2_h3_baseline,market,270,4597.201037895914,18.42429792308735,0.0,0.0,249.5183836630863
8c99fff31ee46c9b61bc82f0,1.0,0.029947212771734698,0.013990220447610386,0.5075080593737057,h2_h3_baseline,market,194,5009.508293426229,16.78900520802042,0.0,0.0,298.3802930165924
8ca59c9b4cc1070e11dcfde0,1.0,0.02942080782314835,0.00875652926814346,0.5096588628302924,h2_h3_baseline,market,607,4217.562985817449,15.932423309652036,0.0,0.0,264.7157248993255
8cb678bcb9cb8fadf40ff16c,1.0,0.02829191733511853,0.0071649826318596595,0.6036410221102815,h2_h3_baseline,market,495,4610.620886119575,6.510022427599753,0.0,0.0,708.2342553187657
8cba2e4891e61cb49f2fe475,0.25,0.007404556411034039,0.004333938572945949,0.04817871711388988,h2_h3_baseline,administered,9,4537.68884446764,16.63326304468071,0.0,0.0,272.808097381637
8d5da71928ecb18cb174e7ee,0.25,0.007532186304452119,0.004447370509451434,0.02165956174352652,h2_h3_baseline,administered,725,4673.333789007682,18.922672845774418,0.0,0.0,246.97006744748927
8d6604b5545776a257cea7c1,1.0,0.029290498034101657,0.00962666620305164,0.4314511843973087,h2_h3_baseline,market,534,4242.722110556484,12.365927769172737,0.0,0.0,343.0977594041305
8da757902cefa16f361b3827,1.0,0.0291614440461628,0.013461774559556433,0.46898012633629593,h2_h3_baseline,market,207,4545.535603922408,17.816903486062486,0.0,0.0,255.12489347423443
8daa4b3e7dfd0fd7ad4c8893,1.0,0.029820058660617713,0.014342123575010744,0.5228011943149683,h2_h3_baseline,market,625,4556.037843867726,6.525596643933724,0.0,0.0,698.1795064062189
8ddc6c31f8e33a13321285b2,0.25,0.0073336103451224315,0.004169245594407682,0.05485066488597763,h2_h3_baseline,administered,222,4662.559015973279,37.44041606686559,0.0,0.0,124.53277783148354
8def37590648f2dc4b9de76d,0.25,0.007301946738246183,0.005080735384315612,0.11503674924210823,h2_h3_baseline,administered,791,4308.5125357848465,31.195155316943335,0.0,0.0,138.11479673719467
8e0413ba382e18e980bbcfd1,0.25,0.007584361630355709,0.0050795054469408105,0.07084769085265206,h2_h3_baseline,administered,758,4291.476824050831,26.149109224736826,0.0,0.0,164.11560283633418
8e49cb1ced992b2c5491343f,0.25,0.007464829728934055,0.005847869532465563,0.044931374265471655,h2_h3_baseline,administered,218,4415.251036753527,14.655337570266427,0.0,0.0,301.27255790487123
8e571156aef336c96f106301,0.25,0.007534597382015122,0.0048939329604843745,0.05509311329376575,h2_h3_baseline,administered,141,4488.046269275927,26.788383766694,0.0,0.0,167.5370305414213
8e6031952d80eb5321e60c0d,0.25,0.007399413051953481,0.006135578612124291,0.06385041646728319,h2_h3_baseline,administered,309,4465.9774750062115,23.330176068288125,0.0,0.0,191.42493661145812
8e6ef3fc90155dfc1399de05,1.0,0.029277043657171656,0.007696526379784384,0.5652093181095674,h2_h3_baseline,market,432,4443.802630898911,18.299704192415586,0.0,0.0,242.8346701221908
8e8173e08d759fa729bdfeff,1.0,0.02924904922872122,0.009707842490073244,0.5149210577869615,h2_h3_baseline,market,640,4515.85645285489,5.6067178802294535,0.0,0.0,805.4367188295339
8e86881fcaa5a86994f4eac2,0.25,0.0071576758942650314,0.004813395346737996,0.09351266997721994,h2_h3_baseline,administered,760,4112.180167329158,29.60658525087832,0.0,0.0,138.8941052297534
8e967ecf3f26eef7ca0b1836,0.25,0.007545237547051349,0.005497627216224337,0.0604585744935322,h2_h3_baseline,administered,297,4509.668311349442,24.43594542800003,0.0,0.0,184.5505967688903
8ec27d30593ec7645edf4cf3,1.0,0.029901271646245977,0.012692914873131058,0.4072759873275038,h2_h3_baseline,market,577,4058.4545878728695,16.773430991686457,0.0,0.0,241.95733060721997
8ef05179a00c5ace36401a72,1.0,0.02888069467959607,0.007934389101397871,0.5167614665961905,h2_h3_baseline,market,370,4441.720818036647,18.05051673107205,0.0,0.0,246.07167119989953
8f1417b04fec1affb33be30c,0.25,0.00777481057321147,0.004128287838589414,0.0,h2_h3_baseline,administered,451,4684.673547192384,7.475623840305942,0.0,0.0,626.6598811371791
8f4d04bcd4fc0543cb0fd14c,0.25,0.007684896795957373,0.004776424436643904,0.029309936752661907,h2_h3_baseline,administered,689,4749.975387270226,19.839150492716033,0.0,0.0,239.42433366863085
8f73902d3a7d86ef005d475e,0.25,0.007053398255277371,0.004188289281334832,0.0987166190421124,h2_h3_baseline,administered,474,4501.366883702095,19.79482896047677,0.0,0.0,227.40115070909292
8fd45381e8be7b957e0083f3,0.25,0.00788452561755677,0.004425382221066934,0.08184387099254707,h2_h3_baseline,administered,666,4449.681387186008,21.249211231517148,0.0,0.0,209.4045439477854
8fe8b5e7c6994225886e031f,1.0,0.029321576470460717,0.009704897050628207,0.5472863562536558,h2_h3_baseline,market,401,4472.920471936876,15.97914595865395,0.0,0.0,279.9223740436792
8ff093fc4c8e337fc52bca47,1.0,0.029811839745646298,0.010129108642733855,0.4533336566102422,h2_h3_baseline,market,128,4480.936660088365,7.740385517983439,0.0,0.0,578.9035506923639
90002d82a4823f136872934b,0.25,0.007767126715856345,0.006010818989378574,0.10591890144200636,h2_h3_baseline,administered,107,4465.370735938279,5.295233553550042,0.0,0.0,843.2811680128057
90294065e094e38c8c90a741,0.25,0.00753155703199774,0.004511945406758775,0.13910531447653796,h2_h3_baseline,administered,232,4173.676481673145,29.061487679189344,0.0,0.0,143.61537605185555
9052a881b801cfddfdacc882,0.25,0.007368145012628305,0.005445389824804898,0.06234178566369831,h2_h3_baseline,administered,76,4452.244202652475,22.7539300639312,0.0,0.0,195.6692400013143
905e8bc5cc63ea9ebe21ca74,1.0,0.02652039853846057,0.005543182448290952,0.40714992512049253,h2_h3_baseline,market,573,4633.511812252584,3.535347107811351,0.0,0.0,1310.62429542345
906decd7fb60a22f3ab6fa2d,0.25,0.007118120553731196,0.005124598080898288,0.09541283194351598,h2_h3_baseline,administered,790,4475.875114142194,22.641491668823686,0.0,0.0,197.68463931664328
908147a0f5644cbe84a75a8c,0.25,0.00701175182551977,0.004216790563451581,0.06576352614099282,h2_h3_baseline,administered,643,4615.036116104355,25.027765648690934,0.0,0.0,184.3966489412027
908bd71f78b24e63a490e46e,0.25,0.007382919495792323,0.0055652573245125875,0.06558613102746272,h2_h3_baseline,administered,796,4655.519235718164,23.9842931543149,0.0,0.0,194.10700185177697
909c0558b410769048c10072,0.25,0.007607199158316001,0.004919844093506793,0.009166980888265397,h2_h3_baseline,administered,307,4974.376873641374,33.98328743726613,0.0,0.0,146.37715326465045
91584cf9950dbff0cbbb70cc,0.25,0.0071016467158900596,0.00502630705864253,0.08871242517094159,h2_h3_baseline,administered,197,4541.633466053684,23.626086178633575,0.0,0.0,192.2296156762919
91942e6096a42e270ed26229,1.0,0.0295824315091378,0.015541953890116032,0.41332437677457157,h2_h3_baseline,market,337,4542.1824682578435,7.023971566620787,0.0,0.0,646.668686679077
91a26cb50618e51c451a9614,1.0,0.02931185289953155,0.011700479843242798,0.49180712039235025,h2_h3_baseline,market,405,4285.112037947944,24.015441586982828,0.0,0.0,178.4315321634818
91a29d0be455b91ffb48245b,1.0,0.0300797142076641,0.010183526584768843,0.09670393000064775,h2_h3_baseline,market,326,4384.0164110215055,1.0746209270439788,0.0,0.0,4079.593371665365
91fc0e8464f2875fdb4c654a,1.0,0.02959776807068032,0.009270624231075773,0.4438895854324041,h2_h3_baseline,market,374,4194.227700660322,15.309454656293205,0.0,0.0,273.9632334935076
923f6345fea047f1df403f2e,0.25,0.007525991689797546,0.005118200930744507,0.011386017369377544,h2_h3_baseline,administered,35,4566.56430881761,12.397076201840681,0.0,0.0,368.3581704643858
924b9518adc148079225516c,0.25,0.007623090559991539,0.005889959914657078,0.09975253046553446,h2_h3_baseline,administered,357,4465.258590223665,28.60983540550419,0.0,0.0,156.0742495346409
924cadb6016fdd76780bebdb,1.0,0.02658868728157904,0.007059184958677173,0.47823753232098404,h2_h3_baseline,market,53,4478.251365926029,7.273159027964315,0.0,0.0,615.7230095901598
92677f5409cbe8a36dc6ba92,0.25,0.007386330074971373,0.0055917021150505425,0.04071127251123028,h2_h3_baseline,administered,789,4693.655164447909,28.111460482817133,0.0,0.0,166.96589518416738
92852b55c1fa80b1f508c69d,1.0,0.026914737682388147,0.008438865712095293,0.4591038560287716,h2_h3_baseline,market,471,4172.533506899199,14.07909156590952,0.0,0.0,296.3638305330995
92a4ff514f409f86708c0908,1.0,0.029689219187383313,0.012791966970999637,0.4241311630607793,h2_h3_baseline,market,328,4442.444637361954,8.114166709998734,0.0,0.0,547.4924038580232
92abc69beafc69f4731b4c21,0.25,0.00695397690641463,0.003948444515350911,0.11194961711263976,h2_h3_baseline,administered,575,4627.336153239068,5.591143663895486,0.0,0.0,827.6188972069965
92d962b473503ebca2507b16,0.25,0.0071772665154538765,0.0060893915978917175,0.1240631205212753,h2_h3_baseline,administered,280,4436.719122226346,21.507992757213543,0.0,0.0,206.2823422115167
92fae0715ebf9bac994cf180,1.0,0.0290300396836095,0.005810714303552619,0.6117268453985424,h2_h3_baseline,market,214,4689.652828115603,9.951924237407285,0.0,0.0,471.2307606289988
92fb5c8edbdef342a49cd805,1.0,0.026466042835073506,0.006299435136497405,0.5202662585890734,h2_h3_baseline,market,252,4592.06124134815,4.1738899775041505,0.0,0.0,1100.1874189539735
931bc578e775bfc329ace2b5,0.25,0.006632830849739034,0.002312436851580664,0.24299362829883545,h2_h3_baseline,administered,13,4733.2977197281225,12.45937306717656,0.0,0.0,379.89854659683476
933d83f02b58e31835c962c6,1.0,0.029587479074901234,0.010776392386321656,0.46116654162176823,h2_h3_baseline,market,31,4541.4752902861765,7.023971566620788,0.0,0.0,646.5680060363723
934f81d1f39602c4de195e45,1.0,0.02985573130763114,0.011718881089122037,0.5177998031393897,h2_h3_baseline,market,530,4628.336650298099,9.1420649880408,0.0,0.0,506.268185180554
940d9be730af512d992d700d,1.0,0.02912714502677848,0.00998743368359872,0.4946430726361569,h2_h3_baseline,market,586,4311.22170983748,19.857125825812656,0.0,0.0,217.11207088355363
946072feec392b38ea77a036,1.0,0.029017185238111465,0.010776885681726175,0.49359340522913864,h2_h3_baseline,market,154,4580.58848502196,13.206935451207155,0.0,0.0,346.83204911123266
949d2aa155d279b70518e3f6,0.25,0.007437829103798211,0.0038393909989970303,0.04143199543680058,h2_h3_baseline,administered,537,4689.185150577452,6.432151345929903,0.0,0.0,729.0228258613109
94aacb4c65b80d54bb7629f6,0.25,0.007342757441467345,0.004936932481839125,0.04732362902565576,h2_h3_baseline,administered,154,4594.065228178897,25.868773330725343,0.0,0.0,177.5911509001607
94aee17ee637c39fb81603cd,0.25,0.007650363121534247,0.005327847402051143,0.03751506267510719,h2_h3_baseline,administered,792,4511.441278715705,29.475372636620587,0.0,0.0,153.05798960826814
94ce9ca6113a965705d1d66b,1.0,0.024180983047674545,0.00575191352941908,0.5260474330756771,h2_h3_baseline,market,301,4312.0520520447135,3.114843266794142,0.0,0.0,1384.356027801926
94f3e461d55ffeefab4693c9,1.0,0.029470448263825597,0.0075848378217186155,0.42218486757467055,h2_h3_baseline,market,264,4757.149217978706,6.042795937580633,0.0,0.0,787.2430687909902
9502a738735e3c1f71146fe4,1.0,0.030271165646964956,0.006111086921653776,0.5252521757871755,h2_h3_baseline,market,145,4424.056854919472,14.079091565909517,0.0,0.0,314.228857324267
952159f65fe5c0eef13f2b7e,0.25,0.007355676972969301,0.005595396195489505,0.0366842332096807,h2_h3_baseline,administered,608,4347.485410269083,33.908796641884905,0.0,0.0,128.21113813573
9531c016ae8ba973ac345c9f,0.25,0.007086869839553253,0.004808079411813254,0.09700078917973824,h2_h3_baseline,administered,89,4554.918135889802,14.219259512915253,0.0,0.0,320.3344120523718
955a948f67e4e2a301f2fca3,0.25,0.007429358715598591,0.007654512109709433,0.07201277365408522,h2_h3_baseline,administered,39,4461.670973017773,16.524243530342922,0.0,0.0,270.0075779460012
9560910b3e637cab3015aa99,1.0,0.030147533053450977,0.012794841660279256,0.431856127462893,h2_h3_baseline,market,693,4409.154163181646,11.29130684212876,0.0,0.0,390.4910410131397
9576c40fc6d2801d61b16bc6,1.0,0.03074604040809081,0.013271876434830321,0.45328693386702196,h2_h3_baseline,market,438,4496.6380123522995,16.75785677535248,0.0,0.0,268.3301374771249
95a82eb5f16603729fff3fc8,0.25,0.007396019624179656,0.004823587524515357,0.136056232937526,h2_h3_baseline,administered,472,4330.024368889869,13.907775186235838,0.0,0.0,311.33839243930123
95b4cfd3b6d6c8d2f12dc77e,0.25,0.0071332406294367795,0.004109863411192629,0.12320848757527102,h2_h3_baseline,administered,224,4479.084552183932,23.439195582625924,0.0,0.0,191.09378290712374
95c9e2b26faf18c9f27ecd11,1.0,0.027567977273962513,0.00748944388995212,0.45869530288293936,h2_h3_baseline,market,778,4505.297771580322,7.3977527586360825,0.0,0.0,609.0089678005081
95d81c5f1fab74e84ebbdabd,1.0,0.028515420992150143,0.011484324452370496,0.4544006881043906,h2_h3_baseline,market,550,4972.837909272212,14.59304070493055,0.0,0.0,340.7677679945098
9600518229785f161462c95c,0.25,0.007367523255292821,0.004705727583058777,0.04197545117267357,h2_h3_baseline,administered,692,4655.267303899961,14.250407945583195,0.0,0.0,326.676072830801
964a5ef5d7e5b10c8c9461d7,0.25,0.007595427703821388,0.00521062473406007,0.0030968055758080876,h2_h3_baseline,administered,462,4541.931686950789,28.703280703508018,0.0,0.0,158.23737132583906
96696580a8c2566f58777dbf,1.0,0.0298434770625981,0.009519096673298368,0.51157501563072,h2_h3_baseline,market,268,4434.844384756063,12.957747989863625,0.0,0.0,342.2542550005819
96876d059382897ad3347db9,0.25,0.007684927620038644,0.006226640408432432,0.05661052611238906,h2_h3_baseline,administered,190,4327.790635518897,30.444898431521043,0.0,0.0,142.15158724386254
968e0602ff88242fa3596f4d,0.25,0.007199714866009721,0.004200283515000474,0.14577265074650986,h2_h3_baseline,administered,417,4435.579409286618,9.204361853376684,0.0,0.0,481.8997210175299
969668c126262bafaa4a48d6,0.25,0.007663438504387098,0.004378828593942691,0.1052170100861484,h2_h3_baseline,administered,498,4763.945365720675,17.44312229404719,0.0,0.0,273.1131093053487
96c0150a26c9dc754e9a0da7,1.0,0.02224722057984164,0.007821967443672785,0.5394591492681236,h2_h3_baseline,market,663,4762.852096380149,8.16088935900065,0.0,0.0,583.6192462439399
96c8c5898a151e1342ff195f,0.25,0.00780311938254359,0.0045620502939657135,0.09501764841174108,h2_h3_baseline,administered,217,4798.019082024375,7.942850330325055,0.0,0.0,604.0676687191234
973990f6610e35f72c7d584b,1.0,0.03005886083294319,0.009454662910850484,0.480738477403674,h2_h3_baseline,market,516,4726.412059696244,9.95192423740728,0.0,0.0,474.9244414392357
973b302e02985bf461d0948c,0.25,0.007745536383597742,0.007837261724902152,0.018083317023204024,h2_h3_baseline,administered,794,4252.546662906866,32.22538877266621,0.0,0.0,131.96261782616273
97753ce8ce0766ce5a3ffce9,0.25,0.007427832945108887,0.004332355750113768,0.031977097126762576,h2_h3_baseline,administered,488,4522.748613122871,21.149785781532223,0.0,0.0,213.84370791462524
97da28899b3507f0e91b29a8,0.25,0.007227720757719233,0.004336096797869058,0.08296768113387681,h2_h3_baseline,administered,724,4430.7912173702425,33.59795991297059,0.0,0.0,131.8767933781516
97ea1201710d602c9315a502,1.0,0.029021122283129447,0.011381754966813961,0.5245586126947817,h2_h3_baseline,market,634,4606.226551487733,13.6118650758904,0.0,0.0,338.39789961232947
980fcad2dd938de479b81f01,1.0,0.028672759442765476,0.010352822899134148,0.5521190673018262,h2_h3_baseline,market,356,4504.482661837357,10.497021809096259,0.0,0.0,429.12006317201036
98296e3d3fc940305deded33,0.25,0.007295671382663889,0.004017454427537728,0.04417189687728022,h2_h3_baseline,administered,110,4712.474621846913,32.540837787401365,0.0,0.0,144.81724940933796
9831646d03e70adfb6f2ba5a,1.0,0.0296269285655699,0.008010732541358322,0.476236281649092,h2_h3_baseline,market,263,4190.1326922009985,10.528170241764196,0.0,0.0,397.99249024100715
984b3b3b01576abbd6d416da,1.0,0.028124921463261853,0.009840732913686366,0.4424893082674818,h2_h3_baseline,market,782,4499.456651810699,11.10441624612111,0.0,0.0,405.19524413382896
986350e11e0331fdcbab0440,1.0,0.029883073331123295,0.013206718825507259,0.37587529257608493,h2_h3_baseline,market,184,4802.6911263021,18.20625889441176,0.0,0.0,263.79341050545213
9895f6fd7b281051622574d2,0.25,0.007365213758314472,0.005837820000039691,0.0554850544708998,h2_h3_baseline,administered,54,4481.05341472913,18.052953710487813,0.0,0.0,248.21718853274822
989e52b83fc888d2208390a9,1.0,0.030178960365815837,0.009212846897889855,0.5474168244382664,h2_h3_baseline,market,100,4640.291637791637,13.736458806562156,0.0,0.0,337.80843397389185
98d0877c2e99f877c3afd743,0.25,0.007205322280438037,0.005768704188595411,0.02041590845009788,h2_h3_baseline,administered,756,4834.186245585083,21.663734920553257,0.0,0.0,223.14648251159574
98f43125fe7acd86710cd91c,0.25,0.007402849700208652,0.005132501162301825,0.11300461728268182,h2_h3_baseline,administered,373,4472.05258878948,14.31270481091908,0.0,0.0,312.4533516109252
99325e2230096ba06702b316,0.25,0.007434413495399851,0.005172758981614654,0.06897485428620091,h2_h3_baseline,administered,479,4473.146221096544,21.274379512203993,0.0,0.0,210.25977366486927
995b44d2da53b84bead5d038,0.25,0.007446482101530111,0.005370630211990442,0.09461991354270415,h2_h3_baseline,administered,157,4049.522975029782,26.08566889874836,0.0,0.0,155.23937648476732
996d047b92a385b0d0d62432,0.25,0.007640315524270487,0.004720606654426839,0.05346947164511753,h2_h3_baseline,administered,450,4662.650925395085,15.411433570302005,0.0,0.0,302.5449192721476
997e9c8c5f29a3ee8b38c589,1.0,0.02941964230746807,0.00976910897618187,0.5158025910177888,h2_h3_baseline,market,352,4311.050428550647,18.860375980438523,0.0,0.0,228.5771202558185
998cd36eab8dc624117c012d,1.0,0.029034729008098406,0.018002865336819815,0.41041829657521817,h2_h3_baseline,market,282,4488.970238764436,10.40357651109243,0.0,0.0,431.4833686259948
999115901ae0ed331333ee9d,0.25,0.007680570894663966,0.005188777213884371,0.10862606594228003,h2_h3_baseline,administered,625,4566.645446376153,15.184860925621438,0.0,0.0,300.73673171881643
99b97edc1a2a6d6841c03210,1.0,0.029193533995981708,0.01187647639054828,0.48858426086504597,h2_h3_baseline,market,576,4677.257794593418,22.504742602587676,0.0,0.0,207.83431640118425
99d12a0c5bfc47be4f333cb6,1.0,0.026862252863741935,0.009947262181425479,0.4362238670437566,h2_h3_baseline,market,785,4445.017723164719,8.254334657004476,0.0,0.0,538.5070884414359
99e4bc92dc52041459ae7825,1.0,0.028377221680494114,0.020424341447730997,0.3897935543641714,h2_h3_baseline,market,313,4788.447931269907,6.073944370248574,0.0,0.0,788.358871827129
9a10eb1193c31913609983a8,1.0,0.028325316881583164,0.009509845422235931,0.39547328576317686,h2_h3_baseline,market,403,4360.988590449974,9.71831099239772,0.0,0.0,448.7393533569173
9a2ad7f1195a0a2e600af0bd,1.0,0.028098455778942467,0.005627801748684594,0.6155445408700884,h2_h3_baseline,market,511,4613.846983822483,4.205038410172092,0.0,0.0,1097.2187489801456
9a61415e5b08685d9e8810ef,1.0,0.027866717189811617,0.006612453460181197,0.5456838595916176,h2_h3_baseline,market,712,4622.459820089223,14.966821896945854,0.0,0.0,308.8471187749276
9a720440a16894ef3ec4e862,0.25,0.007455738954694616,0.0049916315553037716,0.08212360607620875,h2_h3_baseline,administered,352,4317.8737447985895,30.696780394256265,0.0,0.0,140.6621049289754
9a874327cade388367c82c5f,0.25,0.007415283030313262,0.00447142078920139,0.06655784861120911,h2_h3_baseline,administered,267,4780.100115514208,15.69881006464247,0.0,0.0,304.4880532875643
9ab72aec69f4cbcd55bdf959,0.25,0.007483227412369548,0.005079444064747251,0.05146177132957412,h2_h3_baseline,administered,635,4557.246822298687,26.943394257769334,0.0,0.0,169.14152607125845
9abf475192ba07247b61e4bb,1.0,0.030507823281843205,0.006802453353224463,0.5215558820041031,h2_h3_baseline,market,293,4557.612899975213,10.512596025430227,0.0,0.0,433.53828958615316
9ae93fb5e3d9580f0548e641,0.25,0.007446770916323262,0.005022512855054272,0.04949140589260856,h2_h3_baseline,administered,406,4620.7717603953,20.635836642511183,0.0,0.0,223.9197683352564
9b17ae473019b60e7c2b9705,1.0,0.03077295975067398,0.011351588739655806,0.5112082390415297,h2_h3_baseline,market,602,4556.839716201258,16.742282559018516,0.0,0.0,272.1755352137835
9bd46927bd49451db31697af,0.25,0.00738626262585696,0.004983457726595533,0.04746767935818749,h2_h3_baseline,administered,275,4781.588058741346,23.875273639977095,0.0,0.0,200.27364422475088
9c196c9e2bbacf8166451e73,1.0,0.02838596844161514,0.007678367661452733,0.35533183632196186,h2_h3_baseline,market,747,3937.802334106601,8.083018277330797,0.0,0.0,487.16979214934497
9c1b5b708fefbe40a24f7bfc,0.25,0.006946710530969604,0.006724737367812655,0.03357774656087821,h2_h3_baseline,administered,236,4544.552060730334,6.463299778597841,0.0,0.0,703.1318701600186
9c1dc3994b83e952bf730289,1.0,0.027310843683959623,0.018503444733347165,0.3308801829011921,h2_h3_baseline,market,315,4647.495219098864,17.28738013070749,0.0,0.0,268.8374515953138
9c65874232f516ba5a7e9898,0.25,0.007425422121982526,0.0048954495376144986,0.028976784906964672,h2_h3_baseline,administered,312,4683.545295740919,25.07448829769284,0.0,0.0,186.785279130576
9c9e683ad679a61c7d7a119e,0.25,0.007598164705762686,0.004878864733791077,0.06402671093032757,h2_h3_baseline,administered,255,4243.857937296165,32.64355743600262,0.0,0.0,130.00598803044699
9d217dd7f242604350d8a767,0.25,0.007504074002795322,0.005681919080301057,0.05784725650414459,h2_h3_baseline,administered,709,4517.802603362479,26.146408712796188,0.0,0.0,172.7886476872613
9d788143d3b5162b2cf52986,1.0,0.025485371698751834,0.005515708809317458,0.5587914694885205,h2_h3_baseline,market,13,4732.428005575472,11.30688105846273,0.0,0.0,418.544068970589
9d9c5750a5cdc73e54511843,0.25,0.007713538707819192,0.005939452569725494,0.1176140792514226,h2_h3_baseline,administered,483,4576.076725552729,11.19786154412494,0.0,0.0,408.6563052705013
9db0a7619b9cac5ddc7e893d,1.0,0.028285529308257045,0.006782265074068932,0.46054027278437426,h2_h3_baseline,market,774,4704.2354314589,5.8091826925710714,0.0,0.0,809.7929916156354
9dc6428b3237d169b8cdbbf8,1.0,0.03081696039230797,0.0056394622813556615,0.48999894944852407,h2_h3_baseline,market,598,4684.918246225967,7.226436378962406,0.0,0.0,648.3027042021287
9dffa169a54c41c63a247ca2,1.0,0.030108855343126774,0.00841273846200912,0.593901052576433,h2_h3_baseline,market,686,4676.849008743806,18.112813596407932,0.0,0.0,258.206654855174
9e5e752fea740a809052d2b9,0.25,0.007365263970073267,0.005647586667377637,0.09393581031908861,h2_h3_baseline,administered,68,4510.140783202448,29.637733683546255,0.0,0.0,152.17562959971892
9e6d51c34909e63dfdb0e96e,0.25,0.007039044812705018,0.005870569552115615,0.045630457862130824,h2_h3_baseline,administered,93,4640.080412500588,21.822750649736236,0.0,0.0,212.62582737509632
9e7424bbd9b9124050fa31f2,0.25,0.007473151903031428,0.00455106360037857,0.09333266271514666,h2_h3_baseline,administered,152,4413.04594216117,22.80065271293311,0.0,0.0,193.54910570862643
9e9c86747096e1d13d30329b,1.0,0.030037272110668208,0.008568536798206067,0.470787694802152,h2_h3_baseline,market,680,4328.68460991303,10.668338188769932,0.0,0.0,405.7505989517315
9ec7c7d8912d4c599e9ea72b,0.25,0.0074125459768362364,0.005760736192397598,0.038190586255622695,h2_h3_baseline,administered,322,4557.521218826905,30.13250788101825,0.0,0.0,151.24931641345
9ee482ab9fa5fd6550dc3ffb,0.25,0.0074212766678108675,0.004288107942477158,0.08888200668938774,h2_h3_baseline,administered,662,4729.897714013547,13.253658100209076,0.0,0.0,356.8748852770642
9eee5fba642ee632e62f7ac2,0.25,0.007408554361055333,0.004754104745175744,0.04686138449731982,h2_h3_baseline,administered,246,4729.389384349499,33.19679034153202,0.0,0.0,142.46526051744914
9f49b0ec20deddf8964192a7,1.0,0.024526638440596018,0.009276633029352584,0.5125632708527952,h2_h3_baseline,market,720,4480.769201796862,17.52099337571704,0.0,0.0,255.73716659278676
9fc039c2f52e5e98f0e400ad,0.25,0.007373985001202856,0.005431982416639699,0.035593072577853734,h2_h3_baseline,administered,327,4566.967827876433,23.756225093317127,0.0,0.0,192.242993570606
9feb737c6d81909ced749665,0.25,0.007329726813934807,0.0055236498237900365,0.09618351616116139,h2_h3_baseline,administered,744,4480.777225853999,30.314726302403688,0.0,0.0,147.80859906687374
a00d7da5c713025feedd92a2,1.0,0.02886637497872715,0.006951335284952981,0.4885766132419948,h2_h3_baseline,market,250,4359.337900303534,7.226436378962407,0.0,0.0,603.2486375988078
a017c1cf90762d08d8d93316,1.0,0.029399381227294595,0.011613154803659327,0.5416674616035767,h2_h3_baseline,market,345,4599.341012515955,20.417797613835603,0.0,0.0,225.26136753355456
a01d19d954cb28c0bcf4967f,1.0,0.026891569849646437,0.00801864652445819,0.4971137791882354,h2_h3_baseline,market,151,4562.560048171875,5.466549933223717,0.0,0.0,834.6324654316761
a0209271270e7530d8b2a1f1,1.0,0.029898116916888772,0.012524457469532117,0.4613489313187849,h2_h3_baseline,market,630,4228.987718915048,14.437298541590849,0.0,0.0,292.9209856492346
a134de1b175b189b4e009ef7,1.0,0.029688953825793896,0.007371689434445116,0.5354888424679453,h2_h3_baseline,market,682,4374.538847596904,11.042119380785234,0.0,0.0,396.16840723613143
a1a238bba4db87e7a4c2143f,0.25,0.00733325912913521,0.004440801359558854,0.030393699501959776,h2_h3_baseline,administered,718,4549.803371898954,16.789005208020424,0.0,0.0,270.9989850813452
a1bc7025cbfdd1a461b6c5ba,1.0,0.029429594911445596,0.012837799580788933,0.4365122910118644,h2_h3_baseline,market,656,4520.84786502047,8.223186224336533,0.0,0.0,549.7683916777919
a1d18b04372d16f443ada758,1.0,0.028171090579976108,0.008596506463668328,0.5745253532324504,h2_h3_baseline,market,279,4372.713634355327,16.66441147734866,0.0,0.0,262.3983235350975
a1f7d9fca6f97a15e347b2c6,1.0,0.028708960244453463,0.014102390242181278,0.4846831032560194,h2_h3_baseline,market,708,4650.379951255997,11.306881058462732,0.0,0.0,411.28759798665965
a20a3af17f2dcc099f85a998,1.0,0.028841920664752017,0.005995343224077532,0.3838871637953434,h2_h3_baseline,market,51,4727.107056093456,3.052546401458259,0.0,0.0,1548.578280033754
a21ff029a22226082795bc4d,1.0,0.02965579407507619,0.015430572149758617,0.4314632638463837,h2_h3_baseline,market,29,4551.714632044119,13.47169712888466,0.0,0.0,337.8723993345122
a2b807cc7d3b93bb1d12eb5e,1.0,0.02886576778625066,0.008610372108231765,0.5016273328301656,h2_h3_baseline,market,465,4731.36514380293,13.175787018539221,0.0,0.0,359.0954481235603
a2bf38f019c13a3691179717,0.25,0.007483201882700409,0.004663490195849455,0.04614925565168481,h2_h3_baseline,administered,460,4641.207006131268,14.421724325256886,0.0,0.0,321.820532791844
a2c01e5da1140a3bc421cc54,0.25,0.0074043504666638565,0.004494379113092155,0.10236349142875754,h2_h3_baseline,administered,440,4402.829308831298,27.782877472325964,0.0,0.0,158.47276126156763
a2f0833ee74ccb04aa30c5ff,0.25,0.00715649066377393,0.0049782718577319205,0.05964770201950365,h2_h3_baseline,administered,225,4325.854939377745,26.258128739074618,0.0,0.0,164.74345839200862
a32aaa1aca95984d4df24e47,1.0,0.02874921558009944,0.009927433303281474,0.38437442718464804,h2_h3_baseline,market,185,4296.56268172396,7.039545782954758,0.0,0.0,610.3465783442257
a347e36fc507aff4f24070fc,1.0,0.028388871470297637,0.005558843091179935,0.5746486308765874,h2_h3_baseline,market,716,4555.5831255025905,9.749459425065664,0.0,0.0,467.2652017803446
a3790b278d340f836b5d9bcf,1.0,0.02720827950764548,0.00959299069022629,0.4250829061497846,h2_h3_baseline,market,353,4418.784627384699,9.406826665718306,0.0,0.0,469.74232484672666
a3b8b9e1a612677f8079ac94,1.0,0.029345195442768732,0.013061152108328436,0.44706116096036524,h2_h3_baseline,market,615,4323.418894865817,11.633939601476118,0.0,0.0,371.6212257382924
a3daa18b74a29f4df7b4274c,0.25,0.007242258737292902,0.004917156341407624,7.864352134271706e-05,h2_h3_baseline,administered,57,4680.549807416363,11.68066225047803,0.0,0.0,400.7092840326594
a40c0f2a02010d6636ecbe8b,0.25,0.007498171217640506,0.006167027366610481,0.04309886533538621,h2_h3_baseline,administered,727,4288.3795732883855,26.023811473121622,0.0,0.0,164.78675991476445
a4555c865ae90668d0f828b6,1.0,0.028886859008864223,0.008587061922223813,0.42835001483803264,h2_h3_baseline,market,219,4392.929144548068,8.207612008002561,0.0,0.0,535.2262193028723
a473c756faa1eaf3d141c35b,0.25,0.007524329277820545,0.005774325657623002,0.008702756719993125,h2_h3_baseline,administered,525,4979.691069330251,25.698748882139256,0.0,0.0,193.7717315410307
a4764c54f05259dd6d67d461,0.25,0.007248047542743931,0.004688781347676726,0.061460210974833146,h2_h3_baseline,administered,164,4613.328860021978,31.88660535393565,0.0,0.0,144.67920961842276
a48cabb1a832213ae1b751a5,0.25,0.007262882809219381,0.007375734910051815,0.05004716164503973,h2_h3_baseline,administered,192,4675.866482158542,24.10888688498665,0.0,0.0,193.94783776062047
a4b8e73698b451303d1c7f03,0.25,0.00741671057867428,0.004869536858229081,0.09377665719304426,h2_h3_baseline,administered,125,4527.763443193656,24.155609533988578,0.0,0.0,187.44149001178323
a4e48b51d29b5c2b287c21d6,0.25,0.011092779460283256,0.0015855603352971197,0.0,h2_h3_baseline,administered,539,4637.377072117454,1.8689059600764852,0.0,0.0,2481.3324860538564
a4e71680d216c93f8ae4d476,1.0,0.02998544812019375,0.013380210893393479,0.37179242406377805,h2_h3_baseline,market,304,4347.121340835383,8.254334657004472,0.0,0.0,526.6470916764318
a4ead2ea4a7464339efa937e,1.0,0.027239288450231054,0.01456665997724767,0.42926914902262103,h2_h3_baseline,market,803,4661.225099253472,12.988896422531562,0.0,0.0,358.86228880597923
a4ed822ef100cf38f0cf8007,0.25,0.007675374606141728,0.006124638547256266,0.07496591547787679,h2_h3_baseline,administered,745,4570.0792114230035,30.945721599696522,0.0,0.0,147.68048619256697
a50baa426fa6637d5eaf3235,0.25,0.0073789164696123,0.005712418983321736,0.06652344356756727,h2_h3_baseline,administered,548,4508.586076117251,19.721269865086928,0.0,0.0,228.61540392482112
a52b4ab01f476956f2e75145,0.25,0.0073901980784774534,0.004693659090469805,0.02198830926057923,h2_h3_baseline,administered,285,4580.30550714842,13.53935116284039,0.0,0.0,338.29579069633405
a564610d25922fc8fc98aa4c,1.0,0.02948807438394028,0.010354000000466221,0.5786480336968787,h2_h3_baseline,market,390,4619.379351551199,7.911701897657117,0.0,0.0,583.8667092498935
a5854ee82f67a7953aabb585,1.0,0.029698368411245533,0.011449645826410726,0.5187263881393525,h2_h3_baseline,market,389,4398.887532868402,16.851302073356308,0.0,0.0,261.04140283755925
a5b2a4f2cea95c95d73ba155,0.25,0.007545529878501051,0.005557980681672645,0.033478117663460524,h2_h3_baseline,administered,185,4311.7846375582,22.080461087865487,0.0,0.0,195.27602346709054
a5b5d9cad2636fa8a28fff6e,1.0,0.028576672433276943,0.00948884984210238,0.5228142022006802,h2_h3_baseline,market,592,4424.974326484426,21.21208264686811,0.0,0.0,208.60631179644008
a5bbe1ce8a45bfef8f77f8d0,0.25,0.007260175990412534,0.00481924588971327,0.036728679509195346,h2_h3_baseline,administered,138,4620.807726916363,28.233443384319365,0.0,0.0,163.66433466924278
a5ff646b54aa8e4f30ad345e,0.25,0.008362543037222366,0.004830808433544504,0.0,h2_h3_baseline,administered,694,4806.527288706489,3.7378119201529705,0.0,0.0,1285.9200493185278
a60143e75b1e8e8db7788a8a,0.25,0.007492968316048613,0.0063064726583467665,0.0970344621909524,h2_h3_baseline,administered,420,4478.7921170571535,24.17750881507702,0.0,0.0,185.24622000196285
a658178c16138e4b75e9cca5,0.25,0.007645994693951154,0.00393562517126406,0.04554578517919521,h2_h3_baseline,administered,371,4752.596293577856,14.110239998577462,0.0,0.0,336.81895517418513
a6a0aafc5f03b62662fb77cf,0.25,0.007088818437691096,0.004017007433632984,0.07669586749774943,h2_h3_baseline,administered,130,4681.9741460118385,42.361868428400335,0.0,0.0,110.52331541809282
a6a1d08235181b0e164601b5,0.25,0.007327107653210727,0.004428754493120875,0.04598936578352747,h2_h3_baseline,administered,645,4830.820925834375,28.337934705877597,0.0,0.0,170.471877219493
a6afc3d7dce90c72213e4ef9,1.0,0.02955925227342811,0.01122781604785872,0.46526895741438634,h2_h3_baseline,market,593,4423.39059261536,11.073267813453175,0.0,0.0,399.4656922540317
a6d4682bd27810c0ae9bdc80,0.25,0.007385869389133996,0.005040110786265647,0.024878689588034394,h2_h3_baseline,administered,331,4916.785323853245,32.250693877779675,0.0,0.0,152.45517949121862
a7042d05e13aeb925a9c3648,0.25,0.0072949086691880055,0.004608745787969181,0.021134216625010242,h2_h3_baseline,administered,661,4620.526412825801,32.54119807066548,0.0,0.0,141.99005220373283
a70d40e93db15dca8394cbab,0.25,0.00721494906303055,0.0050659231649886945,0.04069533494693368,h2_h3_baseline,administered,464,4571.478401580659,22.940820659938865,0.0,0.0,199.27266200915594
a71e746db828d89297095e74,1.0,0.027416525043581715,0.011413461831225886,0.5114406732225819,h2_h3_baseline,market,568,4725.845482366637,6.83708097061314,0.0,0.0,691.2080612587553
a72642cc5ddf575953f125d1,1.0,0.029989679679233897,0.007395247302074396,0.5738192792629604,h2_h3_baseline,market,551,4560.871781956965,8.519096334681976,0.0,0.0,535.3703729571953
a7611c620f564d0c060d17e2,0.25,0.007496203487864871,0.005425350858914694,0.03492782485291078,h2_h3_baseline,administered,427,4707.193420448835,26.398296686080347,0.0,0.0,178.31428582022522
a7740f68b02efe340b6bd5cc,1.0,0.024735249294204745,0.02105257586730713,0.31867933280186383,h2_h3_baseline,market,697,4502.641658635451,5.8870537742409255,0.0,0.0,764.8378681942684
a79f449d4b8affb45d35cc88,0.25,0.007572071024086034,0.0051847801287622786,0.08749026844904947,h2_h3_baseline,administered,738,4504.823829741821,24.825300836349314,0.0,0.0,181.46099656306433
a7b47f18e3dce184dcc543e1,0.25,0.006970038849143144,0.006402110479558348,0.07095165516047441,h2_h3_baseline,administered,807,4348.594739546518,30.665631961588332,0.0,0.0,141.80678699182047
a7da8430accbb6f10008d53d,0.25,0.007497776126711583,0.005498980273446514,0.06794394228384298,h2_h3_baseline,administered,761,4233.82803907849,27.288459022964627,0.0,0.0,155.15086562841486
a7f054aac5228a05c6f5d315,1.0,0.030901809026175182,0.008980420747865344,0.4118600299438242,h2_h3_baseline,market,569,4337.135614252464,9.951924237407278,0.0,0.0,435.808745202264
a7f6f1ad2e7b8ef63bf3bd03,0.25,0.007251986630269335,0.004739726881820469,0.02769885939341284,h2_h3_baseline,administered,155,4768.481801316259,23.142671868246445,0.0,0.0,206.04715948373226
a801d75952f7d846bab54061,0.25,0.007528605534052935,0.005144693278068097,0.09338182335448127,h2_h3_baseline,administered,436,4451.666235689613,19.997293772818388,0.0,0.0,222.61343391077273
a801d78c816333ffaed5ecf0,1.0,0.029689352948716385,0.008379177381820998,0.51343209011377,h2_h3_baseline,market,142,4541.133892320748,11.447049005468468,0.0,0.0,396.7078231386416
a81d7f785bcdf2e9af6f7254,1.0,0.028000942720687642,0.008024123056507924,0.47494611066061077,h2_h3_baseline,market,520,4602.458311529303,9.936350021073315,0.0,0.0,463.1940603710888
a8b179f1d21529ee5b5e494c,0.25,0.007323609883976934,0.005473344126002816,0.045811622509731885,h2_h3_baseline,administered,441,4603.455863885789,25.27695311003445,0.0,0.0,182.1206790172154
a8c99caffa0e3839cb32c171,1.0,0.030638031563502675,0.008761105725244045,0.44916073852875366,h2_h3_baseline,market,426,4380.037423093818,10.777357703107727,0.0,0.0,406.41106510093874
a8dea7cbdc65e99a0338a8c9,1.0,0.030077284814266674,0.009340643497945535,0.5103936104489439,h2_h3_baseline,market,205,4605.353226179496,7.413326974970057,0.0,0.0,621.2262377915818
a8df98f69bc8182f56730439,1.0,0.029291607759270904,0.012384098659821851,0.516859501728433,h2_h3_baseline,market,678,4529.343201346541,13.533993994220543,0.0,0.0,334.6641947144884
a8ead8931a5b3de46cf8dee2,0.25,0.007229535980392606,0.005146534367470165,0.026848234133622858,h2_h3_baseline,administered,444,4687.755582291101,16.524243530342922,0.0,0.0,283.6895724565624
a93d68d4b89096cd35d6866a,0.25,0.007418999314563659,0.006264491056298145,0.024259543936003485,h2_h3_baseline,administered,111,4964.059672099622,15.652087415640557,0.0,0.0,317.1500094702525
a9944e0c685454d311762f99,1.0,0.030635353185002153,0.01892113982406765,0.2509612999195876,h2_h3_baseline,market,272,4396.308000531537,2.818933156448699,0.0,0.0,1559.5644722807192
a9b7172dbc46c8ca737b8e48,0.25,0.007289782811291339,0.006255991047764536,0.06790070955530741,h2_h3_baseline,administered,508,4555.614203947263,23.84412520730916,0.0,0.0,191.05813966078273
a9befa1c318d5fa5ae9ce344,0.25,0.007445596388296595,0.00478706282479883,0.051524590938544904,h2_h3_baseline,administered,677,4484.4960232642825,20.19925354071265,0.0,0.0,222.01295776725345
a9cc4fb2f2479df539f195da,0.25,0.007542563993320032,0.00565753532739495,0.035103698851285614,h2_h3_baseline,administered,316,4601.048052393417,9.00189704103507,0.0,0.0,511.1198263454446
a9dcdd2b9f7f1fa02cc789ef,1.0,0.029073784708349176,0.016476834252486812,0.38664099918842015,h2_h3_baseline,market,517,4723.332193391422,10.01422110274316,0.0,0.0,471.6624633040683
aa5895f1d8296297fec91e6c,0.25,0.007511690993266801,0.004654718265960263,0.06823865142859313,h2_h3_baseline,administered,489,4591.38063552412,28.422944809496542,0.0,0.0,161.53782327262832
aab2d1115140938b64cf3a73,1.0,0.02950512224698638,0.01639360516520816,0.46370698843473035,h2_h3_baseline,market,381,4572.225305145792,8.768283796025509,0.0,0.0,521.4504242230722
aae3b7c9ac2188e575b220a4,1.0,0.029824619874674534,0.009454170214544942,0.4144162018926399,h2_h3_baseline,market,504,4362.549723644604,9.235510286044624,0.0,0.0,472.3669389699735
ab5643043215d742c9a731c9,0.25,0.007462491214276331,0.004642092199327918,0.11543576722639506,h2_h3_baseline,administered,668,4264.3661533960585,27.782921591769014,0.0,0.0,153.4887588877414
ab6b8cbee775ffb6727be3cd,0.25,0.007455857557450878,0.00464397379936523,0.06971882071499873,h2_h3_baseline,administered,10,4478.065441044098,23.205582337616352,0.0,0.0,192.97362918512647
ab76bfb85650612adc94a69f,0.25,0.007197343189989132,0.004300141544303865,0.1416148140072609,h2_h3_baseline,administered,168,4172.9808321859055,27.862273021473595,0.0,0.0,149.77173000098622
ab9aac5f06393cce82b8d11c,0.25,0.0074297258570881,0.003216784453201307,0.04687263774546917,h2_h3_baseline,administered,375,4726.806930799509,11.260158409460825,0.0,0.0,419.7815660237985
abe99330297081b1be250b10,1.0,0.03091592618253542,0.009762543066800062,0.5227427779854863,h2_h3_baseline,market,488,4514.542613176029,11.960998144489505,0.0,0.0,377.4386183025956
abfa9364edce489c4725d61d,0.25,0.007234746402202803,0.005449099308381102,0.07541406234725395,h2_h3_baseline,administered,336,4569.749812074249,22.514628661670695,0.0,0.0,202.9680293974323
ac335b060146e4de74e162f6,1.0,0.029324281325326444,0.015698558604274385,0.23968259546486412,h2_h3_baseline,market,554,4146.2161104874685,5.669014745565335,0.0,0.0,731.382135446182
ac5ab7ed7f764a6ce0c80855,0.25,0.007495936888031921,0.004908353305382179,0.0585066465594792,h2_h3_baseline,administered,656,4544.651882239734,26.26729180422891,0.0,0.0,173.0156239977532
ac661612c215841737f3abe1,1.0,0.028641287796068796,0.009321445913420838,0.5362393167107249,h2_h3_baseline,market,753,4563.196361721161,19.421047768461474,0.0,0.0,234.96138911369638
ac8f4ec918b241b1e96978ae,1.0,0.02821399175753222,0.011523394745728758,0.3907259978557451,h2_h3_baseline,market,781,4289.728969556408,11.524920087138323,0.0,0.0,372.2133374567773
aca2505d74e273028394ccda,1.0,0.028598370551837764,0.008958180612031973,0.47004548168634785,h2_h3_baseline,market,436,4434.669381980661,6.946100484950937,0.0,0.0,638.4401422911441
aca55ba73a16e7d6e3cdb9e6,0.25,0.007444120876600948,0.004982984097183926,0.04605540628172285,h2_h3_baseline,administered,728,4505.222446309883,36.06988502947616,0.0,0.0,124.90260067721961
ad16a21e12a97909b1b55395,1.0,0.028348553379165562,0.014704526921457304,0.42572236046535383,h2_h3_baseline,market,589,4434.225725061226,2.8812300217845817,0.0,0.0,1539.0044153138272
ad40fff76af22ba926b13114,1.0,0.02880191857096604,0.01193251120642149,0.5140304618849728,h2_h3_baseline,market,775,4403.269020886612,15.418474170631004,0.0,0.0,285.5839671394934
ad4d9d2a2ccce4673e1829bd,0.25,0.007379181173202277,0.005197946454983331,0.06773933178530785,h2_h3_baseline,administered,522,4551.157740752198,29.37297200586876,0.0,0.0,154.94372649260248
ad4f93fab41547f93c48b818,0.25,0.0073426268633825405,0.0050110631993183375,0.051413531633733627,h2_h3_baseline,administered,345,4610.5157438285,30.80579990859407,0.0,0.0,149.66388658981964
ad5c77ce2617c0ce7946143c,0.25,0.00744117803156614,0.005064735512830642,0.038528073153815186,h2_h3_baseline,administered,213,4758.137818362566,19.358750903125582,0.0,0.0,245.78743960150533
ad7dabd2b3a2a79ffaa542a6,0.25,0.007233314830748493,0.0044261086828151506,0.04360449217299357,h2_h3_baseline,administered,242,4665.30884180098,30.093673466438233,0.0,0.0,155.02623323815666
ad85dfd01a0f4f1770bf568b,0.25,0.007669190346400728,0.003309633200874438,0.17863192198674746,h2_h3_baseline,administered,362,4787.353165476404,18.237407327079698,0.0,0.0,262.501850159805
ad8daf1f3c7534f4d3b8d3e8,1.0,0.029152963494751768,0.006175903919563095,0.6338583833253482,h2_h3_baseline,market,269,4670.0661641823035,27.90899567047552,0.0,0.0,167.3319319448923
adaa82c7279765dc13d21e90,1.0,0.0293673415078826,0.008538283585801184,0.4807025554301767,h2_h3_baseline,market,621,4028.6620817492008,14.110239998577457,0.0,0.0,285.51336349738597
adc94f95b2eaae223b8b6b95,1.0,0.02955020643394022,0.01112467202397457,0.4811568729791942,h2_h3_baseline,market,642,4617.989342852396,8.09859249366477,0.0,0.0,570.2212262766498
add0ef4b0591e2555f3bb523,0.25,0.007523302395743452,0.005243053249610806,0.1493515963821461,h2_h3_baseline,administered,233,4057.205255054013,27.223730151780803,0.0,0.0,149.03193766738892
adfa12a12481aa8a9b3d5eb8,0.25,0.007004446541512722,0.004066851560048762,0.051272348208267496,h2_h3_baseline,administered,478,4652.363989207881,30.1516828225673,0.0,0.0,154.2986511428071
ae52c72342898ab7af56d472,1.0,0.028393681073201647,0.01219249151241612,0.3686437337749458,h2_h3_baseline,market,297,4496.778244613179,11.400326356466566,0.0,0.0,394.44293996570434
ae976871bdb3af0d27f7424b,1.0,0.02701801282696,0.005695797804123448,0.4906212649835154,h2_h3_baseline,market,174,4636.518347031431,7.475623840305942,0.0,0.0,620.2182514899895
ae9849320ab3148add249f76,0.25,0.007752137916825488,0.005859523352136255,0.15701841806484518,h2_h3_baseline,administered,119,4591.757500492632,6.868229403281082,0.0,0.0,668.5503979088211
aebd840a4b2c3a8a1285c54d,1.0,0.031051114525944324,0.008591630592701589,0.4831078251257483,h2_h3_baseline,market,402,4527.168343013207,8.114166709998738,0.0,0.0,557.9338587454178
aede55a491e54a26ceac90cc,1.0,0.02942888927897866,0.011061745054683604,0.4838530808822676,h2_h3_baseline,market,546,4535.992029699023,21.726031785889134,0.0,0.0,208.78143208117322
af10e196ebc7546eb21a514e,1.0,0.028877736715895552,0.011006248375136309,0.3899945128954659,h2_h3_baseline,market,750,4650.596313423164,8.69041271435565,0.0,0.0,535.141018762074
af15a775414b0dd11666fc44,1.0,0.030640227675700748,0.011056602265969325,0.4975305369162164,h2_h3_baseline,market,307,4944.3410459092875,11.992146577157449,0.0,0.0,412.29824986689465
af211888da4fdf7da7050dca,1.0,0.029303151810612316,0.012905082299858116,0.5091038699470679,h2_h3_baseline,market,241,4553.171656037719,19.498918850131332,0.0,0.0,233.5089289325932
af4aa368f27d60659d5ade21,0.25,0.007417005061342291,0.005853163761838638,0.07645837951061984,h2_h3_baseline,administered,385,4487.933637377657,10.29455699675464,0.0,0.0,435.9520899046436
af5ebde0004241f0c0067d8a,1.0,0.02891392854416875,0.01625268693557853,0.3314778576553136,h2_h3_baseline,market,751,4425.93140722638,7.413326974970053,0.0,0.0,597.0236335413033
af801d7d0a69a77ac4d2a06c,,,,0.0,h2_h3_baseline,market,537,4679.447817102827,0.0,0.0,0.0,
af86508d03e03a3ed463bf74,0.25,0.007186252608175838,0.004600225468220745,0.1395918032779192,h2_h3_baseline,administered,777,4535.45556429714,13.518419777886578,0.0,0.0,335.50190324140067
aff370eccff5b29a729558f7,0.25,0.007360548441004369,0.006015471862149955,0.0720185678754333,h2_h3_baseline,administered,566,4612.73863793495,15.833331810364346,0.0,0.0,291.3308893656543
b0264303536ce82e52dac6f0,1.0,0.0295005952053429,0.008698068381531763,0.5353555688273804,h2_h3_baseline,market,585,4480.543486550777,14.328279027253059,0.0,0.0,312.7063255837336
b05dcdb3caa654281306b836,1.0,0.028685259808169203,0.011590496433333602,0.5292447142668288,h2_h3_baseline,market,512,4679.402624641013,9.469123531054192,0.0,0.0,494.1748419792827
b066c2bc6b676dd39f5b0052,0.25,0.00759602336882624,0.005099286122683103,0.098340153583872,h2_h3_baseline,administered,79,4499.884853685184,22.834982607354675,0.0,0.0,197.06101515644966
b080b8ce273d2ace0d2c84c0,0.25,0.0072942918975236375,0.004674424424972363,0.07376102628948121,h2_h3_baseline,administered,806,4536.908248850124,22.654607299848603,0.0,0.0,200.26426363525815
b0f340cda2ddf2184cd631c0,0.25,0.007189058073441585,0.0069990847361233064,-0.08457321505630432,h2_h3_baseline,administered,697,4518.891296652704,16.3052990473877,0.0,0.0,277.1424972654325
b12dc6626430a6b9ea8f4fe9,1.0,0.026215196340522322,0.006019020590435708,0.3255390823367096,h2_h3_baseline,market,414,4047.4995958583427,4.329632140843856,0.0,0.0,934.8368323664271
b13155936c1faae36bcb67ff,0.25,0.007526189714837713,0.005360412313817449,0.07317473958564477,h2_h3_baseline,administered,270,4606.140186271093,28.002440968479345,0.0,0.0,164.49066677636947
b153f944de744a25c16441b0,1.0,0.028563643322367827,0.007183358918751252,0.5537635957579496,h2_h3_baseline,market,284,4300.553675097962,20.168610152492064,0.0,0.0,213.2300462244087
b1804351bd1c9d7312775cb5,1.0,0.028588926415573476,0.009177062526742752,0.4387726545384559,h2_h3_baseline,market,548,4496.864207410684,8.254334657004472,0.0,0.0,544.7882105912353
b1bd7a1bb1f588c6c10b546d,0.25,0.007425996110072313,0.004841126153566661,0.07814134382167139,h2_h3_baseline,administered,41,4146.812550718014,25.60617903481848,0.0,0.0,161.94577664552403
b1cd602bc082013f9d1fc8a7,0.25,0.007720106569606808,0.00489330055635622,0.1966171411104712,h2_h3_baseline,administered,137,4509.281962617574,9.033045473703012,0.0,0.0,499.1984127330023
b1d53359881c8fb2a26293c0,0.25,0.007408269459769993,0.004904687583116789,0.08714891951931578,h2_h3_baseline,administered,671,4425.7441239377,26.67863258009183,0.0,0.0,165.8909657626263
b1f8ac1bc32cc46097e65659,1.0,0.030461005594513833,0.006107128933650096,0.5599638132170756,h2_h3_baseline,market,362,4781.525175781791,13.129064369537302,0.0,0.0,364.19390149964687
b21222646b7dcde5f117b114,0.25,0.007436820813651521,0.004700920343483935,0.018269929835802785,h2_h3_baseline,administered,230,4703.920696198953,24.233480615658426,0.0,0.0,194.10834006071426
b22e6896278a07ef5416d9b6,0.25,0.007336523810146141,0.00505297564675114,0.05798678764372325,h2_h3_baseline,administered,207,4564.748999785614,34.54136037263464,0.0,0.0,132.1531332449208
b2313f47fc3feaead39fc13a,1.0,0.02906699114890678,0.010206397582085325,0.4580424053150706,h2_h3_baseline,market,296,4718.549339771558,9.01747125736904,0.0,0.0,523.2674665766834
b24bd9b6a524fa112731cb0a,1.0,0.023397783508603033,0.0035870153496278083,0.15072190328341967,h2_h3_baseline,market,767,4729.670944635682,1.012324061708096,0.0,0.0,4672.091797023278
b2b1902542b65f75ed4fc093,0.25,0.007173684697878516,0.004266710246688778,0.02554590865232276,h2_h3_baseline,administered,664,4421.329498966793,12.381501985506707,0.0,0.0,357.0915309097576
b2b1c7aaba9216845dea6367,0.25,0.007751767565504843,0.006465769421696836,0.04797007559585461,h2_h3_baseline,administered,204,4492.9321670557465,26.51010775746401,0.0,0.0,169.47996621366983
b2c09a42859f2497465cb29c,1.0,0.028876954706817417,0.00843005737503049,0.5005597942230924,h2_h3_baseline,market,487,4430.438039862347,9.656014127061836,0.0,0.0,458.8267976375109
b2c17f3138e510016b69dadd,1.0,0.028058251420908214,0.0139717227425014,0.43089136314251464,h2_h3_baseline,market,376,4717.916616719477,10.138814833414928,0.0,0.0,465.33216103034414
b2e9cc607674da5c55868754,1.0,0.023063131273875735,0.005891129366622975,0.47900059167871417,h2_h3_baseline,market,87,4609.257811470182,2.9123784544525226,0.0,0.0,1582.64383683495
b315569e1ad258a36b248325,0.25,0.007218804667463191,0.0046844129330319735,0.05953854019331466,h2_h3_baseline,administered,319,4577.515984759351,18.268555759747645,0.0,0.0,250.5680276513869
b327536cb2d1919acdb6d92a,0.25,0.007508432128867395,0.005240568282007096,0.06259781506872934,h2_h3_baseline,administered,91,4564.870940343828,22.707207414929293,0.0,0.0,201.03180707912875
b3539eaae50b26cd8cab738a,1.0,0.030298002849021455,0.008481790032438095,0.4284589467073285,h2_h3_baseline,market,232,4163.485934165504,13.004470638865534,0.0,0.0,320.15804793486865
b366c0867d2302215af7db11,1.0,0.029639823660723093,0.013606521130658914,0.46451251291229395,h2_h3_baseline,market,420,4464.907112249821,13.643013508558338,0.0,0.0,327.2669274606347
b3d3d48b24761abbdce140c6,0.25,0.007619280711934876,0.005447007282601429,0.12574645080043942,h2_h3_baseline,administered,733,4390.12314722609,21.24323107953605,0.0,0.0,206.65985935892618
b3ec338e31c10cf86240c5eb,1.0,0.026846623768202262,0.005661336355702654,0.4566457622235884,h2_h3_baseline,market,445,4380.675438423684,4.454225871515623,0.0,0.0,983.4874936266057
b41915481ab0ce257ec4cea3,0.25,0.007375983666305559,0.0045457681707852336,0.043667002403098516,h2_h3_baseline,administered,682,4385.54043398667,23.421433814876323,0.0,0.0,187.24474635712338
b454a6a450acb3dc24e7866e,1.0,0.02969872249221022,0.007613306573929262,0.4853145874746889,h2_h3_baseline,market,579,4404.429311217488,11.72738489947994,0.0,0.0,375.56789932023173
b45fde99610f99189b43be91,1.0,0.02763467741718933,0.006771151102458418,0.5288254368612814,h2_h3_baseline,market,168,4162.870884302162,14.904525031609971,0.0,0.0,279.3024853508192
b47943d3570febc04d9ffff9,0.25,0.007251900852255416,0.005265936252616271,0.03217353350714102,h2_h3_baseline,administered,659,4653.245772268205,30.836948341262012,0.0,0.0,150.89838724546664
b4bfea7a7155ec1859efb99b,0.25,0.0072842543538480745,0.0064244013257498,0.08579478903850407,h2_h3_baseline,administered,675,4393.313232038037,23.859699423643143,0.0,0.0,184.13112227577346
b4d38f6a694a1f7c8e5f5cb2,1.0,0.008029663808576852,0.004064552210702517,0.5111872129657467,h2_h3_baseline,market,622,4775.896379485946,1.8689059600764852,0.0,0.0,2555.450344484156
b4ff5c1568f45ccd93e1b35d,1.0,0.029057748660338143,0.012140095924809519,0.36576187230303026,h2_h3_baseline,market,20,4476.025983313265,6.21411231725431,0.0,0.0,720.3001418054487
b50eac0cc9cb318b8fdbcecd,1.0,0.024630338800354278,0.011588949111695744,0.5170001930811939,h2_h3_baseline,market,68,4498.112590968081,16.726708342684546,0.0,0.0,268.9179782904111
b5395cdcf314805279d76790,1.0,0.030248789812262693,0.008972660456008063,0.5647694911912162,h2_h3_baseline,market,646,4529.483459811031,15.247157790957324,0.0,0.0,297.07067519805855
b552c7e6ea80a6a779d70f29,1.0,0.027635680179780724,0.0084164862961052,0.47225266391419296,h2_h3_baseline,market,518,4608.136315659486,9.733885208731694,0.0,0.0,473.41182034135755
b592777e45c9f4607b46198f,0.25,0.007397885369474944,0.003908797294359563,0.019963014246922643,h2_h3_baseline,administered,277,4788.853920273918,20.55796556084134,0.0,0.0,232.9439606317705
b5c92197beab7858c876a881,0.25,0.007182656701041531,0.004973030706188789,0.03155926333592372,h2_h3_baseline,administered,753,4571.303653584804,29.357397789534797,0.0,0.0,155.71215427051112
b606a5fec64703f7f0af0fdb,1.0,0.028931883936702926,0.008805945171296434,0.46189477222915193,h2_h3_baseline,market,254,4478.33403442354,9.033045473703003,0.0,0.0,495.77233364548687
b622f4899dc93f1320b5d679,0.25,0.007296861000283071,0.006962450983950892,0.045607508281315594,h2_h3_baseline,administered,38,4646.283765852321,14.561892272262611,0.0,0.0,319.0714282856308
b64cb1f7b9ab8a330902ecaa,0.25,0.007573735712840586,0.00562721575305281,0.13308770616312174,h2_h3_baseline,administered,238,4062.221761118444,31.930296357247073,0.0,0.0,127.22154895366201
b681c4de707c7454c517a956,1.0,0.029680647995625538,0.013723899921473078,0.31313112438355073,h2_h3_baseline,market,323,4580.554706304293,3.332882295469732,0.0,0.0,1374.3523773793265
b69214c5b929595dc54d1d36,0.25,0.007455818766309894,0.0050460072263194015,0.07907828706493453,h2_h3_baseline,administered,74,4423.1849476231855,26.367148253412417,0.0,0.0,167.75363437533449
b6b73962e17f572fe9b19520,1.0,0.029248448107105425,0.01248746727568263,0.45253139629315936,h2_h3_baseline,market,547,4526.508998469028,5.933776423242841,0.0,0.0,762.8378077641264
b6e575b706ec26d816fa4ca5,1.0,0.02866955142417256,0.00872592117017723,0.5159860102863,h2_h3_baseline,market,522,4542.033463493341,18.00379408207014,0.0,0.0,252.28201582336035
b6ee516553a78c9f10aae36c,1.0,0.029739535639192294,0.008993045387161907,0.5204749640300976,h2_h3_baseline,market,170,4538.081268830594,25.790902249055495,0.0,0.0,175.95666972049364
b7235c9d1a104b6fa27309a2,0.25,0.00719017157540883,0.005720847203895569,0.038459188040788655,h2_h3_baseline,administered,151,4570.553870847675,11.696236466812001,0.0,0.0,390.77132920633005
b724b81a6691353d7ee922ea,0.25,0.007398582786428881,0.005111930328093858,0.09295477429894035,h2_h3_baseline,administered,347,4771.870966186734,13.469167014786096,0.0,0.0,354.28107476492795
b756fab02805ce99b4b10a19,1.0,0.029249166519139728,0.009115545935788828,0.4745921350977653,h2_h3_baseline,market,378,4570.460480934129,12.459373067176571,0.0,0.0,366.82908973764637
b76f9d666f3dd39f98d71961,0.25,0.007288111153592185,0.004134117508994092,0.050431643452108314,h2_h3_baseline,administered,21,4710.2098112219755,25.493554806757313,0.0,0.0,184.760809032936
b77869be98ed659ce436ce55,0.25,0.007417955946839445,0.004257729331732601,0.08792841008218864,h2_h3_baseline,administered,254,4503.913579025855,28.327743169141545,0.0,0.0,158.99302504027693
b79a07f9ba7b45a4ec8a0196,0.25,0.00736650232201749,0.004354080629358728,0.0736870930516352,h2_h3_baseline,administered,493,4590.038314805156,33.219803440359534,0.0,0.0,138.17174815756462
b7c695939f03d893b48543e5,0.25,0.007606745014645144,0.005110816417865186,0.1518526437426402,h2_h3_baseline,administered,554,4168.41632517883,24.69310823618487,0.0,0.0,168.8088953933512
b7d8be0919fcd6c68e0106f4,0.25,0.0072497756462826584,0.00508382773727412,-0.00482113506237327,h2_h3_baseline,administered,604,4408.0069789671,14.72719309438585,0.0,0.0,299.3107342802122
b7e14c3a8f2cd86b220e7758,0.25,0.006921963085478584,0.00527462031479863,0.17532573205825833,h2_h3_baseline,administered,590,4324.576006663229,7.9033676628301075,0.0,0.0,547.1814283677962
b7f2f2e7638dad7d2961e9ba,0.25,0.007191343289875706,0.004570681583071895,0.08182155544166388,h2_h3_baseline,administered,584,4710.674611975296,25.75575164704421,0.0,0.0,182.89796689027727
b8028076152a4c4400a5035d,0.25,0.007356732101342769,0.005217843737646867,0.12961698834377117,h2_h3_baseline,administered,66,4242.219116634382,25.167933595696674,0.0,0.0,168.55651261570935
b80d6d5d7f613d38673587e4,1.0,0.02966062075992382,0.007488051521925556,0.32894572151087104,h2_h3_baseline,market,177,4389.764515701031,4.532096953185474,0.0,0.0,968.5945735595084
b84b563dcbf87c8d4f18b5a3,1.0,0.02982561420003844,0.009939191751056807,0.4739013392036733,h2_h3_baseline,market,601,4354.438941640073,10.123240617080965,0.0,0.0,430.14278790260295
b8aaff6483589869472e83e0,0.25,0.007364788124489532,0.005181420980193776,0.05742995988182066,h2_h3_baseline,administered,457,4577.000012460103,34.65263134308483,0.0,0.0,132.08232203623044
b8e309d56d7fa231b4cb25ae,1.0,0.024087965715423838,0.004727600333789672,0.42827798545640505,h2_h3_baseline,market,318,4548.564672541644,1.7910348784066317,0.0,0.0,2539.629310060231
b8e87657026501920dcda634,1.0,0.029900657039072923,0.007835182971575603,0.5313927983316242,h2_h3_baseline,market,120,4411.526169502787,9.235510286044631,0.0,0.0,477.6699968781203
b91c4f51586b84714ad40b04,1.0,0.028048681836526815,0.009185052605034846,0.5012421122296871,h2_h3_baseline,market,23,4552.893609590698,12.926599557195685,0.0,0.0,352.2112361758973
b91d9abf44f0f07f48e6dec6,1.0,0.029517040190933656,0.02790163258941709,0.2552414094611714,h2_h3_baseline,market,212,4653.104405403022,3.7378119201529705,0.0,0.0,1244.8738740210858
b95aee3c39cfd718c689eb76,1.0,0.029352443154775962,0.005934795227334906,0.3393424649896387,h2_h3_baseline,market,354,4541.243130441327,3.301733862801791,0.0,0.0,1375.4116228458556
b9844a1bf7d81b53fa212d30,0.25,0.00739010872023031,0.005497489418927686,0.10603189018914531,h2_h3_baseline,administered,770,4366.324577265705,23.299027635620167,0.0,0.0,187.40372540656386
b994b0faa4e3d1d2134fdee6,1.0,0.029291514470993724,0.011499509695555967,0.49158365197885323,h2_h3_baseline,market,413,4512.085838953575,15.714384280976443,0.0,0.0,287.13093419866453
b9ba63ea35c377aaaf74a669,1.0,0.028861914316041983,0.010258772990381571,0.484563071243846,h2_h3_baseline,market,553,4320.630978275546,16.49309509767498,0.0,0.0,261.9660501978566
b9ec8fcd78a1dc349ee3ebd1,0.25,0.007511998959491062,0.0069299036973572365,0.024314233854804686,h2_h3_baseline,administered,363,4778.505218840719,16.89185587399406,0.0,0.0,282.88811214624974
b9f5e57a519deb10b95a1c19,0.25,0.007449574951358758,0.0056023575034561375,0.04401735251309358,h2_h3_baseline,administered,334,4441.5915848396235,19.194941920694053,0.0,0.0,231.39385381787204
ba1cfd184b9aa05aadaf3d61,0.25,0.007488616987910094,0.004689009744301187,0.08444884927560482,h2_h3_baseline,administered,50,4502.6285300778945,31.47549121095481,0.0,0.0,143.05189075209057
ba744a20c3b64a3158cb5874,1.0,0.029657149483320835,0.013108321553354708,0.48237740291866704,h2_h3_baseline,market,398,4443.80440553354,8.565818983683892,0.0,0.0,518.7833660737012
ba8875227a10469e6270ce03,1.0,0.028797857548671667,0.00936494775577211,0.4651631729036659,h2_h3_baseline,market,233,4050.901458734601,14.452872757924816,0.0,0.0,280.28347904145255
babc99fdd9e0397fe5b9839d,0.25,0.007450086496609021,0.00573059180999572,0.04594692593334993,h2_h3_baseline,administered,212,4667.837866104601,13.409400263548772,0.0,0.0,348.10191167112396
bad299de8cd466c40f57d81d,0.25,0.00767685955497424,0.004938731716091915,0.058521926230969926,h2_h3_baseline,administered,690,4612.430735955151,17.77018083706058,0.0,0.0,259.5601461936562
bb7d0181e215aab6b187735f,1.0,0.029179441965323457,0.010501101169308816,0.3480341549387707,h2_h3_baseline,market,501,4575.289966608219,3.255011213799879,0.0,0.0,1405.6141948792415
bb8f7e49cffc527f14cb1951,0.25,0.007430930285030451,0.006529752361678143,0.050207718177650844,h2_h3_baseline,administered,80,4630.086319620059,30.498554677374894,0.0,0.0,151.81330291218197
bbd2a905ccfd0c50b7566835,0.25,0.007710463751719714,0.004836894937925576,0.14820789279136304,h2_h3_baseline,administered,458,4644.742134570016,20.6825592915131,0.0,0.0,224.57289105782684
bc3c93f666fbfb03a86fedaf,0.25,0.007662331355056621,0.005562215879574916,0.015436641541482348,h2_h3_baseline,administered,32,4538.854303838412,24.37364856266417,0.0,0.0,186.2197320261309
bc7b2da3d7d270697df57af3,0.25,0.007447167652449087,0.005186948817317333,0.034354033329731685,h2_h3_baseline,administered,687,4595.507630962323,33.11078392602174,0.0,0.0,138.79187038367633
bd0ada5c87475d18a0731195,0.25,0.007777741050378278,0.006873558964048545,0.05018677802678875,h2_h3_baseline,administered,344,4327.493518925725,6.260834966256223,0.0,0.0,691.2007012242692
bd29043e7bc1118e0ba40f4b,0.25,0.007448741999412346,0.004825827937490205,0.10883351781928421,h2_h3_baseline,administered,211,4364.78271555271,21.149785781532227,0.0,0.0,206.37479550095458
bd4bda6a4c0a58acbe3b82bf,0.25,0.007554809818003634,0.005590352481871876,-0.030354860617620164,h2_h3_baseline,administered,572,4351.426659315467,26.46059355141623,0.0,0.0,164.44932162463033
bd7ae7efc28ae95146831a36,1.0,0.03120225207653962,0.005838195953022698,0.4863505811572378,h2_h3_baseline,market,507,4474.807025278467,7.755959734317412,0.0,0.0,576.9507808916296
bd82f08c30ddc45f10c28e52,1.0,0.029199564851307012,0.009119744524406804,0.5545716659027135,h2_h3_baseline,market,246,4720.987482856097,24.24905483199239,0.0,0.0,194.68748433970214
bda5e1340a01412b86c6232c,1.0,0.028838165265193828,0.00786832654629927,0.2691855106528001,h2_h3_baseline,market,96,4652.814567143424,1.9000543927444267,0.0,0.0,2448.7796691035396
bdd800265d75b4e3b6fed29e,1.0,0.028154074405328494,0.005559091643125584,0.5129876472062778,h2_h3_baseline,market,560,4576.628579345012,4.609968034855328,0.0,0.0,992.7679638430808
be5d0991f4101702036117b1,0.25,0.007605409749831586,0.007702283597712287,0.10759814673381154,h2_h3_baseline,administered,195,4364.007553420348,10.169963266082865,0.0,0.0,429.107504053082
be645a1c5a9f61648f50c0ca,1.0,0.030163995150323576,0.010310925626238499,0.4989725213848278,h2_h3_baseline,market,266,4486.352768701138,16.29063028533336,0.0,0.0,275.3946710545787
beb3a2c81b019e0d21116537,0.25,0.007411389211649364,0.004987024356008835,0.09094719120261707,h2_h3_baseline,administered,754,4301.987597075749,27.89342145414154,0.0,0.0,154.2294696313421
bf40708a9fb2f7297a58e965,0.25,0.007341340786913315,0.005139988244709826,0.11368229230121649,h2_h3_baseline,administered,544,4460.4404957395345,17.567716024718962,0.0,0.0,253.89985183409124
bfbbb375696ef76ffb8097e2,1.0,0.029509043824629183,0.010483934718632387,0.5045469526014525,h2_h3_baseline,market,105,4649.42609432174,10.995396731783314,0.0,0.0,422.85205415845525
bfcdb90ec4718b081c4d14c6,0.25,0.007287932970604381,0.005013941643095058,0.06007602971909974,h2_h3_baseline,administered,746,4507.3306449025295,26.697060676476514,0.0,0.0,168.83246809541313
bfe1aa6f859ca98174cc4d43,0.25,0.007057682089469837,0.0029468926999118,0.3812560055629945,h2_h3_baseline,administered,581,4264.250708948481,15.97914595865395,0.0,0.0,266.8634932043447
bff3477451e2e992d5051edb,1.0,0.025567009820748027,0.012021829114057483,0.4405195790287399,h2_h3_baseline,market,208,4417.3030163935055,15.49634525230086,0.0,0.0,285.0545044314649
bffb4bd3942b70ab22ea74cf,1.0,0.03031612317925416,0.008986659490777017,0.5209792627991587,h2_h3_baseline,market,141,4474.4562875026395,13.689736157560255,0.0,0.0,326.847518170143
c00eb461e869a79eb16cd49b,1.0,0.0278798696098009,0.0060549638782542315,0.36416697861933445,h2_h3_baseline,market,47,4660.6339886433525,2.865655805450611,0.0,0.0,1626.3760566703822
c018ba4520880b46b26d89ad,1.0,0.012397080369243137,0.002494795200886332,0.3407543398426873,h2_h3_baseline,market,181,4486.167351419617,1.8689059600764852,0.0,0.0,2400.4243376889976
c03e04685059ad0ff3b26987,0.25,0.007502597204977032,0.005332393121851768,0.09818842808907763,h2_h3_baseline,administered,266,4496.893371085229,26.460593551416242,0.0,0.0,169.94680645946974
c046deeddb7660dc59469c38,1.0,0.03316705102376012,0.005042591975766953,0.5572505982340688,h2_h3_baseline,market,743,4559.3042335078335,2.8189331564486984,0.0,0.0,1617.3864297128848
c05b3d83c14e4b24ea8c75ae,0.25,0.007320325139842475,0.006204417141162468,0.03150250277484699,h2_h3_baseline,administered,805,4628.839482650863,34.18273482362556,0.0,0.0,135.41454498987653
c0bce32d43aee5e583f8d5db,1.0,0.027111434330533625,0.0073304272910220784,0.48208354154238353,h2_h3_baseline,market,590,4317.210401783748,2.6476167767750205,0.0,0.0,1630.6024495895542
c0bd001664df636008faa288,0.25,0.007539301230140751,0.0048183127105423515,0.04034963143264957,h2_h3_baseline,administered,638,4508.677848713003,26.52811121410141,0.0,0.0,169.95849468228815
c0cfec9911755b63ca383e33,1.0,0.028755234747580252,0.011016605752665177,0.45682781543700113,h2_h3_baseline,market,461,4434.026159559018,7.3354558933002005,0.0,0.0,604.4649745094661
c0db2647bf2c2794df04f70f,0.25,0.007718837036584139,0.005035527307611165,0.04478718741368698,h2_h3_baseline,administered,97,4529.385133193746,25.868773330725343,0.0,0.0,175.09083539782768
c0e1d31dfb7c65598ead1480,0.25,0.007445162503763539,0.004952482619440283,0.08836378545995392,h2_h3_baseline,administered,776,4306.885818117278,26.02094619989886,0.0,0.0,165.51611094503622
c13fc363680d418dc1aa97f4,1.0,0.028829419972523602,0.0097917533426803,0.5463185479484365,h2_h3_baseline,market,783,4565.537798261703,21.352250593873837,0.0,0.0,213.81998015570306
c16bdbb23f7f5d4de45ee541,1.0,0.027817164420742366,0.016188298901752475,0.3937396411863099,h2_h3_baseline,market,80,4612.514257660468,16.91359893869219,0.0,0.0,272.71039560413755
c2102d445da9706fadbea3b0,0.25,0.007401244332140781,0.004881583292371478,0.06137539561061802,h2_h3_baseline,administered,533,4604.019017719095,25.883965657412453,0.0,0.0,177.8714698765887
c2681ec6631ab9f9025a1e72,0.25,0.006872766941335627,0.006211629547417483,0.0,h2_h3_baseline,administered,622,4777.482899056881,2.959101103454435,0.0,0.0,1614.5047877815596
c298c034b4a7f2bb0f2faa81,0.25,0.007366032716804888,0.005524560584461844,0.03867168755842702,h2_h3_baseline,administered,669,4544.036587984332,15.006051812804717,0.0,0.0,302.8136011170433
c2d5948196b3728c8640e711,1.0,0.026666319589387318,0.015863669188788836,0.3736430821512332,h2_h3_baseline,market,391,4481.500242432037,10.901951433779494,0.0,0.0,411.07321653866404
c2daa0c4ce7b08219542438c,0.25,0.007396696711063928,0.005315183051387268,0.05628094339515364,h2_h3_baseline,administered,380,4371.040974982915,19.12513765811603,0.0,0.0,228.54951703461333
c2f352274d2f09b31179f42c,1.0,0.029691276955412543,0.009742516786825856,0.4916498456710257,h2_h3_baseline,market,596,4197.386011243682,12.864302691859802,0.0,0.0,326.28165799454325
c30ceb6486702c744f063599,0.25,0.007551710611528902,0.005594081839852205,0.009741882352509036,h2_h3_baseline,administered,194,5024.043683680887,27.40037944078351,0.0,0.0,183.3567193672857
c314d1dd5253949539c2940d,1.0,0.02770086924833239,0.01031415161087226,0.5378888541582484,h2_h3_baseline,market,134,4634.3559247386065,13.30038074921099,0.0,0.0,348.43783889521563
c35533f51c166ac92a2a87c9,1.0,0.029199584693374196,0.007387302621510949,0.5572561522908968,h2_h3_baseline,market,317,4465.519271406879,20.21533280149398,0.0,0.0,220.89763820642432
c383a7daac7b1e9d9d8d8221,1.0,0.029278712073159574,0.00874287668060891,0.41110227096683954,h2_h3_baseline,market,411,4400.567898662829,6.930526268616966,0.0,0.0,634.9543639405313
c38c4ee1cb80f3ad9eeab9f5,1.0,0.029367763824457126,0.010473646725178748,0.38433130003865906,h2_h3_baseline,market,28,4370.788362022744,8.36335417134227,0.0,0.0,522.6118938020842
c3d629365a1fd54c013b2fbc,1.0,0.029022090133038043,0.014529189811700349,0.458696831880925,h2_h3_baseline,market,541,4649.603582619035,9.811756290401542,0.0,0.0,473.8808675025449
c409590b4092c4bee0dbcef6,1.0,0.029662481670855858,0.008631339722962074,0.4447977373515885,h2_h3_baseline,market,237,4580.149504688347,6.977248917618874,0.0,0.0,656.4406055691381
c40d8903954d503d22e8c556,0.25,0.00719097603428789,0.00637143743876044,0.08089913499814005,h2_h3_baseline,administered,778,4516.597876750219,15.761084796004754,0.0,0.0,286.56643468444014
c419822809aa8d4f4e7c7fe9,0.25,0.007163383846505823,0.006768776669803352,0.04176476351236725,h2_h3_baseline,administered,313,4795.559383547971,10.746209270439794,0.0,0.0,446.2559087453646
c41e64fc301848cfc6b95c54,0.25,0.00732881113781291,0.00485364400793168,0.10410348543972618,h2_h3_baseline,administered,171,4528.613809728166,15.07584141128365,0.0,0.0,300.3887933139629
c427fd830ba5035eecf2b21c,0.25,0.007315271795244997,0.005162188445387463,0.05251681028391342,h2_h3_baseline,administered,261,4602.345033963796,23.71953147663739,0.0,0.0,194.03186941094881
c428bd937e04d47a6ee9fe20,0.25,0.007167106103064812,0.0033860384271794447,0.028949920580898625,h2_h3_baseline,administered,310,4636.486145583079,22.541571323934335,0.0,0.0,205.68602245843087
c45b9fcade5e2441319e22e5,1.0,0.02860935369020668,0.00918450975483163,0.4432348742180689,h2_h3_baseline,market,114,4486.929451271835,8.581393200017857,0.0,0.0,522.867248556155
c4623249bdd5d5b0968790d7,0.25,0.007562166371284546,0.004953099477070875,0.10974409394316068,h2_h3_baseline,administered,369,4346.595921281758,24.385158093207348,0.0,0.0,178.24760063755878
c46ab5e1d7d999a2d5978d5e,1.0,0.0297655387921282,0.00901697108472594,0.4410734818815738,h2_h3_baseline,market,67,4256.716316744967,12.615115230516274,0.0,0.0,337.4298402322847
c4892eedc57f34082aa66035,0.25,0.007293079284114972,0.005664206478905774,0.03641815852926595,h2_h3_baseline,administered,113,4675.056278422514,18.14628950730291,0.0,0.0,257.63152718031165
c5191da4f0f858c7cedf6d8a,1.0,0.02946966881151964,0.015624196873456557,0.46433955746338024,h2_h3_baseline,market,614,4915.45408619059,12.911025340861718,0.0,0.0,380.71756165126686
c54f5a453df833fe8aca6fe8,0.25,0.007152504740016377,0.005281701139292834,0.05134512059601562,h2_h3_baseline,administered,663,4774.684675674451,17.022618453029985,0.0,0.0,280.4906124665309
c6826d92688fd9a1a98906ca,0.25,0.007405175885010906,0.005719755104088669,-0.0030576692635305492,h2_h3_baseline,administered,219,4410.392280687054,24.52939072600387,0.0,0.0,179.80031913355066
c6ca4c5dad97b676ddafc538,1.0,0.03059933260944229,0.008566869913204956,0.5090664353368314,h2_h3_baseline,market,603,4762.936065467403,2.772210507446786,0.0,0.0,1718.100430206536
c7a05ccddc0e4fb83b95e55a,0.25,0.0073078461365434005,0.006527769392895053,0.03198391576654385,h2_h3_baseline,administered,381,4591.773202820154,21.710457569555178,0.0,0.0,211.50052632972833
c8043d3d2cb04030ca2fabb3,1.0,0.028016519912549023,0.0077988467805962,0.5271184508553755,h2_h3_baseline,market,308,4618.691896516533,13.004470638865536,0.0,0.0,355.1618535485003
c80649a8af9b29964a5f9f60,1.0,0.02746559844425738,0.014045162489473045,0.4571271942977833,h2_h3_baseline,market,467,4712.699844872373,3.7378119201529705,0.0,0.0,1260.8178114749833
c8316108c36a2beb4d66df1c,0.25,0.007215347700220771,0.0044735720206330746,0.06342983101013024,h2_h3_baseline,administered,12,4662.7811025369265,9.046926537637628,0.0,0.0,515.399465568612
c8469b084381534c4276c725,1.0,0.025993042060575337,0.006162625492340102,0.5828288605553497,h2_h3_baseline,market,224,4466.896826597176,12.677412095852157,0.0,0.0,352.35084201914304
c857e32052f7637f5522435e,1.0,0.027679398517611295,0.011557297848453878,0.4601108808869672,h2_h3_baseline,market,238,4055.454787132246,20.355500748499715,0.0,0.0,199.23139387426517
c872de5cb0df7abd727b5802,1.0,0.029390086293907297,0.009073012733014238,0.47287678259130816,h2_h3_baseline,market,652,4338.506740496763,16.29063028533336,0.0,0.0,266.31914569952335
c88d051b1aa4f33ca2a14c86,1.0,0.028436891723830675,0.009990105150989402,0.4641069999328307,h2_h3_baseline,market,42,4450.862062575222,8.65926428168771,0.0,0.0,514.0000256127694
c8b3b45913b9a6791d44231c,1.0,0.028648580767021682,0.01459882040077768,0.3530390463845062,h2_h3_baseline,market,572,4341.363260768795,15.122564060285553,0.0,0.0,287.07851680853247
c8ff54cfb29bb3b3582b2280,1.0,0.030377806137766052,0.0238179629378536,-0.0290929377489126,h2_h3_baseline,market,37,4473.768398881507,0.24918746134353126,0.0,0.0,17953.425002849337
c90a0912fe891f465e686370,1.0,0.028781808462516618,0.0072439111052046675,0.5639768840210727,h2_h3_baseline,market,92,4561.573139152755,13.549568210554519,0.0,0.0,336.6581922219108
c935feef26de259b27148e11,0.25,0.007614807819760839,0.005951030589606093,0.05048569275162339,h2_h3_baseline,administered,114,4500.968115193495,21.231684582988745,0.0,0.0,211.9929814141908
c98b64c9853c05a3c75538b7,1.0,0.028881584162870514,0.008045083364056021,0.5377169385040618,h2_h3_baseline,market,251,4768.4944278696075,16.368501367003212,0.0,0.0,291.3213812892045
c9b6c9eea5140fe442d61be6,0.25,0.007543783920968251,0.005085902842547339,0.03500906378942626,h2_h3_baseline,administered,205,4617.052367250695,17.082472364448954,0.0,0.0,270.2801016590219
c9bae7dd769c8057751284a6,1.0,0.03187886355111805,0.0037038844930502085,0.37298833919930624,h2_h3_baseline,market,217,4788.575916224268,1.8689059600764852,0.0,0.0,2562.2348146550376
c9c2b89b9bc4972b15ff5da8,1.0,0.03149160645219392,0.002479689263420107,0.4018528960328758,h2_h3_baseline,market,218,4400.697973359676,4.205038410172092,0.0,0.0,1046.5297921451274
c9e1df5a8259213b926fb07b,1.0,0.030355301083926856,0.009678652828805956,0.48569425430169766,h2_h3_baseline,market,10,4463.572043171471,9.048619690036977,0.0,0.0,493.2876169042784
c9f9e32905ec70f9c31dfb5c,0.25,0.007469342497371705,0.0059519859980422495,0.09194031289531257,h2_h3_baseline,administered,106,4628.725462298346,10.715060837771851,0.0,0.0,431.9831247230575
ca2df329f8ed6eb1d767e1ed,1.0,0.02935892966800449,0.013316493187012347,0.4973696866696924,h2_h3_baseline,market,288,4563.1262337934795,7.802682383319323,0.0,0.0,584.8150686677432
ca301b96d14e7b3ff1ab64b8,1.0,0.030244723336046136,0.008913921826056223,0.4864098046233633,h2_h3_baseline,market,33,4563.812078211453,12.817580042857895,0.0,0.0,356.05879291968705
ca4e010404528fc73fdb29b2,0.25,0.007352592456930924,0.004795849213886306,0.07187194959961972,h2_h3_baseline,administered,731,4400.982241884993,33.37554560369924,0.0,0.0,131.8624808158103
ca889b8c7061d9b63401d6d8,1.0,0.029547648814796136,0.010576659270697343,0.5110093419898892,h2_h3_baseline,market,464,4556.969014074061,11.680662250478035,0.0,0.0,390.12933653548333
cb295c5c0364e5cf32f49ead,1.0,0.030715175373244957,0.0070959031302579465,0.4733564326452964,h2_h3_baseline,market,148,4203.646809467163,13.970072051571725,0.0,0.0,300.9037314874997
cb388b3d12e16a185e0f8f8d,0.25,0.007296923994581408,0.004514537394017855,0.09713079505614552,h2_h3_baseline,administered,801,4295.25855689803,29.73763888803722,0.0,0.0,144.4384530012541
cb79848bcdffb50c4cf7fffe,1.0,0.02453808412463138,0.011523337003780455,0.43261514299297127,h2_h3_baseline,market,513,4616.461950363996,9.640439910727862,0.0,0.0,478.8642419965511
cb7e7ff8414d4d0096744bbb,0.25,0.0075961303235222615,0.006319483163897802,0.06572948714847547,h2_h3_baseline,administered,762,4568.308892235028,23.641660394967545,0.0,0.0,193.23130507396408
cb95965fa95666cb85d306b2,0.25,0.007458509158526953,0.005493741875131115,0.10668092852349001,h2_h3_baseline,administered,326,4401.16054903414,14.312704810919083,0.0,0.0,307.5002668731433
cbad09bec6de2680e814ab8e,0.25,0.007490121543590556,0.0056520571775086105,0.0576356570927298,h2_h3_baseline,administered,42,4467.0558018645615,22.641659675751594,0.0,0.0,197.2936554049798
cbad608570c2afb3b147fd54,0.25,0.0075157777267488525,0.0048785235566586515,0.08637063642276807,h2_h3_baseline,administered,660,4515.308483035159,33.718178363046576,0.0,0.0,133.91317984080985
cc1104f4dfa778ff65fca522,0.25,0.007428914136210949,0.0063314892043920285,0.032970752699375695,h2_h3_baseline,administered,529,4572.79247732225,11.49377165447038,0.0,0.0,397.8496019227693
cc13a425cbd3eba3273e860a,0.25,0.007466645770413171,0.005753167697383377,0.04073414296064387,h2_h3_baseline,administered,250,4371.065429223017,16.711134126350572,0.0,0.0,261.5660550728632
cc1cf6eaf616e2b5d1f561fd,0.25,0.007564927422609127,0.004594595424899248,0.05720019033199229,h2_h3_baseline,administered,131,4729.840484668584,18.40872370675337,0.0,0.0,256.93473159866096
cc6218361734655d0b0ae633,1.0,0.028958070415752574,0.013114437351247338,0.4362212461812667,h2_h3_baseline,market,685,4570.3316536135835,14.281556378251135,0.0,0.0,320.0163576410745
ccc97c2cb2dc7a3cc1b4085a,0.25,0.0072294435275836386,0.004675763711441506,0.04171953383419552,h2_h3_baseline,administered,475,4402.135654699656,32.16200368460947,0.0,0.0,136.87379983748386
cd4822659010be501411912f,1.0,0.02918987962724146,0.011730233972655947,0.42226677339696544,h2_h3_baseline,market,806,4512.788457910929,6.291983398924166,0.0,0.0,717.2282842771879
cd75866fc4fb3d37297c8329,1.0,0.030490493079379448,0.008271444723734462,0.4810896692895879,h2_h3_baseline,market,655,4371.06777546625,14.016794700573637,0.0,0.0,311.8450308248693
cd8e88790caf3a42e7816774,1.0,0.028968058171264167,0.011516164655453603,0.4336930033967109,h2_h3_baseline,market,146,4563.256460921586,5.778034259903132,0.0,0.0,789.7593291525566
cd9a5b4054ed7b4f8509ffce,1.0,0.057292808595834396,0.0022237774200506563,0.0,h2_h3_baseline,market,539,4637.377072117454,1.8689059600764852,0.0,0.0,2481.3324860538564
cda530573950cfe39ce4b5f3,0.25,0.0074527677504751325,0.004365721580105452,0.0935187966886183,h2_h3_baseline,administered,526,4462.49824380897,27.815550372471698,0.0,0.0,160.4317794921428
cde056ac5f5a11660e14818a,1.0,0.029068239894634366,0.008411301052386067,0.42927506013478955,h2_h3_baseline,market,737,4599.547405605113,8.472373685680063,0.0,0.0,542.8876931360135
cde3ffb3e987d081e1569be3,1.0,0.027031365969952398,0.009649082449718835,0.4480060566784028,h2_h3_baseline,market,369,4328.206845020276,8.160889359000649,0.0,0.0,530.3597015742769
ce35102dc7f3431263d3b98f,0.25,0.007401017822529593,0.004823436362344103,0.03269155588779889,h2_h3_baseline,administered,455,4575.921504102932,21.10306313253031,0.0,0.0,216.83683905817267
ceb1f7ce520823252a55062c,1.0,0.02890111058005419,0.01716245054421895,0.3654918495107554,h2_h3_baseline,market,103,4565.008816305327,9.469123531054189,0.0,0.0,482.0941242697157
cebe7287866aaa8c898fcaff,0.25,0.007361137324875,0.0048314116176574155,-0.012322147382935479,h2_h3_baseline,administered,641,4562.667538034911,22.037516112568557,0.0,0.0,207.0409167135086
cf049fdd9b13b31e05b5f4f2,0.25,0.007249332308680906,0.006278866597398085,0.09669686494149735,h2_h3_baseline,administered,262,4412.023475288455,29.574907234960694,0.0,0.0,149.18131239556257
cf18ce1347ea243e4731b239,1.0,0.02708856925289417,0.011486900086418419,0.2975092127786171,h2_h3_baseline,market,82,4571.578616585108,3.130417483128113,0.0,0.0,1460.3734617584919
cf2bb5c9a16797ce9a8e6dfa,0.25,0.0076916919273998605,0.004919794375481629,0.047881630229017674,h2_h3_baseline,administered,438,4507.679360625905,27.177007502778892,0.0,0.0,165.86371255794032
cf60cac232e380a728596177,0.25,0.007480057127775303,0.004424638229521636,0.10449964292257587,h2_h3_baseline,administered,453,4282.3389871407735,20.657282571043986,0.0,0.0,207.3040813772608
cfa9019e8cb5bd09abd72f96,1.0,0.03228034297149297,0.01029235069791607,0.46645159913523077,h2_h3_baseline,market,0,4537.244211371988,7.615791787311673,0.0,0.0,595.7678909934599
d000a9a98eba33c65c6092f3,0.25,0.0075815262688611815,0.007698433627088972,0.03761470751173689,h2_h3_baseline,administered,264,4770.684415301492,15.07584141128364,0.0,0.0,316.4456487138975
d02b0b00b7b300187068071e,0.25,0.007282460394631297,0.0047878753883713486,0.01651813208174184,h2_h3_baseline,administered,484,4763.011297694373,19.987722672469737,0.0,0.0,238.29684730690946
d04055492e526dc59065934c,1.0,0.03021959860932883,0.013084395861797795,0.42073457090140953,h2_h3_baseline,market,532,4579.18384912523,2.8968042381185524,0.0,0.0,1580.7709022475635
d0669341733d060a9fda0587,0.25,0.007896249769832867,0.0075356887005097045,0.10934453778516881,h2_h3_baseline,administered,534,4257.425177947292,27.92456988680948,0.0,0.0,152.46162054436297
d067fa5d301979c70753551e,0.25,0.007032303976505797,0.005734720015626918,0.03387994728159563,h2_h3_baseline,administered,4,4642.82098040324,20.85905553140504,0.0,0.0,222.5805944767292
d07ccabade85bf2bd4283476,1.0,0.03293269417215139,0.006097087169468149,0.1640351189388155,h2_h3_baseline,market,221,4387.21917528578,0.8254334657004476,0.0,0.0,5315.048828996612
d0ef4656589ea312e9aefdbb,1.0,0.029440016186418862,0.012888769354829452,0.47931485392979845,h2_h3_baseline,market,494,4143.560342582653,15.807829578980268,0.0,0.0,262.12076249179466
d0f776df4cec9e6386eb8936,0.25,0.007604289973854363,0.00573030168825063,0.004984942442115495,h2_h3_baseline,administered,693,4434.736707741085,31.317594345864155,0.0,0.0,141.60527972758365
d1798c3afef946ba4b0960c4,1.0,0.033900852639717934,0.0055907174406734615,0.28818775922562867,h2_h3_baseline,market,344,4324.458348375956,3.7378119201529705,0.0,0.0,1156.9491565533285
d18157a66013394b4159f4e6,0.25,0.007312479108856721,0.005075761143694057,0.052641919482785786,h2_h3_baseline,administered,452,4576.215640732517,17.100489534699832,0.0,0.0,267.60728875314294
d187f042356c23dda917dfc9,0.25,0.007063278411430887,0.005113809621388622,0.11253349763298016,h2_h3_baseline,administered,764,4393.4164975318645,4.205038410172092,0.0,0.0,1044.7981846976907
d19767a26f10cb181b586d77,0.25,0.007420261003427349,0.004325954625535876,0.02597092647953416,h2_h3_baseline,administered,686,4687.373949708825,27.566362911128156,0.0,0.0,170.0396227395163
d1a7945e2d0cc668c8750268,1.0,0.02754524703853888,0.010953846263273965,0.45523860132874006,h2_h3_baseline,market,171,4516.779432060224,6.291983398924165,0.0,0.0,717.8625793628963
d1b9d44ee45404a1d0bf20ca,1.0,0.029593435410693307,0.009477579811236375,0.5075670790881497,h2_h3_baseline,market,624,4282.2269757702325,24.918746134353146,0.0,0.0,171.84761033648985
d1c7febd08641b79930616a7,0.25,0.007041538185108054,0.0058906322467755625,0.023525303935959172,h2_h3_baseline,administered,271,4686.684417884899,12.739708961188041,0.0,0.0,367.8800223900752
d1ce6f6ac9b8c17f477cb61b,1.0,0.029844131244212337,0.009839538604545499,0.48936798912009366,h2_h3_baseline,market,485,4694.653083112216,7.849405032321236,0.0,0.0,598.0903092376044
d21b2c10765ba87d3162996a,1.0,0.028831974959384308,0.009097794700552336,0.5392677166351568,h2_h3_baseline,market,77,4568.837686158937,11.75853333214789,0.0,0.0,388.5550652535645
d230fb329e2ee453303cae10,,,,0.0,h2_h3_baseline,market,104,4546.591845938598,0.0,0.0,0.0,
d24534c5873b361e1657713a,1.0,0.02819367895251794,0.012759361245731769,0.4866106794593203,h2_h3_baseline,market,582,4609.198019535355,8.456799469346095,0.0,0.0,545.0286525348758
d249f218cf11a25fd27a924a,0.25,0.007561381981514719,0.005206649296756667,0.12579458020609802,h2_h3_baseline,administered,37,4483.036930318125,7.55349492197579,0.0,0.0,593.5049902893804
d271d49fc4333b7a5da79a3e,1.0,0.026548656310128958,0.00980659694516875,0.4928670837622473,h2_h3_baseline,market,85,4324.497032594144,19.23415717245383,0.0,0.0,224.83423598032493
d29575bff30594baa767f953,0.25,0.007531855125894575,0.00441788792906648,0.0689157337760198,h2_h3_baseline,administered,215,4448.987147823034,20.553754791373425,0.0,0.0,216.45617518460958
d2a0524fab00065c42b9842f,0.25,0.007227640595777165,0.005678189226189494,0.0,h2_h3_baseline,administered,605,4662.658788229618,7.164139513626526,0.0,0.0,650.8330525056114
d2d1bae05432773528ff7fab,1.0,0.02920862912254459,0.012627617551565556,0.46927073657654106,h2_h3_baseline,market,213,4749.181393121477,10.995396731783323,0.0,0.0,431.9245143191133
d2f564af0b8f5b11b4f7c5ba,1.0,0.028284389648503206,0.01240234675685726,0.45477793220899915,h2_h3_baseline,market,225,4309.56016307064,10.839654568443608,0.0,0.0,397.57356988262586
d3403aab83fc8462569b838a,1.0,0.029676328739757125,0.007359232930691404,0.5109949980994731,h2_h3_baseline,market,470,4536.438610548798,12.023295009825386,0.0,0.0,377.3041089686014
d35ca9df0c75774658aa900a,1.0,0.02759718397549266,0.01265917345375371,0.4260916206871088,h2_h3_baseline,market,491,4288.28725953467,9.23551028604463,0.0,0.0,464.32596864891275
d367a7127055ce44d73bd81d,1.0,0.02988600891743897,0.0171366536701169,0.2637547995927797,h2_h3_baseline,market,71,4762.598868253511,7.444475407637994,0.0,0.0,639.749425912148
d373bcb9cb3e460f0783384c,0.25,0.007406074302867891,0.005994157868100825,0.08469783776141758,h2_h3_baseline,administered,208,4424.04955172688,23.330176068288115,0.0,0.0,189.62778243839892
d4041c47ec9d0bedf88cddc6,0.25,0.0073653017724559355,0.0039340936305191625,0.11946824711769977,h2_h3_baseline,administered,121,4763.086875612798,13.206935451207167,0.0,0.0,360.6504244084447
d40625c00ea390eb2691aeef,0.25,0.00759218716338677,0.0056995568257659475,0.010892567764335793,h2_h3_baseline,administered,241,4559.928920309238,30.369721851242886,0.0,0.0,150.1472072297765
d4248c3a6fad2a3d252054c4,1.0,0.028882627679077736,0.008330406876303138,0.4897578574151902,h2_h3_baseline,market,651,4445.836886686396,9.064193906370953,0.0,0.0,490.4834266135402
d4538e6f61053d5e8350f414,1.0,0.030394266401114083,0.010159894020699006,0.46272255879840096,h2_h3_baseline,market,702,4222.44210250237,15.434048386964974,0.0,0.0,273.57968542255503
d45a5f8ea4388ccc2b3a40b0,0.25,0.0073116820810518925,0.0049540673993747775,0.062077356484919716,h2_h3_baseline,administered,98,4614.202882925215,20.666985075179138,0.0,0.0,223.2644416270872
d465dc63d082a95cb39bc252,1.0,0.028562222139375423,0.009834279613027866,0.5283065313603829,h2_h3_baseline,market,49,4847.490394195434,9.204361853376689,0.0,0.0,526.65143672259
d4769dd99f0843fc243b3f1a,1.0,0.02867600480198057,0.010559066768179682,0.5255363626427056,h2_h3_baseline,market,336,4557.264349641227,12.755283177522008,0.0,0.0,357.28445117331967
d4aec3b7822df5e7f5d6b19a,0.25,0.007346040289267668,0.0061054886046438845,0.0636160604493359,h2_h3_baseline,administered,612,4455.78009266168,19.74810631147486,0.0,0.0,225.6307527609672
d4d0e8a13713b8cc0b9914ed,0.25,0.007456087663350239,0.004910172692596714,0.0732746363484434,h2_h3_baseline,administered,757,4542.5974384697165,28.04916361748124,0.0,0.0,161.9512617352557
d4e88f7d2b113c7fa3f99589,1.0,0.029487603782504618,0.01625412486891128,0.3775517714728663,h2_h3_baseline,market,594,4401.204917947186,7.2887332442982915,0.0,0.0,603.836739585728
d5275f63880f6b3f57bf53a8,0.25,0.007376005668364529,0.004846304771464062,0.012054994766259508,h2_h3_baseline,administered,784,4531.527548707736,30.55903492914411,0.0,0.0,148.2876523821773
d5285b6574cacade5df2141e,1.0,0.028497976642224948,0.010397365290580617,0.4943444178407125,h2_h3_baseline,market,406,4607.890196729294,9.671588343395802,0.0,0.0,476.4357242185323
d54fd657422c5606b19d69c4,1.0,0.028960568938949594,0.015715809498853168,0.015466275043904786,h2_h3_baseline,market,291,4556.893741586499,4.033722030498414,0.0,0.0,1129.699495188924
d57384967af76558a9630a35,1.0,0.02949358907104605,0.011045113378734782,0.43583025358085,h2_h3_baseline,market,118,4776.575178392164,10.092092184413021,0.0,0.0,473.2988057490659
d5cb9c8c9afe3cbc1f68ad19,0.25,0.007392836401904585,0.004906560676908552,0.07734883524337831,h2_h3_baseline,administered,769,4507.243352087295,34.10753377139586,0.0,0.0,132.14802871110183
d5e44a670c389cc0ab1cd8f0,0.25,0.007261527910905792,0.0070751252117557464,0.02429575003680989,h2_h3_baseline,administered,237,4590.054157109668,13.907775186235847,0.0,0.0,330.0351131396143
d5f0a571112980c079b95864,0.25,0.007333912445041058,0.004760941432332272,0.09212257077030836,h2_h3_baseline,administered,216,4499.1207394416115,25.44826948970815,0.0,0.0,176.79476167372232
d68cb9e7765747f1a0feff88,1.0,0.028362250999448606,0.011448144490271366,0.48852983047447884,h2_h3_baseline,market,70,4741.055095768292,12.397076201840685,0.0,0.0,382.43332690528695
d691502886aff24c1563ab5c,1.0,0.026784318537187837,0.007860421321127985,0.4876816924682962,h2_h3_baseline,market,637,4587.2054978642545,12.552818365180393,0.0,0.0,365.43231682444036
d6c39aedb543c57bbdb1dbe7,0.25,0.00763420479012787,0.0056875724551020595,0.022216609264059876,h2_h3_baseline,administered,520,4620.576135476665,23.37689871729004,0.0,0.0,197.65565104917835
d6eadc4c8be1add3f8f0234b,0.25,0.007365793624405193,0.004000114531080131,0.1363924660163511,h2_h3_baseline,administered,595,4440.079067934021,19.94761746729393,0.0,0.0,222.5869367714698
d701263b083a68daddffae71,1.0,0.02897365541835914,0.012732097105320892,0.3375350630951402,h2_h3_baseline,market,175,4450.647011712888,6.63461615827152,0.0,0.0,670.8220800632407
d703c01e5aec95c6772a4c60,0.25,0.007346600715475795,0.005584712171649808,0.03189643638959425,h2_h3_baseline,administered,88,4654.444859501133,28.75000335250993,0.0,0.0,161.89371536524678
d704d67c8bde5d48fb70e1e9,0.25,0.007412516528623223,0.005471034803747208,0.06452800416349683,h2_h3_baseline,administered,200,4648.210271167012,27.594721596096544,0.0,0.0,168.4456302622938
d7249e7853ab398c295108fe,0.25,0.007503967629505362,0.004229739953491026,0.03502443303214512,h2_h3_baseline,administered,189,4570.051654139156,21.10306313253031,0.0,0.0,216.5586874966239
d7696ecf436678d7324fa522,0.25,0.007349941327075295,0.005832053861655728,0.10337943262072483,h2_h3_baseline,administered,579,4417.318739846552,21.539141189881487,0.0,0.0,205.08332718120116
d78dd468fdfc28be6c45d635,0.25,0.00746305231996206,0.004971644604050488,0.019504357122663234,h2_h3_baseline,administered,439,4498.810480478772,24.77025622133705,0.0,0.0,181.62147538076354
d7a7c410d8bb1e236c37a698,0.25,0.007392415780464757,0.005493746008712031,0.05205982365693405,h2_h3_baseline,administered,685,4576.832187491411,20.791578805850897,0.0,0.0,220.12913161762674
d7cea8563e74f675ff6de628,1.0,0.028261226679713296,0.015130586932925601,0.4725330340490899,h2_h3_baseline,market,525,4962.64479512903,13.331529181878926,0.0,0.0,372.24872911613
d7edacd5500c15345c09da74,0.25,0.007288128346847849,0.005887921415474184,0.05194771597693278,h2_h3_baseline,administered,239,4561.020572604605,23.31460185195415,0.0,0.0,195.62935715422975
d82bb3a025926918cccef744,0.25,0.008026719847406627,0.007640220694151289,0.08557904464185917,h2_h3_baseline,administered,705,4453.481940316683,22.52031681892165,0.0,0.0,197.75396483653603
d867f8044614a5411d110c2c,1.0,0.029007810681271742,0.009546383673505346,0.6227581119801131,h2_h3_baseline,market,730,4665.32829853767,5.8870537742409255,0.0,0.0,792.4725129828147
d8918b81d8ce6ae9d1d6473f,0.25,0.007366532877819514,0.004830679432794487,0.05238718221778534,h2_h3_baseline,administered,719,4659.080309310995,27.220196434755078,0.0,0.0,171.16262626827427
d8bfa486af4fd66206bc87c9,0.25,0.007412258563490661,0.005612172994195591,0.10873297312339072,h2_h3_baseline,administered,201,4494.85628112714,30.77465147592612,0.0,0.0,146.05709782426948
d8ea8046c5f5a6b884d89fd4,0.25,0.007555899486537207,0.006717986449646987,0.04958856319535446,h2_h3_baseline,administered,52,4633.940839154869,16.329893603455385,0.0,0.0,283.7704244548374
d9115d8471b9bf1bd5e2c9d6,1.0,0.028913791651772495,0.01706379467629284,0.4381761355047155,h2_h3_baseline,market,111,4952.964540150799,8.114166709998736,0.0,0.0,610.4095118045178
d9eebd0b7207ec62e357017a,0.25,0.007238435660272377,0.006547588811529732,0.024412861593703372,h2_h3_baseline,administered,513,4627.508043212459,18.689059600764846,0.0,0.0,247.60518410584334
da103feed9c6afba020f03ac,1.0,0.031195307037169714,0.008280643381527753,0.46723856022093724,h2_h3_baseline,market,121,4753.029315242106,5.824756908905046,0.0,0.0,816.0047517134228
da1326b00d56a3aa27789cd7,1.0,0.029567039392567357,0.012680722085226014,0.4713291649452406,h2_h3_baseline,market,506,4681.108609848305,12.630689446850244,0.0,0.0,370.6138631265016
da399018acadd1b0e15a256c,0.25,0.00720697450924901,0.004565425110177819,0.042834374907290224,h2_h3_baseline,administered,167,4422.321188747103,39.760974300627225,0.0,0.0,111.22265655037889
da4a527f851745a28a09eeaa,1.0,0.026266654339794082,0.00452745507446782,0.5022022502986403,h2_h3_baseline,market,664,4411.4642973153595,4.080444679500326,0.0,0.0,1081.1234176211326
da6242b7ad9ee9ad54d7477e,0.25,0.00725931579775838,0.004054117477182139,0.1890684595907081,h2_h3_baseline,administered,249,4576.1686855390135,8.456799469346095,0.0,0.0,541.1229983785884
da67e05335ec10964cec1ce9,0.25,0.007395158610443169,0.007857512088405433,0.09248614118974208,h2_h3_baseline,administered,492,4242.624110175313,27.45734339679036,0.0,0.0,154.51691916674127
da6dbafa99fc524e5b8471a2,1.0,0.029295581037302208,0.010228991862775441,0.48271544690331014,h2_h3_baseline,market,510,4641.439238482651,32.238627811319375,0.0,0.0,143.9713645893137
dac9b234d9c1dcffcad4095a,0.25,0.007665881795665382,0.005426049638946729,0.08067401562419337,h2_h3_baseline,administered,1,4505.965254339942,23.13522606540959,0.0,0.0,194.76642422254054
db1c6c8c348b6c758d0d74e8,1.0,0.027911020551460414,0.008718492863294737,0.44876845374605356,h2_h3_baseline,market,273,4493.245645053337,9.796182074067575,0.0,0.0,458.6731454234445
db2371b36678cb000b194a88,0.25,0.007542509754381108,0.004815257276928263,0.0,h2_h3_baseline,administered,323,4585.617284944452,7.553494921975796,0.0,0.0,607.0855057575089
db280827d4d4f1a4d909321e,0.25,0.007309845323347944,0.006187176127468825,0.10899948707184691,h2_h3_baseline,administered,640,4519.877303495781,8.892877526697275,0.0,0.0,508.2581301639064
db2b9c371a846b2de53c0590,1.0,0.030973892587323772,0.01362224463435686,0.11422376718604836,h2_h3_baseline,market,158,4780.738797591008,1.4016794700573636,0.0,0.0,3410.7218516907838
db407d50f128fb1cdf5959cd,0.25,0.0074246686849270115,0.005196629036441857,0.12140912995625819,h2_h3_baseline,administered,364,4342.932672337103,21.741606002223108,0.0,0.0,199.75215593057075
db484cbf174b0cba28ac6923,0.25,0.007501097496791284,0.00505386355914983,0.045828826647843726,h2_h3_baseline,administered,140,4480.021106327449,32.37039696658305,0.0,0.0,138.39870765107736
db70b577a7d8e357969a0779,1.0,0.028261799121515798,0.014331796516729136,0.4174456929171998,h2_h3_baseline,market,508,4532.546273516224,7.164139513626524,0.0,0.0,632.6714136282677
db74440c99409a876b786ebe,1.0,0.030705513204561535,0.010271939103551961,0.4796318357753512,h2_h3_baseline,market,79,4489.996452907269,12.05444344249333,0.0,0.0,372.4764626693177
db88d8b9a22f79fec09e69ed,0.25,0.0074016074977571004,0.004518405407623109,0.03172648268620831,h2_h3_baseline,administered,365,4724.566784805274,27.519640262126245,0.0,0.0,171.6798162985958
db99d498887cc12a0e046c25,1.0,0.027952758601621004,0.0056111502868916455,0.8094708272030078,h2_h3_baseline,market,182,4409.787756536233,7.475623840305942,0.0,0.0,589.888931109696
dbad50c3a6918f4be894d0b8,0.25,0.007423693219938119,0.004625478479671402,0.028651397049984158,h2_h3_baseline,administered,606,4513.998563810095,31.19515531694334,0.0,0.0,144.70191021483268
dc3a3839a1a76fcac6731da3,0.25,0.007394813196832366,0.005944733125241808,0.07533930242830085,h2_h3_baseline,administered,220,4599.605864665021,26.803226310763595,0.0,0.0,171.60642570920348
dc41266f2cae78a7e079b6c7,0.25,0.007310369957927781,0.004955201483385592,0.03415256977646027,h2_h3_baseline,administered,547,4537.675859612768,14.686486002934375,0.0,0.0,308.96947429808165
dcb97c4abec661742bb09472,0.25,0.007733575421660788,0.007181011754987297,0.02448673804624007,h2_h3_baseline,administered,134,4649.053602595737,25.7909022490555,0.0,0.0,180.25944023598447
dcbbbd0acb71994e25780937,1.0,0.02783160497998019,0.011035817855725613,0.28265641811975745,h2_h3_baseline,market,340,4622.205404995108,7.709237085315501,0.0,0.0,599.5671625924505
dcbc41ebc2542537e3377b09,0.25,0.00713239736727299,0.006600173136585886,0.03255258429332062,h2_h3_baseline,administered,103,4580.470184490397,20.848370348578,0.0,0.0,219.70399162651174
dcc90e5f60373379575827ed,1.0,0.02921125226332701,0.009312006681835332,0.5097419210660633,h2_h3_baseline,market,248,4349.115307089235,18.984969711110296,0.0,0.0,229.08202505817357
dcd5dcc28234f2369a42b12b,1.0,0.029075382066205527,0.009751450080396061,0.4480595532135326,h2_h3_baseline,market,549,4511.967170283996,8.659264281687713,0.0,0.0,521.0566421705981
dcd79f8815302f073428bb28,1.0,0.02998265612389492,0.012422644869230415,0.39868357870516646,h2_h3_baseline,market,343,4785.640041424644,9.874053155737425,0.0,0.0,484.6682477746128
dce4fff1ad524a9aa82bdb62,1.0,0.03036317976406143,0.012878604175247265,0.46361829345441974,h2_h3_baseline,market,131,4714.3592923436445,6.759209888943285,0.0,0.0,697.4719486156797
dcf84e9d1491f7fdea0c1dcc,0.25,0.007429560180056348,0.005292614776985896,0.0708973894423541,h2_h3_baseline,administered,293,4569.811898482798,21.56626893688873,0.0,0.0,211.89626781785208
dd090193737f26896fe360a4,1.0,0.02845037251654805,0.004686711653553686,0.5383507571608251,h2_h3_baseline,market,396,4561.755630049384,10.699486621437874,0.0,0.0,426.3527579827323
dd13432d18c82306ed02331f,1.0,0.029876481521389452,0.010623670234595725,0.4950644594364706,h2_h3_baseline,market,8,4353.879359415095,21.866199732894877,0.0,0.0,199.11458838753973
dd2795d8bac25887851d3489,0.25,0.00731915988246141,0.006914051768060341,0.0773059337218866,h2_h3_baseline,administered,752,4367.430443351779,18.128387812741902,0.0,0.0,240.91664898530263
dd5225fe2c2e5a67270f8fef,0.25,0.0074083693933596,0.005742662305274774,0.06179656296267807,h2_h3_baseline,administered,679,4629.609932155398,28.08038048373818,0.0,0.0,164.86991459522721
dd5aa00c6d7a4c8a5cf25414,1.0,0.029786419853346253,0.009131280478350734,0.29794530455967305,h2_h3_baseline,market,358,4486.632010447455,3.784534569154883,0.0,0.0,1185.5175130423913
ddd6929654aefff3a5bc9971,1.0,0.02920532038123594,0.01816337634291643,0.42178730496134387,h2_h3_baseline,market,437,4620.494973391208,9.17321342070875,0.0,0.0,503.69426301151236
ddf4c404c68bfd25038e375a,,,,0.0,h2_h3_baseline,market,658,4498.055068130492,0.0,0.0,0.0,
ddf7bcff920f8b48b20abe1b,0.25,0.007426112622290766,0.004970540129946718,0.052480484977773786,h2_h3_baseline,administered,574,4403.61270724236,24.803595043863428,0.0,0.0,177.53929216530418
de07ce625608095a26696ab3,0.25,0.007109438436637432,0.006460012810051999,0.07194260532553268,h2_h3_baseline,administered,557,4589.853642153458,12.836415484372548,0.0,0.0,357.5650576082777
dec42dd1eeb4e509e7d5538c,0.25,0.0074609545988351235,0.003924012111763069,0.1431896959062668,h2_h3_baseline,administered,657,4775.335015148237,8.565818983683888,0.0,0.0,557.4872670370763
deefdd055d1afe998d250e9a,0.25,0.007405690036473224,0.005287510778241755,0.017128388387039256,h2_h3_baseline,administered,133,4693.309023933066,18.78250489876867,0.0,0.0,249.87662983336935
df1ccde4da1ff7c102e802d9,0.25,0.007031903387187533,0.006302842273586386,0.0530917518305795,h2_h3_baseline,administered,473,4437.433221909771,10.990885345741605,0.0,0.0,403.7375591065597
df21c292f4953ad137f45bd1,0.25,0.007320961828970259,0.005082813547676608,0.179604304354806,h2_h3_baseline,administered,793,4677.630446525708,7.740385517983439,0.0,0.0,604.3149188962291
df2aa25950bff25afcfff5f4,0.25,0.0072601084456611845,0.0034790828547265804,0.11285995275739273,h2_h3_baseline,administered,447,4826.547686115353,30.073811740897437,0.0,0.0,160.49005452646765
df6019901e8efa8705a89736,0.25,0.007418673261678957,0.003880988390115008,0.10898147734226148,h2_h3_baseline,administered,104,4556.3096199428055,7.366604325968146,0.0,0.0,618.5088024724333
df69e122749c05a515518aa6,1.0,0.026401340456127267,0.007013200458208694,0.5641574133655399,h2_h3_baseline,market,502,4639.676039631846,15.029118762281733,0.0,0.0,308.7124476836223
df806590d9ed03c8d0118f51,0.25,0.007428611523883825,0.004545077718572006,0.028560945760444056,h2_h3_baseline,administered,786,4854.162138996461,21.364764167038228,0.0,0.0,227.20410583728844
df8584bf4232e0e8a29c33b9,0.25,0.007318954050049158,0.004381308818898719,0.05238609579100812,h2_h3_baseline,administered,688,4603.143968485643,26.055663926732997,0.0,0.0,176.6657714587283
df87a56c0220b2e38ab62d3a,0.25,0.007442710895440197,0.004954668428455408,0.0318527721991944,h2_h3_baseline,administered,308,4635.708784537724,27.338948436855546,0.0,0.0,169.56426818115432
dfaaca94031fdf426c6679a9,1.0,0.02976728274393265,0.009406120001535408,0.5163714801005623,h2_h3_baseline,market,776,4294.220812392316,14.125814214911438,0.0,0.0,303.9981092105308
dfb463c432e834d8f633db37,1.0,0.03002853439866043,0.012204009796869909,0.26185203721151246,h2_h3_baseline,market,657,4767.962550708646,2.709913642110904,0.0,0.0,1759.4518425297908
dfb5887edf64b7e573676cab,0.25,0.007211938561537658,0.005457603419131734,0.04992161776098577,h2_h3_baseline,administered,20,4504.676784406515,27.62865977646403,0.0,0.0,163.0436228486155
dfd31945486d159a1333a3cc,0.25,0.007173010948589542,0.004723324266900068,0.02405625650215826,h2_h3_baseline,administered,517,4733.508348939913,21.025192050860458,0.0,0.0,225.13508259470066
dfe16be9283772cb4c5599c7,0.25,0.007296128065106889,0.004329243989618095,0.09211989978663555,h2_h3_baseline,administered,624,4287.352909874023,35.29117421277762,0.0,0.0,121.48513064554628
e002f209fac682198d4ad279,1.0,0.02959198631608687,0.009489577166974019,0.4249059538583585,h2_h3_baseline,market,135,4490.530781842146,3.4886244588094395,0.0,0.0,1287.1923690446827
e00bf90a96fd90bac6b3d590,0.25,0.0072574793453884096,0.0042606952683565975,0.05028561929711744,h2_h3_baseline,administered,779,4628.772373022499,36.59940838483117,0.0,0.0,126.47123484490311
e06dc8b7b456564da9f7fafd,0.25,0.007260101932281555,0.00484344394233643,0.05547700406769403,h2_h3_baseline,administered,562,4599.521778032902,20.371074964833696,0.0,0.0,225.78689568287353
e09fa977892a263d68c2a9b6,0.25,0.007534393991431263,0.004368422483762265,0.0541977617952495,h2_h3_baseline,administered,144,4675.757688306418,22.053090328902524,0.0,0.0,212.02278767155022
e0d187e70a2a4fb808b552c3,1.0,0.028123819768626677,0.010162571785818768,0.4753511423163131,h2_h3_baseline,market,458,4635.121298780089,12.054443442493326,0.0,0.0,384.5155789143067
e0de2766467c2729c9a2ca6e,0.25,0.007368578264563586,0.004188553080912811,0.03438591641113765,h2_h3_baseline,administered,36,4642.8567195614305,35.820697568132644,0.0,0.0,129.6137996958462
e0eb07491ebb6b9e732aeb8c,1.0,0.02869099397870526,0.01221165167350333,0.2487139615030354,h2_h3_baseline,market,629,4500.552488972984,4.516522736851506,0.0,0.0,996.4640390829395
e10922886b4342cb05f3934f,0.25,0.007362594718767907,0.005187858343298252,0.054891161944373996,h2_h3_baseline,administered,599,4610.8620990460195,28.60983540550419,0.0,0.0,161.16353113163822
e11d0d7b0750600ff3c034b6,0.25,0.007351383674854966,0.004608983974921963,0.04278784161550344,h2_h3_baseline,administered,108,4503.504921025535,28.00244096847934,0.0,0.0,160.82544111403925
e12eb2bb46782f86f7f8830e,0.25,0.007242189696962814,0.005275219295198413,0.057645163909999866,h2_h3_baseline,administered,446,4587.24735193263,24.79018916920174,0.0,0.0,185.0428538734843
e1a6d452d5bc2e4b38361a3a,0.25,0.007346978806640095,0.005149442047405504,0.05698339197201284,h2_h3_baseline,administered,226,4459.739153777622,31.453368571701183,0.0,0.0,141.7889197976105
e1ddb8785f5e4f1755708bef,0.25,0.007306802372073373,0.004784964696890067,0.058375684399093575,h2_h3_baseline,administered,305,4371.786657190054,31.786975537634223,0.0,0.0,137.53389818462196
e1e302152a32b6631401b1c2,1.0,0.02900040002810988,0.012310895666292536,0.29576058117224985,h2_h3_baseline,market,325,4398.648504469954,5.93377642324284,0.0,0.0,741.2898954602117
e1fbc9bb0f817b7130cd9e45,0.25,0.007445123113667082,0.00455595746916558,0.10042648468003916,h2_h3_baseline,administered,470,4556.971007065382,27.130284853776974,0.0,0.0,167.96620572271573
e2063eabbff74ed12a3ea8ee,1.0,0.029168149509770532,0.012154604321191989,0.4983680498103572,h2_h3_baseline,market,643,4590.9674891146215,8.58139320001786,0.0,0.0,534.9909253785348
e22af57c444c6e058698f4de,0.25,0.007114223736953631,0.005785379779696305,0.07181278230990423,h2_h3_baseline,administered,231,4626.048439859155,20.604688209843246,0.0,0.0,224.51436259293675
e25365eab2f54161937acaaa,1.0,0.028906841076333806,0.010232631101909476,0.46462815095122,h2_h3_baseline,market,197,4527.200435568519,11.571642736140237,0.0,0.0,391.23230286304045
e26e29f6237e208f6d31e99a,1.0,0.02933857976831413,0.009089463331830248,0.5207109509564812,h2_h3_baseline,market,183,4424.328171335686,13.64301350855834,0.0,0.0,324.29258891815067
e2f3d3c7e982820a4055efb2,1.0,0.030063794931577494,0.009532737495242569,0.5508085999950771,h2_h3_baseline,market,335,4585.733594033598,10.512596025430224,0.0,0.0,436.21324199470786
e2fd597f86d88c68f94265b5,1.0,0.029181834444096378,0.018481696288181824,0.3591598838775533,h2_h3_baseline,market,392,4715.7399707955965,3.395179160805615,0.0,0.0,1388.951730510927
e34509e9b51c2feb33a7765a,0.25,0.0073539518538823425,0.006790052744359083,0.0480836799826448,h2_h3_baseline,administered,209,4562.338007681886,19.24973138878778,0.0,0.0,237.00787899509447
e34edac7cad966a2e81c68f2,1.0,0.028717463013752376,0.007038294801125996,0.5522153859529344,h2_h3_baseline,market,367,4476.217015706924,9.889627372071399,0.0,0.0,452.6173582988469
e39952a1b0e88536d8c66c87,0.25,0.0074275712083048204,0.0048173428378871464,0.146489100682447,h2_h3_baseline,administered,714,4756.202785253471,10.4191507274264,0.0,0.0,456.4866090989246
e3a7746613b5f9797535f4cd,0.25,0.007381331066845894,0.0027373518489412245,0.0,h2_h3_baseline,administered,24,4566.947333010834,9.344529800382423,0.0,0.0,488.72949528438903
e3b33dfdf7c2d4d97ca29e0a,1.0,0.02964813555548326,0.0126229764527404,0.4674800279010968,h2_h3_baseline,market,439,4485.997277892302,10.964248299115376,0.0,0.0,409.1477277338059
e3cbade6ecb4b4ddf2d85b74,0.25,0.006974956784531214,0.003960575575006195,0.0,h2_h3_baseline,administered,361,4683.749193906751,9.422400882052282,0.0,0.0,497.08659741152826
e3e5a1e1f56712011afd0597,0.25,0.007604520886166311,0.004955910645952161,0.0921230789203763,h2_h3_baseline,administered,577,4065.581346212013,30.612147066309777,0.0,0.0,132.80941507975413
e3e75bf8676f976d1e2a23ad,1.0,0.029316345019740467,0.012239107689644289,0.31787863913860437,h2_h3_baseline,market,440,4387.873035027025,11.68066225047803,0.0,0.0,375.6527618840663
e408505f3eea8e3557286ad2,1.0,0.028464665636178013,0.005831622509149335,0.4834419582314338,h2_h3_baseline,market,236,4540.639826860802,3.7378119201529705,0.0,0.0,1214.7855279660448
e40ed6a1e921a99664222150,1.0,0.027376189579675324,0.004324228885345915,0.4168317274528978,h2_h3_baseline,market,764,4392.651559952131,3.7378119201529705,0.0,0.0,1175.1933092910574
e41a879c5561a5a653d59fb3,1.0,0.02836953100730386,0.009602316584429366,0.5799407409513873,h2_h3_baseline,market,45,4601.315433865406,14.686486002934375,0.0,0.0,313.30268063756426
e46a19441614fc4aa6dd025d,0.25,0.007099168117690747,0.004111813461727119,0.07258481633054943,h2_h3_baseline,administered,77,4591.103369592225,28.48003415697112,0.0,0.0,161.2042789094918
e4ba577624f4beaa1421dc2b,1.0,0.03010164173330035,0.017185749341432018,0.27356768496045886,h2_h3_baseline,market,55,4477.534859232953,7.615791787311672,0.0,0.0,587.9276881876908
e4c2d2d97be39978feda6cdb,0.25,0.00753103377083424,0.0053932170825181135,0.05270633992785706,h2_h3_baseline,administered,601,4364.214488391258,20.88392786663049,0.0,0.0,208.97479230258423
e4ebb173041546842b7f3c94,0.25,0.0077326691016710485,0.006199541989070067,0.06771953364234128,h2_h3_baseline,administered,713,4707.773811528047,13.938923618903786,0.0,0.0,337.7429951006709
e4fabc3902fb2e17f71403ca,0.25,0.00748686499662813,0.006639059770872964,0.04385337770344148,h2_h3_baseline,administered,582,4621.000731126904,17.302113276725358,0.0,0.0,267.07724410422344
e51a21a0a16065210afb083c,1.0,0.029562501670825036,0.010724724810569393,0.49501565844197176,h2_h3_baseline,market,489,4575.95660798605,15.916849093318069,0.0,0.0,287.4913609570532
e526741d7b7459e79f7a2828,1.0,0.028054935901983897,0.014137660721182494,0.43925523923850385,h2_h3_baseline,market,355,4541.779779519398,19.841551609478675,0.0,0.0,228.90245021713454
e5332692acae47bc265d95a5,0.25,0.0075616454799464225,0.0046813548860155495,0.11736851115366517,h2_h3_baseline,administered,425,4212.862767970307,21.72603178588914,0.0,0.0,193.9085245519397
e58f79fe5e627794e98668f6,0.25,0.0074536729697329855,0.005180217485114624,0.03420745381688096,h2_h3_baseline,administered,81,4620.681337845135,21.912922381896802,0.0,0.0,210.86559142209515
e59f195f0bae9c7f1652e661,1.0,0.028161801522507055,0.01297140431585179,0.4462308743857527,h2_h3_baseline,market,372,4454.2118348789645,6.977248917618878,0.0,0.0,638.3908453704775
e5a14880d09d8dc23a0e26e9,0.25,0.007172587264491002,0.00420329537779793,0.07029811011022746,h2_h3_baseline,administered,589,4457.395980453797,20.5268171281734,0.0,0.0,217.14988508062203
e5a7663bb5acbee83144e0c0,0.25,0.007128013873770729,0.004878926687008115,0.07041747640464872,h2_h3_baseline,administered,623,4491.353070055251,31.58877640048299,0.0,0.0,142.1819260459414
e63d05e06def141199108af8,1.0,0.026966473525686326,0.008989747614766858,0.3722038805266673,h2_h3_baseline,market,195,4352.37160686783,2.523023046103255,0.0,0.0,1725.0621684133873
e6507eab9e731e468370c6a9,1.0,0.030528944149755568,0.016085542866441826,0.08034569702519992,h2_h3_baseline,market,147,4386.977454175518,1.292659955719569,0.0,0.0,3393.759847487094
e671193731222391216caa05,1.0,0.029869496482829327,0.006644114573655862,0.5696917604576169,h2_h3_baseline,market,447,4805.976743813726,15.247157790957322,0.0,0.0,315.20476207467476
e684b9834967f0099ac71359,0.25,0.0075370451266659495,0.004897148580739914,0.05489622220971891,h2_h3_baseline,administered,528,4565.754449989553,21.97902791686519,0.0,0.0,207.73231952110623
e6d363c64ae5660fdd952c3e,0.25,0.0076511949984626884,0.00629297880448446,0.038724192096795874,h2_h3_baseline,administered,684,4719.793024919674,19.903848474814566,0.0,0.0,237.12967021889702
e6e3290a6d30a46875c5da93,0.25,0.007566129556373794,0.006120650317228969,0.0890760267259098,h2_h3_baseline,administered,580,4637.120732672163,9.811756290401545,0.0,0.0,472.6086335031044
e70d22e6e3568e47eae175f8,1.0,0.029303497694853374,0.006813212647148981,0.5045653235478642,h2_h3_baseline,market,715,4378.01950414366,14.172536863913347,0.0,0.0,308.9086693639965
e72dcdafacd0bcf498a23633,0.25,0.007754528365883999,0.00557015927442437,0.0771574912537534,h2_h3_baseline,administered,775,4414.452912357106,29.289300350865613,0.0,0.0,150.71896083125938
e79f279321285c1d356679f8,1.0,0.028144205885184573,0.009802610327045932,0.5206865273394358,h2_h3_baseline,market,329,4667.463622870095,21.912922381896795,0.0,0.0,213.0005090843605
e7d51106c59409c67bb17eff,0.25,0.007276318068457516,0.0045494828898640025,0.1085217609386101,h2_h3_baseline,administered,570,4447.438985473083,33.414050111283736,0.0,0.0,133.10086537432971
e81461614f4760ef86e96fd5,0.25,0.007394617091365762,0.004536396096857435,0.0,h2_h3_baseline,administered,135,4505.776666734534,15.184860925621445,0.0,0.0,296.7282142921657
e82289af294089ca720e8a04,1.0,0.03083515134821249,0.01515751941019999,0.46038733095546397,h2_h3_baseline,market,160,4649.849248338114,4.6099680348553305,0.0,0.0,1008.651082432947
e8cf40b4dfd0a3cdfd3e1574,1.0,0.03136316585728316,0.004612965787366293,0.4070990147950599,h2_h3_baseline,market,557,4578.9485657153755,5.6067178802294535,0.0,0.0,816.6896682748701
e8d65fdba3161e22af7439c7,1.0,0.030045109251827892,0.009017546708984487,0.4055551180331668,h2_h3_baseline,market,422,4457.137452396245,5.933776423242837,0.0,0.0,751.146847214779
e8f101b8d745de98bdf4d36b,1.0,0.029494460227536844,0.014960106315202597,0.37570588776723246,h2_h3_baseline,market,699,4659.807238458735,7.849405032321233,0.0,0.0,593.6510116717385
e8fb4c88da1a179e61d76015,1.0,0.02935841882305391,0.008779361260532678,0.4261016006700799,h2_h3_baseline,market,2,4475.31470748375,9.71831099239772,0.0,0.0,460.50334373788047
e946f080911e6dd6a9c81999,1.0,0.0278120198504712,0.011760390485782977,0.44572251471972607,h2_h3_baseline,market,492,4231.427586798487,13.736458806562162,0.0,0.0,308.0435537561584
e959ba3f7e4b03f79788f6a0,0.25,0.00729346722913969,0.004439220747242267,0.08862805509818841,h2_h3_baseline,administered,214,4701.754226036069,18.74196847711884,0.0,0.0,250.8676840309604
e980cab2566e5a86619a40bb,1.0,0.026058416523458198,0.008603898351571467,0.517342546767853,h2_h3_baseline,market,796,4645.016889544363,14.639763353932464,0.0,0.0,317.2877031715571
e9d6a42abab826987104b18e,0.25,0.007486296378878804,0.004506660807738551,0.07434107761298563,h2_h3_baseline,administered,602,4571.415586733901,30.69678039425628,0.0,0.0,148.921663054581
e9dc7bd48a288ba7a28dfb0f,0.25,0.007553876569945995,0.005517993636490948,0.06432823606478705,h2_h3_baseline,administered,567,4434.396974714062,15.325028872627179,0.0,0.0,289.35651681769855
ea1990e9d7e8264f5db2c8dc,1.0,0.027848832514573582,0.010007608310526788,0.49122274722770803,h2_h3_baseline,market,496,4477.640763533939,20.83830145485281,0.0,0.0,214.87551532138858
ea73e0ed50e4edb2a497a75e,0.25,0.0073240837437905625,0.005221692892998452,0.136276899895348,h2_h3_baseline,administered,732,4270.082975967021,25.323675759036377,0.0,0.0,168.62018834067982
eac3e08832a48b7ce0e42a50,1.0,0.028529878603219934,0.012939469617139165,0.46510436386954307,h2_h3_baseline,market,93,4622.626253396462,10.029795319077138,0.0,0.0,460.8893906941462
eb2fadaace1281a32679c3e4,1.0,0.02875840191467947,0.007141382258362167,0.47992729030963144,h2_h3_baseline,market,40,4410.18424078211,7.927276113991089,0.0,0.0,556.3303431551277
eb63fcce31a4d2d997d602bb,0.25,0.007366176380856644,0.005822629560003755,0.07610665697956098,h2_h3_baseline,administered,496,4483.049224299543,29.26395249153097,0.0,0.0,153.1935655512339
eb6f23549794c45caa040831,1.0,0.03144915384539831,0.00937654634468101,0.555741625565489,h2_h3_baseline,market,84,4788.2721597562195,14.748782868270258,0.0,0.0,324.6554107225656
eba17914d20aa6ee2983a87c,0.25,0.0074875439542372284,0.004796813341101683,0.06553235524467402,h2_h3_baseline,administered,413,4526.131113289592,29.26395249153098,0.0,0.0,154.6657484015346
ebaf4dd215022f4a9bba2876,1.0,0.029645190970583574,0.009995616707324975,0.5238964531307649,h2_h3_baseline,market,86,4665.9512461727645,18.82922754777059,0.0,0.0,247.80364644991613
ebb27a4dd06b465c0d49fee9,0.25,0.007510243761564382,0.006234214482687547,0.058521026567625554,h2_h3_baseline,administered,423,4467.3584367417225,24.87651851332377,0.0,0.0,179.58133628502003
ebe04c9d4de56d02f658be61,1.0,0.025874029534319738,0.00220380470337117,0.19094594190047467,h2_h3_baseline,market,581,4247.992828677672,1.993499690748251,0.0,0.0,2130.9222411181854
ebe31e3a0cceec97adc66734,1.0,0.028464668419045647,0.013308263459061095,0.47106116175015533,h2_h3_baseline,market,459,4703.312447757269,5.6067178802294535,0.0,0.0,838.8708952776464
ec60697cfb989069ad41b003,1.0,0.026586102525736104,0.013331640336036706,0.34352249247593303,h2_h3_baseline,market,700,4670.022062525767,4.750135981861063,0.0,0.0,983.1343945433941
ec7eb8c16de7904a4cfaa537,0.25,0.007078786432019949,0.004512577213228169,0.26263425394442524,h2_h3_baseline,administered,524,4549.67833678405,6.6190419419375495,0.0,0.0,687.3620648870299
ec84f48d30a42b0fa9e3bcea,1.0,0.02885207616486237,0.0098097948344393,0.4870834136873498,h2_h3_baseline,market,110,4690.269259481117,15.37175152162909,0.0,0.0,305.1226304875923
ec86eb44df2f6fad7252e84e,1.0,0.02871110893216909,0.009060090260823423,0.6177888699379819,h2_h3_baseline,market,690,4601.734125700734,9.733885208731692,0.0,0.0,472.75409839154366
ed0146cd73cc6a4331ea9a82,1.0,0.028837749390775335,0.012159418167383999,0.49882477724494584,h2_h3_baseline,market,514,4616.381252301575,20.604688209843264,0.0,0.0,224.04518841960632
ed0189af55c2168ec399da37,1.0,0.02923601718224881,0.015468232502861399,0.4745959729905043,h2_h3_baseline,market,744,4457.658681755262,12.879876908193772,0.0,0.0,346.0948201235867
ed13ffd10f11abc399a1e9ae,1.0,0.027041006691199538,0.006481780871780933,0.50459278881981,h2_h3_baseline,market,386,4755.341954874188,3.192714348463996,0.0,0.0,1489.4354570624105
ed1437d1b96b1c7ee565f93c,1.0,0.028888852290161485,0.011152501592858117,0.46857460260085537,h2_h3_baseline,market,645,4814.326165033685,14.670911786600408,0.0,0.0,328.1545302065562
ed19e40668e5d6af89c1e0bd,1.0,0.029523512930460707,0.006307404782383082,0.499984012185614,h2_h3_baseline,market,101,4541.035516803245,12.27248247116891,0.0,0.0,370.0176820355016
ed3a64089703e1d390de1260,0.25,0.007600446716059009,0.004643857380552611,0.0024230071606020855,h2_h3_baseline,administered,221,4404.671736650213,12.583966797848328,0.0,0.0,350.02251733557864
ed3d195ec0438410fca55214,0.25,0.0074051975302551094,0.0045056775208523366,0.021886845438889628,h2_h3_baseline,administered,424,4697.626424966756,23.61051196229958,0.0,0.0,198.96334448265065
ed45a147fdce61edc31130c5,0.25,0.007490232456843531,0.005044114537681417,0.027104448677480467,h2_h3_baseline,administered,227,4614.960708925743,29.24837827519699,0.0,0.0,157.78518266906067
ed48f3059bfd013e4c9e341e,1.0,0.029419171794692466,0.009679891408626748,0.5048492890182538,h2_h3_baseline,market,731,4387.345597840802,19.810403176810745,0.0,0.0,221.4667494993969
ed549f364fd69629b4114bea,0.25,0.007203835911397895,0.004729468470482116,0.10697199710902876,h2_h3_baseline,administered,358,4503.5150504526055,16.415224016005126,0.0,0.0,274.3498989755851
ed75e217c0bca526efb7d2c3,1.0,0.02927401854265077,0.011198804419722456,0.5062302706085077,h2_h3_baseline,market,597,4502.635230567592,20.86944988752074,0.0,0.0,215.75246376091698
ed9c990701aa5344a9263bb8,0.25,0.007347055557581885,0.004352179084710685,0.07843775939203118,h2_h3_baseline,administered,260,4483.780411530994,10.590467107100078,0.0,0.0,423.3789091819161
edc05276c4ac19f1a1ace3de,0.25,0.007301739446060323,0.005528981543023197,0.057244822606795816,h2_h3_baseline,administered,437,4628.481493125925,15.138854647683711,0.0,0.0,305.7352488574224
edf105c7aa2d1ec0b9d95d81,0.25,0.006882977676976374,0.004994622545303375,0.03794914986322391,h2_h3_baseline,administered,739,4800.647905568129,14.543291767887549,0.0,0.0,330.0936254451172
ee1e863c48ac32448ea449a4,1.0,0.028121939004034553,0.014559024771629457,0.4470393392543843,h2_h3_baseline,market,684,4698.352540294525,5.887053774240928,0.0,0.0,798.0821511861129
ee6ab59bc93cffa8ae9f970f,1.0,0.029051489106624598,0.012308396231647005,0.5086883444911566,h2_h3_baseline,market,206,4723.911035200256,11.992146577157442,0.0,0.0,393.91705269833255
eebb6fa761703b0130da9da9,0.25,0.007378273712208982,0.005352872804802469,0.03974876133950051,h2_h3_baseline,administered,700,4692.8073321985385,21.09966265902432,0.0,0.0,222.4114862893993
eed17d213f1f894099ff2ba3,0.25,0.007425293276650667,0.004743530411668884,0.06923153732121774,h2_h3_baseline,administered,94,4437.18768677215,25.167933595696663,0.0,0.0,176.30321813670244
eee221bf8d1a1a301af9a3c1,1.0,0.026837407017813463,0.011547119640320111,0.5083553200323276,h2_h3_baseline,market,721,4454.534295485257,19.934996907482503,0.0,0.0,223.45297148319443
ef12d2117d3141f3690660a4,0.25,0.007207648571439468,0.003901449785707361,0.04211762139490763,h2_h3_baseline,administered,511,4621.5710168252235,9.936350021073316,0.0,0.0,465.1175740612653
ef3d046a2341cf7f1c3f20fe,1.0,0.028561947520121086,0.004894059905773217,0.8545197701529381,h2_h3_baseline,market,694,4805.385851903212,2.5385972624372255,0.0,0.0,1892.9295808385596
ef88856092c0c3c34e378719,0.25,0.006978782926725734,0.005615860057248912,0.13263877821292205,h2_h3_baseline,administered,127,4012.2804067604166,31.00640145693365,0.0,0.0,129.40167895114416
efa10d9054179ebd394a4656,0.25,0.007521522530491439,0.00557647125601362,0.05126841685226979,h2_h3_baseline,administered,759,4477.906814917271,24.22565656880167,0.0,0.0,184.84150479884275
f006b05a533e3371c03b5b2c,1.0,0.027712983450101678,0.005506514331827296,0.3238137369944712,h2_h3_baseline,market,215,4428.518651508892,4.454225871515621,0.0,0.0,994.2285773671415
f02ae4bd4988e405713cf301,1.0,0.028166712648554658,0.005952618920336601,0.46423625953410236,h2_h3_baseline,market,384,4260.970606546139,7.070694215622701,0.0,0.0,602.6240813994647
f02e013a1960084b5bdbe953,0.25,0.0073287591883358,0.0043510893778346705,0.06745078289368515,h2_h3_baseline,administered,430,4534.816229144291,23.330176068288125,0.0,0.0,194.37556818563
f075db33edea0612c65d0fa0,1.0,0.02999116871926415,0.011245785009790827,0.489619371418938,h2_h3_baseline,market,342,4445.570160208231,18.533317437425143,0.0,0.0,239.8690992704358
f0a9ad4aa9683f4211276d09,0.25,0.0076059616161421265,0.004518355897820328,0.021483046401805036,h2_h3_baseline,administered,31,4562.712389249545,22.738355847597248,0.0,0.0,200.66149108717042
f0ac0ebd318ccd934e8955e3,0.25,0.0072423757065733065,0.0048064229832388335,0.11941418312463249,h2_h3_baseline,administered,173,4297.66399978271,33.51571355070496,0.0,0.0,128.22833066886366
f0af967b46dfc0a42ff1bd70,0.25,0.007472865840614265,0.004929328112148058,0.17631953924501395,h2_h3_baseline,administered,67,4265.550025316518,24.892540762390396,0.0,0.0,171.3585634360493
f12fa1567e8b9f9ff000e5cc,1.0,0.029254500106819115,0.009489149080736397,0.5128745965856029,h2_h3_baseline,market,397,4472.908406395482,21.44569589187767,0.0,0.0,208.5690494235512
f13932ea8452413c26555ef7,0.25,0.007333462786658942,0.004705169908228661,0.1191866213451663,h2_h3_baseline,administered,78,4514.549874122591,30.883670990263916,0.0,0.0,146.17918561384118
f149a1f9dc1831cb46436288,0.25,0.007544158022705588,0.0056426929904713225,0.061685956604702774,h2_h3_baseline,administered,325,4420.939574426147,23.532640880629742,0.0,0.0,187.86414992059494
f1c1f7e51a1e3fd6c537eb07,1.0,0.03063980433014748,0.01421916979149406,0.5604021381902566,h2_h3_baseline,market,316,4593.281269181205,3.7378119201529705,0.0,0.0,1228.869019443125
f1fb618fc3ea72ad2479b2eb,1.0,0.028296547532339015,0.007787612821701586,0.5568695498822277,h2_h3_baseline,market,478,4645.326272529694,23.361324500956073,0.0,0.0,198.84687070459475
f2044f05329b32821592ca0c,1.0,0.028108831398990095,0.007193239852999648,0.6197052953805807,h2_h3_baseline,market,689,4738.06816240343,10.497021809096255,0.0,0.0,451.3726129727223
f26562cab10606b0472aa5f2,1.0,0.02943844341280011,0.01438479509216727,0.46608045662035463,h2_h3_baseline,market,124,4761.140301886518,16.60211461201278,0.0,0.0,286.77914911161395
f26f3f82b42128d7a76d64e2,0.25,0.007156688495585319,0.00694649523260725,0.047312356402237986,h2_h3_baseline,administered,749,4662.687259021524,26.52289041675211,0.0,0.0,175.79860964461577
f290c357829efcf0ba050d93,1.0,0.029203882168342552,0.009425287204277153,0.39542808537726887,h2_h3_baseline,market,21,4683.586126266189,7.413326974970053,0.0,0.0,631.7792459552359
f297fc725927a53043082330,1.0,0.02989794149276127,0.007857260123089613,0.5357365497396809,h2_h3_baseline,market,303,4696.792991418187,11.851978630151711,0.0,0.0,396.2876695937871
f2a2914066269f290717901a,0.25,0.0072652069353197546,0.006216098212748193,0.0921887741324902,h2_h3_baseline,administered,153,4371.40373820399,14.888950815275999,0.0,0.0,293.60052245715985
f2e9ef8f5c770ae7e2ae3fed,1.0,0.03012329032269382,0.013746602593075443,0.4197535623202935,h2_h3_baseline,market,17,4540.1731333734215,11.509345870804356,0.0,0.0,394.4770783968213
f323a4494537371767f78f16,1.0,0.027202209903177052,0.011823395202615607,0.4311675412591574,h2_h3_baseline,market,613,4533.120022943971,12.288056687502884,0.0,0.0,368.90455002166567
f3a42157c422f45ffc4cbb4a,1.0,0.027187513128374315,0.014300039183690117,0.36557572252027165,h2_h3_baseline,market,309,4455.917113362726,13.674161941226279,0.0,0.0,325.8640004787837
f3c9169ff823e2b7d04492e1,0.25,0.007519819906217094,0.0068207857269578075,0.037520335932766644,h2_h3_baseline,administered,181,4499.12997559433,11.104416246121122,0.0,0.0,405.16582554854415
f455369d171f921252013390,0.25,0.007454948161367735,0.004595599669853784,0.030014625433314828,h2_h3_baseline,administered,465,4753.419300557431,29.70990127217458,0.0,0.0,159.99444956114155
f4a83fde98e381777082f823,0.25,0.007540594575707148,0.004592031467662819,0.04330374629110683,h2_h3_baseline,administered,501,4594.855035758331,17.14535703088781,0.0,0.0,267.9941296924047
f4fde5e85f72a8ebdf7f52d8,0.25,0.007556144893167151,0.0045536633632322215,0.04807343075760554,h2_h3_baseline,administered,402,4546.6995872704065,23.56378931329769,0.0,0.0,192.9528195494678
f5e39ed5459622626270487b,1.0,0.027522263030145107,0.008964608024095912,0.4440496789720577,h2_h3_baseline,market,542,4573.732134729283,4.064870463166355,0.0,0.0,1125.1852122162209
f5e9421ec89e2e0fc2bccdde,1.0,0.029103466618143746,0.007690376090928014,0.5699933519821067,h2_h3_baseline,market,36,4629.85070444283,22.738355847597237,0.0,0.0,203.61413707632104
f5ed651c64bdf4f7271291b6,0.25,0.007168460385632311,0.004950019382841492,0.060190544722988785,h2_h3_baseline,administered,298,4568.593712736708,16.757856775352483,0.0,0.0,272.62398610878523
f5f4e480b941a06954b20d81,1.0,0.02928864302037685,0.00821299371625667,0.4926274197617821,h2_h3_baseline,market,641,4548.615757188406,8.95517439203315,0.0,0.0,507.9315664957927
f60664f753951e3532fca484,1.0,0.028803215090909343,0.010329526580971816,0.4619047697603654,h2_h3_baseline,market,314,4633.317180899649,17.147212183701743,0.0,0.0,270.208190769551
f612941841d1eab87025a0ab,0.25,0.006999096566894813,0.005293824433477478,0.028517863322050047,h2_h3_baseline,administered,681,4689.268516276379,19.99423177296714,0.0,0.0,234.53106723592273
f62936d43836e95a850b73df,0.25,0.007367550427594447,0.005965777011062162,0.06158650229761525,h2_h3_baseline,administered,163,4336.520142228682,27.971292535811394,0.0,0.0,155.03467123218115
f65467ac8049b246d305e688,1.0,0.029924491357228484,0.00921667919241689,0.3883348154754516,h2_h3_baseline,market,677,4464.182632655118,5.528846798559597,0.0,0.0,807.4346776651778
f6b3a4869ccacdd8be619bb2,0.25,0.007223542430872588,0.005384932291500354,0.05264614372074603,h2_h3_baseline,administered,126,4563.431035346122,20.011836230475673,0.0,0.0,228.036597081309
f6c1019b3ddc1e0c7228f68f,1.0,0.02924674070647772,0.011415917053099396,0.4873845438107463,h2_h3_baseline,market,481,4662.5541013184775,7.288733244298292,0.0,0.0,639.6933383404889
f6cdfe022356bd33e69284c8,0.25,0.007535185785628271,0.0051694437137868735,0.08858867724153043,h2_h3_baseline,administered,62,4631.950378938944,25.13678516302873,0.0,0.0,184.26980017124993
f6f9749d05013918f7167ef2,0.25,0.0072112893576934105,0.006812527870418035,0.06141198190859519,h2_h3_baseline,administered,803,4672.428309355667,20.900598320188685,0.0,0.0,223.55476325490596
f6ff98f488d0e8090034676f,1.0,0.029537587225651113,0.012140351366433946,0.4654867041398764,h2_h3_baseline,market,157,4043.434771627942,14.390575892588936,0.0,0.0,280.9779679290172
f7330ee17638cef1ebc78073,1.0,0.02848073718474175,0.015906728845276878,0.3975997995783525,h2_h3_baseline,market,412,4498.262723881258,11.073267813453173,0.0,0.0,406.2272131101366
f751fce541d22c850c2ec3ec,1.0,0.029489507504705186,0.006785495502885459,0.43972204656979635,h2_h3_baseline,market,65,4662.209735721783,10.512596025430232,0.0,0.0,443.4879571557569
f7c6a8d57c52b5697b159333,1.0,0.030896384291463675,0.005828121852301514,0.4521047471447957,h2_h3_baseline,market,379,4294.691626257945,13.004470638865538,0.0,0.0,330.2473238259084
f7e9b00ed1cec8e606fdcd22,0.25,0.007660900475420351,0.005948517464530382,0.08033530739643253,h2_h3_baseline,administered,63,4518.168537192718,22.458019953585765,0.0,0.0,201.1828534541543
f85604fe74362c26011b5d5d,0.25,0.007475996570626437,0.005374396040226601,0.06459635466435105,h2_h3_baseline,administered,28,4382.393802267425,20.869449887520748,0.0,0.0,209.99086348164613
f86b53cd88c654e778bdfe84,1.0,0.02849350641516946,0.013508623779185535,0.5174665026361845,h2_h3_baseline,market,408,4800.870235745757,4.641116467523272,0.0,0.0,1034.4214090166406
f88528751e04e405469ac95f,0.25,0.007330426058171795,0.004692247280916982,0.13217532630516768,h2_h3_baseline,administered,351,4508.219094372318,26.460593551416235,0.0,0.0,170.37482872832334
f88dec06981276faa84c13bf,0.25,0.00750452515582899,0.005499696793549687,0.13802240280142974,h2_h3_baseline,administered,505,4577.04531991838,18.034942514738084,0.0,0.0,253.78763010628046
f8b1ea435faac39fce65787d,1.0,0.02965758117560996,0.012967871370958882,0.40145435309439786,h2_h3_baseline,market,650,4379.799091450379,11.742959115813912,0.0,0.0,372.97235290142726
f8b9bf0c257927fdb2fe1346,0.25,0.007490501255483294,0.006154410805639661,0.05486105868401961,h2_h3_baseline,administered,51,4740.28301824982,11.417240211878099,0.0,0.0,415.18641372879193
f8f84891cc4f6abba11f8e50,1.0,0.03056389266343182,0.009663009531653655,0.45491398881920425,h2_h3_baseline,market,466,4489.569924531101,17.957071433068233,0.0,0.0,250.01682157723593
f94b622768b1ec6cfc899ba2,0.25,0.007444482754349198,0.0042294670895095,0.07246113919145612,h2_h3_baseline,administered,569,4348.514431519243,24.685132889343574,0.0,0.0,176.15924739041898
f950bc9a7216402519b2bae5,1.0,0.030057121116615088,0.006879037555623274,0.45790289398291056,h2_h3_baseline,market,454,4106.149892783373,14.966821896945856,0.0,0.0,274.35015403111584
f98d4cfb07ab083b6259fb6b,1.0,0.057239433974553756,0.0033840514981339446,0.306858493279882,h2_h3_baseline,market,69,4583.805094286927,1.8689059600764852,0.0,0.0,2452.66759922973
f9b72d2b312e4ddf900f90f6,1.0,0.029019479469031346,0.008617468744957264,0.4555470799915638,h2_h3_baseline,market,139,4555.6362814436025,9.079768122704918,0.0,0.0,501.7348703048653
f9dcd4fc3a994cb297f1dd8c,1.0,0.03039995107617108,0.013985851717446651,0.4097704072675786,h2_h3_baseline,market,90,4453.492627600022,12.241334038500973,0.0,0.0,363.80778545811006
f9e0c929d11a8d0e90cecdd1,1.0,0.029326173929259937,0.014577348891697128,0.48901432765933334,h2_h3_baseline,market,503,4736.444701518983,5.6067178802294535,0.0,0.0,844.7802801387154
f9eedef5527e7b0287df7074,1.0,0.029480802326060356,0.008136741251370087,0.5008289654534405,h2_h3_baseline,market,756,4817.169247665572,10.138814833414932,0.0,0.0,475.12153311937584
f9f35d0c23a3459b5ea3abd9,0.25,0.007402980363142433,0.005675347961431248,0.03733003983833462,h2_h3_baseline,administered,299,4627.795628676832,26.260867329297604,0.0,0.0,176.22402073193868
fa01c145452426134df5423c,0.25,0.007608451790824924,0.005190617699202901,0.09215462861832975,h2_h3_baseline,administered,626,4588.367693884943,20.075164854488246,0.0,0.0,228.55940298089817
fa157fb64eab56482d14c7e5,0.25,0.007357240948024615,0.004713180575982254,0.06334687770393822,h2_h3_baseline,administered,416,4690.884698815616,8.661955796055805,0.0,0.0,541.5502929432629
fa5b435206adda2a591308fa,0.25,0.0071009429972659415,0.004749525087193161,0.047043698939574045,h2_h3_baseline,administered,304,4372.761566502436,27.457343396790368,0.0,0.0,159.25654216837273
fa61e8da29b3baafdabaf98f,1.0,0.029363715485751035,0.009301576353595799,0.4869733997641581,h2_h3_baseline,market,299,4606.857215154947,11.057693597119206,0.0,0.0,416.62008218017036
faa2155a1e0a4d21701a2f52,1.0,0.028066087362590968,0.009022838405989279,0.4924486346621884,h2_h3_baseline,market,275,4758.769864997809,8.083018277330797,0.0,0.0,588.7367443352197
fab000c9648e51c3c7dfb4ac,1.0,0.0019426645691398559,0.00984523204899956,0.3127340408640736,h2_h3_baseline,market,473,4424.033588433988,2.1803902867558995,0.0,0.0,2029.0099507901866
fac16415db1eea5d949b3346,0.25,0.007399575822791684,0.006033332030493178,-0.026856219669559925,h2_h3_baseline,administered,648,4556.49053311428,17.22329062619786,0.0,0.0,264.5540060842689
facf446ed2f51608c67c764a,1.0,0.027744489326743442,0.008005776767753417,0.39365399492827124,h2_h3_baseline,market,14,4550.759500661369,7.662514436313584,0.0,0.0,593.8989790472392
fb3801e3ca80c00a10ad58d4,1.0,0.02964398179044434,0.011153647505915699,0.5531289757590125,h2_h3_baseline,market,499,4780.244587973571,13.175787018539218,0.0,0.0,362.8052412540856
fb46185d9b602d09ae68fa89,0.25,0.007367570810899884,0.004629121592596275,0.06523858524126855,h2_h3_baseline,administered,636,4511.4866920283075,36.78547108836814,0.0,0.0,122.64316749377925
fb767e62a84a0303cc4ced4e,1.0,0.029495541642819843,0.020086074073370007,0.4596707927970141,h2_h3_baseline,market,102,4516.214769590727,6.042795937580633,0.0,0.0,747.3717160468758
fb7b8e0336368ea1d1a04050,0.25,0.007549595043139951,0.0051880062909483386,0.032707941439648086,h2_h3_baseline,administered,19,4467.3048972679835,23.28345341928621,0.0,0.0,191.86607831841707
fb89c0281e58fd1054551979,1.0,0.030627315264972293,0.007173947835271005,0.47650147714942725,h2_h3_baseline,market,152,4399.6877620744735,11.244584193126851,0.0,0.0,391.2717168113466
fbd39f4c491aeb111cbdb8ee,1.0,0.029435347895531292,0.009438326088907663,0.5320594937344311,h2_h3_baseline,market,228,4494.796336024738,23.190008121282396,0.0,0.0,193.82469865975094
fbf345e8cfe30a4313d3e6e2,1.0,0.028384043380149646,0.012441113422200605,0.3224090848435157,h2_h3_baseline,market,619,4624.259579978346,4.314057924509887,0.0,0.0,1071.9048424700277
fc672fb83a37781712f23f46,0.25,0.007244502993167987,0.005046353801316706,0.07590369633549053,h2_h3_baseline,administered,797,4384.584990072374,29.154932977193177,0.0,0.0,150.3891294657502
fc7c151eb571c99cb0015f55,0.25,0.007389562817574163,0.006167671334114608,0.03172517899234838,h2_h3_baseline,administered,734,4659.710444691111,18.33911007593732,0.0,0.0,254.08596302636843
fc8f817a535bf9007ada4e51,1.0,0.028925279939263016,0.008880337890866596,0.4861545691827584,h2_h3_baseline,market,741,4504.328217113472,15.823403795314245,0.0,0.0,284.66240736694914
fd0cbae34b92537d70e851fd,1.0,0.030712421489038064,0.004102674530176174,0.16558302979173165,h2_h3_baseline,market,417,4425.846422467257,2.0869449887520752,0.0,0.0,2120.729797057932
fd10792e32e6e3249b2957e4,0.25,0.007094040626262453,0.005045575979221946,0.040673644840730584,h2_h3_baseline,administered,542,4592.014511568043,16.866876289690275,0.0,0.0,272.2504412020186
fe1fcc4ff5ccbc7556ab9f92,1.0,0.029327081838023406,0.0064002968995371745,0.3677232435547562,h2_h3_baseline,market,143,4609.270974182581,3.8156830018228245,0.0,0.0,1207.9805822393118
fe8f003accfd714c5e9f7858,1.0,0.02938494771775909,0.013190236167255644,0.4278908123973582,h2_h3_baseline,market,524,4548.591751656778,5.6067178802294535,0.0,0.0,811.2753038094058
fe919ae92b9ade0efc935a72,1.0,0.0284665653023638,0.007702744707264042,0.4365652062774779,h2_h3_baseline,market,692,4642.582117583619,4.609968034855327,0.0,0.0,1007.0746873908239
feb37af11ea9cf311846488b,1.0,0.029280583477921594,0.02652711354150874,0.3693210265848127,h2_h3_baseline,market,531,4817.039237612473,7.366604325968144,0.0,0.0,653.9022627605835
fecfce762f14984112d7ad85,0.25,0.00725808508720733,0.004726846216633408,0.12313986822374691,h2_h3_baseline,administered,497,4404.023428181893,22.47359416991974,0.0,0.0,195.96435687517007
ff489cccd41dedabc81fed53,1.0,0.029936205859542445,0.008972851556139631,0.5417563301751684,h2_h3_baseline,market,493,4577.516555634375,20.760430373182956,0.0,0.0,220.49237291088767
ff58da5557aa8161b1252752,1.0,0.030135683098880282,0.012850771329320342,0.5027781414975966,h2_h3_baseline,market,19,4458.23546677005,12.210185605833033,0.0,0.0,365.12429955530473
ff8957b626df9453e931b3ef,1.0,0.029470768495032232,0.007658263625819344,0.38965667993939124,h2_h3_baseline,market,752,4348.5160137518205,4.859155496198862,0.0,0.0,894.9118868810649
ff95cc83ec709c772e76b77a,1.0,0.029296450503789775,0.011978446539940488,0.37430765040450115,h2_h3_baseline,market,434,4403.89611949634,6.276409182590193,0.0,0.0,701.658542548832
ffa4bf6689e9fab53ccbcfcd,1.0,0.02825475236800911,0.012572493730575039,0.4698362351595308,h2_h3_baseline,market,265,4372.700367680254,10.419150727426398,0.0,0.0,419.6791544794497
fff6723dbd54fc5173a0acb7,1.0,0.028591365494148497,0.01090454338254394,0.4229443284773309,h2_h3_baseline,market,727,4277.744160113502,11.960998144489505,0.0,0.0,357.6410687835682
