run_id,scenario_id,rate_regime,cumulative_consumption,defaults,write_offs,resolution_cost
7688706b457920571efb3d6e,ablation_bank_competition_baseline,administered,2644.2086199289743,0.0,0.0,0.0
9f794d2cfbae5a88f73e5d11,ablation_bank_competition_baseline,administered,2394.665819008332,0.0,0.0,0.0
fc98ec5d4e786643aa4471db,ablation_bank_competition_baseline,administered,2792.8175356471343,0.0,0.0,0.0
ee51c6d03a101a02ddeb7fd8,ablation_bank_competition_baseline,administered,2592.547122262166,0.0,0.0,0.0
9daaa6af84cb4d9513bdfbae,ablation_bank_competition_baseline,administered,2609.461906552385,0.0,0.0,0.0
b23c0f78a130c6d6bf7341c9,ablation_bank_competition_baseline,administered,2185.799914064246,0.0,0.0,0.0
924b63bce64e64f899034c52,ablation_bank_competition_baseline,administered,2638.938332135852,0.0,0.0,0.0
cc7bd95387b7a43bb6bade3c,ablation_bank_competition_baseline,administered,2918.32590635516,0.0,0.0,0.0
5fd0967d6dd98fecccaa78e4,ablation_bank_competition_baseline,administered,2429.232577487177,0.0,0.0,0.0
eb0181e649d543c15d9cbd0f,ablation_bank_competition_baseline,administered,2825.7572245519286,0.0,0.0,0.0
195e23c847ed4debc4cb12ec,ablation_bank_competition_baseline,administered,2476.5759466067443,0.0,0.0,0.0
e12020497ef649ba4591874b,ablation_bank_competition_baseline,administered,2350.6633726612304,0.0,0.0,0.0
e71498b685c4724cdea2e789,ablation_bank_competition_baseline,administered,2915.467323006198,0.0,0.0,0.0
52fb9fa99160867b36fa2c82,ablation_bank_competition_baseline,administered,2931.1965386096213,0.0,0.0,0.0
2b770fb3988a4cb8366259ad,ablation_bank_competition_baseline,administered,2678.841763323218,0.0,0.0,0.0
e777f0b608dcaf052e81c832,ablation_bank_competition_baseline,administered,2561.5633011326026,0.0,0.0,0.0
7ced8ba10726193988e5d443,ablation_bank_competition_baseline,administered,4085.760059949586,0.0,0.0,0.0
b78258937964283fe9ef6724,ablation_bank_competition_baseline,administered,2614.260106543989,0.0,0.0,0.0
f9a4b46d7c2b446908485045,ablation_bank_competition_baseline,administered,2988.967078090739,0.0,0.0,0.0
e2dfbd5cd0e1db65c2c6a541,ablation_bank_competition_baseline,administered,2387.4845305490103,0.0,0.0,0.0
9c7933aaed071a8e985ac9a3,ablation_bank_competition_baseline,administered,2819.594730765537,0.0,0.0,0.0
03ff0903b4b5f3dc65e12d72,ablation_bank_competition_baseline,administered,2910.0366514844914,0.0,0.0,0.0
bfd265545c1f912ee64d3ef1,ablation_bank_competition_baseline,administered,2712.484728822283,0.0,0.0,0.0
ffc562775bb44724554e55af,ablation_bank_competition_baseline,administered,2718.2425735735956,0.0,0.0,0.0
b13e52a8af120ce17205904e,ablation_bank_competition_baseline,administered,3406.580042005194,0.0,0.0,0.0
53e1302818582d8c8977eecf,ablation_bank_competition_baseline,administered,4488.22619888078,0.0,0.0,0.0
c3c7082a8419ce887bc42e25,ablation_bank_competition_baseline,administered,2685.1590230349607,0.0,0.0,0.0
942274ad586b165b05fabc6b,ablation_bank_competition_baseline,administered,2444.210301952685,0.0,0.0,0.0
7809199446714e1bdd0a48ba,ablation_bank_competition_baseline,administered,2414.004642759083,0.0,0.0,0.0
f5001f10e9e4f68d63de925b,ablation_bank_competition_baseline,administered,2456.9928800609687,0.0,0.0,0.0
1fac4e0ea6647f347df0c962,ablation_bank_competition_baseline,market,2642.0695640825575,0.0,0.0,0.0
dd260ac94fa161fa75d8fdae,ablation_bank_competition_baseline,market,2391.806238719209,0.0,0.0,0.0
210fe7659439e07a07a2d771,ablation_bank_competition_baseline,market,2787.4935657746346,0.0,0.0,0.0
ed608594cb1a3e299a32a416,ablation_bank_competition_baseline,market,2587.3296111554723,0.0,0.0,0.0
410b5879a417a20c2994ccf0,ablation_bank_competition_baseline,market,2605.87657059221,0.0,0.0,0.0
884616d5c320f94494d1fa49,ablation_bank_competition_baseline,market,2183.0647310306613,0.0,0.0,0.0
0afde849ee3d399e396cb7a7,ablation_bank_competition_baseline,market,2635.077526837263,0.0,0.0,0.0
78790414d52d54e7a2094ae1,ablation_bank_competition_baseline,market,2909.473852828107,0.0,0.0,0.0
c7cd37e0c4268e9fbc9fa5b2,ablation_bank_competition_baseline,market,2426.278260632485,0.0,0.0,0.0
8722bcb06962c8bdeec5d63f,ablation_bank_competition_baseline,market,2820.558407731988,0.0,0.0,0.0
382d06276cd1515c98114197,ablation_bank_competition_baseline,market,2473.6974789625124,0.0,0.0,0.0
4a25802abc1e4791a6af7e3a,ablation_bank_competition_baseline,market,2349.3999022570592,0.0,0.0,0.0
65965981bdf2725117d94c2d,ablation_bank_competition_baseline,market,2913.5740377376756,0.0,0.0,0.0
1d7d5c129a8e0f4590a395d6,ablation_bank_competition_baseline,market,2930.940708979307,0.0,0.0,0.0
49f85729b3b03dcf4f29c1d2,ablation_bank_competition_baseline,market,2673.303476639023,0.0,0.0,0.0
bfec8915414febb69e3b395f,ablation_bank_competition_baseline,market,2557.4302449679903,0.0,0.0,0.0
4e5c4db91d88f9d020377c39,ablation_bank_competition_baseline,market,4083.9535210129056,0.0,0.0,0.0
6227f2ef09d0c70a94bbcb3a,ablation_bank_competition_baseline,market,2612.0341057470378,0.0,0.0,0.0
2e9c478f66def74aab410ffe,ablation_bank_competition_baseline,market,2986.6011907177126,0.0,0.0,0.0
d4173647104386271aaf4362,ablation_bank_competition_baseline,market,2386.4339476519267,0.0,0.0,0.0
013c62b5ab1fcc371106186c,ablation_bank_competition_baseline,market,2810.758463675293,0.0,0.0,0.0
93db985a53688800b940bf7d,ablation_bank_competition_baseline,market,2902.301544157318,0.0,0.0,0.0
841175c3d5ebee6d5b6c6ab7,ablation_bank_competition_baseline,market,2706.575432921651,0.0,0.0,0.0
548303e441e26778e89f8954,ablation_bank_competition_baseline,market,2715.0527603467835,0.0,0.0,0.0
bdab3a6aa9fceafddf2b6621,ablation_bank_competition_baseline,market,3405.9092254070456,0.0,0.0,0.0
42193e1d6491115182b70da9,ablation_bank_competition_baseline,market,4487.448024859921,0.0,0.0,0.0
31dfc81b72bb7edb1962f6eb,ablation_bank_competition_baseline,market,2679.8601855457664,0.0,0.0,0.0
88943c489fcee427e9a6e454,ablation_bank_competition_baseline,market,2442.1206404623167,0.0,0.0,0.0
2e457362737e3c56c0f111b8,ablation_bank_competition_baseline,market,2411.166447464623,0.0,0.0,0.0
398ff6351d7c5060200b8a8b,ablation_bank_competition_baseline,market,2454.9900413588143,0.0,0.0,0.0
a02d433e7c203c99f427d8b5,ablation_bank_competition_shock,administered,2751.2925543811807,0.0,0.0,0.0
c4ed668c2def31b873179ff5,ablation_bank_competition_shock,administered,2531.8484967721756,0.0,0.0,0.0
52d17a7cdd4fa32f2ca377fb,ablation_bank_competition_shock,administered,2869.237934032285,0.0,0.0,0.0
2a60bc71402b32b8dc06769a,ablation_bank_competition_shock,administered,2690.86031532852,0.0,0.0,0.0
a39a2b1fb555de04ae9668e2,ablation_bank_competition_shock,administered,2716.8818963955937,0.0,0.0,0.0
bcbd224166bcad3f52c9de33,ablation_bank_competition_shock,administered,2378.8498501024005,0.0,0.0,0.0
14a1437018ededfeceade0dc,ablation_bank_competition_shock,administered,2730.4098126553913,0.0,0.0,0.0
29172a820605cc7b008855da,ablation_bank_competition_shock,administered,2997.648744177219,0.0,0.0,0.0
b6b95f6400cf9def02a71eb6,ablation_bank_competition_shock,administered,2558.897397825688,0.0,0.0,0.0
4804cc8144d40278bf0cc656,ablation_bank_competition_shock,administered,2902.422585514955,0.0,0.0,0.0
6ed7739c922a426e306e0c03,ablation_bank_competition_shock,administered,2616.5015110997037,0.0,0.0,0.0
e11691d3890ec8efa7a07946,ablation_bank_competition_shock,administered,2532.9936889488877,0.0,0.0,0.0
987c64789d9e0df77696ff05,ablation_bank_competition_shock,administered,2996.1175768025614,0.0,0.0,0.0
440041ad1f1a3782f85ab538,ablation_bank_competition_shock,administered,3011.4373833738773,0.0,0.0,0.0
3a1c997f7143a0ab40efb915,ablation_bank_competition_shock,administered,2769.83200951282,0.0,0.0,0.0
9056396616355fc5a33e5608,ablation_bank_competition_shock,administered,2661.334698849771,0.0,0.0,0.0
0e027bae2c0e4a0c3088f94a,ablation_bank_competition_shock,administered,4192.103842297698,0.0,0.0,0.0
3f0596a27bee250267a15b05,ablation_bank_competition_shock,administered,2716.6753101042113,0.0,0.0,0.0
c4d720c41ce1f6c480e7eb18,ablation_bank_competition_shock,administered,3067.350351349674,0.0,0.0,0.0
671487156c6029aad8b0f15f,ablation_bank_competition_shock,administered,2538.8899326531077,0.0,0.0,0.0
4efd9b5a6007870ac3e994ad,ablation_bank_competition_shock,administered,2897.7181938062536,0.0,0.0,0.0
533028183058dd0ee35ccc10,ablation_bank_competition_shock,administered,2988.6493809738995,0.0,0.0,0.0
79ddc7954a4d70671f577c2d,ablation_bank_competition_shock,administered,2796.519014690382,0.0,0.0,0.0
09cfccfb16b9293ba09483a8,ablation_bank_competition_shock,administered,2809.6483130851675,0.0,0.0,0.0
7485e751e97284ed74a9c541,ablation_bank_competition_shock,administered,3495.3242675777983,0.0,0.0,0.0
608f8932f47b56dd2b5314f6,ablation_bank_competition_shock,administered,4488.618626569451,0.0,0.0,0.0
7977f965893328e09b765e4c,ablation_bank_competition_shock,administered,2771.2340605565823,0.0,0.0,0.0
12aa3329913532ef8b37d837,ablation_bank_competition_shock,administered,2578.210018489145,0.0,0.0,0.0
5e5ac91eae69e6e530521a27,ablation_bank_competition_shock,administered,2551.298976220215,0.0,0.0,0.0
0f56bba088b3d4415d6300ab,ablation_bank_competition_shock,administered,2594.84453955759,0.0,0.0,0.0
6d51070deadb52dc4fb9eb49,ablation_bank_competition_shock,market,2748.3490612274845,0.0,0.0,0.0
ff7debd8752024119af71227,ablation_bank_competition_shock,market,2527.6959096154196,0.0,0.0,0.0
956cecf09a71cec097b804d2,ablation_bank_competition_shock,market,2864.0194014498056,0.0,0.0,0.0
0982efca97b3621a0badb344,ablation_bank_competition_shock,market,2685.4713850400026,0.0,0.0,0.0
f1c21db5b14ca7d55976f7d4,ablation_bank_competition_shock,market,2712.8120129576278,0.0,0.0,0.0
ac108e5fa3460795d7cb5463,ablation_bank_competition_shock,market,2376.1825431879574,0.0,0.0,0.0
12ab08f8c2a62ddbdb51c2f5,ablation_bank_competition_shock,market,2725.673390465566,0.0,0.0,0.0
edb28c50eeaffa11c21f8d46,ablation_bank_competition_shock,market,2988.2070797126803,0.0,0.0,0.0
237713555b5b71488fd06af1,ablation_bank_competition_shock,market,2554.9034050463233,0.0,0.0,0.0
2412ec0341439733e050002e,ablation_bank_competition_shock,market,2897.585020809855,0.0,0.0,0.0
3a0e58306484727d6bb5053a,ablation_bank_competition_shock,market,2612.4623846199283,0.0,0.0,0.0
e3c56cb4afec06aefffadefb,ablation_bank_competition_shock,market,2530.5362772062267,0.0,0.0,0.0
bc94587ac0e3599f50148dae,ablation_bank_competition_shock,market,2993.5150805986236,0.0,0.0,0.0
176375464fe227021ecc671e,ablation_bank_competition_shock,market,3011.233005579111,0.0,0.0,0.0
bc22cff29569e8decfc9d4a5,ablation_bank_competition_shock,market,2762.95307249891,0.0,0.0,0.0
d2b4f3b827039312aa4429d9,ablation_bank_competition_shock,market,2656.2332390729857,0.0,0.0,0.0
d748bf5e18f1094ae6a37149,ablation_bank_competition_shock,market,4189.8869030891965,0.0,0.0,0.0
420c19edba14d885090ca383,ablation_bank_competition_shock,market,2714.046788822954,0.0,0.0,0.0
acfa39d5dd0abf29981a0b35,ablation_bank_competition_shock,market,3065.1654077624844,0.0,0.0,0.0
4fa9c79b152da9f853242d6c,ablation_bank_competition_shock,market,2535.776981946223,0.0,0.0,0.0
1286bed1394314f4a612f2e1,ablation_bank_competition_shock,market,2888.1903782956483,0.0,0.0,0.0
61f795286713ceaf05574575,ablation_bank_competition_shock,market,2979.9077519583097,0.0,0.0,0.0
331e9f758df4abbce59f5c73,ablation_bank_competition_shock,market,2790.219190817109,0.0,0.0,0.0
ec0c535ba462160915211549,ablation_bank_competition_shock,market,2806.002043456039,0.0,0.0,0.0
8ba709fce6ae67e371576e56,ablation_bank_competition_shock,market,3494.7452036373215,0.0,0.0,0.0
daef32dfae30ac670b709514,ablation_bank_competition_shock,market,4487.809270235446,0.0,0.0,0.0
6c7261dfece4adc3b810e7a8,ablation_bank_competition_shock,market,2765.6452744144913,0.0,0.0,0.0
46baf044aacd9f0b0f9c3747,ablation_bank_competition_shock,market,2574.558440162318,0.0,0.0,0.0
6989010ab741e2b607bc1819,ablation_bank_competition_shock,market,2548.3071057107177,0.0,0.0,0.0
c0af88bb27ea028a7ba8e7ba,ablation_bank_competition_shock,market,2591.5722479621536,0.0,0.0,0.0
756a262e49e7b7cf7de9acb1,ablation_borrower_risk_pricing_baseline,administered,2647.6034538315416,0.0,0.0,0.0
81e391a2832009c0618cf0ce,ablation_borrower_risk_pricing_baseline,administered,2398.6256710261623,0.0,0.0,0.0
7c76a282bc992a1a81a6046a,ablation_borrower_risk_pricing_baseline,administered,2799.8305978197277,0.0,0.0,0.0
83c1c2beba7452cfdd0d0fb0,ablation_borrower_risk_pricing_baseline,administered,2600.545257616875,0.0,0.0,0.0
69ab6c08a3bd1571ec7d322a,ablation_borrower_risk_pricing_baseline,administered,2613.9759537048935,0.0,0.0,0.0
9dce270ee06980a6d70d27ef,ablation_borrower_risk_pricing_baseline,administered,2191.572591116301,0.0,0.0,0.0
6aee79f4114908bbd40a2972,ablation_borrower_risk_pricing_baseline,administered,2643.366216263985,0.0,0.0,0.0
82b8077bb90059618fbce982,ablation_borrower_risk_pricing_baseline,administered,2925.963844047511,0.0,0.0,0.0
74f0aeec33dd5247312f6bb0,ablation_borrower_risk_pricing_baseline,administered,2435.726575011149,0.0,0.0,0.0
dbcdea609432222558dd28c3,ablation_borrower_risk_pricing_baseline,administered,2830.4769123546184,0.0,0.0,0.0
50711ea7647906f14e0c7166,ablation_borrower_risk_pricing_baseline,administered,2480.754295600082,0.0,0.0,0.0
cdc4a88de1b9dc0cc115371c,ablation_borrower_risk_pricing_baseline,administered,2353.4974450681684,0.0,0.0,0.0
08fe2842a02e3d40008c1e3d,ablation_borrower_risk_pricing_baseline,administered,2917.8278929693142,0.0,0.0,0.0
8e346a72e27fb2e4cae49574,ablation_borrower_risk_pricing_baseline,administered,2934.300909075731,0.0,0.0,0.0
adce5853aca0483a4d084703,ablation_borrower_risk_pricing_baseline,administered,2684.6227835191116,0.0,0.0,0.0
68b87034f8f8b58db5cf0618,ablation_borrower_risk_pricing_baseline,administered,2567.6888928800527,0.0,0.0,0.0
861690bebef5908bc7e89505,ablation_borrower_risk_pricing_baseline,administered,4086.939722729295,0.0,0.0,0.0
bfb41608035b9878fd40b016,ablation_borrower_risk_pricing_baseline,administered,2618.8722519051225,0.0,0.0,0.0
844a6d297d0d6f4318899bc0,ablation_borrower_risk_pricing_baseline,administered,2992.4024114723143,0.0,0.0,0.0
9770115a369e338f0203e12f,ablation_borrower_risk_pricing_baseline,administered,2390.6742914385404,0.0,0.0,0.0
584729002919d1405bc4089c,ablation_borrower_risk_pricing_baseline,administered,2827.6020675102827,0.0,0.0,0.0
44d1646da90d2aaec02a89ed,ablation_borrower_risk_pricing_baseline,administered,2917.655700314141,0.0,0.0,0.0
8f1d9d0d99853c18f6a77ff2,ablation_borrower_risk_pricing_baseline,administered,2718.4689730559708,0.0,0.0,0.0
efd10d88a3cd36c5886c9825,ablation_borrower_risk_pricing_baseline,administered,2724.0460702319815,0.0,0.0,0.0
49cc27067443707984cfd010,ablation_borrower_risk_pricing_baseline,administered,3408.9344267179963,0.0,0.0,0.0
cda95c126cd7a0bf6e22428c,ablation_borrower_risk_pricing_baseline,administered,4491.219132055093,0.0,0.0,0.0
ef6671cb665a440ad4868203,ablation_borrower_risk_pricing_baseline,administered,2693.3436217982016,0.0,0.0,0.0
635282ee9d52df23c758dfdb,ablation_borrower_risk_pricing_baseline,administered,2449.11986797713,0.0,0.0,0.0
483dc36e71c76cc7637129e0,ablation_borrower_risk_pricing_baseline,administered,2417.9174377310937,0.0,0.0,0.0
125be085618b3126b5a3df8f,ablation_borrower_risk_pricing_baseline,administered,2461.2056992895164,0.0,0.0,0.0
e8621cc3597ad761a29c9f1a,ablation_borrower_risk_pricing_baseline,market,2647.5723110495614,0.0,0.0,0.0
3291ac21cb1a95b7829612c2,ablation_borrower_risk_pricing_baseline,market,2398.50044179336,0.0,0.0,0.0
2d9ae9d1f5aa339284402ad7,ablation_borrower_risk_pricing_baseline,market,2799.8304660754457,0.0,0.0,0.0
3e15721955cfdfccf2c0dbc3,ablation_borrower_risk_pricing_baseline,market,2600.557969294429,0.0,0.0,0.0
eaf62bcebb3b622a353e9a02,ablation_borrower_risk_pricing_baseline,market,2613.9267628272114,0.0,0.0,0.0
ca3c2f750e1f90895da8e5e2,ablation_borrower_risk_pricing_baseline,market,2191.636994309802,0.0,0.0,0.0
90fe8756a83bbf05a773fa10,ablation_borrower_risk_pricing_baseline,market,2643.3117346799427,0.0,0.0,0.0
6b40f1b113c61265bdcf9595,ablation_borrower_risk_pricing_baseline,market,2925.9645171568727,0.0,0.0,0.0
f17dbf9d031fcb439a83716a,ablation_borrower_risk_pricing_baseline,market,2435.772939741983,0.0,0.0,0.0
541a8c0562cc6b45b9269b3d,ablation_borrower_risk_pricing_baseline,market,2830.4753977213077,0.0,0.0,0.0
ba4c41e7bd324575570cd988,ablation_borrower_risk_pricing_baseline,market,2480.687500694202,0.0,0.0,0.0
ab3cc69ce996198719f67e0a,ablation_borrower_risk_pricing_baseline,market,2353.3061438675695,0.0,0.0,0.0
2557aa93f8ae11aa3825303c,ablation_borrower_risk_pricing_baseline,market,2917.8223654082235,0.0,0.0,0.0
dea312929f8200a379c63510,ablation_borrower_risk_pricing_baseline,market,2934.2909365880782,0.0,0.0,0.0
bc840fc7182d5eebcca0341a,ablation_borrower_risk_pricing_baseline,market,2684.6191698656626,0.0,0.0,0.0
0289c5381287d65fcbd09add,ablation_borrower_risk_pricing_baseline,market,2567.6759962692386,0.0,0.0,0.0
5f7365527eb3dc6e40af0af2,ablation_borrower_risk_pricing_baseline,market,4086.939722729295,0.0,0.0,0.0
1699a341cd928ac2e33ca6f0,ablation_borrower_risk_pricing_baseline,market,2618.8539312871253,0.0,0.0,0.0
e022358a68a5888865a476d7,ablation_borrower_risk_pricing_baseline,market,2992.4024114723143,0.0,0.0,0.0
846ee1a3cb65b335b32f0980,ablation_borrower_risk_pricing_baseline,market,2390.663533443007,0.0,0.0,0.0
f62cb8c9dc7e4df3c4e06445,ablation_borrower_risk_pricing_baseline,market,2827.6035309107833,0.0,0.0,0.0
1d6c46d96236287c921ad709,ablation_borrower_risk_pricing_baseline,market,2917.656561496934,0.0,0.0,0.0
647567f3cafcfcdc87f10139,ablation_borrower_risk_pricing_baseline,market,2718.4663323982772,0.0,0.0,0.0
84663f0ae33fb222310008da,ablation_borrower_risk_pricing_baseline,market,2724.035724125292,0.0,0.0,0.0
925295457e152fe7ef67f54e,ablation_borrower_risk_pricing_baseline,market,3408.9344267179963,0.0,0.0,0.0
5f3cfd4b379c515f25eaced4,ablation_borrower_risk_pricing_baseline,market,4491.219132055093,0.0,0.0,0.0
203af993c471571c84e1da39,ablation_borrower_risk_pricing_baseline,market,2693.3524713215847,0.0,0.0,0.0
5725fdbe915ebfca313d249f,ablation_borrower_risk_pricing_baseline,market,2449.1529876534214,0.0,0.0,0.0
5a65e145dec4b78276e3f454,ablation_borrower_risk_pricing_baseline,market,2417.873809456562,0.0,0.0,0.0
d5ab2c38ffa24bed5257b427,ablation_borrower_risk_pricing_baseline,market,2461.1154423015137,0.0,0.0,0.0
d1d71eed9e5593f2709a466b,ablation_borrower_risk_pricing_shock,administered,2755.697501546649,0.0,0.0,0.0
c2175032c1d52fb2a09691dc,ablation_borrower_risk_pricing_shock,administered,2538.827729609863,0.0,0.0,0.0
720def7225424e72686c369e,ablation_borrower_risk_pricing_shock,administered,2877.317003500169,0.0,0.0,0.0
1150982ef88bb9a5b1e8b86a,ablation_borrower_risk_pricing_shock,administered,2700.693954757902,0.0,0.0,0.0
985d21ae801749176b03994d,ablation_borrower_risk_pricing_shock,administered,2723.0529554894097,0.0,0.0,0.0
ddab74367d449c99b3a9f183,ablation_borrower_risk_pricing_shock,administered,2387.391508813269,0.0,0.0,0.0
75c55f38e4fa10ba0ffd52b9,ablation_borrower_risk_pricing_shock,administered,2736.116206491465,0.0,0.0,0.0
47e8dfbbf08aec3a93fc7c7d,ablation_borrower_risk_pricing_shock,administered,3007.0851101641606,0.0,0.0,0.0
38c6f0cca6327b03a3788647,ablation_borrower_risk_pricing_shock,administered,2568.793903378206,0.0,0.0,0.0
94d66192075fec867429dd34,ablation_borrower_risk_pricing_shock,administered,2907.981230588321,0.0,0.0,0.0
ab4b422204add5ab0f47b3cc,ablation_borrower_risk_pricing_shock,administered,2622.98317403034,0.0,0.0,0.0
22f14c1f2fb2f50129619300,ablation_borrower_risk_pricing_shock,administered,2538.0963014881618,0.0,0.0,0.0
9d5e9f45186dbcd325e21165,ablation_borrower_risk_pricing_shock,administered,2999.6186148316733,0.0,0.0,0.0
351db322f06a215687d3b428,ablation_borrower_risk_pricing_shock,administered,3014.835023693023,0.0,0.0,0.0
26cdfdbb19eddd594465cd01,ablation_borrower_risk_pricing_shock,administered,2777.354164767522,0.0,0.0,0.0
43ee5d2dea5c5fe128de7319,ablation_borrower_risk_pricing_shock,administered,2669.601312540409,0.0,0.0,0.0
1664dfb109ed1cd184836787,ablation_borrower_risk_pricing_shock,administered,4193.734130863698,0.0,0.0,0.0
46a711482669935413e3d046,ablation_borrower_risk_pricing_shock,administered,2722.586951428947,0.0,0.0,0.0
bdd9dde0b7e091605144f5cc,ablation_borrower_risk_pricing_shock,administered,3071.084649243297,0.0,0.0,0.0
f193d74c407032a90560f309,ablation_borrower_risk_pricing_shock,administered,2544.300258463627,0.0,0.0,0.0
eaaa9bcb9db1cd69447195ee,ablation_borrower_risk_pricing_shock,administered,2907.792382369986,0.0,0.0,0.0
fb3a2c965ad05e79dade1f0c,ablation_borrower_risk_pricing_shock,administered,2998.172051280214,0.0,0.0,0.0
73dd17c13053bb056a58cc14,ablation_borrower_risk_pricing_shock,administered,2804.1762391762286,0.0,0.0,0.0
4e90863fd5aff409ccb679f0,ablation_borrower_risk_pricing_shock,administered,2816.7469375861165,0.0,0.0,0.0
1bfd84e4302be71ba7a83fce,ablation_borrower_risk_pricing_shock,administered,3497.8789837488966,0.0,0.0,0.0
ae074dad1804368d41a9397c,ablation_borrower_risk_pricing_shock,administered,4491.544050894088,0.0,0.0,0.0
b21ef1959bad3cfa59fb7531,ablation_borrower_risk_pricing_shock,administered,2781.553661223862,0.0,0.0,0.0
ada84664685d21e5465ae0d2,ablation_borrower_risk_pricing_shock,administered,2586.1195686408128,0.0,0.0,0.0
e87a7664b6b1107ee44987d5,ablation_borrower_risk_pricing_shock,administered,2557.075422168999,0.0,0.0,0.0
a201c526453010d972ebe12f,ablation_borrower_risk_pricing_shock,administered,2601.2800337266704,0.0,0.0,0.0
2ab1e6ac2aeca7bfae67140b,ablation_borrower_risk_pricing_shock,market,2755.675053905052,0.0,0.0,0.0
dbf4d819eb44dddc1c7ddf62,ablation_borrower_risk_pricing_shock,market,2538.7438069733994,0.0,0.0,0.0
3c1d4888a22e4abe28aaa29c,ablation_borrower_risk_pricing_shock,market,2877.3168778489207,0.0,0.0,0.0
aceeb4512dc123839d87dbd1,ablation_borrower_risk_pricing_shock,market,2700.7056708360133,0.0,0.0,0.0
d365d0ac88a523fceda72c97,ablation_borrower_risk_pricing_shock,market,2723.0231480601797,0.0,0.0,0.0
a3bea44f918f375c291897ea,ablation_borrower_risk_pricing_shock,market,2387.4472055623655,0.0,0.0,0.0
f002c703f410ac772c970d17,ablation_borrower_risk_pricing_shock,market,2736.073466191989,0.0,0.0,0.0
29ebe8f01f51108997a0be71,ablation_borrower_risk_pricing_shock,market,3007.0851101641606,0.0,0.0,0.0
72fb0b64cb98cca67378d338,ablation_borrower_risk_pricing_shock,market,2568.8219266982765,0.0,0.0,0.0
a9e38f9a0a82f1f274fdf7c3,ablation_borrower_risk_pricing_shock,market,2907.9795772474704,0.0,0.0,0.0
920a1ef01c7a3d8136e04454,ablation_borrower_risk_pricing_shock,market,2622.9287590506456,0.0,0.0,0.0
96e8c6078bdb57135f84350a,ablation_borrower_risk_pricing_shock,market,2537.920117474571,0.0,0.0,0.0
3d8cdfd24757ada359e66faf,ablation_borrower_risk_pricing_shock,market,2999.6186148316733,0.0,0.0,0.0
4dd46ec01e2352824a5da230,ablation_borrower_risk_pricing_shock,market,3014.8249426426682,0.0,0.0,0.0
d79af925ae7c6749ee934942,ablation_borrower_risk_pricing_shock,market,2777.351179799102,0.0,0.0,0.0
1be7ab22dc5c9d0fb5073200,ablation_borrower_risk_pricing_shock,market,2669.5864857088563,0.0,0.0,0.0
04df56fe7c66a112a0a815b3,ablation_borrower_risk_pricing_shock,market,4193.734130863698,0.0,0.0,0.0
4671879f70ea492f09941b95,ablation_borrower_risk_pricing_shock,market,2722.5765068583205,0.0,0.0,0.0
61c60a552406d7af7588c955,ablation_borrower_risk_pricing_shock,market,3071.084649243297,0.0,0.0,0.0
8660dad937f4d5b0af86705c,ablation_borrower_risk_pricing_shock,market,2544.2596747136254,0.0,0.0,0.0
2b8fdaae2663dab51ae4a834,ablation_borrower_risk_pricing_shock,market,2907.792955247936,0.0,0.0,0.0
b040cb73734932f33c663b98,ablation_borrower_risk_pricing_shock,market,2998.172051280214,0.0,0.0,0.0
034fc004e26e06cfa061fd8d,ablation_borrower_risk_pricing_shock,market,2804.1732493362165,0.0,0.0,0.0
dd865d36bfe228c58e067a78,ablation_borrower_risk_pricing_shock,market,2816.7422684151506,0.0,0.0,0.0
1a4aaa8866cca351c37b3f1a,ablation_borrower_risk_pricing_shock,market,3497.8789837488966,0.0,0.0,0.0
2bf28ee9dc83acb76ac7d97e,ablation_borrower_risk_pricing_shock,market,4491.544050894088,0.0,0.0,0.0
63ce0bf061ee6724e9ca34fd,ablation_borrower_risk_pricing_shock,market,2781.557639875126,0.0,0.0,0.0
a09a081e1d537268617dd4c6,ablation_borrower_risk_pricing_shock,market,2586.141994054337,0.0,0.0,0.0
d610ade1866e6793ebf5f441,ablation_borrower_risk_pricing_shock,market,2557.010660399353,0.0,0.0,0.0
f35d48f2125275d80deb26ec,ablation_borrower_risk_pricing_shock,market,2601.2157160470133,0.0,0.0,0.0
4e4810cad21e4c07aca4c03d,ablation_capital_pricing_baseline,administered,2647.249454920656,0.0,0.0,0.0
fe06c622e207cf7ed262794d,ablation_capital_pricing_baseline,administered,2397.885453941479,0.0,0.0,0.0
416008925e73913ac0e27cea,ablation_capital_pricing_baseline,administered,2799.0099773061693,0.0,0.0,0.0
9a6cbdb70bb3568f86e3f879,ablation_capital_pricing_baseline,administered,2600.076890923386,0.0,0.0,0.0
ec536ecf519f59ec9b8e4571,ablation_capital_pricing_baseline,administered,2613.6145235682557,0.0,0.0,0.0
9f5266d75b3d93fda9f81072,ablation_capital_pricing_baseline,administered,2190.4919461889526,0.0,0.0,0.0
aebe4cafa6604af76da49c4c,ablation_capital_pricing_baseline,administered,2642.3766237549585,0.0,0.0,0.0
653f7581126fb9807bd7b11c,ablation_capital_pricing_baseline,administered,2925.1345329550913,0.0,0.0,0.0
161916aa0d885b2040211840,ablation_capital_pricing_baseline,administered,2435.131168800235,0.0,0.0,0.0
327a522a2c7ddef98bde497d,ablation_capital_pricing_baseline,administered,2830.140598627207,0.0,0.0,0.0
6482ffe426ecc4e3e9afd837,ablation_capital_pricing_baseline,administered,2480.27257626416,0.0,0.0,0.0
244f965e0eaec1f9a6b0d2cd,ablation_capital_pricing_baseline,administered,2352.7510301268962,0.0,0.0,0.0
efed92c11e6b9f814482b912,ablation_capital_pricing_baseline,administered,2917.6758668817197,0.0,0.0,0.0
23d791d0d0417cea32db6624,ablation_capital_pricing_baseline,administered,2934.1782149565993,0.0,0.0,0.0
d9a77a5fabe8ea3bd44f5082,ablation_capital_pricing_baseline,administered,2684.102003455358,0.0,0.0,0.0
cd9b73a14dd87ed7f61d9f79,ablation_capital_pricing_baseline,administered,2567.419290520579,0.0,0.0,0.0
1abe792640bf67e960e9f5a8,ablation_capital_pricing_baseline,administered,4086.939722729295,0.0,0.0,0.0
ac8e3303243cd0fa595e448d,ablation_capital_pricing_baseline,administered,2618.399472728436,0.0,0.0,0.0
7f6bb1f0177c4816ca025c59,ablation_capital_pricing_baseline,administered,2991.7800997055097,0.0,0.0,0.0
8677cb5613a19d40847923b1,ablation_capital_pricing_baseline,administered,2390.269421012753,0.0,0.0,0.0
94d8085db5c0d6f690558c1f,ablation_capital_pricing_baseline,administered,2826.9475550014304,0.0,0.0,0.0
4a2f8ad0fbea0a0f214f2b69,ablation_capital_pricing_baseline,administered,2916.818873512652,0.0,0.0,0.0
a1b260bd1ecb4d814f418359,ablation_capital_pricing_baseline,administered,2718.127746746345,0.0,0.0,0.0
a93e7338a8d5422da39293bc,ablation_capital_pricing_baseline,administered,2723.4854336846724,0.0,0.0,0.0
2668f316e81643241d972ec7,ablation_capital_pricing_baseline,administered,3408.9344267179963,0.0,0.0,0.0
baac31cd0826e49476d8231b,ablation_capital_pricing_baseline,administered,4490.237124770902,0.0,0.0,0.0
899039da359f502ad76be599,ablation_capital_pricing_baseline,administered,2692.554404031109,0.0,0.0,0.0
e12c7eaa517d4f8870788649,ablation_capital_pricing_baseline,administered,2448.468249817711,0.0,0.0,0.0
1dd61d681c667492f6bb3a53,ablation_capital_pricing_baseline,administered,2417.581065818899,0.0,0.0,0.0
7450e44f37f421a61523a3ab,ablation_capital_pricing_baseline,administered,2460.788448124498,0.0,0.0,0.0
c93d3707493ca9b008122d64,ablation_capital_pricing_baseline,market,2643.5401405668886,0.0,0.0,0.0
f8ace18f1c46f42680a3941e,ablation_capital_pricing_baseline,market,2392.980956762196,0.0,0.0,0.0
6bb578d68b13e5ca3f4e028d,ablation_capital_pricing_baseline,market,2789.868780784711,0.0,0.0,0.0
f9259db32e0b473ab68be802,ablation_capital_pricing_baseline,market,2591.116660116128,0.0,0.0,0.0
4cfd233f6a76b70ad250dfaa,ablation_capital_pricing_baseline,market,2607.5497021541264,0.0,0.0,0.0
e034e4ae4ea83ed878d79708,ablation_capital_pricing_baseline,market,2185.6626256216227,0.0,0.0,0.0
f5d3c67b288b027ec893a225,ablation_capital_pricing_baseline,market,2636.13529888771,0.0,0.0,0.0
ddde483fd8a5c3c54f957c73,ablation_capital_pricing_baseline,market,2910.5181484709815,0.0,0.0,0.0
7fce6f8ff9a00e18caf2e75a,ablation_capital_pricing_baseline,market,2430.2841565388617,0.0,0.0,0.0
30250aaff90fdef35869261a,ablation_capital_pricing_baseline,market,2821.2371501692232,0.0,0.0,0.0
2f7b811dadf99a4418aa4134,ablation_capital_pricing_baseline,market,2475.159366314683,0.0,0.0,0.0
3208e636a8808a88facbbfda,ablation_capital_pricing_baseline,market,2350.635893816797,0.0,0.0,0.0
cd42d2eaa04525d8f595fc33,ablation_capital_pricing_baseline,market,2914.505506675185,0.0,0.0,0.0
64f44a0dceaa91377d1f904d,ablation_capital_pricing_baseline,market,2933.7803835147442,0.0,0.0,0.0
b8e5fb56c8922f88880e749b,ablation_capital_pricing_baseline,market,2675.098294661597,0.0,0.0,0.0
8b651fcf4456094a1a8325ab,ablation_capital_pricing_baseline,market,2560.2527533949637,0.0,0.0,0.0
18031d7b186c5b89a71ba02c,ablation_capital_pricing_baseline,market,4083.9535210129056,0.0,0.0,0.0
9ea2ffe27bcdf74c290511e7,ablation_capital_pricing_baseline,market,2614.509542199416,0.0,0.0,0.0
42c47cc60fadd08f0d215dd6,ablation_capital_pricing_baseline,market,2987.754036593332,0.0,0.0,0.0
7a4c2bf2c45145e20ab0e0f3,ablation_capital_pricing_baseline,market,2388.607912895509,0.0,0.0,0.0
ea42c54331fa052a0a8d4c85,ablation_capital_pricing_baseline,market,2812.35178810548,0.0,0.0,0.0
a1d45da904c8607467493721,ablation_capital_pricing_baseline,market,2904.1733425489456,0.0,0.0,0.0
42595350cbc8370f97b37d09,ablation_capital_pricing_baseline,market,2708.256879583919,0.0,0.0,0.0
888f14fa41f96caaa0a6029b,ablation_capital_pricing_baseline,market,2718.072929184389,0.0,0.0,0.0
b9adc13c33d890d30f62f7d1,ablation_capital_pricing_baseline,market,3407.7927331772885,0.0,0.0,0.0
93943e0b7aab5c9f239eb8f2,ablation_capital_pricing_baseline,market,4488.852802321385,0.0,0.0,0.0
9884c228328bb623f08b646d,ablation_capital_pricing_baseline,market,2683.6330675171366,0.0,0.0,0.0
0a61b1dbd28f0ead2f9ebb6f,ablation_capital_pricing_baseline,market,2445.0308787768026,0.0,0.0,0.0
3b54d7be0f02e5bdcf84e56b,ablation_capital_pricing_baseline,market,2412.4667827273156,0.0,0.0,0.0
bab137e5903f1a273646d449,ablation_capital_pricing_baseline,market,2457.376789900869,0.0,0.0,0.0
4b1e05cbfdd37323be4489e6,ablation_capital_pricing_shock,administered,2755.3075528719273,0.0,0.0,0.0
815eb1acd1e4c2ace01698ee,ablation_capital_pricing_shock,administered,2538.281123720853,0.0,0.0,0.0
f6bb4499c6393d5e570ae6ec,ablation_capital_pricing_shock,administered,2876.612514662743,0.0,0.0,0.0
0e19763aca0b77bcf5ebf433,ablation_capital_pricing_shock,administered,2700.2299071417556,0.0,0.0,0.0
f80d34ec98c03b55f0a0c57a,ablation_capital_pricing_shock,administered,2722.7271264502983,0.0,0.0,0.0
3081165c15075dce2d4ac2a3,ablation_capital_pricing_shock,administered,2386.41866928119,0.0,0.0,0.0
710cba25909adf5084782215,ablation_capital_pricing_shock,administered,2735.1958006108425,0.0,0.0,0.0
540dffed776834c068611ce7,ablation_capital_pricing_shock,administered,3006.3873208602404,0.0,0.0,0.0
117b2d824293b1cb65ee2e0e,ablation_capital_pricing_shock,administered,2568.3321484677504,0.0,0.0,0.0
e882e42d447231852862e652,ablation_capital_pricing_shock,administered,2907.636745598925,0.0,0.0,0.0
84e8e9fe6fa61f4598896e99,ablation_capital_pricing_shock,administered,2622.4561194291346,0.0,0.0,0.0
8b1bfdbe4a2c14119dc763b6,ablation_capital_pricing_shock,administered,2537.391672354033,0.0,0.0,0.0
414fe51aabfa6b91dc9043ce,ablation_capital_pricing_shock,administered,2999.4788811291833,0.0,0.0,0.0
220792ee1225eb9b14b2d92a,ablation_capital_pricing_shock,administered,3014.7283474850287,0.0,0.0,0.0
359220f8623708f542bf3c42,ablation_capital_pricing_shock,administered,2776.758675459087,0.0,0.0,0.0
9a1215decb7b2baa4085e887,ablation_capital_pricing_shock,administered,2669.1929930966053,0.0,0.0,0.0
9dd2414fde7c85d7af8dee64,ablation_capital_pricing_shock,administered,4193.707071959515,0.0,0.0,0.0
3d631c53d1d68bd68baad39a,ablation_capital_pricing_shock,administered,2722.094185019417,0.0,0.0,0.0
35b38b7c091d8a5526722b31,ablation_capital_pricing_shock,administered,3070.559783231782,0.0,0.0,0.0
6161e9956f70c07255669535,ablation_capital_pricing_shock,administered,2543.8461142947476,0.0,0.0,0.0
deb9c37e66a3eaa6305a3f19,ablation_capital_pricing_shock,administered,2907.2317053449624,0.0,0.0,0.0
4aa04d42bc709aad3b4c8aed,ablation_capital_pricing_shock,administered,2997.4943389478854,0.0,0.0,0.0
094a40366d6bdc34a0a2a128,ablation_capital_pricing_shock,administered,2803.741277083482,0.0,0.0,0.0
f2fc753f9379061854b1dad7,ablation_capital_pricing_shock,administered,2816.219512757662,0.0,0.0,0.0
e658541df92a483343976c94,ablation_capital_pricing_shock,administered,3497.8789837488966,0.0,0.0,0.0
78ed83e2e360338b2348460e,ablation_capital_pricing_shock,administered,4490.890419544782,0.0,0.0,0.0
9dbe9c78e13663f4279fffa2,ablation_capital_pricing_shock,administered,2780.8275933245113,0.0,0.0,0.0
4ef5d49ab8bba736e96e8fdd,ablation_capital_pricing_shock,administered,2585.5583834918666,0.0,0.0,0.0
2339b397d816efc08a2259b4,ablation_capital_pricing_shock,administered,2556.5429387650797,0.0,0.0,0.0
0387ec48eff8041bf4b65dfe,ablation_capital_pricing_shock,administered,2600.8568564462416,0.0,0.0,0.0
57fe320960532586802a95d6,ablation_capital_pricing_shock,market,2750.4937849690987,0.0,0.0,0.0
c9a367d2abf0e63f8b98ec21,ablation_capital_pricing_shock,market,2531.117916220275,0.0,0.0,0.0
1525c669af32b73e505bf186,ablation_capital_pricing_shock,market,2867.7310369932643,0.0,0.0,0.0
5865a740f621aaa2038e4f1f,ablation_capital_pricing_shock,market,2691.1886443364356,0.0,0.0,0.0
d1f8e766b98ed01ad778a1ed,ablation_capital_pricing_shock,market,2715.756701258612,0.0,0.0,0.0
e5d0a49bdc13536a68296f08,ablation_capital_pricing_shock,market,2381.554188914409,0.0,0.0,0.0
0e7503feae1fa7ad341a20b7,ablation_capital_pricing_shock,market,2727.309950586857,0.0,0.0,0.0
e85b11837ab78b17b135a788,ablation_capital_pricing_shock,market,2990.6586008185227,0.0,0.0,0.0
db20c6f67a9a799b346700d5,ablation_capital_pricing_shock,market,2561.570531970944,0.0,0.0,0.0
3aa942aa7bc5a6baaa39236c,ablation_capital_pricing_shock,market,2899.5335065051863,0.0,0.0,0.0
5ff146db439c86a26f3072c3,ablation_capital_pricing_shock,market,2615.6565742601742,0.0,0.0,0.0
631e8716198c5484ae8a24b2,ablation_capital_pricing_shock,market,2533.060493905501,0.0,0.0,0.0
ef4d44ab6cc6198ecabebff2,ablation_capital_pricing_shock,market,2994.8886540004924,0.0,0.0,0.0
fd93cd292133aa5f9c1a3e4c,ablation_capital_pricing_shock,market,3014.343288472203,0.0,0.0,0.0
8bd214c4f19079d6c02dc4b2,ablation_capital_pricing_shock,market,2765.5825773889733,0.0,0.0,0.0
0601fdd4c731e4e1a2f2a978,ablation_capital_pricing_shock,market,2660.740941764293,0.0,0.0,0.0
4a8dfcf36de444832477e366,ablation_capital_pricing_shock,market,4190.016477931059,0.0,0.0,0.0
8a3fc024dcc2a31be9b2f205,ablation_capital_pricing_shock,market,2717.649496968762,0.0,0.0,0.0
54735d50cf7ffc0a4278fea1,ablation_capital_pricing_shock,market,3066.8022427247815,0.0,0.0,0.0
4a5b85368920ae1e6d70408b,ablation_capital_pricing_shock,market,2538.7929440107787,0.0,0.0,0.0
aa1f245b1f61bf784ac0ee8a,ablation_capital_pricing_shock,market,2891.435476869145,0.0,0.0,0.0
1d96dfb16e37e6a6563fb353,ablation_capital_pricing_shock,market,2982.946622449531,0.0,0.0,0.0
c770f23cd7ebc5c0b7669ae1,ablation_capital_pricing_shock,market,2792.955025574943,0.0,0.0,0.0
5130f3f62015a6d19dfb22e7,ablation_capital_pricing_shock,market,2810.12549094509,0.0,0.0,0.0
d5edf4206f91ac73fbab8064,ablation_capital_pricing_shock,market,3496.8899825552417,0.0,0.0,0.0
45f69011cd9bd220c6765684,ablation_capital_pricing_shock,market,4489.49931264348,0.0,0.0,0.0
1e8dcb1230fa090adc59cd5a,ablation_capital_pricing_shock,market,2771.4077422810774,0.0,0.0,0.0
5886686f204217598653030c,ablation_capital_pricing_shock,market,2579.4579733225946,0.0,0.0,0.0
31971154ad494a6f118cfb1e,ablation_capital_pricing_shock,market,2551.0753110184432,0.0,0.0,0.0
15519f8d8b76aeaf780b7054,ablation_capital_pricing_shock,market,2595.547570608897,0.0,0.0,0.0
ae6262678453954bccfc8315,ablation_credit_to_production_baseline,administered,2640.954797120142,0.0,0.0,0.0
eb5a634463320323085c7cc7,ablation_credit_to_production_baseline,administered,2389.93660219757,0.0,0.0,0.0
e2185b8d409e761428905125,ablation_credit_to_production_baseline,administered,2783.3045660031444,0.0,0.0,0.0
8fdba1c873290b0554eda272,ablation_credit_to_production_baseline,administered,2581.580628322976,0.0,0.0,0.0
da7f3289cb3bfaa000cec136,ablation_credit_to_production_baseline,administered,2603.7558278201077,0.0,0.0,0.0
894f87f82c88a2670066ae6e,ablation_credit_to_production_baseline,administered,2188.591387867185,0.0,0.0,0.0
29acafb0f4cb149201b1703f,ablation_credit_to_production_baseline,administered,2633.2686914715227,0.0,0.0,0.0
aef0241c9273a450302a43a6,ablation_credit_to_production_baseline,administered,2907.7796920377737,0.0,0.0,0.0
69913516ba0df6d0662c35ac,ablation_credit_to_production_baseline,administered,2421.9093575346624,0.0,0.0,0.0
92c99919325fae1f971cdc6a,ablation_credit_to_production_baseline,administered,2818.8677216091237,0.0,0.0,0.0
3420e660ab67e70110502018,ablation_credit_to_production_baseline,administered,2469.147857608682,0.0,0.0,0.0
8dc48d38370d1cdaf0b642e8,ablation_credit_to_production_baseline,administered,2347.140319681962,0.0,0.0,0.0
76c34372d2409123042c8ccf,ablation_credit_to_production_baseline,administered,2911.872858904817,0.0,0.0,0.0
f82180d0fa23aaae2efce567,ablation_credit_to_production_baseline,administered,2927.041632731445,0.0,0.0,0.0
91c3f83aa0e98da9e53b96ae,ablation_credit_to_production_baseline,administered,2669.7815859553357,0.0,0.0,0.0
44ab9e2e97c33f137abaf90a,ablation_credit_to_production_baseline,administered,2552.0089023138526,0.0,0.0,0.0
bf71ae855efceb102b3ac8c5,ablation_credit_to_production_baseline,administered,4083.9535210129056,0.0,0.0,0.0
66cc1531228a310016dfd2b3,ablation_credit_to_production_baseline,administered,2609.1147097137473,0.0,0.0,0.0
44aa44876878dbd67ace042f,ablation_credit_to_production_baseline,administered,2984.6057693191087,0.0,0.0,0.0
4f806fa949c6285bbe44e80b,ablation_credit_to_production_baseline,administered,2382.056330997348,0.0,0.0,0.0
b01a688198b5d530d0c639b2,ablation_credit_to_production_baseline,administered,2808.023068977769,0.0,0.0,0.0
c2f6b16a4b630c642017a32e,ablation_credit_to_production_baseline,administered,2899.299382683558,0.0,0.0,0.0
bc22b86d3d519cb31e41101e,ablation_credit_to_production_baseline,administered,2703.3994449501633,0.0,0.0,0.0
b10e6b835c0f56da6219c0cb,ablation_credit_to_production_baseline,administered,2710.364008814496,0.0,0.0,0.0
12c12447843e925eadfd10df,ablation_credit_to_production_baseline,administered,3403.0484649359887,0.0,0.0,0.0
5cfb6adcd805b5a53e6dc493,ablation_credit_to_production_baseline,administered,4485.205316079387,0.0,0.0,0.0
8ec3abc0999f1966fac9a1f5,ablation_credit_to_production_baseline,administered,2674.4194709094963,0.0,0.0,0.0
baa725af607564dd656e94c0,ablation_credit_to_production_baseline,administered,2436.9977434092752,0.0,0.0,0.0
88ab71c995d8b46740c56cf5,ablation_credit_to_production_baseline,administered,2410.7025683113625,0.0,0.0,0.0
bd10ba4bb818057cf845185d,ablation_credit_to_production_baseline,administered,2451.2798324708842,0.0,0.0,0.0
58c38f1e2a85a2b460a82326,ablation_credit_to_production_baseline,market,2639.7237573291895,0.0,0.0,0.0
b7ac69a15565f925fc545f5b,ablation_credit_to_production_baseline,market,2388.7455511840644,0.0,0.0,0.0
a636fd58167963de66310eb4,ablation_credit_to_production_baseline,market,2783.322776628051,0.0,0.0,0.0
db77acb7792000f379cbbc27,ablation_credit_to_production_baseline,market,2581.699491679079,0.0,0.0,0.0
1a8b3e3e1c3d566e916820c3,ablation_credit_to_production_baseline,market,2604.047625511283,0.0,0.0,0.0
c628d96e73c1533541a2e0ac,ablation_credit_to_production_baseline,market,2181.1788667107976,0.0,0.0,0.0
dad7c0b2d35435f42de54e19,ablation_credit_to_production_baseline,market,2633.359845039387,0.0,0.0,0.0
1f5fb42d283f930d929ebff6,ablation_credit_to_production_baseline,market,2907.7796920377737,0.0,0.0,0.0
ba3bed91292a2d07e4cbb5db,ablation_credit_to_production_baseline,market,2421.1158830665277,0.0,0.0,0.0
d4a9e9c8cbd30e5a0d46381a,ablation_credit_to_production_baseline,market,2818.8677216091237,0.0,0.0,0.0
c527b12ff2aee6cb4a3b0313,ablation_credit_to_production_baseline,market,2470.5534143527266,0.0,0.0,0.0
3d0fc4a0fdcfdeac9ba5b22b,ablation_credit_to_production_baseline,market,2346.289922102245,0.0,0.0,0.0
d88da6f371e2e49565edcfba,ablation_credit_to_production_baseline,market,2911.9444527342844,0.0,0.0,0.0
732258df930113e73d5c2002,ablation_credit_to_production_baseline,market,2926.6587990628236,0.0,0.0,0.0
f76dcadef39d885af5cc7a4d,ablation_credit_to_production_baseline,market,2670.375702835469,0.0,0.0,0.0
77300e967683db96f20a6453,ablation_credit_to_production_baseline,market,2552.2342239598192,0.0,0.0,0.0
36fac9d07687789ca37521f9,ablation_credit_to_production_baseline,market,4083.9535210129056,0.0,0.0,0.0
09a290860e4a37b4f6e59b84,ablation_credit_to_production_baseline,market,2607.928330388674,0.0,0.0,0.0
8d1b5b769d3e0c9d242b61e3,ablation_credit_to_production_baseline,market,2984.6057693191087,0.0,0.0,0.0
3ffab70e3f6c71d8f5210037,ablation_credit_to_production_baseline,market,2383.976755815346,0.0,0.0,0.0
94ca3dd9e528836d64b05bba,ablation_credit_to_production_baseline,market,2808.023068977769,0.0,0.0,0.0
0b428b9e30dccb5a0aa5d110,ablation_credit_to_production_baseline,market,2899.3171691490297,0.0,0.0,0.0
c55872b517aec19307ccdd3a,ablation_credit_to_production_baseline,market,2703.6529475180805,0.0,0.0,0.0
c59bd123a26ff0ad393554ff,ablation_credit_to_production_baseline,market,2709.9881894014065,0.0,0.0,0.0
1b7e546b9d49daa57dfed687,ablation_credit_to_production_baseline,market,3403.0484649359887,0.0,0.0,0.0
0a804aea936de5a23e0edb7b,ablation_credit_to_production_baseline,market,4485.205316079387,0.0,0.0,0.0
b2c4e158e357bce3fa3d701c,ablation_credit_to_production_baseline,market,2674.2432790193675,0.0,0.0,0.0
0cdec9fbe93b66d9aeb74156,ablation_credit_to_production_baseline,market,2436.159094622087,0.0,0.0,0.0
e2261344b749fb72a064714c,ablation_credit_to_production_baseline,market,2408.803232366232,0.0,0.0,0.0
504dffce2492d7ccd5eda4b5,ablation_credit_to_production_baseline,market,2451.3323107335045,0.0,0.0,0.0
b9c1ab38a049a6b3da8bf1d5,ablation_credit_to_production_shock,administered,2746.6192506197785,0.0,0.0,0.0
db5a841838a598907ad5696b,ablation_credit_to_production_shock,administered,2522.7318899955626,0.0,0.0,0.0
8a840253d6e03d27bc89c19f,ablation_credit_to_production_shock,administered,2857.986940767687,0.0,0.0,0.0
709fa22bea3cac77dea72a63,ablation_credit_to_production_shock,administered,2677.4048114158863,0.0,0.0,0.0
a5086e47ca9debaa302a7739,ablation_credit_to_production_shock,administered,2709.043611035816,0.0,0.0,0.0
86456e192e3e79af63686112,ablation_credit_to_production_shock,administered,2376.4353424881697,0.0,0.0,0.0
8affb3562d37800433c77719,ablation_credit_to_production_shock,administered,2723.54344909344,0.0,0.0,0.0
01a6b3e8a5adb9cdcfaf6679,ablation_credit_to_production_shock,administered,2984.3667942282896,0.0,0.0,0.0
4bb6017c1da7c03675e97b4a,ablation_credit_to_production_shock,administered,2547.0153815192484,0.0,0.0,0.0
24b117e6f5fbc1d984517eac,ablation_credit_to_production_shock,administered,2894.154287182157,0.0,0.0,0.0
5d58dbef52f4a451bde7cd27,ablation_credit_to_production_shock,administered,2606.1980405239665,0.0,0.0,0.0
f0210c6e180c3e736d48ea18,ablation_credit_to_production_shock,administered,2526.601389775432,0.0,0.0,0.0
ebd5fe36d9c08d2756365ed1,ablation_credit_to_production_shock,administered,2990.9252099723053,0.0,0.0,0.0
054bba723de7fd1a613e18be,ablation_credit_to_production_shock,administered,3006.7704555779346,0.0,0.0,0.0
5a6d642e268aae72b28c6440,ablation_credit_to_production_shock,administered,2758.4765330602586,0.0,0.0,0.0
393ea119a34b52defd093deb,ablation_credit_to_production_shock,administered,2648.646771404252,0.0,0.0,0.0
ca06625188a171b6ea5308ea,ablation_credit_to_production_shock,administered,4189.620960115288,0.0,0.0,0.0
e6f54375e8346f9d6cf50588,ablation_credit_to_production_shock,administered,2709.475390217438,0.0,0.0,0.0
cd82be7e83bf5a6438d5ec83,ablation_credit_to_production_shock,administered,3062.4648561647236,0.0,0.0,0.0
2d68099b7a6d2ef8dccc664e,ablation_credit_to_production_shock,administered,2530.953558236569,0.0,0.0,0.0
39fb0688d324a26dbc77930f,ablation_credit_to_production_shock,administered,2882.913525462126,0.0,0.0,0.0
16f74d475240717e794de176,ablation_credit_to_production_shock,administered,2975.101265057263,0.0,0.0,0.0
dc713421f4d3c52583fbf9ff,ablation_credit_to_production_shock,administered,2785.3513112829423,0.0,0.0,0.0
edbefd254e954f4daf7a2ca9,ablation_credit_to_production_shock,administered,2799.8718882231083,0.0,0.0,0.0
626c8df64d6333e61552f3e9,ablation_credit_to_production_shock,administered,3491.49219332115,0.0,0.0,0.0
6b0ad959c689fa46d1fd924d,ablation_credit_to_production_shock,administered,4485.205316079387,0.0,0.0,0.0
0d92d16a350883186293f884,ablation_credit_to_production_shock,administered,2756.698622751817,0.0,0.0,0.0
10435bdbece94df35fed2be6,ablation_credit_to_production_shock,administered,2567.6670897260146,0.0,0.0,0.0
af1a53b5169339eca76ce1f0,ablation_credit_to_production_shock,administered,2544.6031832819012,0.0,0.0,0.0
8a4509182e0499f188b67e5e,ablation_credit_to_production_shock,administered,2585.0639698266496,0.0,0.0,0.0
56555b352f52eccaec8519ab,ablation_credit_to_production_shock,market,2745.351749765155,0.0,0.0,0.0
1bc2705dfbc2bba8f41e8baa,ablation_credit_to_production_shock,market,2521.884434944747,0.0,0.0,0.0
9f9ffe5e93f64c03226e0a98,ablation_credit_to_production_shock,market,2858.003878181317,0.0,0.0,0.0
757c03487504adeba10e1f9b,ablation_credit_to_production_shock,market,2677.120772873462,0.0,0.0,0.0
d97c825a38de98678d699346,ablation_credit_to_production_shock,market,2708.9850519478246,0.0,0.0,0.0
32db92917e0d8cd465864cfb,ablation_credit_to_production_shock,market,2370.9106534746775,0.0,0.0,0.0
c802c67dbc71770fe490de1f,ablation_credit_to_production_shock,market,2723.0984454302657,0.0,0.0,0.0
e35659f7411d62eb2945fb92,ablation_credit_to_production_shock,market,2984.3667942282896,0.0,0.0,0.0
0e2ac35ab744e851d826c5dc,ablation_credit_to_production_shock,market,2546.366031679604,0.0,0.0,0.0
bd9ccaad7c32f4fdbc158e9b,ablation_credit_to_production_shock,market,2894.154287182157,0.0,0.0,0.0
92ff7726a49f32be33778dda,ablation_credit_to_production_shock,market,2606.83349743801,0.0,0.0,0.0
78c0e1220cb536464f91a184,ablation_credit_to_production_shock,market,2525.537962728356,0.0,0.0,0.0
7f7ad4b93e730dd4bec70705,ablation_credit_to_production_shock,market,2990.9252099723053,0.0,0.0,0.0
b88c3491cff76fee47ef63e8,ablation_credit_to_production_shock,market,3006.6099442343275,0.0,0.0,0.0
1bbc010a29b87130b84c2f42,ablation_credit_to_production_shock,market,2758.8252972348087,0.0,0.0,0.0
b3c7aea58e3c1443056004bd,ablation_credit_to_production_shock,market,2649.0376066841873,0.0,0.0,0.0
dbb49cc538e72a0e324b3dc4,ablation_credit_to_production_shock,market,4189.620960115288,0.0,0.0,0.0
16fa21b810ed4f86ecb6a9dd,ablation_credit_to_production_shock,market,2708.681990002062,0.0,0.0,0.0
b7d18fd6ac9c8babc42cb688,ablation_credit_to_production_shock,market,3062.4648561647236,0.0,0.0,0.0
4adb35c9f2a9d2cc6888362f,ablation_credit_to_production_shock,market,2532.306103069504,0.0,0.0,0.0
3ee2fb6950739861bfd9aaa6,ablation_credit_to_production_shock,market,2882.913525462126,0.0,0.0,0.0
3078a3b3024a6c3bd054033b,ablation_credit_to_production_shock,market,2975.101265057263,0.0,0.0,0.0
c3d988f235f1b01e9b4e1dc8,ablation_credit_to_production_shock,market,2785.3391352396798,0.0,0.0,0.0
40b3e35e9b5e3ed3776980bc,ablation_credit_to_production_shock,market,2799.3538313341396,0.0,0.0,0.0
23b222d8e863fd5e72973e60,ablation_credit_to_production_shock,market,3491.49219332115,0.0,0.0,0.0
42f985e901c49ffbd3b3d084,ablation_credit_to_production_shock,market,4485.205316079387,0.0,0.0,0.0
49b761f33132e9646dcddc0c,ablation_credit_to_production_shock,market,2756.689308727338,0.0,0.0,0.0
75bd521397b8cbb559e5f0a6,ablation_credit_to_production_shock,market,2566.555933571224,0.0,0.0,0.0
f7bc6127c72f467e4ed39807,ablation_credit_to_production_shock,market,2543.7565494909013,0.0,0.0,0.0
550825845559ea52dc13a1eb,ablation_credit_to_production_shock,market,2585.222425945073,0.0,0.0,0.0
763cad2226430e583848d654,ablation_emergency_facility_baseline,administered,2647.249454920656,0.0,0.0,0.0
f114eb2cfa750e331457ed92,ablation_emergency_facility_baseline,administered,2397.885453941479,0.0,0.0,0.0
e6bc5ef52b3988d432a29e07,ablation_emergency_facility_baseline,administered,2799.0099773061693,0.0,0.0,0.0
8558a872af185d6574d317c9,ablation_emergency_facility_baseline,administered,2600.076890923386,0.0,0.0,0.0
f05664bc519efc56e315e1f6,ablation_emergency_facility_baseline,administered,2613.6145235682557,0.0,0.0,0.0
9bcf6a7a58ccc6dde01862ce,ablation_emergency_facility_baseline,administered,2190.4919461889526,0.0,0.0,0.0
d95fc612defe8df662861c18,ablation_emergency_facility_baseline,administered,2642.3766237549585,0.0,0.0,0.0
6866cfc5f729d7cd8b69f14b,ablation_emergency_facility_baseline,administered,2925.1345329550913,0.0,0.0,0.0
58cd65f8a7646b8a230e9d79,ablation_emergency_facility_baseline,administered,2435.131168800235,0.0,0.0,0.0
3c8f309c7d8009857a58e319,ablation_emergency_facility_baseline,administered,2830.140598627207,0.0,0.0,0.0
37cd8fbfa7ec0336307e1edd,ablation_emergency_facility_baseline,administered,2480.27257626416,0.0,0.0,0.0
a57365987d86d79bd04a1ecb,ablation_emergency_facility_baseline,administered,2352.7510301268962,0.0,0.0,0.0
ea9f2f556b9c3437237ea51d,ablation_emergency_facility_baseline,administered,2917.6758668817197,0.0,0.0,0.0
7124d73020829329a2afc637,ablation_emergency_facility_baseline,administered,2934.1782149565993,0.0,0.0,0.0
58561af61dc14bf94346c851,ablation_emergency_facility_baseline,administered,2684.102003455358,0.0,0.0,0.0
00c9a613391a7f3c9892b7bb,ablation_emergency_facility_baseline,administered,2567.419290520579,0.0,0.0,0.0
741e19420b53fbb5970d2649,ablation_emergency_facility_baseline,administered,4086.939722729295,0.0,0.0,0.0
a2d5c45715ec1ce86e4856cb,ablation_emergency_facility_baseline,administered,2618.399472728436,0.0,0.0,0.0
5bd9e4d812e8326f40beba0f,ablation_emergency_facility_baseline,administered,2991.7800997055097,0.0,0.0,0.0
145aff7275264b4a3f276ad0,ablation_emergency_facility_baseline,administered,2390.269421012753,0.0,0.0,0.0
c52ecc7be5376c773b0079ac,ablation_emergency_facility_baseline,administered,2826.9475550014304,0.0,0.0,0.0
4584d03f48b6641ba8c1ecea,ablation_emergency_facility_baseline,administered,2916.818873512652,0.0,0.0,0.0
7e50c27345da54939f895a33,ablation_emergency_facility_baseline,administered,2718.127746746345,0.0,0.0,0.0
877b26aa63651e37609193bc,ablation_emergency_facility_baseline,administered,2723.4854336846724,0.0,0.0,0.0
0bbc85722ffb9ab4d94f5551,ablation_emergency_facility_baseline,administered,3408.9344267179963,0.0,0.0,0.0
334aaa66b645aeee3179ab96,ablation_emergency_facility_baseline,administered,4490.237124770902,0.0,0.0,0.0
8590f97369c364f28f1b17e9,ablation_emergency_facility_baseline,administered,2692.554404031109,0.0,0.0,0.0
9ccbbd4cf4f3cff0d993ac93,ablation_emergency_facility_baseline,administered,2448.468249817711,0.0,0.0,0.0
ae721e875b2829ff6152804c,ablation_emergency_facility_baseline,administered,2417.581065818899,0.0,0.0,0.0
5d84467329249a6553a260b5,ablation_emergency_facility_baseline,administered,2460.788448124498,0.0,0.0,0.0
456c2e4c630216f095753e31,ablation_emergency_facility_baseline,market,2643.5401405668886,0.0,0.0,0.0
1c6e7ed7966f20d2a715077a,ablation_emergency_facility_baseline,market,2392.980956762196,0.0,0.0,0.0
cecfb091e8320dec4386e89b,ablation_emergency_facility_baseline,market,2789.868780784711,0.0,0.0,0.0
2bd192b19b3890bc7aa150d1,ablation_emergency_facility_baseline,market,2591.116660116128,0.0,0.0,0.0
3a4c058c82d5aebad392291e,ablation_emergency_facility_baseline,market,2607.5497021541264,0.0,0.0,0.0
ea8797dacfeb2e551f481b9a,ablation_emergency_facility_baseline,market,2185.6626256216227,0.0,0.0,0.0
cb70ca0c03a8d4ea5492d0b6,ablation_emergency_facility_baseline,market,2636.13529888771,0.0,0.0,0.0
bf40a25f1acf81326c5c1f5f,ablation_emergency_facility_baseline,market,2910.5181484709815,0.0,0.0,0.0
b5c4cc05709a1ff5b2ed0f61,ablation_emergency_facility_baseline,market,2430.2841565388617,0.0,0.0,0.0
69fcf4e3dbc8b11c739bad91,ablation_emergency_facility_baseline,market,2821.2371501692232,0.0,0.0,0.0
38cb4e9a08d0083c2d459b23,ablation_emergency_facility_baseline,market,2475.159366314683,0.0,0.0,0.0
fe289a601098d3802a997f29,ablation_emergency_facility_baseline,market,2350.635893816797,0.0,0.0,0.0
c11942a93edba59c4448c287,ablation_emergency_facility_baseline,market,2914.505506675185,0.0,0.0,0.0
85605376f7159f1e00ec37d3,ablation_emergency_facility_baseline,market,2933.7803835147442,0.0,0.0,0.0
4833209ec89e0588b8171e34,ablation_emergency_facility_baseline,market,2675.098294661597,0.0,0.0,0.0
0fe30d12566a735d899d1a96,ablation_emergency_facility_baseline,market,2560.2527533949637,0.0,0.0,0.0
bcc0c25c4499fbd7e68cf4c4,ablation_emergency_facility_baseline,market,4083.9535210129056,0.0,0.0,0.0
7946d9b72a4eb98855351a1d,ablation_emergency_facility_baseline,market,2614.509542199416,0.0,0.0,0.0
8b20b782dc6eb1466575c8cf,ablation_emergency_facility_baseline,market,2987.754036593332,0.0,0.0,0.0
5f50a825b12a9d271e80eb25,ablation_emergency_facility_baseline,market,2388.607912895509,0.0,0.0,0.0
c0f182e457adea408e2d802c,ablation_emergency_facility_baseline,market,2812.35178810548,0.0,0.0,0.0
61f3d4b20b98f170f7e43053,ablation_emergency_facility_baseline,market,2904.1733425489456,0.0,0.0,0.0
93a3eaeb2f9f689a4b968c7d,ablation_emergency_facility_baseline,market,2708.256879583919,0.0,0.0,0.0
581d528450afeb4f59be8ada,ablation_emergency_facility_baseline,market,2718.072929184389,0.0,0.0,0.0
06fdf61075c532d99575c3a3,ablation_emergency_facility_baseline,market,3407.7927331772885,0.0,0.0,0.0
e21c56b5805ce12b4232fcf0,ablation_emergency_facility_baseline,market,4488.852802321385,0.0,0.0,0.0
d332a9430e110620b5aa0afd,ablation_emergency_facility_baseline,market,2683.6330675171366,0.0,0.0,0.0
df771c3f83745f9533f7b959,ablation_emergency_facility_baseline,market,2445.0308787768026,0.0,0.0,0.0
b4ecd8e4a369dab59bcb4d07,ablation_emergency_facility_baseline,market,2412.4667827273156,0.0,0.0,0.0
89fa2863553654a2a44b70a6,ablation_emergency_facility_baseline,market,2457.376789900869,0.0,0.0,0.0
df052b2327caa74204982681,ablation_emergency_facility_shock,administered,2755.3075528719273,0.0,0.0,0.0
ca19fa34a7478fc07d6d1824,ablation_emergency_facility_shock,administered,2538.281123720853,0.0,0.0,0.0
0f87ab0b038f5d05f34d41a3,ablation_emergency_facility_shock,administered,2876.612514662743,0.0,0.0,0.0
a52574b219ad4d88609e26b5,ablation_emergency_facility_shock,administered,2700.2299071417556,0.0,0.0,0.0
fe89b501134f64ca6fb8a843,ablation_emergency_facility_shock,administered,2722.7271264502983,0.0,0.0,0.0
121883a070ab5d93a0f245ec,ablation_emergency_facility_shock,administered,2386.41866928119,0.0,0.0,0.0
b40473ecdf81403b43224783,ablation_emergency_facility_shock,administered,2735.1958006108425,0.0,0.0,0.0
80625f25e7d4d4fbad95b2d2,ablation_emergency_facility_shock,administered,3006.3873208602404,0.0,0.0,0.0
152f816322d2cc1fff31784f,ablation_emergency_facility_shock,administered,2568.3321484677504,0.0,0.0,0.0
4434ddf6c61280bab1e4da35,ablation_emergency_facility_shock,administered,2907.636745598925,0.0,0.0,0.0
fcd5dada91c91b05e6de5b65,ablation_emergency_facility_shock,administered,2622.4561194291346,0.0,0.0,0.0
4d9ec8cb4056ded03f3c0d84,ablation_emergency_facility_shock,administered,2537.391672354033,0.0,0.0,0.0
927c591ab39667532592d36a,ablation_emergency_facility_shock,administered,2999.4788811291833,0.0,0.0,0.0
86a6a7781fa46da69f95b1fd,ablation_emergency_facility_shock,administered,3014.7283474850287,0.0,0.0,0.0
2985aa8a3bebcaaef77e8377,ablation_emergency_facility_shock,administered,2776.758675459087,0.0,0.0,0.0
eb52885ef5a95880e8e75794,ablation_emergency_facility_shock,administered,2669.1929930966053,0.0,0.0,0.0
ebd0390f211926d7cbde9026,ablation_emergency_facility_shock,administered,4193.707071959515,0.0,0.0,0.0
8d9b5ebc41718e377cc39882,ablation_emergency_facility_shock,administered,2722.094185019417,0.0,0.0,0.0
a6becd45a3e118e9a89a1031,ablation_emergency_facility_shock,administered,3070.559783231782,0.0,0.0,0.0
fbe442bc33d96d819317aebe,ablation_emergency_facility_shock,administered,2543.8461142947476,0.0,0.0,0.0
27736ee57c2bbd8d391066e3,ablation_emergency_facility_shock,administered,2907.2317053449624,0.0,0.0,0.0
ceba8bd78388d205c4da8e2b,ablation_emergency_facility_shock,administered,2997.4943389478854,0.0,0.0,0.0
78a9f298518b9cce9008bca2,ablation_emergency_facility_shock,administered,2803.741277083482,0.0,0.0,0.0
0c6a53ff8cc636fd3f06def9,ablation_emergency_facility_shock,administered,2816.219512757662,0.0,0.0,0.0
1055f4d4918e3d2fa7d9f251,ablation_emergency_facility_shock,administered,3497.8789837488966,0.0,0.0,0.0
f603c7371660ab94a197ae24,ablation_emergency_facility_shock,administered,4490.890419544782,0.0,0.0,0.0
e2cbb93bcadb7b9b0d078bfe,ablation_emergency_facility_shock,administered,2780.8275933245113,0.0,0.0,0.0
fafb4aaf896ced0f38ddee7f,ablation_emergency_facility_shock,administered,2585.5583834918666,0.0,0.0,0.0
fcfc620d95cb9e589c67dc14,ablation_emergency_facility_shock,administered,2556.5429387650797,0.0,0.0,0.0
dd8e744a5a81e555d323258c,ablation_emergency_facility_shock,administered,2600.8568564462416,0.0,0.0,0.0
9323f135ed75ef5eff495517,ablation_emergency_facility_shock,market,2750.4937849690987,0.0,0.0,0.0
b0fdccc6859af2c266b48be4,ablation_emergency_facility_shock,market,2531.117916220275,0.0,0.0,0.0
4b9a9d718c671dad7c1a31b7,ablation_emergency_facility_shock,market,2867.7310369932643,0.0,0.0,0.0
3a995f8c62d6c67b820e7726,ablation_emergency_facility_shock,market,2691.1886443364356,0.0,0.0,0.0
7604f4acaa32fbd0d7ca13ef,ablation_emergency_facility_shock,market,2715.756701258612,0.0,0.0,0.0
5d23fc7888be503bed99487b,ablation_emergency_facility_shock,market,2381.554188914409,0.0,0.0,0.0
21ee59d4d9095d3a865e217c,ablation_emergency_facility_shock,market,2727.309950586857,0.0,0.0,0.0
289719f669ae81333f4612f8,ablation_emergency_facility_shock,market,2990.6586008185227,0.0,0.0,0.0
25c2083a3e08935e5fd3454f,ablation_emergency_facility_shock,market,2561.570531970944,0.0,0.0,0.0
be81fe83c4a267ebb63b6aaa,ablation_emergency_facility_shock,market,2899.5335065051863,0.0,0.0,0.0
38eef73391cb4b25d35c1afb,ablation_emergency_facility_shock,market,2615.6565742601742,0.0,0.0,0.0
374c5f0107c6f21f78202518,ablation_emergency_facility_shock,market,2533.060493905501,0.0,0.0,0.0
135ef9eaf2e4e3a995e54565,ablation_emergency_facility_shock,market,2994.8886540004924,0.0,0.0,0.0
56d0710c27e643677f496236,ablation_emergency_facility_shock,market,3014.343288472203,0.0,0.0,0.0
27b5d662820bfc5bad7e5300,ablation_emergency_facility_shock,market,2765.5825773889733,0.0,0.0,0.0
1a8ed22a4ae654f9ae1dc735,ablation_emergency_facility_shock,market,2660.740941764293,0.0,0.0,0.0
8c1d28b90ed63474874f9a8c,ablation_emergency_facility_shock,market,4190.016477931059,0.0,0.0,0.0
89abe87d2dca1118fe2d59b2,ablation_emergency_facility_shock,market,2717.649496968762,0.0,0.0,0.0
98b14d69f948e20f44827761,ablation_emergency_facility_shock,market,3066.8022427247815,0.0,0.0,0.0
cba9e9ce3d58860bd5c757bb,ablation_emergency_facility_shock,market,2538.7929440107787,0.0,0.0,0.0
beac1d7c061e575ff9fc7720,ablation_emergency_facility_shock,market,2891.435476869145,0.0,0.0,0.0
f371a00ae7ac20e657da76ca,ablation_emergency_facility_shock,market,2982.946622449531,0.0,0.0,0.0
a72dc4e134e5486e1d1a08b4,ablation_emergency_facility_shock,market,2792.955025574943,0.0,0.0,0.0
d9c88d17db348298b11be16f,ablation_emergency_facility_shock,market,2810.12549094509,0.0,0.0,0.0
7aa20ab6d07442e965a11a12,ablation_emergency_facility_shock,market,3496.8899825552417,0.0,0.0,0.0
f026649febf3087b0a143261,ablation_emergency_facility_shock,market,4489.49931264348,0.0,0.0,0.0
b933873c7e53977173e4506e,ablation_emergency_facility_shock,market,2771.4077422810774,0.0,0.0,0.0
c2faddb561d756dc480b3ff8,ablation_emergency_facility_shock,market,2579.4579733225946,0.0,0.0,0.0
ab37e3305625f51e2bea5354,ablation_emergency_facility_shock,market,2551.0753110184432,0.0,0.0,0.0
2bdd9290ac40a15cc5260419,ablation_emergency_facility_shock,market,2595.547570608897,0.0,0.0,0.0
8a9121b384c2690c24f27ba9,ablation_inflation_pass_through_baseline,administered,2647.4470402279467,0.0,0.0,0.0
e463643ee1b6c9d522b16e9a,ablation_inflation_pass_through_baseline,administered,2398.3028800916304,0.0,0.0,0.0
6200605aef5d8a57176c5b95,ablation_inflation_pass_through_baseline,administered,2799.5082704887022,0.0,0.0,0.0
f830ec1f39364faa8eaec56c,ablation_inflation_pass_through_baseline,administered,2600.338179515091,0.0,0.0,0.0
1fc0d6bac440b9c3e50ae9a1,ablation_inflation_pass_through_baseline,administered,2613.7994828946594,0.0,0.0,0.0
948e25c58cd6e87a4836e568,ablation_inflation_pass_through_baseline,administered,2191.2543142672184,0.0,0.0,0.0
e481acb2058dda02a0fa7ac4,ablation_inflation_pass_through_baseline,administered,2642.9821501776732,0.0,0.0,0.0
192c72d063546b4f3978d0ab,ablation_inflation_pass_through_baseline,administered,2925.669968490273,0.0,0.0,0.0
44222c5f7b52de9fb65006f4,ablation_inflation_pass_through_baseline,administered,2435.5242957466826,0.0,0.0,0.0
d4195154980797d70c020b45,ablation_inflation_pass_through_baseline,administered,2830.2568277126898,0.0,0.0,0.0
4fa893db5a6bd4dbf49f1803,ablation_inflation_pass_through_baseline,administered,2480.465970903584,0.0,0.0,0.0
421c4ab712d61bdfee309d91,ablation_inflation_pass_through_baseline,administered,2353.0575836674757,0.0,0.0,0.0
6c05d00fef889caa8de2b04a,ablation_inflation_pass_through_baseline,administered,2917.7791122506733,0.0,0.0,0.0
53302dfabf4bbad8db83f612,ablation_inflation_pass_through_baseline,administered,2934.2764873012256,0.0,0.0,0.0
0cfb3e202aa9c98bc1567b68,ablation_inflation_pass_through_baseline,administered,2684.386101824839,0.0,0.0,0.0
3cbcb2611afa7227637a540d,ablation_inflation_pass_through_baseline,administered,2567.565028615901,0.0,0.0,0.0
15e04f4fb9c0b407c83964d5,ablation_inflation_pass_through_baseline,administered,4086.939722729295,0.0,0.0,0.0
73fd30db5bb53a05ed6bf52c,ablation_inflation_pass_through_baseline,administered,2618.7273937606046,0.0,0.0,0.0
f9893eb83db947ba1b045080,ablation_inflation_pass_through_baseline,administered,2992.210858704923,0.0,0.0,0.0
3285d10f9010ec72b4a1ea6d,ablation_inflation_pass_through_baseline,administered,2390.465401977264,0.0,0.0,0.0
fa5f0fec8f24287437b1bcea,ablation_inflation_pass_through_baseline,administered,2827.4134109789225,0.0,0.0,0.0
20dab363d5e607e68447ec2b,ablation_inflation_pass_through_baseline,administered,2917.4576196561757,0.0,0.0,0.0
072d18d598f2517d0d51192f,ablation_inflation_pass_through_baseline,administered,2718.3276246541673,0.0,0.0,0.0
89d3e6dd904c7affbe644854,ablation_inflation_pass_through_baseline,administered,2723.7873818293324,0.0,0.0,0.0
988d3d4477d07c7d0c7217b9,ablation_inflation_pass_through_baseline,administered,3408.9344267179963,0.0,0.0,0.0
a61413ca36168538dae493e3,ablation_inflation_pass_through_baseline,administered,4490.237124770902,0.0,0.0,0.0
4a50219b00b07b3f22528b35,ablation_inflation_pass_through_baseline,administered,2692.8703711073617,0.0,0.0,0.0
f14fe481be80c940b7b69995,ablation_inflation_pass_through_baseline,administered,2448.804499231772,0.0,0.0,0.0
d71c8742e251d0730bb93af8,ablation_inflation_pass_through_baseline,administered,2417.770665658506,0.0,0.0,0.0
ef6e54564ed97f59c52eac58,ablation_inflation_pass_through_baseline,administered,2461.0093009020734,0.0,0.0,0.0
9d68055e38875fdbdf2568d2,ablation_inflation_pass_through_baseline,market,2645.4698114690045,0.0,0.0,0.0
aa93a6b83f60f2c66dcd4437,ablation_inflation_pass_through_baseline,market,2395.5781911368917,0.0,0.0,0.0
fb62781ffb9fb53f5585340f,ablation_inflation_pass_through_baseline,market,2795.3559801383535,0.0,0.0,0.0
1757834d53c2367887f3bf15,ablation_inflation_pass_through_baseline,market,2596.4083154870805,0.0,0.0,0.0
0b776178356df2e7ec27430e,ablation_inflation_pass_through_baseline,market,2610.639805782171,0.0,0.0,0.0
83202d5a17c71894448aa9a7,ablation_inflation_pass_through_baseline,market,2188.2581749040214,0.0,0.0,0.0
5eb1a4e368e92d2dbd9e3a8d,ablation_inflation_pass_through_baseline,market,2638.167013769247,0.0,0.0,0.0
396186a83c39ce7811b74134,ablation_inflation_pass_through_baseline,market,2916.423877167564,0.0,0.0,0.0
91a769dbc5e7d9bf4832ec06,ablation_inflation_pass_through_baseline,market,2433.54054716004,0.0,0.0,0.0
1b8f8314718a7d291cdb68d4,ablation_inflation_pass_through_baseline,market,2825.8783824145053,0.0,0.0,0.0
1c68162ced117a1fd3d11bc8,ablation_inflation_pass_through_baseline,market,2478.1505820864545,0.0,0.0,0.0
1fd65e840166a1506c487261,ablation_inflation_pass_through_baseline,market,2351.377519156825,0.0,0.0,0.0
d960d73dcb1a36e87c6a93fe,ablation_inflation_pass_through_baseline,market,2916.2751596530006,0.0,0.0,0.0
f7f4a2bc05b1d975b4e2cc65,ablation_inflation_pass_through_baseline,market,2934.011395506478,0.0,0.0,0.0
9890f9317596bfbdd56ac99e,ablation_inflation_pass_through_baseline,market,2679.473233938962,0.0,0.0,0.0
10cb5daa2fe68d6e3c78dfb8,ablation_inflation_pass_through_baseline,market,2564.3287225826243,0.0,0.0,0.0
d9ba0caed7d303b7bb7653de,ablation_inflation_pass_through_baseline,market,4084.422750861264,0.0,0.0,0.0
e78679f1a9f1557179944f2d,ablation_inflation_pass_through_baseline,market,2616.641407374538,0.0,0.0,0.0
221870c12e315c1a73edeca0,ablation_inflation_pass_through_baseline,market,2989.495786239278,0.0,0.0,0.0
82e446df5dfade0c044cb700,ablation_inflation_pass_through_baseline,market,2389.4902459395657,0.0,0.0,0.0
cf0783c5b07e6cf34fd17573,ablation_inflation_pass_through_baseline,market,2819.4518056321267,0.0,0.0,0.0
0ae258135d95de515bd02d96,ablation_inflation_pass_through_baseline,market,2909.379488496799,0.0,0.0,0.0
a23cd366746e0d8e550b62f6,ablation_inflation_pass_through_baseline,market,2712.8216230186017,0.0,0.0,0.0
ad2ce4b0306808fe86501727,ablation_inflation_pass_through_baseline,market,2720.9322072565774,0.0,0.0,0.0
05c1e0de5f561b7ac73bf4c0,ablation_inflation_pass_through_baseline,market,3408.6040047405477,0.0,0.0,0.0
be73e4390cf59f24b1480509,ablation_inflation_pass_through_baseline,market,4490.237124770902,0.0,0.0,0.0
d1c238f413b9fb5c02bed285,ablation_inflation_pass_through_baseline,market,2688.9402765997484,0.0,0.0,0.0
98a2e00123beedb2a6d5b277,ablation_inflation_pass_through_baseline,market,2446.9393688934406,0.0,0.0,0.0
f29d1b356d48d3458f98bc3d,ablation_inflation_pass_through_baseline,market,2415.4772499185747,0.0,0.0,0.0
1b536fdaf9a0f77c6e5e1a8b,ablation_inflation_pass_through_baseline,market,2459.432840991608,0.0,0.0,0.0
c03157d7d7ed823e0876da8a,ablation_inflation_pass_through_shock,administered,2755.5283709799082,0.0,0.0,0.0
aee938ec27ef37e41fac5157,ablation_inflation_pass_through_shock,administered,2538.5987210759295,0.0,0.0,0.0
c5ba181d6ef3bda4395134bd,ablation_inflation_pass_through_shock,administered,2877.107395803598,0.0,0.0,0.0
83a00bc2dd41d7a61013809a,ablation_inflation_pass_through_shock,administered,2700.508219617462,0.0,0.0,0.0
6787db475c38d92de66d65da,ablation_inflation_pass_through_shock,administered,2722.928765482285,0.0,0.0,0.0
ab44341b79df1812b0e1af2a,ablation_inflation_pass_through_shock,administered,2387.1028266685935,0.0,0.0,0.0
2fd21b768333619ef85bea20,ablation_inflation_pass_through_shock,administered,2735.763923067644,0.0,0.0,0.0
5d89cca48362b2b3e9bf0438,ablation_inflation_pass_through_shock,administered,3006.8118784325866,0.0,0.0,0.0
d7c65e233ebde1d435a49b82,ablation_inflation_pass_through_shock,administered,2568.596215036801,0.0,0.0,0.0
10e67a1a073ed37bac3a7658,ablation_inflation_pass_through_shock,administered,2907.7541500376515,0.0,0.0,0.0
4b1c4fd3a7f1876494e4b81f,ablation_inflation_pass_through_shock,administered,2622.7049340467906,0.0,0.0,0.0
441817f3384625191ca81dd0,ablation_inflation_pass_through_shock,administered,2537.6765336909184,0.0,0.0,0.0
12451b21a077dea9aab331be,ablation_inflation_pass_through_shock,administered,2999.5954882360206,0.0,0.0,0.0
a3e03d5aff3984705b7e5c90,ablation_inflation_pass_through_shock,administered,3014.812030556453,0.0,0.0,0.0
385153c4b03d7ccd1c10258a,ablation_inflation_pass_through_shock,administered,2777.103978086653,0.0,0.0,0.0
5d0b0572c247e57fa1ad583a,ablation_inflation_pass_through_shock,administered,2669.4236694924994,0.0,0.0,0.0
e657a7964ac3368db84b1034,ablation_inflation_pass_through_shock,administered,4193.731258837517,0.0,0.0,0.0
698906ed6361c95deab62f5f,ablation_inflation_pass_through_shock,administered,2722.440128333412,0.0,0.0,0.0
9b2310ef6d81fa4c67fbcc0c,ablation_inflation_pass_through_shock,administered,3071.0010180516174,0.0,0.0,0.0
c35dfc4da5a4712443e9be7d,ablation_inflation_pass_through_shock,administered,2544.0607897255522,0.0,0.0,0.0
16815b7e25eb348809e20758,ablation_inflation_pass_through_shock,administered,2907.662604956242,0.0,0.0,0.0
50587f40c7059d9074833506,ablation_inflation_pass_through_shock,administered,2998.0240287418055,0.0,0.0,0.0
bf5e3d63af352c63002809a3,ablation_inflation_pass_through_shock,administered,2804.038592129117,0.0,0.0,0.0
e2c23c0063fcd35094a67316,ablation_inflation_pass_through_shock,administered,2816.46244754798,0.0,0.0,0.0
853bf0d6c92b8704f83bbcd9,ablation_inflation_pass_through_shock,administered,3497.8789837488966,0.0,0.0,0.0
845ded1146f98feda02a3239,ablation_inflation_pass_through_shock,administered,4490.890419544782,0.0,0.0,0.0
1087b6677a7f31a4f586a1b9,ablation_inflation_pass_through_shock,administered,2781.1445457365644,0.0,0.0,0.0
010755d91de8d2f0c7b65f6f,ablation_inflation_pass_through_shock,administered,2585.865200403673,0.0,0.0,0.0
0c4af6371dbda785d3b5116b,ablation_inflation_pass_through_shock,administered,2556.822578023512,0.0,0.0,0.0
46df7b042b3eadf24c9dafce,ablation_inflation_pass_through_shock,administered,2601.059558560696,0.0,0.0,0.0
d0dbdc1b3b17addaae7439ba,ablation_inflation_pass_through_shock,market,2752.529958131985,0.0,0.0,0.0
8003653876b7f9ef4c7fcd55,ablation_inflation_pass_through_shock,market,2535.146473391205,0.0,0.0,0.0
ce9e6e1219ebd72518ace8e2,ablation_inflation_pass_through_shock,market,2873.354490238954,0.0,0.0,0.0
4155eb065e8407c4a8b04a4d,ablation_inflation_pass_through_shock,market,2696.6427213590873,0.0,0.0,0.0
6220a58d984a0d3ebf1fec4c,ablation_inflation_pass_through_shock,market,2719.4715005835956,0.0,0.0,0.0
4994f736a45aad5ba81b3706,ablation_inflation_pass_through_shock,market,2384.3642578113513,0.0,0.0,0.0
58378a354010b5b8dc39d421,ablation_inflation_pass_through_shock,market,2730.4095050883407,0.0,0.0,0.0
d3bd0f5d252d3e3fd3fba524,ablation_inflation_pass_through_shock,market,2997.3366022280206,0.0,0.0,0.0
2d43e1b846659691f6169378,ablation_inflation_pass_through_shock,market,2566.0326956260237,0.0,0.0,0.0
053f90fcc54b548811fa2dc8,ablation_inflation_pass_through_shock,market,2902.8484005851815,0.0,0.0,0.0
12142de02fe6287af3815ac0,ablation_inflation_pass_through_shock,market,2619.4138886686305,0.0,0.0,0.0
bc0eda0b2a636ee6aca2fa89,ablation_inflation_pass_through_shock,market,2535.1686707913314,0.0,0.0,0.0
f90356112aa9256d78179626,ablation_inflation_pass_through_shock,market,2997.7763972614075,0.0,0.0,0.0
a0e711a69071d910f4770e65,ablation_inflation_pass_through_shock,market,3014.5903379566444,0.0,0.0,0.0
8834917b18b078ef5dcd0c4a,ablation_inflation_pass_through_shock,market,2771.2440017722556,0.0,0.0,0.0
1bbd7533566af7ddf418aafa,ablation_inflation_pass_through_shock,market,2665.855191402358,0.0,0.0,0.0
1b3f712c4321a1bd60541b11,ablation_inflation_pass_through_shock,market,4190.910984433776,0.0,0.0,0.0
441a1c99cf0f429d55a60130,ablation_inflation_pass_through_shock,market,2719.5153879764503,0.0,0.0,0.0
2665042433769fd7774d2d44,ablation_inflation_pass_through_shock,market,3068.2711001447456,0.0,0.0,0.0
a00bfa4ffdabcba6a174e225,ablation_inflation_pass_through_shock,market,2541.778052231365,0.0,0.0,0.0
1d872839a675b066eb561b62,ablation_inflation_pass_through_shock,market,2899.593239992919,0.0,0.0,0.0
37e64f1173f5fa89eca776c0,ablation_inflation_pass_through_shock,market,2989.690078983254,0.0,0.0,0.0
cf8a482a8afcb40d880b35a9,ablation_inflation_pass_through_shock,market,2799.0277707286427,0.0,0.0,0.0
ab844a4d419f4a18880e1816,ablation_inflation_pass_through_shock,market,2813.6016766950056,0.0,0.0,0.0
73021636cd299a2080624ecd,ablation_inflation_pass_through_shock,market,3497.7859538159246,0.0,0.0,0.0
48da37e7462e1444049643d2,ablation_inflation_pass_through_shock,market,4490.480255814943,0.0,0.0,0.0
f578388687c2c7f40d28b92f,ablation_inflation_pass_through_shock,market,2777.0033968711296,0.0,0.0,0.0
e487a290dd6594172aa7184e,ablation_inflation_pass_through_shock,market,2583.1827623329705,0.0,0.0,0.0
51606cb15448119988993e0c,ablation_inflation_pass_through_shock,market,2554.256413609289,0.0,0.0,0.0
b55656bd954a72035fcccee2,ablation_inflation_pass_through_shock,market,2598.3762979213407,0.0,0.0,0.0
e5f11c58e083dbc4835aafd6,ablation_interbank_market_baseline,administered,2647.249454920656,0.0,0.0,0.0
3a7bfcfb092ac9ea5234eb6b,ablation_interbank_market_baseline,administered,2397.954457167926,0.0,0.0,0.0
f651a47f51678cd0c8b86145,ablation_interbank_market_baseline,administered,2799.0326186375346,0.0,0.0,0.0
494da583135eca0d2f921026,ablation_interbank_market_baseline,administered,2600.076890923386,0.0,0.0,0.0
58278d7af096abd6fc9fb15b,ablation_interbank_market_baseline,administered,2613.6145235682557,0.0,0.0,0.0
d6b76d907e50e5ba6e60fcdd,ablation_interbank_market_baseline,administered,2190.535094845177,0.0,0.0,0.0
f1990b55896ab2eae0c4a347,ablation_interbank_market_baseline,administered,2642.3806839914787,0.0,0.0,0.0
535389d783a7f3cea80fcb9d,ablation_interbank_market_baseline,administered,2925.17466905315,0.0,0.0,0.0
2081687a6ecd984bf13ab572,ablation_interbank_market_baseline,administered,2435.1362698236853,0.0,0.0,0.0
53e612f2442b396cc8d6534f,ablation_interbank_market_baseline,administered,2830.140598627207,0.0,0.0,0.0
bbed3726bf7ae4f34757f705,ablation_interbank_market_baseline,administered,2480.27257626416,0.0,0.0,0.0
e3dd2abbe721b62c66602ba2,ablation_interbank_market_baseline,administered,2352.7510301268962,0.0,0.0,0.0
843f587980af72995d803f7f,ablation_interbank_market_baseline,administered,2917.6758668817197,0.0,0.0,0.0
fc73920e026e4fe409e685ea,ablation_interbank_market_baseline,administered,2934.17908799404,0.0,0.0,0.0
9938ad48e438056537b237a6,ablation_interbank_market_baseline,administered,2684.1312896618056,0.0,0.0,0.0
8b7724a2c5245cc49ca48bd5,ablation_interbank_market_baseline,administered,2567.429086671031,0.0,0.0,0.0
6311a9510d3507721239fddb,ablation_interbank_market_baseline,administered,4086.939722729295,0.0,0.0,0.0
caec2ced318137518a1f5ae0,ablation_interbank_market_baseline,administered,2618.401041871167,0.0,0.0,0.0
19d3999850acdfcd071b03c6,ablation_interbank_market_baseline,administered,2991.7800997055097,0.0,0.0,0.0
dc366b79cba18272d83a0500,ablation_interbank_market_baseline,administered,2390.2853530618418,0.0,0.0,0.0
76f842d4b472054f4ead363f,ablation_interbank_market_baseline,administered,2826.9475550014304,0.0,0.0,0.0
51de5d87297f9c9d225d0de1,ablation_interbank_market_baseline,administered,2916.818873512652,0.0,0.0,0.0
39413a902482dc59e2a9e3eb,ablation_interbank_market_baseline,administered,2718.166353565701,0.0,0.0,0.0
2fe5410b5b1f24ceb85b64cb,ablation_interbank_market_baseline,administered,2723.4978891611618,0.0,0.0,0.0
c217766ca3d0d25e10dd3a3c,ablation_interbank_market_baseline,administered,3408.9344267179963,0.0,0.0,0.0
d8b0af778e0880797e335984,ablation_interbank_market_baseline,administered,4490.237124770902,0.0,0.0,0.0
8ee2138e5a2f5f5d6b399530,ablation_interbank_market_baseline,administered,2692.554404031109,0.0,0.0,0.0
e69bd9162eeff9fd9e5e3219,ablation_interbank_market_baseline,administered,2448.4755241393796,0.0,0.0,0.0
eda2fb04d734c767898b993c,ablation_interbank_market_baseline,administered,2417.6011093565153,0.0,0.0,0.0
8218f4a7c0daf83d29279c6c,ablation_interbank_market_baseline,administered,2460.788518241526,0.0,0.0,0.0
fc2f4f5b45305832cafa662d,ablation_interbank_market_baseline,market,2643.5401405668886,0.0,0.0,0.0
0ea2ef3a5ad2e614533e6656,ablation_interbank_market_baseline,market,2393.3673696872715,0.0,0.0,0.0
5adef46abfc5d87cbea121c3,ablation_interbank_market_baseline,market,2789.9710515225656,0.0,0.0,0.0
5059680d314b6b519a160c30,ablation_interbank_market_baseline,market,2591.116660116128,0.0,0.0,0.0
132069d72a06bd7d509f093f,ablation_interbank_market_baseline,market,2607.5497021541264,0.0,0.0,0.0
cfedd72176572e09b8d673b0,ablation_interbank_market_baseline,market,2185.6547912813307,0.0,0.0,0.0
b05966d1d2fccace441795d7,ablation_interbank_market_baseline,market,2636.282908554159,0.0,0.0,0.0
aae4a5e641adfda4386108ba,ablation_interbank_market_baseline,market,2910.5181484709815,0.0,0.0,0.0
c14447bd9d10e2c54f40b4cc,ablation_interbank_market_baseline,market,2430.2845562832117,0.0,0.0,0.0
c51d0870c290bdc0d4f07dd3,ablation_interbank_market_baseline,market,2821.2371501692232,0.0,0.0,0.0
fdcdf0053e2b3ee11014833e,ablation_interbank_market_baseline,market,2475.159366314683,0.0,0.0,0.0
11ae6b15c77c86708f618fd1,ablation_interbank_market_baseline,market,2350.635893816797,0.0,0.0,0.0
ded79226fc2514ae22562137,ablation_interbank_market_baseline,market,2914.505506675185,0.0,0.0,0.0
96b88d9e68f14554b81c6915,ablation_interbank_market_baseline,market,2933.812377402362,0.0,0.0,0.0
31579913d4522c2ad5a7dbf8,ablation_interbank_market_baseline,market,2675.1594937635286,0.0,0.0,0.0
23f51a11c2fded047c365539,ablation_interbank_market_baseline,market,2560.2765350724135,0.0,0.0,0.0
dc9e6bf57873be19825b2d84,ablation_interbank_market_baseline,market,4083.9535210129056,0.0,0.0,0.0
cc01b467f580e508ab7ce2a8,ablation_interbank_market_baseline,market,2614.5957574041686,0.0,0.0,0.0
e9f4450789ecf8ff0dbd6cfa,ablation_interbank_market_baseline,market,2987.754036593332,0.0,0.0,0.0
075890c4ad50287497d27ab4,ablation_interbank_market_baseline,market,2388.6214476874998,0.0,0.0,0.0
8fcd3768d0f536f009883213,ablation_interbank_market_baseline,market,2812.3969026227246,0.0,0.0,0.0
266697f0b7b95afb8296af77,ablation_interbank_market_baseline,market,2904.1733425489456,0.0,0.0,0.0
a5d605f74d1dca8915807a4f,ablation_interbank_market_baseline,market,2708.2776489724733,0.0,0.0,0.0
cc2ea295137304001cf75bb0,ablation_interbank_market_baseline,market,2718.211876724686,0.0,0.0,0.0
159cbfd3f9d11816b82a18d5,ablation_interbank_market_baseline,market,3407.7927331772885,0.0,0.0,0.0
814d280a18b1137f547d3480,ablation_interbank_market_baseline,market,4488.852802321385,0.0,0.0,0.0
773f43fa450a3b05b0e2b041,ablation_interbank_market_baseline,market,2683.6330675171366,0.0,0.0,0.0
e670a731ab460e3641957f91,ablation_interbank_market_baseline,market,2445.032752978791,0.0,0.0,0.0
2247949dc3d642c2dd74eaa0,ablation_interbank_market_baseline,market,2412.600988861352,0.0,0.0,0.0
832bb8616637fb1120a838c0,ablation_interbank_market_baseline,market,2457.3998557502096,0.0,0.0,0.0
5c43f2d2c6d3c087859eccbe,ablation_interbank_market_shock,administered,2755.3075528719273,0.0,0.0,0.0
6299f72c21512f011ffa4b4d,ablation_interbank_market_shock,administered,2538.30609664521,0.0,0.0,0.0
14933eb10b52747b0f9973d6,ablation_interbank_market_shock,administered,2876.63540911209,0.0,0.0,0.0
934d5a8d481f7a6de96b70ca,ablation_interbank_market_shock,administered,2700.2299071417556,0.0,0.0,0.0
361f7c0e649bd0621cd1c858,ablation_interbank_market_shock,administered,2722.7271264502983,0.0,0.0,0.0
86ab1c547bdecaee43bb0f48,ablation_interbank_market_shock,administered,2386.4337149274725,0.0,0.0,0.0
0cfc5d3d24d631ce08d75874,ablation_interbank_market_shock,administered,2735.210449197426,0.0,0.0,0.0
944f7a81bd4794db8788378a,ablation_interbank_market_shock,administered,3006.407685063002,0.0,0.0,0.0
7d85b88ff435ca51d49250f5,ablation_interbank_market_shock,administered,2568.335593810178,0.0,0.0,0.0
c1d95a01e36624ee98c808bc,ablation_interbank_market_shock,administered,2907.636745598925,0.0,0.0,0.0
7cb5c9845674b84d1b066c56,ablation_interbank_market_shock,administered,2622.4561194291346,0.0,0.0,0.0
870c0a8536b6635b98f322a1,ablation_interbank_market_shock,administered,2537.391672354033,0.0,0.0,0.0
875563f2fd48750bb415eb13,ablation_interbank_market_shock,administered,2999.4788811291833,0.0,0.0,0.0
46a2d968061ac78d397c759c,ablation_interbank_market_shock,administered,3014.729332064203,0.0,0.0,0.0
d11f4bdad24952c68307f5fb,ablation_interbank_market_shock,administered,2776.793994492242,0.0,0.0,0.0
52e6d7ab843684e09dbe5d85,ablation_interbank_market_shock,administered,2669.218495432158,0.0,0.0,0.0
943b510057eecab3e09cb697,ablation_interbank_market_shock,administered,4193.707071959515,0.0,0.0,0.0
f776b696647e6063695cab88,ablation_interbank_market_shock,administered,2722.0946578431253,0.0,0.0,0.0
51783171454547f4bf980f57,ablation_interbank_market_shock,administered,3070.559783231782,0.0,0.0,0.0
de4f5e1663b8258beb8a33f2,ablation_interbank_market_shock,administered,2543.8613398314073,0.0,0.0,0.0
47a8c663d4f73fa2d259e337,ablation_interbank_market_shock,administered,2907.2317070534255,0.0,0.0,0.0
15b1ff9dffbeac14ade104d4,ablation_interbank_market_shock,administered,2997.4943389478854,0.0,0.0,0.0
18438fa6682cd67c8b48cee8,ablation_interbank_market_shock,administered,2803.799867155725,0.0,0.0,0.0
d4ba222d12f8293b0f3a6d8f,ablation_interbank_market_shock,administered,2816.246740222447,0.0,0.0,0.0
030094f3cbda4a578aeb4ae4,ablation_interbank_market_shock,administered,3497.8789837488966,0.0,0.0,0.0
79cd21e593813e01010a5bbf,ablation_interbank_market_shock,administered,4490.890419544782,0.0,0.0,0.0
950fe0ab6136c8471b699b5a,ablation_interbank_market_shock,administered,2780.8275933245113,0.0,0.0,0.0
eef0e01f49b238eb4f02cc36,ablation_interbank_market_shock,administered,2585.5617281625446,0.0,0.0,0.0
3886a50ae1eaac9e016094ae,ablation_interbank_market_shock,administered,2556.5625689366607,0.0,0.0,0.0
87339461842bef730fdd4bc0,ablation_interbank_market_shock,administered,2600.8569343792196,0.0,0.0,0.0
9b9e9b3921700dd849e06f30,ablation_interbank_market_shock,market,2750.4937849690987,0.0,0.0,0.0
b11979c2247658648cd7210a,ablation_interbank_market_shock,market,2531.7925601220445,0.0,0.0,0.0
1abc1bf618a5df0f73456df6,ablation_interbank_market_shock,market,2867.8010030946934,0.0,0.0,0.0
f5a1b585f2623b77e36097d5,ablation_interbank_market_shock,market,2691.1886443364356,0.0,0.0,0.0
1efe406e2a0f2890df2adf4e,ablation_interbank_market_shock,market,2715.756701258612,0.0,0.0,0.0
f2488247060a504c521516f2,ablation_interbank_market_shock,market,2381.576480955009,0.0,0.0,0.0
347f1a69f0e17dc7e8cbc6cf,ablation_interbank_market_shock,market,2727.5709922557253,0.0,0.0,0.0
2ca0d7cd1167452bafa22833,ablation_interbank_market_shock,market,2990.6586008185227,0.0,0.0,0.0
a51657b37e6c7907bb3ee32b,ablation_interbank_market_shock,market,2561.5706615524687,0.0,0.0,0.0
7a17357bc861e2190ff7b6fc,ablation_interbank_market_shock,market,2899.5335065051863,0.0,0.0,0.0
a080995cbb93a61842160787,ablation_interbank_market_shock,market,2615.6565742601742,0.0,0.0,0.0
b67dec7c050a3204be480f03,ablation_interbank_market_shock,market,2533.060493905501,0.0,0.0,0.0
6d90ed820117bc8ece74e897,ablation_interbank_market_shock,market,2994.8886540004924,0.0,0.0,0.0
4c50a80bd65f26a6d877a346,ablation_interbank_market_shock,market,3014.382769629171,0.0,0.0,0.0
8fcbd3b257be9462a8f2a9d2,ablation_interbank_market_shock,market,2765.6135319502255,0.0,0.0,0.0
82a0dd55ae7174881072abc6,ablation_interbank_market_shock,market,2660.792359811294,0.0,0.0,0.0
cc3d1379dbd0f8c7998111c7,ablation_interbank_market_shock,market,4190.016477931059,0.0,0.0,0.0
d718d7dc6c26393a16e65f91,ablation_interbank_market_shock,market,2717.651264195192,0.0,0.0,0.0
916a88e3ec5487f21eed0277,ablation_interbank_market_shock,market,3066.8022427247815,0.0,0.0,0.0
31148fcb55bde48466119e25,ablation_interbank_market_shock,market,2538.8425651218345,0.0,0.0,0.0
f0cef25d19e881047af9ef5d,ablation_interbank_market_shock,market,2891.483536363361,0.0,0.0,0.0
25f5db7ac0dd99635995c143,ablation_interbank_market_shock,market,2982.946622449531,0.0,0.0,0.0
43fa792d875911123cf2d4da,ablation_interbank_market_shock,market,2793.0054659566954,0.0,0.0,0.0
6571a425aba31f11904ecc92,ablation_interbank_market_shock,market,2810.2211298365055,0.0,0.0,0.0
4469daf7d1ed41d94358d597,ablation_interbank_market_shock,market,3496.8899825552417,0.0,0.0,0.0
a04dbe42ff4ff1a2a5e2fd72,ablation_interbank_market_shock,market,4489.49931264348,0.0,0.0,0.0
978dcf5f7df77333a8f1d392,ablation_interbank_market_shock,market,2771.4077422810774,0.0,0.0,0.0
24595ae8cd6eae87e2b0917f,ablation_interbank_market_shock,market,2579.483660699452,0.0,0.0,0.0
9687c4a211b8d32f50b4e326,ablation_interbank_market_shock,market,2551.2348262295395,0.0,0.0,0.0
b0f5368d5752e57a87838bf3,ablation_interbank_market_shock,market,2595.54764508804,0.0,0.0,0.0
4a3f80209be0285c3eb4bf64,ablation_liquidity_pricing_baseline,administered,2647.255658981467,0.0,0.0,0.0
25df2c2f09e28c20ec6769fd,ablation_liquidity_pricing_baseline,administered,2397.887265005138,0.0,0.0,0.0
185a5dc744c404798a6419f6,ablation_liquidity_pricing_baseline,administered,2799.009977300515,0.0,0.0,0.0
8227b9253cc687d3d7e84ad6,ablation_liquidity_pricing_baseline,administered,2600.0769196553892,0.0,0.0,0.0
ef8c5f2ad5a8e34219e95323,ablation_liquidity_pricing_baseline,administered,2613.615361161197,0.0,0.0,0.0
ec55ca82508da2ca1bad86e8,ablation_liquidity_pricing_baseline,administered,2190.496030473296,0.0,0.0,0.0
898951b14f5f464e0576e733,ablation_liquidity_pricing_baseline,administered,2642.377483795997,0.0,0.0,0.0
88a4ac5616a3dd683dd12081,ablation_liquidity_pricing_baseline,administered,2925.1345329550913,0.0,0.0,0.0
0ba42aacb9cb9652c36bbb0b,ablation_liquidity_pricing_baseline,administered,2435.127428113744,0.0,0.0,0.0
24d83f9cb5599a9c861358d0,ablation_liquidity_pricing_baseline,administered,2830.140598627207,0.0,0.0,0.0
905a7b796ab6dd72ee7162f4,ablation_liquidity_pricing_baseline,administered,2480.274484160286,0.0,0.0,0.0
bc36cedef73bac46ed8ddfcf,ablation_liquidity_pricing_baseline,administered,2352.7534060593466,0.0,0.0,0.0
9cf691f3c9b9bc2945a84f78,ablation_liquidity_pricing_baseline,administered,2917.676104665543,0.0,0.0,0.0
2a1333e55889464511d2a2d5,ablation_liquidity_pricing_baseline,administered,2934.178359704088,0.0,0.0,0.0
e9639e93f59a2fb8f0f1e330,ablation_liquidity_pricing_baseline,administered,2684.1027167431125,0.0,0.0,0.0
cb3c367c74a9af888aea400f,ablation_liquidity_pricing_baseline,administered,2567.4203455608936,0.0,0.0,0.0
566fddbce56b9e515c5f5fab,ablation_liquidity_pricing_baseline,administered,4086.939722729295,0.0,0.0,0.0
ad1bfe4733dd4e74723e0d0d,ablation_liquidity_pricing_baseline,administered,2618.3997919670073,0.0,0.0,0.0
8a54c66fa66a3b0646167d79,ablation_liquidity_pricing_baseline,administered,2991.7800997055097,0.0,0.0,0.0
c36303ce49389f842796c5fa,ablation_liquidity_pricing_baseline,administered,2390.2735438267023,0.0,0.0,0.0
d75b48fe49d11892b878c1e5,ablation_liquidity_pricing_baseline,administered,2826.9475550014304,0.0,0.0,0.0
13e934efe71dbcc15eb9138a,ablation_liquidity_pricing_baseline,administered,2916.842371247536,0.0,0.0,0.0
564c40d92b477663cffa7ef4,ablation_liquidity_pricing_baseline,administered,2718.1428721767666,0.0,0.0,0.0
79bd67536a54e01072f074c2,ablation_liquidity_pricing_baseline,administered,2723.4860950450006,0.0,0.0,0.0
69691b04803b0dbcfcdf8b9e,ablation_liquidity_pricing_baseline,administered,3408.9344267179963,0.0,0.0,0.0
a5c80e8c2909026f6658e0ff,ablation_liquidity_pricing_baseline,administered,4490.237124770902,0.0,0.0,0.0
2378ad3c2d53a1d447cd090b,ablation_liquidity_pricing_baseline,administered,2692.554651208765,0.0,0.0,0.0
9479b8e9ee0638700ba92469,ablation_liquidity_pricing_baseline,administered,2448.4778523598466,0.0,0.0,0.0
a105c4af9c30f805e889bee3,ablation_liquidity_pricing_baseline,administered,2417.5809362892323,0.0,0.0,0.0
950f844e3037a6926664fef7,ablation_liquidity_pricing_baseline,administered,2460.7901244266427,0.0,0.0,0.0
608cf428a37a8ee30e13c246,ablation_liquidity_pricing_baseline,market,2643.5705366390766,0.0,0.0,0.0
ae3b1486aa01284a898f928b,ablation_liquidity_pricing_baseline,market,2392.986622558331,0.0,0.0,0.0
c116b646ae397cd0014080ee,ablation_liquidity_pricing_baseline,market,2789.8921445868014,0.0,0.0,0.0
67bcc664001b3d9a1d9fef1b,ablation_liquidity_pricing_baseline,market,2591.116677659141,0.0,0.0,0.0
4616112e31324e938c38f4c7,ablation_liquidity_pricing_baseline,market,2607.5506059514246,0.0,0.0,0.0
99742caf407062fbdcd5aa05,ablation_liquidity_pricing_baseline,market,2185.6827928494877,0.0,0.0,0.0
e9809f2a49e9bc63f316ba08,ablation_liquidity_pricing_baseline,market,2636.1648138404257,0.0,0.0,0.0
9960e295a258c3cab4cb3045,ablation_liquidity_pricing_baseline,market,2910.5181484709815,0.0,0.0,0.0
9030cfac2935318fc75167eb,ablation_liquidity_pricing_baseline,market,2430.2869329896957,0.0,0.0,0.0
10cf60a201cc6237b11a70dd,ablation_liquidity_pricing_baseline,market,2821.2371501692232,0.0,0.0,0.0
c8bf3a0feec808ae8f2f94c7,ablation_liquidity_pricing_baseline,market,2475.1620169407315,0.0,0.0,0.0
e8b5fddfaa977bc7f66de9fe,ablation_liquidity_pricing_baseline,market,2350.6209120228973,0.0,0.0,0.0
3d753b7573973c2eb1935ce6,ablation_liquidity_pricing_baseline,market,2914.5055102087504,0.0,0.0,0.0
b98b5c7857cc1a14849eee28,ablation_liquidity_pricing_baseline,market,2933.7951579849623,0.0,0.0,0.0
1a8a24a493e4f65d1463e995,ablation_liquidity_pricing_baseline,market,2675.098294661597,0.0,0.0,0.0
4533350864e6274ef0a586a1,ablation_liquidity_pricing_baseline,market,2560.311781843537,0.0,0.0,0.0
4cfe0b716e8b4fea6ac8be7c,ablation_liquidity_pricing_baseline,market,4083.9535210129056,0.0,0.0,0.0
a4d0b152c1d7c0b41105826f,ablation_liquidity_pricing_baseline,market,2614.509840683139,0.0,0.0,0.0
19b959183a570046be504194,ablation_liquidity_pricing_baseline,market,2987.7777024704615,0.0,0.0,0.0
9abf76a97e9c38024821bb7c,ablation_liquidity_pricing_baseline,market,2388.618499189466,0.0,0.0,0.0
c2e77c42a9a17f22dcbcaeca,ablation_liquidity_pricing_baseline,market,2812.37492819663,0.0,0.0,0.0
3494523347232c9aa6452f0e,ablation_liquidity_pricing_baseline,market,2904.223337593905,0.0,0.0,0.0
82d6b48bf42a275aefa18eeb,ablation_liquidity_pricing_baseline,market,2708.2891328409255,0.0,0.0,0.0
53c5c33ecc2faa8e45537db8,ablation_liquidity_pricing_baseline,market,2718.125550479353,0.0,0.0,0.0
a6377f268babc48f2f284a8f,ablation_liquidity_pricing_baseline,market,3407.8163990544163,0.0,0.0,0.0
491bc3c400f3527dcacacac3,ablation_liquidity_pricing_baseline,market,4488.852802321385,0.0,0.0,0.0
f6a20dbbf2b4bdb7314c4dff,ablation_liquidity_pricing_baseline,market,2683.6332889017426,0.0,0.0,0.0
541bf253e927792b9eda96fc,ablation_liquidity_pricing_baseline,market,2445.0395389170476,0.0,0.0,0.0
702e0c4a7b221710a3202d0f,ablation_liquidity_pricing_baseline,market,2412.468279617554,0.0,0.0,0.0
1ab61529c3f5ce93746c1fbe,ablation_liquidity_pricing_baseline,market,2457.396428001318,0.0,0.0,0.0
5aaf49b4154ddb54b9616b06,ablation_liquidity_pricing_shock,administered,2755.322059454773,0.0,0.0,0.0
f54ca85f01d56727bdffa5d7,ablation_liquidity_pricing_shock,administered,2538.282223741707,0.0,0.0,0.0
193ad06ae54605af880a6625,ablation_liquidity_pricing_shock,administered,2876.612514655599,0.0,0.0,0.0
61b27b629214b85dc1acbde1,ablation_liquidity_pricing_shock,administered,2700.2299349969867,0.0,0.0,0.0
e90e3cc7f78022f52612ca7e,ablation_liquidity_pricing_shock,administered,2722.7278608201686,0.0,0.0,0.0
f517d3881600e3142eb193d6,ablation_liquidity_pricing_shock,administered,2386.4220989545865,0.0,0.0,0.0
f0ce18abda9e6a3b02ec363a,ablation_liquidity_pricing_shock,administered,2735.1964841301747,0.0,0.0,0.0
89775e21a51aa396e059b92b,ablation_liquidity_pricing_shock,administered,3006.3873208602404,0.0,0.0,0.0
a403c2186b9a0203f150b4ab,ablation_liquidity_pricing_shock,administered,2568.335840296731,0.0,0.0,0.0
3af534d261c68fdcc853011a,ablation_liquidity_pricing_shock,administered,2907.636745598925,0.0,0.0,0.0
fad1c4a8a4bbd63779da8fd8,ablation_liquidity_pricing_shock,administered,2622.457440881472,0.0,0.0,0.0
83b9d096e711ba468e70ae18,ablation_liquidity_pricing_shock,administered,2537.3937555138245,0.0,0.0,0.0
b3062806132f524980bd39b4,ablation_liquidity_pricing_shock,administered,2999.4788811291833,0.0,0.0,0.0
245eb962f2ffb21054f391bf,ablation_liquidity_pricing_shock,administered,3014.7285826679945,0.0,0.0,0.0
d39fbb41e15c861930092a12,ablation_liquidity_pricing_shock,administered,2776.759126137135,0.0,0.0,0.0
8ec4207b1b723ea835551fc9,ablation_liquidity_pricing_shock,administered,2669.193841441773,0.0,0.0,0.0
c97ec5933ccc426e330e1388,ablation_liquidity_pricing_shock,administered,4193.707152031198,0.0,0.0,0.0
52eab65c85d2d62277833f07,ablation_liquidity_pricing_shock,administered,2722.094321801848,0.0,0.0,0.0
f43dc28965fa3b0aa6f5a502,ablation_liquidity_pricing_shock,administered,3070.559783231782,0.0,0.0,0.0
17a5dc337c134c8738cb8ebc,ablation_liquidity_pricing_shock,administered,2543.8492631982203,0.0,0.0,0.0
d22f6655a2fffe07696e4600,ablation_liquidity_pricing_shock,administered,2907.2318470679766,0.0,0.0,0.0
f5328bbf2c095863525e513d,ablation_liquidity_pricing_shock,administered,2997.5178831954036,0.0,0.0,0.0
398f0fd7135dac9a0b1ce3a3,ablation_liquidity_pricing_shock,administered,2803.7641046822564,0.0,0.0,0.0
ce87ce23065da0eb465ad212,ablation_liquidity_pricing_shock,administered,2816.2199603205013,0.0,0.0,0.0
4963a9e4f1d3b4c235e82700,ablation_liquidity_pricing_shock,administered,3497.8789837488966,0.0,0.0,0.0
3a855ed7b8dbc9c47956f043,ablation_liquidity_pricing_shock,administered,4490.890419544782,0.0,0.0,0.0
2b88ab1beaf9ae4d7b59d4e7,ablation_liquidity_pricing_shock,administered,2780.827661905343,0.0,0.0,0.0
3fcb894dee18725a4f14b44d,ablation_liquidity_pricing_shock,administered,2585.5634066126954,0.0,0.0,0.0
066bff3859596a32880783b8,ablation_liquidity_pricing_shock,administered,2556.546503993271,0.0,0.0,0.0
dcb3aee4c99a4b50ff4e9dc1,ablation_liquidity_pricing_shock,administered,2600.857999544221,0.0,0.0,0.0
5a7c47544439edbcf6a9a0be,ablation_liquidity_pricing_shock,market,2750.5290629142196,0.0,0.0,0.0
90647620591609ab6fc82bea,ablation_liquidity_pricing_shock,market,2531.1760682817903,0.0,0.0,0.0
f3771030e452a78b9ca336e0,ablation_liquidity_pricing_shock,market,2867.7546414420563,0.0,0.0,0.0
a70e88a8c3f92ea5fa037eae,ablation_liquidity_pricing_shock,market,2691.1886717816983,0.0,0.0,0.0
290f2aee45670e706b1f9a8f,ablation_liquidity_pricing_shock,market,2715.757616757341,0.0,0.0,0.0
29f95d19ad0272b55e9cba41,ablation_liquidity_pricing_shock,market,2381.563160909982,0.0,0.0,0.0
2804d1e94f8f8ec75b48db0c,ablation_liquidity_pricing_shock,market,2727.3411252628207,0.0,0.0,0.0
71225b787de7691243f74f86,ablation_liquidity_pricing_shock,market,2990.6586008185227,0.0,0.0,0.0
1479dc2469a2ea99889e9eaf,ablation_liquidity_pricing_shock,market,2561.571954351064,0.0,0.0,0.0
c9bc432bf6c646a15e809713,ablation_liquidity_pricing_shock,market,2899.5335065051863,0.0,0.0,0.0
795066e16c53989c51533a0d,ablation_liquidity_pricing_shock,market,2615.6645863904705,0.0,0.0,0.0
3fa202748cb829bbf5c6458a,ablation_liquidity_pricing_shock,market,2533.06788340925,0.0,0.0,0.0
d7bd0febaa76ea838967e85c,ablation_liquidity_pricing_shock,market,2994.8886540004924,0.0,0.0,0.0
4a0d368bb07bf0b0a3a5d57a,ablation_liquidity_pricing_shock,market,3014.359669703857,0.0,0.0,0.0
eb261867935d078e3512ccc7,ablation_liquidity_pricing_shock,market,2765.5825773889733,0.0,0.0,0.0
61edc22dfd58e38f679c9532,ablation_liquidity_pricing_shock,market,2660.809097213035,0.0,0.0,0.0
53c70fd720c44d35a11266d7,ablation_liquidity_pricing_shock,market,4190.016477931059,0.0,0.0,0.0
ac8096bcaebdebc638a35067,ablation_liquidity_pricing_shock,market,2717.649552245591,0.0,0.0,0.0
dd5060fb22fe74d668288944,ablation_liquidity_pricing_shock,market,3066.8261373509754,0.0,0.0,0.0
2f632d15fc1d419b1bd5fe42,ablation_liquidity_pricing_shock,market,2538.813343593622,0.0,0.0,0.0
cab8208e64591146f0b7de52,ablation_liquidity_pricing_shock,market,2891.4588471482266,0.0,0.0,0.0
e09713f5fb628dffe32fceb1,ablation_liquidity_pricing_shock,market,2982.9748736686697,0.0,0.0,0.0
a5d0d8dcc4c8f3462b8546fe,ablation_liquidity_pricing_shock,market,2792.9914240657913,0.0,0.0,0.0
d27953cd90b22e15dfd9c66b,ablation_liquidity_pricing_shock,market,2810.1477654845444,0.0,0.0,0.0
91d860df5b01bfa6a3dacbd6,ablation_liquidity_pricing_shock,market,3496.913877181437,0.0,0.0,0.0
ca16f13a2a8530447731f880,ablation_liquidity_pricing_shock,market,4489.49931264348,0.0,0.0,0.0
e9e34e54adb149db6d394ee1,ablation_liquidity_pricing_shock,market,2771.4079628149975,0.0,0.0,0.0
df6a4724c52a0944faf21cd8,ablation_liquidity_pricing_shock,market,2579.496500539655,0.0,0.0,0.0
662e291f9117d48493337e16,ablation_liquidity_pricing_shock,market,2551.0768164582064,0.0,0.0,0.0
33febbfbc707d601cd455ee5,ablation_liquidity_pricing_shock,market,2595.5793345113316,0.0,0.0,0.0
066154f99124aa117d8c7742,h2_h3_baseline,administered,2647.249454920656,0.0,0.0,0.0
dac9b234d9c1dcffcad4095a,h2_h3_baseline,administered,2397.885453941479,0.0,0.0,0.0
75b0a396b602d2c0eef1b8c6,h2_h3_baseline,administered,2799.0099773061693,0.0,0.0,0.0
4580ef4119cfb55e2859479d,h2_h3_baseline,administered,2600.076890923386,0.0,0.0,0.0
d067fa5d301979c70753551e,h2_h3_baseline,administered,2613.6145235682557,0.0,0.0,0.0
28f18762c31e7adc0b641b2e,h2_h3_baseline,administered,2190.4919461889526,0.0,0.0,0.0
4ebfb18a953defb40ccbfbf4,h2_h3_baseline,administered,2642.3766237549585,0.0,0.0,0.0
32e7cbc1308beba0c3458925,h2_h3_baseline,administered,2925.1345329550913,0.0,0.0,0.0
4b09aeba83508ef9001cb47b,h2_h3_baseline,administered,2435.131168800235,0.0,0.0,0.0
8cba2e4891e61cb49f2fe475,h2_h3_baseline,administered,2830.140598627207,0.0,0.0,0.0
ab6b8cbee775ffb6727be3cd,h2_h3_baseline,administered,2480.27257626416,0.0,0.0,0.0
5a3cb4cca52d2b5902458e21,h2_h3_baseline,administered,2352.7510301268962,0.0,0.0,0.0
c8316108c36a2beb4d66df1c,h2_h3_baseline,administered,2917.6758668817197,0.0,0.0,0.0
931bc578e775bfc329ace2b5,h2_h3_baseline,administered,2934.1782149565993,0.0,0.0,0.0
5833046af6a86f88ef6076de,h2_h3_baseline,administered,2684.102003455358,0.0,0.0,0.0
47d02136bef3586bb77c8adc,h2_h3_baseline,administered,2567.419290520579,0.0,0.0,0.0
2fc8c68ee23c7e0815289e99,h2_h3_baseline,administered,4086.939722729295,0.0,0.0,0.0
5eb8d318be72fa39ca58424c,h2_h3_baseline,administered,2618.399472728436,0.0,0.0,0.0
22d6623f3dd00275e34381ea,h2_h3_baseline,administered,2991.7800997055097,0.0,0.0,0.0
fb7b8e0336368ea1d1a04050,h2_h3_baseline,administered,2390.269421012753,0.0,0.0,0.0
dfb5887edf64b7e573676cab,h2_h3_baseline,administered,2826.9475550014304,0.0,0.0,0.0
b76f9d666f3dd39f98d71961,h2_h3_baseline,administered,2916.818873512652,0.0,0.0,0.0
8259a99e0673cec393835753,h2_h3_baseline,administered,2718.127746746345,0.0,0.0,0.0
08e3e7a7ef48da5f7a9808a1,h2_h3_baseline,administered,2723.4854336846724,0.0,0.0,0.0
e3a7746613b5f9797535f4cd,h2_h3_baseline,administered,3408.9344267179963,0.0,0.0,0.0
8161455cd33f32c83d9712f2,h2_h3_baseline,administered,4490.237124770902,0.0,0.0,0.0
0cccc46264be447d08453688,h2_h3_baseline,administered,2692.554404031109,0.0,0.0,0.0
3a553dbc22678664417632e3,h2_h3_baseline,administered,2448.468249817711,0.0,0.0,0.0
f85604fe74362c26011b5d5d,h2_h3_baseline,administered,2417.581065818899,0.0,0.0,0.0
40165177ade312b18aceda65,h2_h3_baseline,administered,2460.788448124498,0.0,0.0,0.0
4ee58aea8fd59e6b2ab7d814,h2_h3_baseline,administered,2292.36343292066,0.0,0.0,0.0
f0a9ad4aa9683f4211276d09,h2_h3_baseline,administered,2701.007899697971,0.0,0.0,0.0
bc3c93f666fbfb03a86fedaf,h2_h3_baseline,administered,2456.1778884692203,0.0,0.0,0.0
675928dbd683be024661cfbe,h2_h3_baseline,administered,2743.6373564990845,0.0,0.0,0.0
8091cc0a62630f168680a8ae,h2_h3_baseline,administered,2687.1629276159065,0.0,0.0,0.0
923f6345fea047f1df403f2e,h2_h3_baseline,administered,2822.9063534809534,0.0,0.0,0.0
e0de2766467c2729c9a2ca6e,h2_h3_baseline,administered,2554.4029946888863,0.0,0.0,0.0
d249f218cf11a25fd27a924a,h2_h3_baseline,administered,3540.290808323801,0.0,0.0,0.0
b622f4899dc93f1320b5d679,h2_h3_baseline,administered,3076.375291510268,0.0,0.0,0.0
955a948f67e4e2a301f2fca3,h2_h3_baseline,administered,2975.498352671425,0.0,0.0,0.0
86255f9a79d0648280ca3226,h2_h3_baseline,administered,2550.0840691231665,0.0,0.0,0.0
b1bd7a1bb1f588c6c10b546d,h2_h3_baseline,administered,2216.569540784333,0.0,0.0,0.0
cbad09bec6de2680e814ab8e,h2_h3_baseline,administered,2585.8790349841947,0.0,0.0,0.0
1bef23120a13a142e787bdb4,h2_h3_baseline,administered,3680.70725849189,0.0,0.0,0.0
6c0e78bf3e1b2a01ad66cde2,h2_h3_baseline,administered,2467.201918962366,0.0,0.0,0.0
3854e27cba4b24113745495c,h2_h3_baseline,administered,2829.330482833482,0.0,0.0,0.0
276b9e4884f004b5e434c857,h2_h3_baseline,administered,2484.9171216261857,0.0,0.0,0.0
5a2cc2cc5fcbc9dc55e55c43,h2_h3_baseline,administered,2840.4376602497696,0.0,0.0,0.0
363bfc4fb3833f2d142a4836,h2_h3_baseline,administered,3069.2980055104804,0.0,0.0,0.0
1dfc960339e1b22413eec342,h2_h3_baseline,administered,2683.204255617526,0.0,0.0,0.0
ba1cfd184b9aa05aadaf3d61,h2_h3_baseline,administered,2444.340348427398,0.0,0.0,0.0
f8b9bf0c257927fdb2fe1346,h2_h3_baseline,administered,2918.701173193677,0.0,0.0,0.0
d8ea8046c5f5a6b884d89fd4,h2_h3_baseline,administered,2726.581076410557,0.0,0.0,0.0
3293a4631aedf9b8f630263b,h2_h3_baseline,administered,2514.990063257813,0.0,0.0,0.0
9895f6fd7b281051622574d2,h2_h3_baseline,administered,2685.4448990955775,0.0,0.0,0.0
139e3d6c443ef7683d8fdcfd,h2_h3_baseline,administered,2549.692190520552,0.0,0.0,0.0
067b3a5e6b88596af2da84f0,h2_h3_baseline,administered,2413.51480841441,0.0,0.0,0.0
a3daa18b74a29f4df7b4274c,h2_h3_baseline,administered,2974.8651558084716,0.0,0.0,0.0
7b6ed0a41d6ae0521600113c,h2_h3_baseline,administered,3379.395409492304,0.0,0.0,0.0
09506505cd7efc46e4de0d73,h2_h3_baseline,administered,2637.7216937370977,0.0,0.0,0.0
8202c48c860a56e9699c78ee,h2_h3_baseline,administered,2331.552925205435,0.0,0.0,0.0
7e63b9b83b75c80219069bee,h2_h3_baseline,administered,2742.677477357492,0.0,0.0,0.0
f6cdfe022356bd33e69284c8,h2_h3_baseline,administered,2777.0660271121824,0.0,0.0,0.0
f7e9b00ed1cec8e606fdcd22,h2_h3_baseline,administered,2798.372492481474,0.0,0.0,0.0
4648f518aae0508b09a166aa,h2_h3_baseline,administered,3581.911628744564,0.0,0.0,0.0
6d3657902432fa006f635f12,h2_h3_baseline,administered,2756.684347461049,0.0,0.0,0.0
b8028076152a4c4400a5035d,h2_h3_baseline,administered,2412.4390776065475,0.0,0.0,0.0
f0af967b46dfc0a42ff1bd70,h2_h3_baseline,administered,2318.1203411396905,0.0,0.0,0.0
9e5e752fea740a809052d2b9,h2_h3_baseline,administered,2471.3129242656437,0.0,0.0,0.0
8aff0d63bb383579ebd22e4d,h2_h3_baseline,administered,3203.9556298933057,0.0,0.0,0.0
07e777d442b2f2c17ffd236b,h2_h3_baseline,administered,2698.809488433601,0.0,0.0,0.0
1ee4b955b787aa323c5e7834,h2_h3_baseline,administered,2903.3369126670495,0.0,0.0,0.0
1796536cda9ef17ae5f90a1d,h2_h3_baseline,administered,2844.6262623396688,0.0,0.0,0.0
2b2aceb86b0eeaf610ac6a64,h2_h3_baseline,administered,2495.268242401045,0.0,0.0,0.0
b69214c5b929595dc54d1d36,h2_h3_baseline,administered,2944.7972232329994,0.0,0.0,0.0
3a124324b3959850fa1de89c,h2_h3_baseline,administered,2665.800546385686,0.0,0.0,0.0
9052a881b801cfddfdacc882,h2_h3_baseline,administered,2519.9891849363917,0.0,0.0,0.0
e46a19441614fc4aa6dd025d,h2_h3_baseline,administered,2756.675034804735,0.0,0.0,0.0
f13932ea8452413c26555ef7,h2_h3_baseline,administered,2604.2306336526303,0.0,0.0,0.0
b066c2bc6b676dd39f5b0052,h2_h3_baseline,administered,2518.613544361308,0.0,0.0,0.0
bb8f7e49cffc527f14cb1951,h2_h3_baseline,administered,2732.183639005129,0.0,0.0,0.0
e58f79fe5e627794e98668f6,h2_h3_baseline,administered,2619.6995077965043,0.0,0.0,0.0
7505cf88407537d20178a8ff,h2_h3_baseline,administered,2830.4872858982785,0.0,0.0,0.0
73719964a214aa63fa81b767,h2_h3_baseline,administered,2789.347085744796,0.0,0.0,0.0
5fb0d26d6ad2b6116452fdc9,h2_h3_baseline,administered,2840.9539128266842,0.0,0.0,0.0
29c7cec2ff77e34e524841af,h2_h3_baseline,administered,2517.4803077298216,0.0,0.0,0.0
3f4f893b0875c313e2c1c000,h2_h3_baseline,administered,2646.097555387964,0.0,0.0,0.0
0d12fb26f80fb2ed4771e988,h2_h3_baseline,administered,3023.6423962126223,0.0,0.0,0.0
d703c01e5aec95c6772a4c60,h2_h3_baseline,administered,2696.8818784223454,0.0,0.0,0.0
9531c016ae8ba973ac345c9f,h2_h3_baseline,administered,2719.552178220579,0.0,0.0,0.0
17ef12b90e9ec7511f4f50a7,h2_h3_baseline,administered,2677.0638527124715,0.0,0.0,0.0
b327536cb2d1919acdb6d92a,h2_h3_baseline,administered,2829.002406985051,0.0,0.0,0.0
4b06e573c4db6c46221d381c,h2_h3_baseline,administered,2775.3658536310104,0.0,0.0,0.0
9e6d51c34909e63dfdb0e96e,h2_h3_baseline,administered,2920.4656613509273,0.0,0.0,0.0
eed17d213f1f894099ff2ba3,h2_h3_baseline,administered,2432.8691523992266,0.0,0.0,0.0
7313d57beae08ae9da2de012,h2_h3_baseline,administered,2328.830317106891,0.0,0.0,0.0
7fc53b0554e6a5f78a2965eb,h2_h3_baseline,administered,3016.9782270723745,0.0,0.0,0.0
c0db2647bf2c2794df04f70f,h2_h3_baseline,administered,2651.1888028720514,0.0,0.0,0.0
d45a5f8ea4388ccc2b3a40b0,h2_h3_baseline,administered,2572.7850941526585,0.0,0.0,0.0
688dd28ac39284dcc8d5ba26,h2_h3_baseline,administered,2480.6884286459754,0.0,0.0,0.0
44478136a604b28de4f2dcd4,h2_h3_baseline,administered,2425.96334847577,0.0,0.0,0.0
30735c429e1aa251a4a71391,h2_h3_baseline,administered,3082.577333912305,0.0,0.0,0.0
1da22dbc374968c50f5e28e3,h2_h3_baseline,administered,2924.264304584655,0.0,0.0,0.0
dcbc41ebc2542537e3377b09,h2_h3_baseline,administered,2721.9497820272827,0.0,0.0,0.0
df6019901e8efa8705a89736,h2_h3_baseline,administered,3369.8967932806504,0.0,0.0,0.0
53e610a6c1f7b187d448acec,h2_h3_baseline,administered,2651.522185147046,0.0,0.0,0.0
c9f9e32905ec70f9c31dfb5c,h2_h3_baseline,administered,3023.7257932858683,0.0,0.0,0.0
90002d82a4823f136872934b,h2_h3_baseline,administered,3064.2026716579953,0.0,0.0,0.0
e11d0d7b0750600ff3c034b6,h2_h3_baseline,administered,2315.9276656399193,0.0,0.0,0.0
547eff053822896c2e7daae3,h2_h3_baseline,administered,2788.7885998161087,0.0,0.0,0.0
98296e3d3fc940305deded33,h2_h3_baseline,administered,2766.059761275275,0.0,0.0,0.0
a93d68d4b89096cd35d6866a,h2_h3_baseline,administered,2824.594227433738,0.0,0.0,0.0
7a66e946ff854d16841e4cdc,h2_h3_baseline,administered,2607.217460857856,0.0,0.0,0.0
c4892eedc57f34082aa66035,h2_h3_baseline,administered,2659.323176722592,0.0,0.0,0.0
c935feef26de259b27148e11,h2_h3_baseline,administered,2600.3104190814092,0.0,0.0,0.0
5b7c41b0f9f5bafa314b1509,h2_h3_baseline,administered,3338.5106854781357,0.0,0.0,0.0
42a46972b6a89e0fb1e79657,h2_h3_baseline,administered,2893.689279309376,0.0,0.0,0.0
6ac9ea1e311e13965d7293c7,h2_h3_baseline,administered,2725.186811553914,0.0,0.0,0.0
0c1c1722ad3281bb39c53bd6,h2_h3_baseline,administered,2860.4243207659547,0.0,0.0,0.0
ae9849320ab3148add249f76,h2_h3_baseline,administered,3054.3426682406607,0.0,0.0,0.0
89633ca648d209d017529d31,h2_h3_baseline,administered,2789.6245524072297,0.0,0.0,0.0
d4041c47ec9d0bedf88cddc6,h2_h3_baseline,administered,2799.094279562309,0.0,0.0,0.0
88a8ac974e23ce4bcd3bb9b0,h2_h3_baseline,administered,2886.9238411637066,0.0,0.0,0.0
8292eb8b39620807aeb1d0a2,h2_h3_baseline,administered,2650.0206285916497,0.0,0.0,0.0
4bb41196ae63c01263b5e750,h2_h3_baseline,administered,3526.2141872663624,0.0,0.0,0.0
a4b8e73698b451303d1c7f03,h2_h3_baseline,administered,2909.7566732817995,0.0,0.0,0.0
f6b3a4869ccacdd8be619bb2,h2_h3_baseline,administered,2586.041970749051,0.0,0.0,0.0
ef88856092c0c3c34e378719,h2_h3_baseline,administered,2190.0942224921073,0.0,0.0,0.0
789d168e6fe48bcd196e9abf,h2_h3_baseline,administered,2800.473613755481,0.0,0.0,0.0
3e3af4c4cab1487669d2f036,h2_h3_baseline,administered,2379.4303598476845,0.0,0.0,0.0
a6a0aafc5f03b62662fb77cf,h2_h3_baseline,administered,2568.358782212669,0.0,0.0,0.0
cc1cf6eaf616e2b5d1f561fd,h2_h3_baseline,administered,2834.6915270022046,0.0,0.0,0.0
28932549bea51fe6505283c2,h2_h3_baseline,administered,2558.4764177770003,0.0,0.0,0.0
deefdd055d1afe998d250e9a,h2_h3_baseline,administered,2849.169319182235,0.0,0.0,0.0
dcb97c4abec661742bb09472,h2_h3_baseline,administered,2684.7346529054075,0.0,0.0,0.0
e81461614f4760ef86e96fd5,h2_h3_baseline,administered,2966.0040990666394,0.0,0.0,0.0
62cd4a6c0f0407e188efd1df,h2_h3_baseline,administered,2224.8154344972972,0.0,0.0,0.0
b1cd602bc082013f9d1fc8a7,h2_h3_baseline,administered,3148.8393165164534,0.0,0.0,0.0
a5bbe1ce8a45bfef8f77f8d0,h2_h3_baseline,administered,2645.157008133514,0.0,0.0,0.0
09167ea8d065802a486e19a4,h2_h3_baseline,administered,2385.3847906909045,0.0,0.0,0.0
db484cbf174b0cba28ac6923,h2_h3_baseline,administered,2504.740865895687,0.0,0.0,0.0
8e571156aef336c96f106301,h2_h3_baseline,administered,2482.541237921302,0.0,0.0,0.0
1c970ec336c4ad5b953ed5ab,h2_h3_baseline,administered,2546.023930661402,0.0,0.0,0.0
30593b55b1ae7f379284e0cc,h2_h3_baseline,administered,2764.392832793266,0.0,0.0,0.0
e09fa977892a263d68c2a9b6,h2_h3_baseline,administered,2749.6779736308704,0.0,0.0,0.0
111076c2fc8e6b5c535f0348,h2_h3_baseline,administered,2549.544756137477,0.0,0.0,0.0
683404514d5a8e8cfa95e2e3,h2_h3_baseline,administered,2775.3006357758,0.0,0.0,0.0
14abdccac329f4d406643ec2,h2_h3_baseline,administered,3053.4217696553474,0.0,0.0,0.0
0c71444d255e0349760fca3d,h2_h3_baseline,administered,2446.8819640474458,0.0,0.0,0.0
3db173de7a037d0d2bdaa7fb,h2_h3_baseline,administered,2585.129105788679,0.0,0.0,0.0
151049bd478c3ff4e3d50d21,h2_h3_baseline,administered,3247.214436330344,0.0,0.0,0.0
b7235c9d1a104b6fa27309a2,h2_h3_baseline,administered,2984.669795411231,0.0,0.0,0.0
9e7424bbd9b9124050fa31f2,h2_h3_baseline,administered,2540.352553544225,0.0,0.0,0.0
f2a2914066269f290717901a,h2_h3_baseline,administered,2578.2269953649557,0.0,0.0,0.0
94aacb4c65b80d54bb7629f6,h2_h3_baseline,administered,2502.095510754043,0.0,0.0,0.0
a7f6f1ad2e7b8ef63bf3bd03,h2_h3_baseline,administered,2594.4630437106007,0.0,0.0,0.0
2e781f1e655f338be8665311,h2_h3_baseline,administered,2445.8592878532995,0.0,0.0,0.0
995b44d2da53b84bead5d038,h2_h3_baseline,administered,2148.4407114354754,0.0,0.0,0.0
8773e123f3e092d412102496,h2_h3_baseline,administered,2982.288453364609,0.0,0.0,0.0
4fc019fc1665fc7fe92936fe,h2_h3_baseline,administered,3028.4326469966722,0.0,0.0,0.0
67e8eab2df87bac5d576871d,h2_h3_baseline,administered,2827.10978783381,0.0,0.0,0.0
5939a7e98fd637d2313bc11d,h2_h3_baseline,administered,2460.263954428459,0.0,0.0,0.0
793ba29dcf00603a536a1ac1,h2_h3_baseline,administered,3066.3341520550725,0.0,0.0,0.0
f62936d43836e95a850b73df,h2_h3_baseline,administered,2385.0970161564546,0.0,0.0,0.0
a4764c54f05259dd6d67d461,h2_h3_baseline,administered,2608.916949172169,0.0,0.0,0.0
1284100a05e00526521d6070,h2_h3_baseline,administered,2547.3834805030738,0.0,0.0,0.0
36f98aba9663288c12590daf,h2_h3_baseline,administered,2604.3294955808465,0.0,0.0,0.0
da399018acadd1b0e15a256c,h2_h3_baseline,administered,2298.9718580960903,0.0,0.0,0.0
ab76bfb85650612adc94a69f,h2_h3_baseline,administered,2371.3694438972716,0.0,0.0,0.0
842acc7d530e6687f072426b,h2_h3_baseline,administered,2553.4043847857038,0.0,0.0,0.0
58714431c8a4a7b880fb5b5c,h2_h3_baseline,administered,2499.4156001844735,0.0,0.0,0.0
c41e64fc301848cfc6b95c54,h2_h3_baseline,administered,2738.276047505381,0.0,0.0,0.0
892cbb9afcb018c6e101989f,h2_h3_baseline,administered,2779.8206934719256,0.0,0.0,0.0
f0ac0ebd318ccd934e8955e3,h2_h3_baseline,administered,2371.640721836645,0.0,0.0,0.0
0b8bf3dc82e51a5059d69523,h2_h3_baseline,administered,2903.2723636035607,0.0,0.0,0.0
06b529b9a9658394469ae25d,h2_h3_baseline,administered,2818.8007991928002,0.0,0.0,0.0
465a76c81e191a401e08c18c,h2_h3_baseline,administered,2717.223646580205,0.0,0.0,0.0
460a7c4e287d427efe87f5e9,h2_h3_baseline,administered,2586.082860123509,0.0,0.0,0.0
8781b1018059ecea67cc7d52,h2_h3_baseline,administered,2333.1761429603825,0.0,0.0,0.0
2951a3163cb19849eede55fc,h2_h3_baseline,administered,2608.646970804412,0.0,0.0,0.0
7ab2adb98be2364f61859ad4,h2_h3_baseline,administered,2829.5944072065167,0.0,0.0,0.0
f3c9169ff823e2b7d04492e1,h2_h3_baseline,administered,3505.1667000031803,0.0,0.0,0.0
7a95647e75e2165d4b226216,h2_h3_baseline,administered,3852.5713969569388,0.0,0.0,0.0
1c3814c1468252f19c42d543,h2_h3_baseline,administered,2529.178375424057,0.0,0.0,0.0
5386eeea2a6a1dd7249f48aa,h2_h3_baseline,administered,2690.337694215094,0.0,0.0,0.0
a5b2a4f2cea95c95d73ba155,h2_h3_baseline,administered,2432.4794136064047,0.0,0.0,0.0
0990c506e52948bc49cb3de9,h2_h3_baseline,administered,2695.046824842022,0.0,0.0,0.0
055792fd15ebbb94200a905a,h2_h3_baseline,administered,2411.644936788683,0.0,0.0,0.0
89058fb13c148c1b48342331,h2_h3_baseline,administered,2690.310671443087,0.0,0.0,0.0
d7249e7853ab398c295108fe,h2_h3_baseline,administered,2733.8972358546216,0.0,0.0,0.0
96876d059382897ad3347db9,h2_h3_baseline,administered,2202.2407317180596,0.0,0.0,0.0
5afa01eab727678004708fc9,h2_h3_baseline,administered,2418.2839308620582,0.0,0.0,0.0
a48cabb1a832213ae1b751a5,h2_h3_baseline,administered,2693.435579371858,0.0,0.0,0.0
59595f019e39e9685f1424c9,h2_h3_baseline,administered,2760.173966541287,0.0,0.0,0.0
c30ceb6486702c744f063599,h2_h3_baseline,administered,2752.0852933974725,0.0,0.0,0.0
be5d0991f4101702036117b1,h2_h3_baseline,administered,3467.6067253724423,0.0,0.0,0.0
857a83353b4a6ca3e6d84955,h2_h3_baseline,administered,2484.186840944439,0.0,0.0,0.0
91584cf9950dbff0cbbb70cc,h2_h3_baseline,administered,2655.08208419608,0.0,0.0,0.0
7a12e20c2c6c421539ba1804,h2_h3_baseline,administered,2360.516848876795,0.0,0.0,0.0
4226c99eb1bc195e4824e5f6,h2_h3_baseline,administered,3243.337164338669,0.0,0.0,0.0
d704d67c8bde5d48fb70e1e9,h2_h3_baseline,administered,2720.4921113749833,0.0,0.0,0.0
d8bfa486af4fd66206bc87c9,h2_h3_baseline,administered,2383.1272309418555,0.0,0.0,0.0
6e40bb5bc3377dfdc53e6471,h2_h3_baseline,administered,2826.512919371643,0.0,0.0,0.0
3192a18214c7b817e32093d6,h2_h3_baseline,administered,3769.0982787876524,0.0,0.0,0.0
b2b1c7aaba9216845dea6367,h2_h3_baseline,administered,2383.259616901479,0.0,0.0,0.0
c9b6c9eea5140fe442d61be6,h2_h3_baseline,administered,2780.4408440295956,0.0,0.0,0.0
7b09617edb61cfc1cf7dcfed,h2_h3_baseline,administered,2648.4117628829895,0.0,0.0,0.0
b22e6896278a07ef5416d9b6,h2_h3_baseline,administered,2627.9952721605096,0.0,0.0,0.0
d373bcb9cb3e460f0783384c,h2_h3_baseline,administered,2238.0997083352336,0.0,0.0,0.0
e34509e9b51c2feb33a7765a,h2_h3_baseline,administered,2881.7517315000623,0.0,0.0,0.0
8c5654bb93216c24646ae607,h2_h3_baseline,administered,2823.181081284859,0.0,0.0,0.0
bd29043e7bc1118e0ba40f4b,h2_h3_baseline,administered,2494.803282796183,0.0,0.0,0.0
babc99fdd9e0397fe5b9839d,h2_h3_baseline,administered,3019.702705827008,0.0,0.0,0.0
ad5c77ce2617c0ce7946143c,h2_h3_baseline,administered,2621.650623962549,0.0,0.0,0.0
e959ba3f7e4b03f79788f6a0,h2_h3_baseline,administered,2794.866225613153,0.0,0.0,0.0
d29575bff30594baa767f953,h2_h3_baseline,administered,2816.5784741134107,0.0,0.0,0.0
d5f0a571112980c079b95864,h2_h3_baseline,administered,2522.3410488174513,0.0,0.0,0.0
96c8c5898a151e1342ff195f,h2_h3_baseline,administered,2842.947673193233,0.0,0.0,0.0
8e49cb1ced992b2c5491343f,h2_h3_baseline,administered,3254.841587018073,0.0,0.0,0.0
c6826d92688fd9a1a98906ca,h2_h3_baseline,administered,2477.0872720224297,0.0,0.0,0.0
dc3a3839a1a76fcac6731da3,h2_h3_baseline,administered,2548.463260705626,0.0,0.0,0.0
ed3a64089703e1d390de1260,h2_h3_baseline,administered,2838.3280485531404,0.0,0.0,0.0
8ddc6c31f8e33a13321285b2,h2_h3_baseline,administered,2939.537106250528,0.0,0.0,0.0
5537666b99de74f8cc3858a3,h2_h3_baseline,administered,2308.2089720046047,0.0,0.0,0.0
95b4cfd3b6d6c8d2f12dc77e,h2_h3_baseline,administered,2800.1220039783907,0.0,0.0,0.0
a2f0833ee74ccb04aa30c5ff,h2_h3_baseline,administered,2456.2934831869597,0.0,0.0,0.0
e1a6d452d5bc2e4b38361a3a,h2_h3_baseline,administered,2499.4585984345385,0.0,0.0,0.0
ed45a147fdce61edc31130c5,h2_h3_baseline,administered,2428.2470876096863,0.0,0.0,0.0
68714948bdb832bb1ae5a2e7,h2_h3_baseline,administered,2457.049915066051,0.0,0.0,0.0
72196d694dc149ed490baa29,h2_h3_baseline,administered,3632.4947762933243,0.0,0.0,0.0
b21222646b7dcde5f117b114,h2_h3_baseline,administered,2870.050473219852,0.0,0.0,0.0
e22af57c444c6e058698f4de,h2_h3_baseline,administered,2676.8746931478872,0.0,0.0,0.0
90294065e094e38c8c90a741,h2_h3_baseline,administered,2384.7333169501076,0.0,0.0,0.0
add0ef4b0591e2555f3bb523,h2_h3_baseline,administered,2202.7035305546497,0.0,0.0,0.0
11b7832e39136b8411312c70,h2_h3_baseline,administered,2563.14976179085,0.0,0.0,0.0
01416b8bd839b60d23673b80,h2_h3_baseline,administered,2457.7851490326993,0.0,0.0,0.0
9c1b5b708fefbe40a24f7bfc,h2_h3_baseline,administered,3177.9717338423443,0.0,0.0,0.0
d5e44a670c389cc0ab1cd8f0,h2_h3_baseline,administered,2770.5290996305816,0.0,0.0,0.0
b64cb1f7b9ab8a330902ecaa,h2_h3_baseline,administered,2077.4933002072294,0.0,0.0,0.0
d7edacd5500c15345c09da74,h2_h3_baseline,administered,2827.33523469503,0.0,0.0,0.0
2ec7e336467efa04e40d231c,h2_h3_baseline,administered,2871.298111902026,0.0,0.0,0.0
d40625c00ea390eb2691aeef,h2_h3_baseline,administered,2283.1555699148516,0.0,0.0,0.0
ad7dabd2b3a2a79ffaa542a6,h2_h3_baseline,administered,2682.143135043649,0.0,0.0,0.0
0f62f20e815e525996308f21,h2_h3_baseline,administered,2512.47156269619,0.0,0.0,0.0
6e500ce921eb5eac33d0297f,h2_h3_baseline,administered,2287.9831162984146,0.0,0.0,0.0
365d8ca0517a6712475872b4,h2_h3_baseline,administered,2497.888763582484,0.0,0.0,0.0
9eee5fba642ee632e62f7ac2,h2_h3_baseline,administered,2410.4999584271645,0.0,0.0,0.0
79696f2d0f8b28b5d8e49180,h2_h3_baseline,administered,2936.591561855101,0.0,0.0,0.0
21c6e0e2ed830774058097f8,h2_h3_baseline,administered,2410.621797138638,0.0,0.0,0.0
da6242b7ad9ee9ad54d7477e,h2_h3_baseline,administered,2899.059696032333,0.0,0.0,0.0
cc13a425cbd3eba3273e860a,h2_h3_baseline,administered,2889.8699693412386,0.0,0.0,0.0
87884f8e0b5320eb63c79571,h2_h3_baseline,administered,2758.338575249966,0.0,0.0,0.0
5b93918dfc3e70ca08a80052,h2_h3_baseline,administered,3411.5988302133474,0.0,0.0,0.0
3beaab77e9d313e18959c7a1,h2_h3_baseline,administered,2603.5545723986393,0.0,0.0,0.0
b77869be98ed659ce436ce55,h2_h3_baseline,administered,2756.9586646505422,0.0,0.0,0.0
9c9e683ad679a61c7d7a119e,h2_h3_baseline,administered,2299.2645861940728,0.0,0.0,0.0
6e0e30b4aa34271933e43aed,h2_h3_baseline,administered,3066.190693240788,0.0,0.0,0.0
47759dc10b1b6922a47674e4,h2_h3_baseline,administered,3118.7026319674574,0.0,0.0,0.0
67b8a792f1bdf805d8dd0c10,h2_h3_baseline,administered,2499.1524086505005,0.0,0.0,0.0
202b97258bf0482d36f030f0,h2_h3_baseline,administered,3094.8928230409274,0.0,0.0,0.0
ed9c990701aa5344a9263bb8,h2_h3_baseline,administered,3040.4666373557166,0.0,0.0,0.0
c427fd830ba5035eecf2b21c,h2_h3_baseline,administered,2705.8118897189674,0.0,0.0,0.0
cf049fdd9b13b31e05b5f4f2,h2_h3_baseline,administered,2314.7479275919704,0.0,0.0,0.0
51f59aa085f901be5999d6b7,h2_h3_baseline,administered,2277.9185030408107,0.0,0.0,0.0
d000a9a98eba33c65c6092f3,h2_h3_baseline,administered,3489.593818444011,0.0,0.0,0.0
59e203998458269d7816fa1e,h2_h3_baseline,administered,2508.1700729231766,0.0,0.0,0.0
c03e04685059ad0ff3b26987,h2_h3_baseline,administered,2687.8222825995463,0.0,0.0,0.0
9a874327cade388367c82c5f,h2_h3_baseline,administered,2791.244809278542,0.0,0.0,0.0
887bbd6c64d76d5a6984be19,h2_h3_baseline,administered,2523.1126258445033,0.0,0.0,0.0
2dea5caf79725df438e11b84,h2_h3_baseline,administered,2917.334888226229,0.0,0.0,0.0
b13155936c1faae36bcb67ff,h2_h3_baseline,administered,2583.637654436947,0.0,0.0,0.0
d1c7febd08641b79930616a7,h2_h3_baseline,administered,3296.8737737744777,0.0,0.0,0.0
70f2922aa41a6dc588d995d9,h2_h3_baseline,administered,2849.174722863028,0.0,0.0,0.0
7b31cea5a8c3ff6119e5b01e,h2_h3_baseline,administered,2644.92269240912,0.0,0.0,0.0
4668d05d82d443bb5d909da5,h2_h3_baseline,administered,2898.4913185768205,0.0,0.0,0.0
9bd46927bd49451db31697af,h2_h3_baseline,administered,2786.551431111552,0.0,0.0,0.0
0d641218af473291af5bbd2d,h2_h3_baseline,administered,3170.609414153884,0.0,0.0,0.0
b592777e45c9f4607b46198f,h2_h3_baseline,administered,2797.129810920044,0.0,0.0,0.0
6fc67efca6928ea0483a226c,h2_h3_baseline,administered,2581.731868134983,0.0,0.0,0.0
326dd2450a15e30709cebe75,h2_h3_baseline,administered,2499.9097751339555,0.0,0.0,0.0
92d962b473503ebca2507b16,h2_h3_baseline,administered,2721.4915156562165,0.0,0.0,0.0
1bd34af85ce503a4be041453,h2_h3_baseline,administered,2460.9343451990344,0.0,0.0,0.0
33771f755cc2910fa762b602,h2_h3_baseline,administered,2971.8484176525712,0.0,0.0,0.0
271adf6de4a718f025ebf510,h2_h3_baseline,administered,2433.070303903508,0.0,0.0,0.0
3b0e116fce1c976c1e8abd83,h2_h3_baseline,administered,2504.855300163749,0.0,0.0,0.0
a52b4ab01f476956f2e75145,h2_h3_baseline,administered,3007.739424627755,0.0,0.0,0.0
75c86634bc396e6ebec6bb28,h2_h3_baseline,administered,3543.214813882582,0.0,0.0,0.0
09394bf5d3fd060145c48739,h2_h3_baseline,administered,2747.9400401597177,0.0,0.0,0.0
19e89889dc2309d83c747bb5,h2_h3_baseline,administered,3047.2708763167498,0.0,0.0,0.0
57022ac2e70198f416faec7d,h2_h3_baseline,administered,2482.038685750868,0.0,0.0,0.0
8646ce80151417d36daaffc0,h2_h3_baseline,administered,2782.784559240439,0.0,0.0,0.0
6082f5c47cfa46356b17e921,h2_h3_baseline,administered,4234.175269654044,0.0,0.0,0.0
325f695bc8304d9bf2d90ecd,h2_h3_baseline,administered,3316.6045645121517,0.0,0.0,0.0
dcf84e9d1491f7fdea0c1dcc,h2_h3_baseline,administered,2542.9060329326994,0.0,0.0,0.0
0ec9bdd7d2349f62c0f69437,h2_h3_baseline,administered,2317.5752613020722,0.0,0.0,0.0
3cb61edbf8b345fc1f766fc4,h2_h3_baseline,administered,2895.7535828121972,0.0,0.0,0.0
7ad3ba05293de03c58c99d8b,h2_h3_baseline,administered,2859.9982945799497,0.0,0.0,0.0
8e967ecf3f26eef7ca0b1836,h2_h3_baseline,administered,2445.584197731863,0.0,0.0,0.0
f5ed651c64bdf4f7271291b6,h2_h3_baseline,administered,2796.931961793413,0.0,0.0,0.0
f9f35d0c23a3459b5ea3abd9,h2_h3_baseline,administered,2770.2308706324106,0.0,0.0,0.0
0e1dee54f005fbbd2d70f1a2,h2_h3_baseline,administered,2607.0104885115798,0.0,0.0,0.0
49b350420b323d394c95419f,h2_h3_baseline,administered,3383.4498061756253,0.0,0.0,0.0
1f6d8879369de65dd12a67c2,h2_h3_baseline,administered,2320.876913401652,0.0,0.0,0.0
1dfaccfd4d66942ac434753f,h2_h3_baseline,administered,2689.15890838151,0.0,0.0,0.0
fa5b435206adda2a591308fa,h2_h3_baseline,administered,2846.861885084024,0.0,0.0,0.0
e1ddb8785f5e4f1755708bef,h2_h3_baseline,administered,2413.0394600591244,0.0,0.0,0.0
23cf97fd001d75255cea5090,h2_h3_baseline,administered,2869.2196486484468,0.0,0.0,0.0
909c0558b410769048c10072,h2_h3_baseline,administered,2986.798229075363,0.0,0.0,0.0
df87a56c0220b2e38ab62d3a,h2_h3_baseline,administered,2677.2568427968627,0.0,0.0,0.0
8e6031952d80eb5321e60c0d,h2_h3_baseline,administered,2488.0924052623814,0.0,0.0,0.0
c428bd937e04d47a6ee9fe20,h2_h3_baseline,administered,2909.973714818929,0.0,0.0,0.0
4978850e8bd7982a60a2a015,h2_h3_baseline,administered,2686.7772081903613,0.0,0.0,0.0
9c65874232f516ba5a7e9898,h2_h3_baseline,administered,2567.8461873545275,0.0,0.0,0.0
c419822809aa8d4f4e7c7fe9,h2_h3_baseline,administered,2826.530297009589,0.0,0.0,0.0
345ee65cb2cb9005063234c8,h2_h3_baseline,administered,2699.254023930843,0.0,0.0,0.0
04bae9a07bc9ceb3ebc8d77e,h2_h3_baseline,administered,2636.943737751652,0.0,0.0,0.0
a9cc4fb2f2479df539f195da,h2_h3_baseline,administered,3181.9131489839897,0.0,0.0,0.0
198e6cce0794c4d72b8928d1,h2_h3_baseline,administered,2520.0034333392955,0.0,0.0,0.0
2e6cfa54e15b92956b54d902,h2_h3_baseline,administered,3235.5281156691453,0.0,0.0,0.0
b315569e1ad258a36b248325,h2_h3_baseline,administered,2886.152920285718,0.0,0.0,0.0
58e55e283491c1f14c8f1073,h2_h3_baseline,administered,3707.1159620134113,0.0,0.0,0.0
79f3d93659b2ff0b41e5c73b,h2_h3_baseline,administered,3914.6753261407466,0.0,0.0,0.0
9ec7c7d8912d4c599e9ea72b,h2_h3_baseline,administered,2471.4756188814335,0.0,0.0,0.0
db2371b36678cb000b194a88,h2_h3_baseline,administered,3393.662274462995,0.0,0.0,0.0
488d5f16958827a116a56b0b,h2_h3_baseline,administered,2659.616491567142,0.0,0.0,0.0
f149a1f9dc1831cb46436288,h2_h3_baseline,administered,2727.6105102782994,0.0,0.0,0.0
cb95965fa95666cb85d306b2,h2_h3_baseline,administered,3021.2725027178967,0.0,0.0,0.0
9fc039c2f52e5e98f0e400ad,h2_h3_baseline,administered,2663.602401154326,0.0,0.0,0.0
4a43f58940a16d89d01505e3,h2_h3_baseline,administered,2752.37188527618,0.0,0.0,0.0
4d0da8e2b298c54e4b492e50,h2_h3_baseline,administered,2569.6421958073192,0.0,0.0,0.0
38fc9df98dd61d2689163b6d,h2_h3_baseline,administered,2774.3714605941414,0.0,0.0,0.0
a6d4682bd27810c0ae9bdc80,h2_h3_baseline,administered,2682.8133373538185,0.0,0.0,0.0
71a9ddf6fff16dd6603e43a6,h2_h3_baseline,administered,2563.6226062273677,0.0,0.0,0.0
0146b599e4a267454875de82,h2_h3_baseline,administered,2451.856487139286,0.0,0.0,0.0
b9f5e57a519deb10b95a1c19,h2_h3_baseline,administered,2512.9731006116863,0.0,0.0,0.0
08b70c1ccbcc2c01270a2444,h2_h3_baseline,administered,2648.0697303478987,0.0,0.0,0.0
abfa9364edce489c4725d61d,h2_h3_baseline,administered,2830.3031046394635,0.0,0.0,0.0
493e1d17e5024cfb28c82952,h2_h3_baseline,administered,2946.3705289790987,0.0,0.0,0.0
25d59f205707e6ca0dc25da0,h2_h3_baseline,administered,2349.9657816018985,0.0,0.0,0.0
18c4584d683ac3f979a36c2f,h2_h3_baseline,administered,2343.2387520227794,0.0,0.0,0.0
5cd0a7e28b03c6f0d8d03e08,h2_h3_baseline,administered,3320.5315390094765,0.0,0.0,0.0
1d5d547b22fa582debc5e0dc,h2_h3_baseline,administered,3042.228569571414,0.0,0.0,0.0
6e977d89e5ac23c0569eaa90,h2_h3_baseline,administered,2486.4361159751616,0.0,0.0,0.0
5f283a612372b66a5f18263c,h2_h3_baseline,administered,2797.3671654718487,0.0,0.0,0.0
bd0ada5c87475d18a0731195,h2_h3_baseline,administered,3341.6483421785456,0.0,0.0,0.0
ad4f93fab41547f93c48b818,h2_h3_baseline,administered,2585.8924947956343,0.0,0.0,0.0
256610ad7f77559cfc4adfea,h2_h3_baseline,administered,2356.003974905175,0.0,0.0,0.0
b724b81a6691353d7ee922ea,h2_h3_baseline,administered,2759.9223002826316,0.0,0.0,0.0
6e4f4b64fa4fbec38dd19e37,h2_h3_baseline,administered,2722.423694447115,0.0,0.0,0.0
0efb891646b9c5a78e367b8b,h2_h3_baseline,administered,2646.9591453782095,0.0,0.0,0.0
0036dfdf9892647249d41724,h2_h3_baseline,administered,2840.2544749211766,0.0,0.0,0.0
f88528751e04e405469ac95f,h2_h3_baseline,administered,2844.380672863768,0.0,0.0,0.0
9a720440a16894ef3ec4e862,h2_h3_baseline,administered,2230.53691279598,0.0,0.0,0.0
8ac18d03b14554d2378f2537,h2_h3_baseline,administered,2587.780684077209,0.0,0.0,0.0
0deb1113a0513951da35e5d7,h2_h3_baseline,administered,2921.9221221116004,0.0,0.0,0.0
71481971a5e5475ba8e7137e,h2_h3_baseline,administered,2410.4242471921575,0.0,0.0,0.0
3aceb3df25b551f5c65a6507,h2_h3_baseline,administered,2673.259150444094,0.0,0.0,0.0
924b9518adc148079225516c,h2_h3_baseline,administered,2491.355218290807,0.0,0.0,0.0
ed549f364fd69629b4114bea,h2_h3_baseline,administered,2834.979630680436,0.0,0.0,0.0
13aa9f06dd81d6d4e95f1e6b,h2_h3_baseline,administered,2914.7505435420826,0.0,0.0,0.0
005b93f95c4543d4ec36dbfb,h2_h3_baseline,administered,2548.829065735291,0.0,0.0,0.0
e3cbade6ecb4b4ddf2d85b74,h2_h3_baseline,administered,3220.471026834867,0.0,0.0,0.0
ad85dfd01a0f4f1770bf568b,h2_h3_baseline,administered,2961.1276824671418,0.0,0.0,0.0
b9ec8fcd78a1dc349ee3ebd1,h2_h3_baseline,administered,3091.687113020252,0.0,0.0,0.0
db407d50f128fb1cdf5959cd,h2_h3_baseline,administered,2588.6105886456976,0.0,0.0,0.0
db88d8b9a22f79fec09e69ed,h2_h3_baseline,administered,2547.3553666845346,0.0,0.0,0.0
598f0992a42260f8b5aa5cf2,h2_h3_baseline,administered,2530.1445844440427,0.0,0.0,0.0
8aa9cc1788a2fae3589744f0,h2_h3_baseline,administered,2756.685770188934,0.0,0.0,0.0
3ba6ed6e8f4b7f1f7b6b99a7,h2_h3_baseline,administered,2865.8592744358275,0.0,0.0,0.0
c4623249bdd5d5b0968790d7,h2_h3_baseline,administered,2525.8006352428824,0.0,0.0,0.0
7f49c9d7f6daeee72dffc1da,h2_h3_baseline,administered,2558.2306319604186,0.0,0.0,0.0
a658178c16138e4b75e9cca5,h2_h3_baseline,administered,2912.719141660838,0.0,0.0,0.0
7facd9f7af693fd6f0ae4e10,h2_h3_baseline,administered,2456.7947042294054,0.0,0.0,0.0
98f43125fe7acd86710cd91c,h2_h3_baseline,administered,2826.5630556583415,0.0,0.0,0.0
1e0e67477fb78b8d6dd3bed5,h2_h3_baseline,administered,2216.8437720894303,0.0,0.0,0.0
ab9aac5f06393cce82b8d11c,h2_h3_baseline,administered,2906.059901370903,0.0,0.0,0.0
4a4a1f6c3dd7b8a371555fa3,h2_h3_baseline,administered,2994.6886305792827,0.0,0.0,0.0
5434c1b6597a540b11a24f1a,h2_h3_baseline,administered,2360.8199000594605,0.0,0.0,0.0
725e45ae439f292a85654b8f,h2_h3_baseline,administered,2666.29735634795,0.0,0.0,0.0
3f01236c48ffc634f27fed18,h2_h3_baseline,administered,2752.920200984725,0.0,0.0,0.0
c2daa0c4ce7b08219542438c,h2_h3_baseline,administered,2796.8806691875857,0.0,0.0,0.0
c7a05ccddc0e4fb83b95e55a,h2_h3_baseline,administered,3164.8511094344067,0.0,0.0,0.0
11d82d0312f766e0637146d5,h2_h3_baseline,administered,3020.6703526936217,0.0,0.0,0.0
00bec7f335f61f2be144a865,h2_h3_baseline,administered,2305.4800711574803,0.0,0.0,0.0
2c9fb77bd11a1c1204bf5ed3,h2_h3_baseline,administered,2571.8105339974677,0.0,0.0,0.0
af4aa368f27d60659d5ade21,h2_h3_baseline,administered,3115.404661782097,0.0,0.0,0.0
76b588d4500929be2ab9bdf4,h2_h3_baseline,administered,3057.694817993367,0.0,0.0,0.0
462f33c0a76fae5c63a5c1f2,h2_h3_baseline,administered,2469.5473624231395,0.0,0.0,0.0
05312f416e5cfc90e702d1d6,h2_h3_baseline,administered,2627.1310256973757,0.0,0.0,0.0
14b8df0c866c166a8c35607c,h2_h3_baseline,administered,2545.4366733575202,0.0,0.0,0.0
7fbbf6103e70f8bcc7723bf8,h2_h3_baseline,administered,2791.4716018065747,0.0,0.0,0.0
13537c3d708f5ff8c7d78ee9,h2_h3_baseline,administered,2572.619603650077,0.0,0.0,0.0
403b405e3bdf82d6992d65fa,h2_h3_baseline,administered,2958.7586496473205,0.0,0.0,0.0
209f69e8abfd9cb72e36b5a1,h2_h3_baseline,administered,2764.966174040193,0.0,0.0,0.0
127ab48188ff2ae30e5f3954,h2_h3_baseline,administered,2870.2602907512305,0.0,0.0,0.0
875ebbbf864f164c8aead306,h2_h3_baseline,administered,2506.2768333588856,0.0,0.0,0.0
6a93aa0ea6b037d7f609af12,h2_h3_baseline,administered,3162.6525276070474,0.0,0.0,0.0
4e15199340bb34026048bffb,h2_h3_baseline,administered,2591.028661173329,0.0,0.0,0.0
0b1915dd446384032dc232ac,h2_h3_baseline,administered,2845.8429814599926,0.0,0.0,0.0
18eb13d8e4ef9fdb0ad0980d,h2_h3_baseline,administered,4431.623412940919,0.0,0.0,0.0
7b891b2802f48250868deb9b,h2_h3_baseline,administered,2357.7702070781193,0.0,0.0,0.0
4a4969392b7eced482421268,h2_h3_baseline,administered,2380.4136551786833,0.0,0.0,0.0
f4fde5e85f72a8ebdf7f52d8,h2_h3_baseline,administered,2609.8251607001275,0.0,0.0,0.0
639d8a1eb069b6f55c82bcb6,h2_h3_baseline,administered,2527.454987502798,0.0,0.0,0.0
6c6ce5316bab3dffd1ee69dd,h2_h3_baseline,administered,2274.0632573177622,0.0,0.0,0.0
69302339e6171f24fb8bb05c,h2_h3_baseline,administered,2261.854467874652,0.0,0.0,0.0
9ae93fb5e3d9580f0548e641,h2_h3_baseline,administered,2662.352946445041,0.0,0.0,0.0
51edf7ae7d561c2315f3662f,h2_h3_baseline,administered,2459.15123313972,0.0,0.0,0.0
58801b28876d1c488134b374,h2_h3_baseline,administered,2767.484060064246,0.0,0.0,0.0
70ecd9dd056a6827b75f63b2,h2_h3_baseline,administered,2610.9298223491064,0.0,0.0,0.0
67dffae284c6f580ac4cd171,h2_h3_baseline,administered,2894.0217631697756,0.0,0.0,0.0
3ee21fbd7975430aa52c0eca,h2_h3_baseline,administered,2536.4412359658195,0.0,0.0,0.0
45c258fbda983997e3629368,h2_h3_baseline,administered,2665.21421491881,0.0,0.0,0.0
eba17914d20aa6ee2983a87c,h2_h3_baseline,administered,2500.4691216976744,0.0,0.0,0.0
07013fa7ee62efe63f23cbcc,h2_h3_baseline,administered,2527.8242697072387,0.0,0.0,0.0
4d27cc17fcf498adf1b1081a,h2_h3_baseline,administered,2695.1466393588225,0.0,0.0,0.0
fa157fb64eab56482d14c7e5,h2_h3_baseline,administered,2992.345722924456,0.0,0.0,0.0
968e0602ff88242fa3596f4d,h2_h3_baseline,administered,2871.8027219153223,0.0,0.0,0.0
543f4d95bfd4f83c97c87c49,h2_h3_baseline,administered,2907.789158936939,0.0,0.0,0.0
5eeb2d58fe0bece489dd1da7,h2_h3_baseline,administered,2709.7738288568526,0.0,0.0,0.0
a60143e75b1e8e8db7788a8a,h2_h3_baseline,administered,2715.5028492662263,0.0,0.0,0.0
89441e2c240bc0c7d770e2b6,h2_h3_baseline,administered,2822.5783772164195,0.0,0.0,0.0
8c290c1ef7587b80929fc6c9,h2_h3_baseline,administered,2879.676028091199,0.0,0.0,0.0
ebb27a4dd06b465c0d49fee9,h2_h3_baseline,administered,3130.224963128404,0.0,0.0,0.0
ed3d195ec0438410fca55214,h2_h3_baseline,administered,2839.327122857054,0.0,0.0,0.0
e5332692acae47bc265d95a5,h2_h3_baseline,administered,2239.044715019974,0.0,0.0,0.0
8040981f3b4f70d16d09039d,h2_h3_baseline,administered,2559.4891555114427,0.0,0.0,0.0
a7611c620f564d0c060d17e2,h2_h3_baseline,administered,2582.5291935516043,0.0,0.0,0.0
330f477182d9ebb4c78065e2,h2_h3_baseline,administered,2592.4259275862405,0.0,0.0,0.0
6640bf072604bc80af9b0cbc,h2_h3_baseline,administered,3135.284471722224,0.0,0.0,0.0
f02e013a1960084b5bdbe953,h2_h3_baseline,administered,2545.2103434534524,0.0,0.0,0.0
685fb489ebe003f4c0fe6210,h2_h3_baseline,administered,2465.469782520648,0.0,0.0,0.0
034e6cf07b64e8e5767b364f,h2_h3_baseline,administered,2618.38145779434,0.0,0.0,0.0
57cfe981fc5cbf98908fb911,h2_h3_baseline,administered,2539.6996836110757,0.0,0.0,0.0
66bda6e646ae18301727fd32,h2_h3_baseline,administered,2853.3428556682165,0.0,0.0,0.0
6e0044a85bc3d99d5ba07b5a,h2_h3_baseline,administered,3339.815626171533,0.0,0.0,0.0
a801d75952f7d846bab54061,h2_h3_baseline,administered,2634.9029992548594,0.0,0.0,0.0
edc05276c4ac19f1a1ace3de,h2_h3_baseline,administered,2822.6667128066297,0.0,0.0,0.0
cf2bb5c9a16797ce9a8e6dfa,h2_h3_baseline,administered,2730.4365177412087,0.0,0.0,0.0
d78dd468fdfc28be6c45d635,h2_h3_baseline,administered,2452.906538326819,0.0,0.0,0.0
a2c01e5da1140a3bc421cc54,h2_h3_baseline,administered,2530.2677748870196,0.0,0.0,0.0
a8b179f1d21529ee5b5e494c,h2_h3_baseline,administered,2438.175972380103,0.0,0.0,0.0
8b3e229deb104e585f317858,h2_h3_baseline,administered,2623.00978226279,0.0,0.0,0.0
824dc92f90880bf84df485ec,h2_h3_baseline,administered,2419.3636187560546,0.0,0.0,0.0
a8ead8931a5b3de46cf8dee2,h2_h3_baseline,administered,2711.907708021341,0.0,0.0,0.0
5dd2a7f570edf294239f1f6b,h2_h3_baseline,administered,2923.956432806987,0.0,0.0,0.0
e12eb2bb46782f86f7f8830e,h2_h3_baseline,administered,2824.235304607698,0.0,0.0,0.0
df2aa25950bff25afcfff5f4,h2_h3_baseline,administered,2903.0306097882667,0.0,0.0,0.0
183ed9562136925d778871af,h2_h3_baseline,administered,2626.9831438944066,0.0,0.0,0.0
8ba8b2b6535c35215489ead5,h2_h3_baseline,administered,2608.263288708654,0.0,0.0,0.0
996d047b92a385b0d0d62432,h2_h3_baseline,administered,2924.260741044373,0.0,0.0,0.0
8f1417b04fec1affb33be30c,h2_h3_baseline,administered,3502.7808727212264,0.0,0.0,0.0
d18157a66013394b4159f4e6,h2_h3_baseline,administered,2846.9170696871647,0.0,0.0,0.0
cf60cac232e380a728596177,h2_h3_baseline,administered,2562.417395537258,0.0,0.0,0.0
4d690aed5b7fa21869d3d4cc,h2_h3_baseline,administered,2226.1348903795815,0.0,0.0,0.0
ce35102dc7f3431263d3b98f,h2_h3_baseline,administered,2909.1519688577723,0.0,0.0,0.0
1b8562250e80a36e9a99b4f6,h2_h3_baseline,administered,2876.3420704195655,0.0,0.0,0.0
b8aaff6483589869472e83e0,h2_h3_baseline,administered,2513.5565371522575,0.0,0.0,0.0
bbd2a905ccfd0c50b7566835,h2_h3_baseline,administered,2763.2768112863478,0.0,0.0,0.0
71181d4a61757d6b4b5d14a4,h2_h3_baseline,administered,3387.1883869104317,0.0,0.0,0.0
a2bf38f019c13a3691179717,h2_h3_baseline,administered,2684.5829668674105,0.0,0.0,0.0
781bd8ad4e72173bfb56221a,h2_h3_baseline,administered,2686.7684541205663,0.0,0.0,0.0
964a5ef5d7e5b10c8c9461d7,h2_h3_baseline,administered,2306.7247387990815,0.0,0.0,0.0
3547b555b0997e97d18cea37,h2_h3_baseline,administered,2893.4377301191016,0.0,0.0,0.0
a70d40e93db15dca8394cbab,h2_h3_baseline,administered,2696.531095374815,0.0,0.0,0.0
f455369d171f921252013390,h2_h3_baseline,administered,2705.491226241424,0.0,0.0,0.0
25a3060af4566d50c9984639,h2_h3_baseline,administered,2568.4724793317264,0.0,0.0,0.0
64f560b9870c767ca0e34bab,h2_h3_baseline,administered,3979.750596117677,0.0,0.0,0.0
402a39cd9d7206f07e89b7b0,h2_h3_baseline,administered,2561.2142219920706,0.0,0.0,0.0
8b48332f5f5d20c330672dcc,h2_h3_baseline,administered,2684.5956746432207,0.0,0.0,0.0
e1fbc9bb0f817b7130cd9e45,h2_h3_baseline,administered,2792.7185613737565,0.0,0.0,0.0
0bd2b2dec5c8e6892f98c3d1,h2_h3_baseline,administered,2379.138411686712,0.0,0.0,0.0
95a82eb5f16603729fff3fc8,h2_h3_baseline,administered,2868.195166388654,0.0,0.0,0.0
df1ccde4da1ff7c102e802d9,h2_h3_baseline,administered,2960.2883135415823,0.0,0.0,0.0
8f73902d3a7d86ef005d475e,h2_h3_baseline,administered,2656.197948800403,0.0,0.0,0.0
ccc97c2cb2dc7a3cc1b4085a,h2_h3_baseline,administered,2535.9841231994715,0.0,0.0,0.0
7e663454f41371ac38a06eed,h2_h3_baseline,administered,2183.1158350943006,0.0,0.0,0.0
799e92ac29f9157b800a3cb3,h2_h3_baseline,administered,2425.4285333813586,0.0,0.0,0.0
adfa12a12481aa8a9b3d5eb8,h2_h3_baseline,administered,2638.379656067118,0.0,0.0,0.0
99325e2230096ba06702b316,h2_h3_baseline,administered,2476.9385815230416,0.0,0.0,0.0
894ae98a8a05da964620791b,h2_h3_baseline,administered,2494.179605437966,0.0,0.0,0.0
099533c2d45d606572f8b8f7,h2_h3_baseline,administered,2873.4845266004236,0.0,0.0,0.0
248a33a0be397722c5857824,h2_h3_baseline,administered,2719.2050509724872,0.0,0.0,0.0
9d9c5750a5cdc73e54511843,h2_h3_baseline,administered,3263.0405792340075,0.0,0.0,0.0
d02b0b00b7b300187068071e,h2_h3_baseline,administered,2721.371170165264,0.0,0.0,0.0
6ac9a30c83ed3f1864254c3c,h2_h3_baseline,administered,2648.9420992648884,0.0,0.0,0.0
68d02e14c3f6081b900235c8,h2_h3_baseline,administered,2691.2159380016715,0.0,0.0,0.0
7b11bcb0eec298c9933dc401,h2_h3_baseline,administered,2835.1117161639745,0.0,0.0,0.0
97753ce8ce0766ce5a3ffce9,h2_h3_baseline,administered,2500.7814662509786,0.0,0.0,0.0
aa5895f1d8296297fec91e6c,h2_h3_baseline,administered,2648.692013903382,0.0,0.0,0.0
3c71cf98a76c88b44a1b7e86,h2_h3_baseline,administered,2697.063946612355,0.0,0.0,0.0
2b99ba305d72e11c9caa5749,h2_h3_baseline,administered,2501.5823295469295,0.0,0.0,0.0
da67e05335ec10964cec1ce9,h2_h3_baseline,administered,2277.34995081485,0.0,0.0,0.0
b79a07f9ba7b45a4ec8a0196,h2_h3_baseline,administered,2546.393463411553,0.0,0.0,0.0
3545b75515a97b1494442b0b,h2_h3_baseline,administered,2215.0984036463633,0.0,0.0,0.0
0630af557d9d5dd173fdbb63,h2_h3_baseline,administered,3479.2039864377157,0.0,0.0,0.0
eb63fcce31a4d2d997d602bb,h2_h3_baseline,administered,2283.0570051259115,0.0,0.0,0.0
fecfce762f14984112d7ad85,h2_h3_baseline,administered,2704.184134512923,0.0,0.0,0.0
969668c126262bafaa4a48d6,h2_h3_baseline,administered,2714.159932568246,0.0,0.0,0.0
2dcfadc1b519a7db2c9de22a,h2_h3_baseline,administered,2739.826274295743,0.0,0.0,0.0
085af82f50a02bfdd09b3f09,h2_h3_baseline,administered,2883.2041891099184,0.0,0.0,0.0
f4a83fde98e381777082f823,h2_h3_baseline,administered,2642.2375120843312,0.0,0.0,0.0
3a39f9409612b932f473c7cc,h2_h3_baseline,administered,2707.1978349843776,0.0,0.0,0.0
696217517b04f7e85e80845b,h2_h3_baseline,administered,3866.473008953324,0.0,0.0,0.0
2a9ba30d40a7acd904c3036a,h2_h3_baseline,administered,2417.548368215751,0.0,0.0,0.0
f88dec06981276faa84c13bf,h2_h3_baseline,administered,2835.8898473491513,0.0,0.0,0.0
584d873342ff6cec30dcd494,h2_h3_baseline,administered,2925.6576647068814,0.0,0.0,0.0
175957eca47720add738c1f5,h2_h3_baseline,administered,2667.979454327545,0.0,0.0,0.0
a9b7172dbc46c8ca737b8e48,h2_h3_baseline,administered,2964.627452415527,0.0,0.0,0.0
642e563065d1e188c773434f,h2_h3_baseline,administered,2758.007673935452,0.0,0.0,0.0
5748465e3a9dc1fe817bb3b3,h2_h3_baseline,administered,2697.881210126969,0.0,0.0,0.0
ef12d2117d3141f3690660a4,h2_h3_baseline,administered,2968.4257694694925,0.0,0.0,0.0
7da0266051642c30bb0e5e94,h2_h3_baseline,administered,2748.886731410138,0.0,0.0,0.0
d9eebd0b7207ec62e357017a,h2_h3_baseline,administered,2660.974893086908,0.0,0.0,0.0
34393ec33f32306786e799b2,h2_h3_baseline,administered,2776.350979387099,0.0,0.0,0.0
2d84610f3fffab281cb018ea,h2_h3_baseline,administered,2853.018295887635,0.0,0.0,0.0
3a41e19aaf5808679dd82386,h2_h3_baseline,administered,2497.2891692095945,0.0,0.0,0.0
dfd31945486d159a1333a3cc,h2_h3_baseline,administered,2468.5704866885244,0.0,0.0,0.0
5b5e88871203cae0b8e0d49c,h2_h3_baseline,administered,2670.755773922446,0.0,0.0,0.0
377710b55eea15361760277d,h2_h3_baseline,administered,2826.3154360136605,0.0,0.0,0.0
d6c39aedb543c57bbdb1dbe7,h2_h3_baseline,administered,2700.8438000189662,0.0,0.0,0.0
81442befd7ff2108c1659dd4,h2_h3_baseline,administered,2644.9626434621787,0.0,0.0,0.0
ad4d9d2a2ccce4673e1829bd,h2_h3_baseline,administered,2420.149411796119,0.0,0.0,0.0
329ffc58bd6475457aaf06ff,h2_h3_baseline,administered,2599.3722718726917,0.0,0.0,0.0
ec7eb8c16de7904a4cfaa537,h2_h3_baseline,administered,3588.916812307109,0.0,0.0,0.0
a473c756faa1eaf3d141c35b,h2_h3_baseline,administered,2871.4484215008865,0.0,0.0,0.0
cda530573950cfe39ce4b5f3,h2_h3_baseline,administered,2611.447067596609,0.0,0.0,0.0
023e0960751e5da3458288b6,h2_h3_baseline,administered,3551.164929509756,0.0,0.0,0.0
e684b9834967f0099ac71359,h2_h3_baseline,administered,2447.4089313967675,0.0,0.0,0.0
cc1104f4dfa778ff65fca522,h2_h3_baseline,administered,3000.0557673857447,0.0,0.0,0.0
3cae4c3718435e2c83f66252,h2_h3_baseline,administered,2718.2045511947963,0.0,0.0,0.0
624f8fe8cc48ccc355076709,h2_h3_baseline,administered,2897.7820288482685,0.0,0.0,0.0
489fd94c806c90be76f869f4,h2_h3_baseline,administered,2895.382977679823,0.0,0.0,0.0
c2102d445da9706fadbea3b0,h2_h3_baseline,administered,2621.1523186130494,0.0,0.0,0.0
d0669341733d060a9fda0587,h2_h3_baseline,administered,2511.602300050919,0.0,0.0,0.0
130676559e60362cd8b42b66,h2_h3_baseline,administered,2909.5838960802525,0.0,0.0,0.0
0575a1fb5862426b0bf6d43b,h2_h3_baseline,administered,2849.2341931044534,0.0,0.0,0.0
949d2aa155d279b70518e3f6,h2_h3_baseline,administered,3080.302823098116,0.0,0.0,0.0
273d27116965d3f3c0af89c6,h2_h3_baseline,administered,2433.130638826386,0.0,0.0,0.0
a4e48b51d29b5c2b287c21d6,h2_h3_baseline,administered,4637.377072117454,0.0,0.0,0.0
6793e39aac80f40beebbb508,h2_h3_baseline,administered,3025.632336758099,0.0,0.0,0.0
0adc9ea5062fea02befdbb87,h2_h3_baseline,administered,2545.0743969276364,0.0,0.0,0.0
fd10792e32e6e3249b2957e4,h2_h3_baseline,administered,2770.8013346075154,0.0,0.0,0.0
6871ef33d23ea2d1998eb4fe,h2_h3_baseline,administered,2848.5289808466314,0.0,0.0,0.0
bf40708a9fb2f7297a58e965,h2_h3_baseline,administered,2792.6524469365695,0.0,0.0,0.0
42d7442ba9bbd1bc36cab80c,h2_h3_baseline,administered,2554.250329457648,0.0,0.0,0.0
052c44670cc2e90e575cbcad,h2_h3_baseline,administered,2426.7606815284234,0.0,0.0,0.0
dc41266f2cae78a7e079b6c7,h2_h3_baseline,administered,2859.66524588455,0.0,0.0,0.0
a50baa426fa6637d5eaf3235,h2_h3_baseline,administered,2551.1732652496426,0.0,0.0,0.0
406484d08adb4bb5f97db653,h2_h3_baseline,administered,2391.681504646362,0.0,0.0,0.0
14ae0b728b2ab2eb7482e42c,h2_h3_baseline,administered,2796.0060496820192,0.0,0.0,0.0
2ad5a786fdd4995ec245c30a,h2_h3_baseline,administered,2765.89169243453,0.0,0.0,0.0
75c931d4ca9bcc4974cdf315,h2_h3_baseline,administered,2634.0573790706376,0.0,0.0,0.0
4f97b79f9127b999d93a7ae7,h2_h3_baseline,administered,2315.3352049979385,0.0,0.0,0.0
b7c695939f03d893b48543e5,h2_h3_baseline,administered,2664.7565403901986,0.0,0.0,0.0
18596b290cde4cb710743fd7,h2_h3_baseline,administered,2866.503911195173,0.0,0.0,0.0
7b255b68e53e0297cf4cb7f1,h2_h3_baseline,administered,2872.894653570183,0.0,0.0,0.0
de07ce625608095a26696ab3,h2_h3_baseline,administered,2868.460974262308,0.0,0.0,0.0
1ac95f453a82950eb291dcc6,h2_h3_baseline,administered,2680.330783171855,0.0,0.0,0.0
147e4757a256453d85edfd37,h2_h3_baseline,administered,2364.9114228569974,0.0,0.0,0.0
5236c9b769e88bdf157adfe9,h2_h3_baseline,administered,2801.2567530183774,0.0,0.0,0.0
1e7bbb50589062ffea4d1e6c,h2_h3_baseline,administered,2737.615469505439,0.0,0.0,0.0
e06dc8b7b456564da9f7fafd,h2_h3_baseline,administered,2506.4830382562814,0.0,0.0,0.0
11a2fed514cded76b878192c,h2_h3_baseline,administered,2625.426000517855,0.0,0.0,0.0
8b0740508e7be58df578b3ad,h2_h3_baseline,administered,2749.632483577541,0.0,0.0,0.0
2ad2e90f3d6058e254e8c295,h2_h3_baseline,administered,2865.6111386577695,0.0,0.0,0.0
aff370eccff5b29a729558f7,h2_h3_baseline,administered,3198.422534889188,0.0,0.0,0.0
e9dc7bd48a288ba7a28dfb0f,h2_h3_baseline,administered,2711.8440437783647,0.0,0.0,0.0
52242095684f983046f762d6,h2_h3_baseline,administered,2958.580878221224,0.0,0.0,0.0
f94b622768b1ec6cfc899ba2,h2_h3_baseline,administered,2379.2655330514312,0.0,0.0,0.0
e7d51106c59409c67bb17eff,h2_h3_baseline,administered,2501.2233107496118,0.0,0.0,0.0
0e215364fd91b243b3404450,h2_h3_baseline,administered,3152.1559775125675,0.0,0.0,0.0
bd4bda6a4c0a58acbe3b82bf,h2_h3_baseline,administered,2353.176261169926,0.0,0.0,0.0
09dc62ebd06a331d749b1e0a,h2_h3_baseline,administered,2938.801568803599,0.0,0.0,0.0
ddf7bcff920f8b48b20abe1b,h2_h3_baseline,administered,2542.6270725008253,0.0,0.0,0.0
92abc69beafc69f4731b4c21,h2_h3_baseline,administered,3201.807891516951,0.0,0.0,0.0
8696f41f128e8d0e46e5b93f,h2_h3_baseline,administered,2410.0795976913773,0.0,0.0,0.0
e3e5a1e1f56712011afd0597,h2_h3_baseline,administered,2037.6228538649177,0.0,0.0,0.0
49e5249a798834c0be80cba7,h2_h3_baseline,administered,3108.995234009925,0.0,0.0,0.0
d7696ecf436678d7324fa522,h2_h3_baseline,administered,2792.5046982570625,0.0,0.0,0.0
e6e3290a6d30a46875c5da93,h2_h3_baseline,administered,3119.51183692215,0.0,0.0,0.0
bfe1aa6f859ca98174cc4d43,h2_h3_baseline,administered,3285.6207150822834,0.0,0.0,0.0
e4fabc3902fb2e17f71403ca,h2_h3_baseline,administered,2596.177881665855,0.0,0.0,0.0
40a29d970c856d14ac80b74f,h2_h3_baseline,administered,2645.8052704698816,0.0,0.0,0.0
b7f2f2e7638dad7d2961e9ba,h2_h3_baseline,administered,2811.4942615168898,0.0,0.0,0.0
6f9e09c66f297e1f3be33c08,h2_h3_baseline,administered,2595.281668924887,0.0,0.0,0.0
7e786d3eead98b9ee5c196e5,h2_h3_baseline,administered,2139.3884621331026,0.0,0.0,0.0
1bcefa0654eb517450ac64de,h2_h3_baseline,administered,2468.5870449542576,0.0,0.0,0.0
847506db006f05891b533751,h2_h3_baseline,administered,2651.379926563082,0.0,0.0,0.0
e5a14880d09d8dc23a0e26e9,h2_h3_baseline,administered,3530.3941603055114,0.0,0.0,0.0
b7e14c3a8f2cd86b220e7758,h2_h3_baseline,administered,2938.690292426512,0.0,0.0,0.0
5c53ccdbc1c9bd2e5e0a7a30,h2_h3_baseline,administered,2466.307589806834,0.0,0.0,0.0
3add4b919a047e7be9ef9db7,h2_h3_baseline,administered,2253.4061274757696,0.0,0.0,0.0
2b5fd81c85decda7540e3cfa,h2_h3_baseline,administered,2672.851437556305,0.0,0.0,0.0
3e36dcde82498b970142e19f,h2_h3_baseline,administered,2422.640393308168,0.0,0.0,0.0
d6eadc4c8be1add3f8f0234b,h2_h3_baseline,administered,2614.0816564815304,0.0,0.0,0.0
4332dbbf0eaf21bc56b6f956,h2_h3_baseline,administered,2269.0673850666226,0.0,0.0,0.0
825637597ef4681fb4b762b7,h2_h3_baseline,administered,2451.0998146077604,0.0,0.0,0.0
874c741d64e057d652b4b535,h2_h3_baseline,administered,2801.4021409842453,0.0,0.0,0.0
e10922886b4342cb05f3934f,h2_h3_baseline,administered,2760.2569835583845,0.0,0.0,0.0
2515d2f996309bdd3ad81535,h2_h3_baseline,administered,2885.526507562802,0.0,0.0,0.0
e4c2d2d97be39978feda6cdb,h2_h3_baseline,administered,2420.2817001994076,0.0,0.0,0.0
e9d6a42abab826987104b18e,h2_h3_baseline,administered,2523.1839157026743,0.0,0.0,0.0
2a5317c8983d0bff0af738bb,h2_h3_baseline,administered,3117.1845430098465,0.0,0.0,0.0
b7d8be0919fcd6c68e0106f4,h2_h3_baseline,administered,2805.086099669488,0.0,0.0,0.0
d2a0524fab00065c42b9842f,h2_h3_baseline,administered,3411.329068708257,0.0,0.0,0.0
dbad50c3a6918f4be894d0b8,h2_h3_baseline,administered,2487.6625149415677,0.0,0.0,0.0
78e231d5b21e35dbf34e95d3,h2_h3_baseline,administered,2332.384915839002,0.0,0.0,0.0
952159f65fe5c0eef13f2b7e,h2_h3_baseline,administered,2442.758369283754,0.0,0.0,0.0
796724aada2f06bf4fb473fa,h2_h3_baseline,administered,2170.0277842563464,0.0,0.0,0.0
6a66ee4ba2dcf846b67b1b01,h2_h3_baseline,administered,2807.2125943193537,0.0,0.0,0.0
76f119958635d55f9299b415,h2_h3_baseline,administered,2541.326043036344,0.0,0.0,0.0
d4aec3b7822df5e7f5d6b19a,h2_h3_baseline,administered,2696.0387910239047,0.0,0.0,0.0
81188b696ea4c77fdf9ca8ff,h2_h3_baseline,administered,2565.8710861582977,0.0,0.0,0.0
6151908f47bbc4b9b51e8709,h2_h3_baseline,administered,2635.968971864858,0.0,0.0,0.0
517d536ca303494f5ff6adc7,h2_h3_baseline,administered,2327.2127572101876,0.0,0.0,0.0
8412e5247212c3a91f67261d,h2_h3_baseline,administered,2697.320841440889,0.0,0.0,0.0
3ddada904d102755b7104493,h2_h3_baseline,administered,3725.6119722478475,0.0,0.0,0.0
1242c30feebb03f1e115f938,h2_h3_baseline,administered,2627.4072837293843,0.0,0.0,0.0
2695bbb754bca27f18903b06,h2_h3_baseline,administered,3716.6432279297546,0.0,0.0,0.0
73cd1f38102ef8141e82899a,h2_h3_baseline,administered,2687.2486856671208,0.0,0.0,0.0
60402632b3e15a03f06c8a3a,h2_h3_baseline,administered,2306.1865250952055,0.0,0.0,0.0
c2681ec6631ab9f9025a1e72,h2_h3_baseline,administered,3217.399312310959,0.0,0.0,0.0
e5a7663bb5acbee83144e0c0,h2_h3_baseline,administered,2689.6099319029304,0.0,0.0,0.0
dfe16be9283772cb4c5599c7,h2_h3_baseline,administered,2227.379973909574,0.0,0.0,0.0
999115901ae0ed331333ee9d,h2_h3_baseline,administered,3330.414455245478,0.0,0.0,0.0
fa01c145452426134df5423c,h2_h3_baseline,administered,2627.105707648566,0.0,0.0,0.0
56d79e80df8989000e3b8e28,h2_h3_baseline,administered,2973.1003720238023,0.0,0.0,0.0
6df5b611ba7b3db01764a693,h2_h3_baseline,administered,2851.1241566672193,0.0,0.0,0.0
349983da0e351b306a79089f,h2_h3_baseline,administered,2701.339127048943,0.0,0.0,0.0
2724ea3f473c156763375718,h2_h3_baseline,administered,2468.804006430685,0.0,0.0,0.0
3d25bfd438823482d20f389c,h2_h3_baseline,administered,2279.2480976076836,0.0,0.0,0.0
0247459f67861c13896a354d,h2_h3_baseline,administered,2232.773916431599,0.0,0.0,0.0
0db2ccc88e69aa709937467c,h2_h3_baseline,administered,2685.590022230773,0.0,0.0,0.0
3300676a85285ef3ca314288,h2_h3_baseline,administered,2778.170381949444,0.0,0.0,0.0
9ab72aec69f4cbcd55bdf959,h2_h3_baseline,administered,2639.3079550191146,0.0,0.0,0.0
fb46185d9b602d09ae68fa89,h2_h3_baseline,administered,2729.197035985608,0.0,0.0,0.0
837733093a20515a5aee3ae7,h2_h3_baseline,administered,2741.945494690078,0.0,0.0,0.0
c0bd001664df636008faa288,h2_h3_baseline,administered,2692.587897353469,0.0,0.0,0.0
6b057252f0b8157734b847ad,h2_h3_baseline,administered,2734.9347039444287,0.0,0.0,0.0
db280827d4d4f1a4d909321e,h2_h3_baseline,administered,3698.6756693600005,0.0,0.0,0.0
cebe7287866aaa8c898fcaff,h2_h3_baseline,administered,2536.8010473356258,0.0,0.0,0.0
19e610c7bc1154a8d2d7f20d,h2_h3_baseline,administered,2675.133524169683,0.0,0.0,0.0
908147a0f5644cbe84a75a8c,h2_h3_baseline,administered,2963.500295079029,0.0,0.0,0.0
8573a3558666910d4639b89d,h2_h3_baseline,administered,2620.803005686202,0.0,0.0,0.0
a6a1d08235181b0e164601b5,h2_h3_baseline,administered,2665.0450470608516,0.0,0.0,0.0
79d5c5012d308dd4fb26c93d,h2_h3_baseline,administered,2692.862601995983,0.0,0.0,0.0
182d39fa44cfaf371a6da9d4,h2_h3_baseline,administered,2656.6426890795656,0.0,0.0,0.0
fac16415db1eea5d949b3346,h2_h3_baseline,administered,2721.4192768152916,0.0,0.0,0.0
49caa4be20603153081a9983,h2_h3_baseline,administered,3436.6290979789405,0.0,0.0,0.0
63e53c5d8be15dcd15fcaffd,h2_h3_baseline,administered,2460.5478853020722,0.0,0.0,0.0
25fbe3d3027c7a8fedb68b16,h2_h3_baseline,administered,2735.6213999925894,0.0,0.0,0.0
5ab163f358e57b854e24ff97,h2_h3_baseline,administered,2357.818558983257,0.0,0.0,0.0
394a198846a3e4221201e28a,h2_h3_baseline,administered,2701.3483963493186,0.0,0.0,0.0
888be7edd262f467df88ceb8,h2_h3_baseline,administered,2408.9803233347393,0.0,0.0,0.0
5dd7de0015bb8b8a84e43d83,h2_h3_baseline,administered,2374.9191971447235,0.0,0.0,0.0
ac5ab7ed7f764a6ce0c80855,h2_h3_baseline,administered,2716.0028771678144,0.0,0.0,0.0
dec42dd1eeb4e509e7d5538c,h2_h3_baseline,administered,3103.433643765023,0.0,0.0,0.0
53aaad5b2b79d36d670bf429,h2_h3_baseline,administered,4503.064605510968,0.0,0.0,0.0
b47943d3570febc04d9ffff9,h2_h3_baseline,administered,2740.9349375317684,0.0,0.0,0.0
cbad608570c2afb3b147fd54,h2_h3_baseline,administered,2623.5513052257184,0.0,0.0,0.0
a7042d05e13aeb925a9c3648,h2_h3_baseline,administered,2641.0668710220725,0.0,0.0,0.0
9ee482ab9fa5fd6550dc3ffb,h2_h3_baseline,administered,2880.3488711611044,0.0,0.0,0.0
c54f5a453df833fe8aca6fe8,h2_h3_baseline,administered,2998.035106541468,0.0,0.0,0.0
b2b1902542b65f75ed4fc093,h2_h3_baseline,administered,3109.353517133448,0.0,0.0,0.0
4b4e0142db5a60868975388b,h2_h3_baseline,administered,2399.8790076275436,0.0,0.0,0.0
8fd45381e8be7b957e0083f3,h2_h3_baseline,administered,2812.274215554336,0.0,0.0,0.0
25da626172ccaad7771918bb,h2_h3_baseline,administered,2636.425167061158,0.0,0.0,0.0
ab5643043215d742c9a731c9,h2_h3_baseline,administered,2270.1011787210077,0.0,0.0,0.0
c298c034b4a7f2bb0f2faa81,h2_h3_baseline,administered,2610.0596478369366,0.0,0.0,0.0
4e58ca4ef46d3cf04fae441e,h2_h3_baseline,administered,3002.9487980617737,0.0,0.0,0.0
b1d53359881c8fb2a26293c0,h2_h3_baseline,administered,2323.1115754579528,0.0,0.0,0.0
83e62587ddce4c6592dc40a8,h2_h3_baseline,administered,3168.874443030014,0.0,0.0,0.0
0c9fa5ebae224a8f07bcaf27,h2_h3_baseline,administered,2545.234995382775,0.0,0.0,0.0
6adf6c1a7681b2e208fb13f4,h2_h3_baseline,administered,3929.7707555120555,0.0,0.0,0.0
b4bfea7a7155ec1859efb99b,h2_h3_baseline,administered,2551.7104556010277,0.0,0.0,0.0
7c38a2b9e34170555798d731,h2_h3_baseline,administered,2351.2109486823565,0.0,0.0,0.0
a9befa1c318d5fa5ae9ce344,h2_h3_baseline,administered,2706.011335931223,0.0,0.0,0.0
5b84ddb5f94642376980b5f3,h2_h3_baseline,administered,2571.904809824965,0.0,0.0,0.0
dd5225fe2c2e5a67270f8fef,h2_h3_baseline,administered,2667.809768557433,0.0,0.0,0.0
820b579890db575da5213054,h2_h3_baseline,administered,2369.43826666177,0.0,0.0,0.0
f612941841d1eab87025a0ab,h2_h3_baseline,administered,2821.6149646132667,0.0,0.0,0.0
b41915481ab0ce257ec4cea3,h2_h3_baseline,administered,2407.165111496423,0.0,0.0,0.0
1672474dfeca9436dc8e8977,h2_h3_baseline,administered,2694.9016783566485,0.0,0.0,0.0
e6d363c64ae5660fdd952c3e,h2_h3_baseline,administered,2829.0179491626095,0.0,0.0,0.0
d7a7c410d8bb1e236c37a698,h2_h3_baseline,administered,2635.6611411921253,0.0,0.0,0.0
d19767a26f10cb181b586d77,h2_h3_baseline,administered,2687.018065314456,0.0,0.0,0.0
bc7b2da3d7d270697df57af3,h2_h3_baseline,administered,2710.059250554274,0.0,0.0,0.0
df8584bf4232e0e8a29c33b9,h2_h3_baseline,administered,2768.038729676299,0.0,0.0,0.0
8f4d04bcd4fc0543cb0fd14c,h2_h3_baseline,administered,2881.8336401011466,0.0,0.0,0.0
bad299de8cd466c40f57d81d,h2_h3_baseline,administered,2871.9241130160663,0.0,0.0,0.0
41932f7e7a37faa665a797cd,h2_h3_baseline,administered,2865.1942803649777,0.0,0.0,0.0
9600518229785f161462c95c,h2_h3_baseline,administered,2837.977999251948,0.0,0.0,0.0
d0f776df4cec9e6386eb8936,h2_h3_baseline,administered,2700.6988898948634,0.0,0.0,0.0
a5ff646b54aa8e4f30ad345e,h2_h3_baseline,administered,3149.896244463806,0.0,0.0,0.0
8652db1b9cffe3bebffa76bd,h2_h3_baseline,administered,2525.9772884775593,0.0,0.0,0.0
26b3f8f59b2dbd7b6383bfb2,h2_h3_baseline,administered,2701.1760428841203,0.0,0.0,0.0
b0f340cda2ddf2184cd631c0,h2_h3_baseline,administered,2961.86730375489,0.0,0.0,0.0
7359d5b2dce5380ecdc4cfe0,h2_h3_baseline,administered,2516.596828524425,0.0,0.0,0.0
088c9b63af8dc352aa60fe1a,h2_h3_baseline,administered,2780.812864273581,0.0,0.0,0.0
eebb6fa761703b0130da9da9,h2_h3_baseline,administered,2875.434485940453,0.0,0.0,0.0
002eb612df8c8f246f36b772,h2_h3_baseline,administered,2867.685259463914,0.0,0.0,0.0
687149290ae093da95d505d3,h2_h3_baseline,administered,2333.619190679432,0.0,0.0,0.0
71f0229b93acfd5628549f04,h2_h3_baseline,administered,2302.228858423359,0.0,0.0,0.0
6f9c6752ec6e5ae18d9eb919,h2_h3_baseline,administered,2418.6035370520367,0.0,0.0,0.0
d82bb3a025926918cccef744,h2_h3_baseline,administered,2560.58497060099,0.0,0.0,0.0
0c88aa9742867a7dc2e45c4c,h2_h3_baseline,administered,2675.495247270848,0.0,0.0,0.0
60dfb7e630a2ea488a3ad1b9,h2_h3_baseline,administered,2819.6303927128583,0.0,0.0,0.0
4c84e882e07216eca132d548,h2_h3_baseline,administered,2772.942648837967,0.0,0.0,0.0
9d217dd7f242604350d8a767,h2_h3_baseline,administered,2517.151616499261,0.0,0.0,0.0
0313306b2be17895904bd4f4,h2_h3_baseline,administered,2728.6187641442316,0.0,0.0,0.0
30e0ef2f170102cecbc6584e,h2_h3_baseline,administered,2673.2936598778124,0.0,0.0,0.0
6c3563a39d8c1dd7f62847fa,h2_h3_baseline,administered,2586.2544528151047,0.0,0.0,0.0
e4ebb173041546842b7f3c94,h2_h3_baseline,administered,2952.512206793114,0.0,0.0,0.0
e39952a1b0e88536d8c66c87,h2_h3_baseline,administered,3093.5418271508797,0.0,0.0,0.0
0ffd6c0d5d1e7461047b7c16,h2_h3_baseline,administered,2690.8906581481633,0.0,0.0,0.0
1e7e742cfa481e34f6e9f24b,h2_h3_baseline,administered,2777.984083627898,0.0,0.0,0.0
213e60942e55aed7bda7f1ea,h2_h3_baseline,administered,2537.6259640909666,0.0,0.0,0.0
a1a238bba4db87e7a4c2143f,h2_h3_baseline,administered,3161.558934759244,0.0,0.0,0.0
d8918b81d8ce6ae9d1d6473f,h2_h3_baseline,administered,2571.89342707353,0.0,0.0,0.0
0bfc1197fdd4e85d99e347d5,h2_h3_baseline,administered,2441.336995915497,0.0,0.0,0.0
79587433f527832b94a730bd,h2_h3_baseline,administered,2302.502145359244,0.0,0.0,0.0
3f848cf24a821ff834295b39,h2_h3_baseline,administered,2175.129112820103,0.0,0.0,0.0
12d2ac3fcd926c499d4f58fc,h2_h3_baseline,administered,2282.503067799522,0.0,0.0,0.0
97da28899b3507f0e91b29a8,h2_h3_baseline,administered,2408.931451669528,0.0,0.0,0.0
8d5da71928ecb18cb174e7ee,h2_h3_baseline,administered,2985.6873400438253,0.0,0.0,0.0
582b29e2c44fce7b564fab4f,h2_h3_baseline,administered,2464.6706240313492,0.0,0.0,0.0
a40c0f2a02010d6636ecbe8b,h2_h3_baseline,administered,2392.825334393083,0.0,0.0,0.0
aca55ba73a16e7d6e3cdb9e6,h2_h3_baseline,administered,2431.6758262097223,0.0,0.0,0.0
1104f8ad625d1a8e7d7a6494,h2_h3_baseline,administered,2728.5929810451335,0.0,0.0,0.0
53cdfa81ebbc87e16722e11f,h2_h3_baseline,administered,3022.0252033138336,0.0,0.0,0.0
ca4e010404528fc73fdb29b2,h2_h3_baseline,administered,2469.8160382958968,0.0,0.0,0.0
ea73e0ed50e4edb2a497a75e,h2_h3_baseline,administered,2355.500239014674,0.0,0.0,0.0
b3d3d48b24761abbdce140c6,h2_h3_baseline,administered,3019.434815500421,0.0,0.0,0.0
fc7c151eb571c99cb0015f55,h2_h3_baseline,administered,2831.112071462219,0.0,0.0,0.0
834778195f49c03ead215bf4,h2_h3_baseline,administered,2911.3941899333227,0.0,0.0,0.0
051855e70e3702b49439cc3b,h2_h3_baseline,administered,2655.321208845341,0.0,0.0,0.0
83442a6adc6a1a4973559315,h2_h3_baseline,administered,2762.339730761242,0.0,0.0,0.0
a79f449d4b8affb45d35cc88,h2_h3_baseline,administered,2527.8649458711393,0.0,0.0,0.0
edf105c7aa2d1ec0b9d95d81,h2_h3_baseline,administered,3075.4923201324073,0.0,0.0,0.0
60b9a2f03101b21db3ed6362,h2_h3_baseline,administered,2829.0920467601272,0.0,0.0,0.0
55771d79f0c95309c495139c,h2_h3_baseline,administered,2624.557658590214,0.0,0.0,0.0
6db434a8d806c5cc7a51fb45,h2_h3_baseline,administered,2649.3305374917145,0.0,0.0,0.0
80329c0dbf0c0ba574d8a61f,h2_h3_baseline,administered,3142.8033879283357,0.0,0.0,0.0
9feb737c6d81909ced749665,h2_h3_baseline,administered,2832.5659520799795,0.0,0.0,0.0
a4ed822ef100cf38f0cf8007,h2_h3_baseline,administered,2396.533840060045,0.0,0.0,0.0
bfcdb90ec4718b081c4d14c6,h2_h3_baseline,administered,2755.3897791028917,0.0,0.0,0.0
1789957639045fc5ebeea2cc,h2_h3_baseline,administered,2344.1941379969985,0.0,0.0,0.0
2b613c138f588090e1d17825,h2_h3_baseline,administered,2425.4268328839294,0.0,0.0,0.0
f26f3f82b42128d7a76d64e2,h2_h3_baseline,administered,2618.300726887358,0.0,0.0,0.0
71023852346631a4ea5948b4,h2_h3_baseline,administered,2643.004677207924,0.0,0.0,0.0
7a8b28d02fc3415b46cc038c,h2_h3_baseline,administered,2574.854567389435,0.0,0.0,0.0
dd2795d8bac25887851d3489,h2_h3_baseline,administered,2866.8223259861584,0.0,0.0,0.0
b5c92197beab7858c876a881,h2_h3_baseline,administered,2409.6360388634503,0.0,0.0,0.0
beb3a2c81b019e0d21116537,h2_h3_baseline,administered,2226.6458514287892,0.0,0.0,0.0
331e2f6b88cb717a9c783b7a,h2_h3_baseline,administered,2873.520743814613,0.0,0.0,0.0
98d0877c2e99f877c3afd743,h2_h3_baseline,administered,2852.452472818892,0.0,0.0,0.0
d4d0e8a13713b8cc0b9914ed,h2_h3_baseline,administered,2698.6792680689755,0.0,0.0,0.0
8e0413ba382e18e980bbcfd1,h2_h3_baseline,administered,2432.6270644744086,0.0,0.0,0.0
efa10d9054179ebd394a4656,h2_h3_baseline,administered,2617.897730887524,0.0,0.0,0.0
8e86881fcaa5a86994f4eac2,h2_h3_baseline,administered,2199.528272869333,0.0,0.0,0.0
a7da8430accbb6f10008d53d,h2_h3_baseline,administered,2297.320593669508,0.0,0.0,0.0
cb7e7ff8414d4d0096744bbb,h2_h3_baseline,administered,2771.9453576594547,0.0,0.0,0.0
243bff794e74271adb2ca218,h2_h3_baseline,administered,3072.995488690324,0.0,0.0,0.0
d187f042356c23dda917dfc9,h2_h3_baseline,administered,3338.4961086883427,0.0,0.0,0.0
837f315b6d73cc0543ba0f7f,h2_h3_baseline,administered,2861.4206148035573,0.0,0.0,0.0
0522f17e0f9c3dd76c5808a3,h2_h3_baseline,administered,2259.205193999382,0.0,0.0,0.0
7984273bc0fa4bff4478a2c3,h2_h3_baseline,administered,3801.2922848118246,0.0,0.0,0.0
7a3770d4c104d0c606f070dc,h2_h3_baseline,administered,2711.503081545911,0.0,0.0,0.0
d5cb9c8c9afe3cbc1f68ad19,h2_h3_baseline,administered,2533.840563224914,0.0,0.0,0.0
b9844a1bf7d81b53fa212d30,h2_h3_baseline,administered,2160.71937298042,0.0,0.0,0.0
3cc32be360dc1b0208a63b79,h2_h3_baseline,administered,2951.897549759422,0.0,0.0,0.0
2d4e64aa46b7e0ce49758310,h2_h3_baseline,administered,2616.6339735586125,0.0,0.0,0.0
3af712e5a885bd69db4363f0,h2_h3_baseline,administered,3255.923999607755,0.0,0.0,0.0
7d799dc6710973fcb72378ab,h2_h3_baseline,administered,2634.943188991295,0.0,0.0,0.0
e72dcdafacd0bcf498a23633,h2_h3_baseline,administered,2455.659499425169,0.0,0.0,0.0
c0e1d31dfb7c65598ead1480,h2_h3_baseline,administered,2461.3996671743516,0.0,0.0,0.0
af86508d03e03a3ed463bf74,h2_h3_baseline,administered,2757.7009933276136,0.0,0.0,0.0
c40d8903954d503d22e8c556,h2_h3_baseline,administered,2792.0467852114784,0.0,0.0,0.0
e00bf90a96fd90bac6b3d590,h2_h3_baseline,administered,2892.489501898108,0.0,0.0,0.0
40df3d1d0be8703116b81c77,h2_h3_baseline,administered,2768.0005697302195,0.0,0.0,0.0
06f475e1877a934b2a290d0b,h2_h3_baseline,administered,2589.7188180101957,0.0,0.0,0.0
3e8792a6128d4ed85eef5d79,h2_h3_baseline,administered,2435.731835346488,0.0,0.0,0.0
1e7b2b10c94d874effda3770,h2_h3_baseline,administered,2513.0567421213295,0.0,0.0,0.0
d5275f63880f6b3f57bf53a8,h2_h3_baseline,administered,2590.1800387750227,0.0,0.0,0.0
773d3f962a3066fbc1d13ec3,h2_h3_baseline,administered,2625.839424847757,0.0,0.0,0.0
df806590d9ed03c8d0118f51,h2_h3_baseline,administered,2778.0383802592023,0.0,0.0,0.0
5940b6f6b37fb2dcbc2280c1,h2_h3_baseline,administered,3006.2881551962337,0.0,0.0,0.0
02a3d170e693833d7ec78121,h2_h3_baseline,administered,2126.6192471760846,0.0,0.0,0.0
92677f5409cbe8a36dc6ba92,h2_h3_baseline,administered,2588.157653566177,0.0,0.0,0.0
906decd7fb60a22f3ab6fa2d,h2_h3_baseline,administered,2566.9158238586715,0.0,0.0,0.0
8def37590648f2dc4b9de76d,h2_h3_baseline,administered,2313.510983534112,0.0,0.0,0.0
94aee17ee637c39fb81603cd,h2_h3_baseline,administered,2676.666295143821,0.0,0.0,0.0
df21c292f4953ad137f45bd1,h2_h3_baseline,administered,3844.727702938595,0.0,0.0,0.0
973b302e02985bf461d0948c,h2_h3_baseline,administered,2156.8495457467593,0.0,0.0,0.0
12b1a3e1b62e30ea3145d4f4,h2_h3_baseline,administered,2724.830179930296,0.0,0.0,0.0
908bd71f78b24e63a490e46e,h2_h3_baseline,administered,2659.3538144793642,0.0,0.0,0.0
fc672fb83a37781712f23f46,h2_h3_baseline,administered,2371.1352820856737,0.0,0.0,0.0
74af402adce60f638817bd77,h2_h3_baseline,administered,2376.588921941579,0.0,0.0,0.0
52b10d3093102d21fe05c999,h2_h3_baseline,administered,3132.4169545682707,0.0,0.0,0.0
192d81d8d286eb545e28d388,h2_h3_baseline,administered,2155.6524903131694,0.0,0.0,0.0
cb388b3d12e16a185e0f8f8d,h2_h3_baseline,administered,2398.954367015564,0.0,0.0,0.0
54eb114850dc89216e31f0f7,h2_h3_baseline,administered,2540.4722858566042,0.0,0.0,0.0
f6f9749d05013918f7167ef2,h2_h3_baseline,administered,2718.300223711013,0.0,0.0,0.0
47eb0ba40a5c6436cc446cd5,h2_h3_baseline,administered,2203.0428850028175,0.0,0.0,0.0
c05b3d83c14e4b24ea8c75ae,h2_h3_baseline,administered,2475.9633440416674,0.0,0.0,0.0
b080b8ce273d2ace0d2c84c0,h2_h3_baseline,administered,2871.2274566873334,0.0,0.0,0.0
a7b47f18e3dce184dcc543e1,h2_h3_baseline,administered,2424.078911813359,0.0,0.0,0.0
516d5b5d63139f656bb24401,h2_h3_baseline,administered,3037.9810701107144,0.0,0.0,0.0
cfa9019e8cb5bd09abd72f96,h2_h3_baseline,market,2643.5401405668886,0.0,0.0,0.0
7622d25be86c3fe3e2e83ac0,h2_h3_baseline,market,2392.980956762196,0.0,0.0,0.0
e8fb4c88da1a179e61d76015,h2_h3_baseline,market,2789.868780784711,0.0,0.0,0.0
0feb85e4723392c22fbf55c6,h2_h3_baseline,market,2591.116660116128,0.0,0.0,0.0
363341dad09a6c692f76e9aa,h2_h3_baseline,market,2607.5497021541264,0.0,0.0,0.0
816a22cd436a187c0d309149,h2_h3_baseline,market,2185.6626256216227,0.0,0.0,0.0
8569d143906abd0c39d9935b,h2_h3_baseline,market,2636.13529888771,0.0,0.0,0.0
3676b18791dc80f28116b0bd,h2_h3_baseline,market,2910.5181484709815,0.0,0.0,0.0
dd13432d18c82306ed02331f,h2_h3_baseline,market,2430.2841565388617,0.0,0.0,0.0
6d181b7f6c82fc3445546156,h2_h3_baseline,market,2821.2371501692232,0.0,0.0,0.0
c9e1df5a8259213b926fb07b,h2_h3_baseline,market,2475.159366314683,0.0,0.0,0.0
815df4d2ab297ee27dece06d,h2_h3_baseline,market,2350.635893816797,0.0,0.0,0.0
3ac45de327105c62bb576c26,h2_h3_baseline,market,2914.505506675185,0.0,0.0,0.0
9d788143d3b5162b2cf52986,h2_h3_baseline,market,2933.7803835147442,0.0,0.0,0.0
facf446ed2f51608c67c764a,h2_h3_baseline,market,2675.098294661597,0.0,0.0,0.0
083e2e891719b538c5530e97,h2_h3_baseline,market,2560.2527533949637,0.0,0.0,0.0
6309a8a5fd133402a347e602,h2_h3_baseline,market,4083.9535210129056,0.0,0.0,0.0
f2e9ef8f5c770ae7e2ae3fed,h2_h3_baseline,market,2614.509542199416,0.0,0.0,0.0
38088d5765af6fc57507491a,h2_h3_baseline,market,2987.754036593332,0.0,0.0,0.0
ff58da5557aa8161b1252752,h2_h3_baseline,market,2388.607912895509,0.0,0.0,0.0
b4ff5c1568f45ccd93e1b35d,h2_h3_baseline,market,2812.35178810548,0.0,0.0,0.0
f290c357829efcf0ba050d93,h2_h3_baseline,market,2904.1733425489456,0.0,0.0,0.0
6cdbcd274a886dae936dfdd5,h2_h3_baseline,market,2708.256879583919,0.0,0.0,0.0
b91c4f51586b84714ad40b04,h2_h3_baseline,market,2718.072929184389,0.0,0.0,0.0
7d378f5fc4c370561750b3eb,h2_h3_baseline,market,3407.7927331772885,0.0,0.0,0.0
6d72b2eabff3b2e18d92e313,h2_h3_baseline,market,4488.852802321385,0.0,0.0,0.0
57c65a539fb613a3ea7efcde,h2_h3_baseline,market,2683.6330675171366,0.0,0.0,0.0
8acb71cefc2f5b595c2e86f1,h2_h3_baseline,market,2445.0308787768026,0.0,0.0,0.0
c38c4ee1cb80f3ad9eeab9f5,h2_h3_baseline,market,2412.4667827273156,0.0,0.0,0.0
a21ff029a22226082795bc4d,h2_h3_baseline,market,2457.376789900869,0.0,0.0,0.0
8c39513ab8f85b078fd13e4f,h2_h3_baseline,market,2287.868382645424,0.0,0.0,0.0
933d83f02b58e31835c962c6,h2_h3_baseline,market,2690.987706902296,0.0,0.0,0.0
1373733cdc81989b89127338,h2_h3_baseline,market,2450.618768662214,0.0,0.0,0.0
ca301b96d14e7b3ff1ab64b8,h2_h3_baseline,market,2733.4782532676813,0.0,0.0,0.0
81625cb5002b799775c4d49b,h2_h3_baseline,market,2674.878732979058,0.0,0.0,0.0
8ad34ea01f1334711fcd40dc,h2_h3_baseline,market,2817.1738920044245,0.0,0.0,0.0
f5e9421ec89e2e0fc2bccdde,h2_h3_baseline,market,2548.2698133176214,0.0,0.0,0.0
c8ff54cfb29bb3b3582b2280,h2_h3_baseline,market,3535.383402718517,0.0,0.0,0.0
4895b989015c58c0d75655cd,h2_h3_baseline,market,3072.0241166493897,0.0,0.0,0.0
3f6008ec887e7ffd4f912f1c,h2_h3_baseline,market,2967.6569356450586,0.0,0.0,0.0
eb2fadaace1281a32679c3e4,h2_h3_baseline,market,2543.6775540980607,0.0,0.0,0.0
183f641eb297fdce3a36854a,h2_h3_baseline,market,2213.3049560745535,0.0,0.0,0.0
c88d051b1aa4f33ca2a14c86,h2_h3_baseline,market,2579.71481150202,0.0,0.0,0.0
2a9ffc2b8990ce64b6dfa8d6,h2_h3_baseline,market,3676.9217449281946,0.0,0.0,0.0
143d1f30ef0f46bd006cb758,h2_h3_baseline,market,2461.7973686524456,0.0,0.0,0.0
e41a879c5561a5a653d59fb3,h2_h3_baseline,market,2824.2903396039487,0.0,0.0,0.0
19f39f6d39e5fac0f313f65a,h2_h3_baseline,market,2480.0673854336596,0.0,0.0,0.0
c00eb461e869a79eb16cd49b,h2_h3_baseline,market,2831.8076670378628,0.0,0.0,0.0
415967d3ef23cb6a36499b4f,h2_h3_baseline,market,3063.432113780396,0.0,0.0,0.0
d465dc63d082a95cb39bc252,h2_h3_baseline,market,2677.7704862452365,0.0,0.0,0.0
7289640dca4550401282ebfb,h2_h3_baseline,market,2439.991483713899,0.0,0.0,0.0
a20a3af17f2dcc099f85a998,h2_h3_baseline,market,2912.6439169584787,0.0,0.0,0.0
2334c734678426fa3d17df48,h2_h3_baseline,market,2719.695472063506,0.0,0.0,0.0
924cadb6016fdd76780bebdb,h2_h3_baseline,market,2508.122324819885,0.0,0.0,0.0
7fbe12ab48323d5164789bee,h2_h3_baseline,market,2676.958413793307,0.0,0.0,0.0
e4ba577624f4beaa1421dc2b,h2_h3_baseline,market,2544.862388633302,0.0,0.0,0.0
15069d007d82e62d1a7c95c4,h2_h3_baseline,market,2409.296885899171,0.0,0.0,0.0
7634062940521cb869903f32,h2_h3_baseline,market,2970.7574943831373,0.0,0.0,0.0
5c4edb0dd41eaa634799f08b,h2_h3_baseline,market,3374.7158745078837,0.0,0.0,0.0
04db8f78cb5c6e52ced84de4,h2_h3_baseline,market,2630.5884049169354,0.0,0.0,0.0
7840d00662b2d0c4479b2dd5,h2_h3_baseline,market,2326.757871709964,0.0,0.0,0.0
0fcb6d709f8c0497ae246efd,h2_h3_baseline,market,2737.006936511929,0.0,0.0,0.0
1acb165179778494a9a1e64b,h2_h3_baseline,market,2769.641767373846,0.0,0.0,0.0
1f7c17b8aeca74b607900e3c,h2_h3_baseline,market,2791.5880979647586,0.0,0.0,0.0
52fa3c4c5ad2ae056b158eea,h2_h3_baseline,market,3581.042713455523,0.0,0.0,0.0
f751fce541d22c850c2ec3ec,h2_h3_baseline,market,2745.495173075837,0.0,0.0,0.0
1676fdab77488b03df76dbcc,h2_h3_baseline,market,2408.992201342743,0.0,0.0,0.0
c46ab5e1d7d999a2d5978d5e,h2_h3_baseline,market,2315.317954803419,0.0,0.0,0.0
b50eac0cc9cb318b8fdbcecd,h2_h3_baseline,market,2466.153582677896,0.0,0.0,0.0
f98d4cfb07ab083b6259fb6b,h2_h3_baseline,market,3199.56737993985,0.0,0.0,0.0
d68cb9e7765747f1a0feff88,h2_h3_baseline,market,2691.428444567824,0.0,0.0,0.0
d367a7127055ce44d73bd81d,h2_h3_baseline,market,2895.750127258995,0.0,0.0,0.0
25b51cc357f2046f7e361e3d,h2_h3_baseline,market,2835.559665170911,0.0,0.0,0.0
6f2ed0637fb774a577fc91ec,h2_h3_baseline,market,2488.6931419028956,0.0,0.0,0.0
328d069bff141b636b2f0b25,h2_h3_baseline,market,2933.1728287944416,0.0,0.0,0.0
0c1d7c22e6f8f528a90d1853,h2_h3_baseline,market,2662.9801523644687,0.0,0.0,0.0
3c19f6231a81a83dcdb7059b,h2_h3_baseline,market,2515.030090639763,0.0,0.0,0.0
d21b2c10765ba87d3162996a,h2_h3_baseline,market,2745.590735665124,0.0,0.0,0.0
84dcb452699fc050bd0b7f07,h2_h3_baseline,market,2595.839157293396,0.0,0.0,0.0
db74440c99409a876b786ebe,h2_h3_baseline,market,2515.2032916912194,0.0,0.0,0.0
c16bdbb23f7f5d4de45ee541,h2_h3_baseline,market,2723.88771846721,0.0,0.0,0.0
852af83995e1d004544c67ee,h2_h3_baseline,market,2615.779936974649,0.0,0.0,0.0
cf18ce1347ea243e4731b239,h2_h3_baseline,market,2819.903708803402,0.0,0.0,0.0
85bfa052fbcddc7cba5f4cdb,h2_h3_baseline,market,2783.595211817729,0.0,0.0,0.0
eb6f23549794c45caa040831,h2_h3_baseline,market,2834.3612804139893,0.0,0.0,0.0
d271d49fc4333b7a5da79a3e,h2_h3_baseline,market,2512.323924256524,0.0,0.0,0.0
ebaf4dd215022f4a9bba2876,h2_h3_baseline,market,2638.6789446169346,0.0,0.0,0.0
b2e9cc607674da5c55868754,h2_h3_baseline,market,3014.981727485963,0.0,0.0,0.0
73e477037643eceee666960c,h2_h3_baseline,market,2686.253456436097,0.0,0.0,0.0
5a1dcc5822ac4436de6a304b,h2_h3_baseline,market,2715.224570532656,0.0,0.0,0.0
f9dcd4fc3a994cb297f1dd8c,h2_h3_baseline,market,2671.579506398643,0.0,0.0,0.0
529cb41cb26616127afc0984,h2_h3_baseline,market,2821.3403286449848,0.0,0.0,0.0
c90a0912fe891f465e686370,h2_h3_baseline,market,2764.4062240403164,0.0,0.0,0.0
eac3e08832a48b7ce0e42a50,h2_h3_baseline,market,2912.1541047143937,0.0,0.0,0.0
7c056ee08bd2180c3240a755,h2_h3_baseline,market,2428.182945988119,0.0,0.0,0.0
65e7785c7590ee69d27a9915,h2_h3_baseline,market,2324.8372498086324,0.0,0.0,0.0
bda5e1340a01412b86c6232c,h2_h3_baseline,market,3009.146682403544,0.0,0.0,0.0
2594329fd3f5845675f517a2,h2_h3_baseline,market,2646.815229059612,0.0,0.0,0.0
62a02ebad0b0f165a954eb08,h2_h3_baseline,market,2568.0023260139283,0.0,0.0,0.0
8314a24369934066cb68febd,h2_h3_baseline,market,2473.4542205687303,0.0,0.0,0.0
989e52b83fc888d2208390a9,h2_h3_baseline,market,2422.5074896119036,0.0,0.0,0.0
ed19e40668e5d6af89c1e0bd,h2_h3_baseline,market,3079.8017230318947,0.0,0.0,0.0
fb767e62a84a0303cc4ced4e,h2_h3_baseline,market,2916.295670485026,0.0,0.0,0.0
ceb1f7ce520823252a55062c,h2_h3_baseline,market,2714.8416450958125,0.0,0.0,0.0
d230fb329e2ee453303cae10,h2_h3_baseline,market,3364.9100076237555,0.0,0.0,0.0
bfbbb375696ef76ffb8097e2,h2_h3_baseline,market,2642.6388506495286,0.0,0.0,0.0
60741fa89f8e4fb5dfd45d8d,h2_h3_baseline,market,3020.310632910384,0.0,0.0,0.0
84914a31f93966d62e2ba6d0,h2_h3_baseline,market,3062.0473855761174,0.0,0.0,0.0
850a6b98a58e75f2e849c3cd,h2_h3_baseline,market,2311.6802475328755,0.0,0.0,0.0
8a4dfada8d8031d9e996a83c,h2_h3_baseline,market,2784.8432758751483,0.0,0.0,0.0
ec84f48d30a42b0fa9e3bcea,h2_h3_baseline,market,2755.084679799438,0.0,0.0,0.0
d9115d8471b9bf1bd5e2c9d6,h2_h3_baseline,market,2819.4062732043917,0.0,0.0,0.0
363072b9a0945cbc7e791792,h2_h3_baseline,market,2600.250244381272,0.0,0.0,0.0
2799395ad692375ed280b382,h2_h3_baseline,market,2653.8420954304447,0.0,0.0,0.0
c45b9fcade5e2441319e22e5,h2_h3_baseline,market,2594.291005216683,0.0,0.0,0.0
2fbc8e126bfd90b42381f6ce,h2_h3_baseline,market,3335.032637522124,0.0,0.0,0.0
528e252bd11a910bdc52fbbf,h2_h3_baseline,market,2883.0338560604187,0.0,0.0,0.0
343b81e7fc295454975107ec,h2_h3_baseline,market,2717.685207767678,0.0,0.0,0.0
d57384967af76558a9630a35,h2_h3_baseline,market,2853.692650491479,0.0,0.0,0.0
687111bf2e8255f5bd7235d8,h2_h3_baseline,market,3050.290064993819,0.0,0.0,0.0
b8e87657026501920dcda634,h2_h3_baseline,market,2780.934951335347,0.0,0.0,0.0
da103feed9c6afba020f03ac,h2_h3_baseline,market,2794.362865506542,0.0,0.0,0.0
5f0c85d5719c1e43951b7ece,h2_h3_baseline,market,2878.0003809855,0.0,0.0,0.0
1f9b1ce460508164369a532d,h2_h3_baseline,market,2644.915385029634,0.0,0.0,0.0
f26562cab10606b0472aa5f2,h2_h3_baseline,market,3511.709572719178,0.0,0.0,0.0
7a92f478fd9cc866fcce414e,h2_h3_baseline,market,2898.785530825213,0.0,0.0,0.0
2e0bd1e7c45496c160709b46,h2_h3_baseline,market,2581.731912252802,0.0,0.0,0.0
66cd4dd759fc069e945113a3,h2_h3_baseline,market,2186.920474424428,0.0,0.0,0.0
8ff093fc4c8e337fc52bca47,h2_h3_baseline,market,2791.676514920759,0.0,0.0,0.0
3205308146c76ecc3e367bd3,h2_h3_baseline,market,2375.5715874679495,0.0,0.0,0.0
493e062b39fb25b62ec2903d,h2_h3_baseline,market,2562.9415576825636,0.0,0.0,0.0
dce4fff1ad524a9aa82bdb62,h2_h3_baseline,market,2826.9533566009773,0.0,0.0,0.0
75cc94a3adf5b02fd30cdd4b,h2_h3_baseline,market,2551.916021119025,0.0,0.0,0.0
512f5d6a82066d97980bd9e7,h2_h3_baseline,market,2841.5837705879862,0.0,0.0,0.0
c314d1dd5253949539c2940d,h2_h3_baseline,market,2677.5592464100487,0.0,0.0,0.0
e002f209fac682198d4ad279,h2_h3_baseline,market,2958.3137882464007,0.0,0.0,0.0
10334711d94a3d0363e4799d,h2_h3_baseline,market,2221.368191517418,0.0,0.0,0.0
6cf4f8df1cfaa9e26396ace6,h2_h3_baseline,market,3145.404653427385,0.0,0.0,0.0
57b3732e7a75cd0f3d058493,h2_h3_baseline,market,2637.1526544036824,0.0,0.0,0.0
f9b72d2b312e4ddf900f90f6,h2_h3_baseline,market,2383.2660197508076,0.0,0.0,0.0
57b978b9ababd07f954ea7e8,h2_h3_baseline,market,2496.6392545472463,0.0,0.0,0.0
bffb4bd3942b70ab22ea74cf,h2_h3_baseline,market,2477.179900879079,0.0,0.0,0.0
a801d78c816333ffaed5ecf0,h2_h3_baseline,market,2542.020823613303,0.0,0.0,0.0
fe1fcc4ff5ccbc7556ab9f92,h2_h3_baseline,market,2756.4995710110984,0.0,0.0,0.0
2c279cf29fcb12bceec3abad,h2_h3_baseline,market,2739.0559135901767,0.0,0.0,0.0
9502a738735e3c1f71146fe4,h2_h3_baseline,market,2544.6441120446134,0.0,0.0,0.0
cd8e88790caf3a42e7816774,h2_h3_baseline,market,2770.652941894574,0.0,0.0,0.0
e6507eab9e731e468370c6a9,h2_h3_baseline,market,3044.915605218253,0.0,0.0,0.0
cb295c5c0364e5cf32f49ead,h2_h3_baseline,market,2443.9732035229654,0.0,0.0,0.0
80f29de8fbf77441b076fb01,h2_h3_baseline,market,2578.8533040236352,0.0,0.0,0.0
7b15e4c893c95d8a8e9a8049,h2_h3_baseline,market,3242.2532464399665,0.0,0.0,0.0
a01d19d954cb28c0bcf4967f,h2_h3_baseline,market,2980.66307367233,0.0,0.0,0.0
fb89c0281e58fd1054551979,h2_h3_baseline,market,2535.1412320918507,0.0,0.0,0.0
86ca3b4b256efd220c80f6e4,h2_h3_baseline,market,2574.3255243614226,0.0,0.0,0.0
946072feec392b38ea77a036,h2_h3_baseline,market,2496.7565370893344,0.0,0.0,0.0
84dce376ba766fa7a5071aca,h2_h3_baseline,market,2588.17209066626,0.0,0.0,0.0
02a58e6abba1e7ba746d0b8b,h2_h3_baseline,market,2439.856668208899,0.0,0.0,0.0
f6ff98f488d0e8090034676f,h2_h3_baseline,market,2146.9511512610566,0.0,0.0,0.0
db2b9c371a846b2de53c0590,h2_h3_baseline,market,2976.5022380795263,0.0,0.0,0.0
646231b742de89ee3ad8a5ea,h2_h3_baseline,market,3017.2761380779616,0.0,0.0,0.0
e82289af294089ca720e8a04,h2_h3_baseline,market,2822.419476099643,0.0,0.0,0.0
28df2e497a42b42b1d09dc58,h2_h3_baseline,market,2456.0501991768956,0.0,0.0,0.0
1c5164c52b784ebb8f0f98e6,h2_h3_baseline,market,3064.3701148122386,0.0,0.0,0.0
5e61b31a11e4660de5c94199,h2_h3_baseline,market,2381.209260636017,0.0,0.0,0.0
34a1e55fa6982185d8bce8bb,h2_h3_baseline,market,2602.697272165916,0.0,0.0,0.0
603aa00a1bd774538489dfce,h2_h3_baseline,market,2541.406549706614,0.0,0.0,0.0
47f6b49196ca47ee66d68d7f,h2_h3_baseline,market,2597.9978354248374,0.0,0.0,0.0
6e47137264930cf1b0273f83,h2_h3_baseline,market,2293.822205003182,0.0,0.0,0.0
b45fde99610f99189b43be91,h2_h3_baseline,market,2367.3954775313414,0.0,0.0,0.0
7a5abdbe0dfa2015ca0945f3,h2_h3_baseline,market,2547.584962013595,0.0,0.0,0.0
b6ee516553a78c9f10aae36c,h2_h3_baseline,market,2493.6769840837724,0.0,0.0,0.0
d1a7945e2d0cc668c8750268,h2_h3_baseline,market,2732.8581556039726,0.0,0.0,0.0
600ba8102b8bf279c5ef53b7,h2_h3_baseline,market,2772.059687002844,0.0,0.0,0.0
61734e76ec7f0655043f1d6d,h2_h3_baseline,market,2367.1727921470847,0.0,0.0,0.0
ae976871bdb3af0d27f7424b,h2_h3_baseline,market,2901.397614464277,0.0,0.0,0.0
d701263b083a68daddffae71,h2_h3_baseline,market,2807.8445958153343,0.0,0.0,0.0
5378d95f7a8ac60b40ace0ce,h2_h3_baseline,market,2707.0258104387267,0.0,0.0,0.0
b80d6d5d7f613d38673587e4,h2_h3_baseline,market,2581.0831961155604,0.0,0.0,0.0
6a42046e304efc4ff3e611f1,h2_h3_baseline,market,2330.509340743286,0.0,0.0,0.0
18133bd4f5a467dc4c9c704c,h2_h3_baseline,market,2601.5536544590623,0.0,0.0,0.0
88f7fbb277a78efdee966252,h2_h3_baseline,market,2818.455899146373,0.0,0.0,0.0
c018ba4520880b46b26d89ad,h2_h3_baseline,market,3498.75409488407,0.0,0.0,0.0
db99d498887cc12a0e046c25,h2_h3_baseline,market,3850.2170122441357,0.0,0.0,0.0
e26e29f6237e208f6d31e99a,h2_h3_baseline,market,2524.026677383567,0.0,0.0,0.0
986350e11e0331fdcbab0440,h2_h3_baseline,market,2684.9601326352727,0.0,0.0,0.0
a32aaa1aca95984d4df24e47,h2_h3_baseline,market,2427.000956804933,0.0,0.0,0.0
4f90b5a69ba2bf52b1085832,h2_h3_baseline,market,2687.8191591339555,0.0,0.0,0.0
7dfb6c39ae8444d63ccdfd22,h2_h3_baseline,market,2407.095919626282,0.0,0.0,0.0
2cf69383c2b4bf9a6241d2cb,h2_h3_baseline,market,2680.6668545363727,0.0,0.0,0.0
62017e87e57a50cdff77176a,h2_h3_baseline,market,2724.050670613067,0.0,0.0,0.0
7c6482d2a98538fa6901c4a8,h2_h3_baseline,market,2199.5890860329596,0.0,0.0,0.0
380c37034dfa52ef1dea4078,h2_h3_baseline,market,2412.949854732068,0.0,0.0,0.0
4f60614614921a0b52d8466a,h2_h3_baseline,market,2684.9795132541326,0.0,0.0,0.0
4da9e7b05ce223f7479bd5b5,h2_h3_baseline,market,2753.057431566057,0.0,0.0,0.0
8c99fff31ee46c9b61bc82f0,h2_h3_baseline,market,2745.3311043475687,0.0,0.0,0.0
e63d05e06def141199108af8,h2_h3_baseline,market,3462.1446989090464,0.0,0.0,0.0
80b77c3d7ac884ee02252c76,h2_h3_baseline,market,2478.8222130421427,0.0,0.0,0.0
e25365eab2f54161937acaaa,h2_h3_baseline,market,2648.949075404646,0.0,0.0,0.0
1e03b5dafcbdbcb97dd4b914,h2_h3_baseline,market,2358.079577525744,0.0,0.0,0.0
7402fd0a9182322efe89d72c,h2_h3_baseline,market,3239.283600647618,0.0,0.0,0.0
0d95724d6ec46067c9599d9e,h2_h3_baseline,market,2711.680500894049,0.0,0.0,0.0
1add36adc7cd0055903402be,h2_h3_baseline,market,2379.0551850114375,0.0,0.0,0.0
84c142aa81c63de8cb72712d,h2_h3_baseline,market,2814.216671721119,0.0,0.0,0.0
311b35f864f34c8d757319c4,h2_h3_baseline,market,3765.926122203987,0.0,0.0,0.0
264f5add4a2e5ac4b56fd556,h2_h3_baseline,market,2380.0723703997332,0.0,0.0,0.0
a8dea7cbdc65e99a0338a8c9,h2_h3_baseline,market,2774.292143880331,0.0,0.0,0.0
ee6ab59bc93cffa8ae9f970f,h2_h3_baseline,market,2644.3427845124174,0.0,0.0,0.0
8da757902cefa16f361b3827,h2_h3_baseline,market,2618.301565949925,0.0,0.0,0.0
bff3477451e2e992d5051edb,h2_h3_baseline,market,2235.7268613130072,0.0,0.0,0.0
82f2966d9643d7d2901fa66f,h2_h3_baseline,market,2872.090720063548,0.0,0.0,0.0
3044ea559c4161d9603234c2,h2_h3_baseline,market,2815.870793070456,0.0,0.0,0.0
0042eb5c270ede035334a0a2,h2_h3_baseline,market,2490.868452189511,0.0,0.0,0.0
b91d9abf44f0f07f48e6dec6,h2_h3_baseline,market,3012.6148847992918,0.0,0.0,0.0
d2d1bae05432773528ff7fab,h2_h3_baseline,market,2618.2259513947497,0.0,0.0,0.0
92fae0715ebf9bac994cf180,h2_h3_baseline,market,2789.303590314167,0.0,0.0,0.0
f006b05a533e3371c03b5b2c,h2_h3_baseline,market,2805.914877249038,0.0,0.0,0.0
8556f762d1497e86856dc04a,h2_h3_baseline,market,2518.0703249849653,0.0,0.0,0.0
c9bae7dd769c8057751284a6,h2_h3_baseline,market,2838.958455964692,0.0,0.0,0.0
c9c2b89b9bc4972b15ff5da8,h2_h3_baseline,market,3247.792484842894,0.0,0.0,0.0
a4555c865ae90668d0f828b6,h2_h3_baseline,market,2470.3349894698817,0.0,0.0,0.0
64d496218f98165dd23dd366,h2_h3_baseline,market,2544.3885493789644,0.0,0.0,0.0
d07ccabade85bf2bd4283476,h2_h3_baseline,market,2830.138478092388,0.0,0.0,0.0
3b76f8b765c7276318f3a92f,h2_h3_baseline,market,2923.903257151309,0.0,0.0,0.0
689599d95fdb7e24548225c2,h2_h3_baseline,market,2307.092222968095,0.0,0.0,0.0
c8469b084381534c4276c725,h2_h3_baseline,market,2793.063093921303,0.0,0.0,0.0
d2f564af0b8f5b11b4f7c5ba,h2_h3_baseline,market,2449.6985795464575,0.0,0.0,0.0
30bb830535cbdcf1ac44593b,h2_h3_baseline,market,2493.4333696568365,0.0,0.0,0.0
7d8a89747be61f9faa71ce13,h2_h3_baseline,market,2423.0707149077243,0.0,0.0,0.0
fbd39f4c491aeb111cbdb8ee,h2_h3_baseline,market,2450.5043324615635,0.0,0.0,0.0
74c772e0fc571d9366464464,h2_h3_baseline,market,3631.119048854648,0.0,0.0,0.0
6f31466fbb1dce248f27a384,h2_h3_baseline,market,2858.097213011279,0.0,0.0,0.0
4805637a054a33193e8f9a40,h2_h3_baseline,market,2672.8935416133204,0.0,0.0,0.0
b3539eaae50b26cd8cab738a,h2_h3_baseline,market,2381.5030185571604,0.0,0.0,0.0
ba8875227a10469e6270ce03,h2_h3_baseline,market,2200.9665367960315,0.0,0.0,0.0
49c397ecea632e35c2e74f97,h2_h3_baseline,market,2559.581889328714,0.0,0.0,0.0
119921e9c7111ea20b5c4af0,h2_h3_baseline,market,2453.774798842777,0.0,0.0,0.0
e408505f3eea8e3557286ad2,h2_h3_baseline,market,3176.1129048196594,0.0,0.0,0.0
c409590b4092c4bee0dbcef6,h2_h3_baseline,market,2765.9693752077737,0.0,0.0,0.0
c857e32052f7637f5522435e,h2_h3_baseline,market,2074.0435277230977,0.0,0.0,0.0
5d038e9257ea1dd84cc62294,h2_h3_baseline,market,2819.527582473971,0.0,0.0,0.0
1c498f7b5539e75697ee025e,h2_h3_baseline,market,2865.4621917560316,0.0,0.0,0.0
af211888da4fdf7da7050dca,h2_h3_baseline,market,2280.8647708593858,0.0,0.0,0.0
81ad1fc98bf03100e1ea5aad,h2_h3_baseline,market,2673.6767314098656,0.0,0.0,0.0
167115e627e51ff137053621,h2_h3_baseline,market,2504.8623994282443,0.0,0.0,0.0
8aac0019bcda9ae8cb49ce23,h2_h3_baseline,market,2283.4237543180666,0.0,0.0,0.0
7f135ba8c0e509cb479a7196,h2_h3_baseline,market,2491.4583948342206,0.0,0.0,0.0
bd82f08c30ddc45f10c28e52,h2_h3_baseline,market,2406.6805473536137,0.0,0.0,0.0
267738b871a21623b9eb2343,h2_h3_baseline,market,2933.7380987719253,0.0,0.0,0.0
dcc90e5f60373379575827ed,h2_h3_baseline,market,2406.061162335856,0.0,0.0,0.0
7a5639cf25c7be4ccfd50d05,h2_h3_baseline,market,2894.85558367138,0.0,0.0,0.0
a00d7da5c713025feedd92a2,h2_h3_baseline,market,2883.595928205175,0.0,0.0,0.0
c98b64c9853c05a3c75538b7,h2_h3_baseline,market,2746.0461789976484,0.0,0.0,0.0
92fb5c8edbdef342a49cd805,h2_h3_baseline,market,3405.70156860887,0.0,0.0,0.0
0125eac3149d2bfaff900913,h2_h3_baseline,market,2598.2142924914106,0.0,0.0,0.0
b606a5fec64703f7f0af0fdb,h2_h3_baseline,market,2744.1975181797343,0.0,0.0,0.0
0a117e6c1cd4cd1cd8f16995,h2_h3_baseline,market,2294.641844543255,0.0,0.0,0.0
8754d062de47263ec0526ec2,h2_h3_baseline,market,3063.058564862599,0.0,0.0,0.0
124ece884cf16f42de932b3b,h2_h3_baseline,market,3115.150465487124,0.0,0.0,0.0
6de6cc63e85a494bf063550e,h2_h3_baseline,market,2495.219379188085,0.0,0.0,0.0
6f868ce26395991aac4b50e1,h2_h3_baseline,market,3091.766488529187,0.0,0.0,0.0
69e2b2055bbfea20d6d9000e,h2_h3_baseline,market,3033.7157014060317,0.0,0.0,0.0
5f66a85b269b89d93abb5c6d,h2_h3_baseline,market,2699.1335524856013,0.0,0.0,0.0
39cb9ee40e0550f7aaeb3145,h2_h3_baseline,market,2310.6943627996225,0.0,0.0,0.0
9831646d03e70adfb6f2ba5a,h2_h3_baseline,market,2274.7161969819354,0.0,0.0,0.0
94f3e461d55ffeefab4693c9,h2_h3_baseline,market,3483.265699335237,0.0,0.0,0.0
ffa4bf6689e9fab53ccbcfcd,h2_h3_baseline,market,2501.565012226758,0.0,0.0,0.0
be645a1c5a9f61648f50c0ca,h2_h3_baseline,market,2682.695228039896,0.0,0.0,0.0
35b623ae4cd7e002eb0bd7c4,h2_h3_baseline,market,2787.4985142884193,0.0,0.0,0.0
96696580a8c2566f58777dbf,h2_h3_baseline,market,2517.830238114769,0.0,0.0,0.0
ad8daf1f3c7534f4d3b8d3e8,h2_h3_baseline,market,2913.480705327532,0.0,0.0,0.0
8c707305d27b5fbfbe1da2f7,h2_h3_baseline,market,2579.5618892887987,0.0,0.0,0.0
3b79a60da7c4743488733f67,h2_h3_baseline,market,3291.57154399735,0.0,0.0,0.0
a9944e0c685454d311762f99,h2_h3_baseline,market,2840.9733129134715,0.0,0.0,0.0
db1c6c8c348b6c758d0d74e8,h2_h3_baseline,market,2639.1355395210544,0.0,0.0,0.0
89ecb7a47defd55f97e4d799,h2_h3_baseline,market,2894.001769671118,0.0,0.0,0.0
faa2155a1e0a4d21701a2f52,h2_h3_baseline,market,2776.394832131782,0.0,0.0,0.0
48dc2d4f56cae93d600abee4,h2_h3_baseline,market,3166.357239638377,0.0,0.0,0.0
5e04f604bef9bcd242281679,h2_h3_baseline,market,2786.2815297083152,0.0,0.0,0.0
50b99f6e0afe491660cb0c85,h2_h3_baseline,market,2576.9612809509063,0.0,0.0,0.0
a1d18b04372d16f443ada758,h2_h3_baseline,market,2493.295370978198,0.0,0.0,0.0
3bf01ab3e12cd59a5f5c3c1b,h2_h3_baseline,market,2716.3836604659605,0.0,0.0,0.0
50ee6bb8875b51a44c84637f,h2_h3_baseline,market,2455.038245467376,0.0,0.0,0.0
998cd36eab8dc624117c012d,h2_h3_baseline,market,2967.5057875876655,0.0,0.0,0.0
438b64bb2eec92c21c6860b7,h2_h3_baseline,market,2429.607531704076,0.0,0.0,0.0
b153f944de744a25c16441b0,h2_h3_baseline,market,2498.6151597372364,0.0,0.0,0.0
46b50205ff5aa2abc598035b,h2_h3_baseline,market,3001.642967996554,0.0,0.0,0.0
1fa3f1b13fab7a5c2e632fb0,h2_h3_baseline,market,3542.037621526179,0.0,0.0,0.0
5ad63dc55c344d0d6623561b,h2_h3_baseline,market,2738.853384304592,0.0,0.0,0.0
ca2df329f8ed6eb1d767e1ed,h2_h3_baseline,market,3042.9179723925567,0.0,0.0,0.0
8b767d0ec8321bad8d0d2f52,h2_h3_baseline,market,2475.9663323372756,0.0,0.0,0.0
3c5edac66c51525b300ed32c,h2_h3_baseline,market,2771.214683455812,0.0,0.0,0.0
d54fd657422c5606b19d69c4,h2_h3_baseline,market,4230.56797761776,0.0,0.0,0.0
3fc03ef1ba1ed658c4f05924,h2_h3_baseline,market,3306.5247090058365,0.0,0.0,0.0
9abf475192ba07247b61e4bb,h2_h3_baseline,market,2538.0575664965286,0.0,0.0,0.0
040228d02170b90153d38c5c,h2_h3_baseline,market,2315.33987404659,0.0,0.0,0.0
066cd590b433e5506a9ace22,h2_h3_baseline,market,2891.4715142816403,0.0,0.0,0.0
b2313f47fc3feaead39fc13a,h2_h3_baseline,market,2856.0404166889393,0.0,0.0,0.0
ae52c72342898ab7af56d472,h2_h3_baseline,market,2440.792341024789,0.0,0.0,0.0
24c7368976bd8eee9011176d,h2_h3_baseline,market,2789.2697288875042,0.0,0.0,0.0
fa61e8da29b3baafdabaf98f,h2_h3_baseline,market,2759.9176747225983,0.0,0.0,0.0
5caa7c2e2f8ca29b9167a068,h2_h3_baseline,market,2600.0092904397598,0.0,0.0,0.0
94ce9ca6113a965705d1d66b,h2_h3_baseline,market,3381.7262696513303,0.0,0.0,0.0
8a354c33ce57313fa844426a,h2_h3_baseline,market,2318.1079436530135,0.0,0.0,0.0
f297fc725927a53043082330,h2_h3_baseline,market,2683.958342803931,0.0,0.0,0.0
a4e71680d216c93f8ae4d476,h2_h3_baseline,market,2833.8556578197813,0.0,0.0,0.0
29d811228b472ff855012d19,h2_h3_baseline,market,2407.8811964417164,0.0,0.0,0.0
0f5184c9b54a2fc8dd7b0e06,h2_h3_baseline,market,2861.005111938523,0.0,0.0,0.0
af15a775414b0dd11666fc44,h2_h3_baseline,market,2971.886424787054,0.0,0.0,0.0
c8043d3d2cb04030ca2fabb3,h2_h3_baseline,market,2668.8169582812193,0.0,0.0,0.0
f3a42157c422f45ffc4cbb4a,h2_h3_baseline,market,2484.5604785480878,0.0,0.0,0.0
6326fcf6a4303f8d32e7cf12,h2_h3_baseline,market,2895.703971449471,0.0,0.0,0.0
30eb019823af256a08ea12ca,h2_h3_baseline,market,2677.974501984897,0.0,0.0,0.0
608f6dc3bbeab3aec79e662a,h2_h3_baseline,market,2561.4058613600323,0.0,0.0,0.0
99e4bc92dc52041459ae7825,h2_h3_baseline,market,2823.342648213262,0.0,0.0,0.0
f60664f753951e3532fca484,h2_h3_baseline,market,2688.2218578635375,0.0,0.0,0.0
9c1dc3994b83e952bf730289,h2_h3_baseline,market,2632.5190728461043,0.0,0.0,0.0
f1c1f7e51a1e3fd6c537eb07,h2_h3_baseline,market,3178.2860465666313,0.0,0.0,0.0
c35533f51c166ac92a2a87c9,h2_h3_baseline,market,2514.251208160355,0.0,0.0,0.0
b8e309d56d7fa231b4cb25ae,h2_h3_baseline,market,3231.8884972478695,0.0,0.0,0.0
33e979f8a5f58d98e7805679,h2_h3_baseline,market,2879.4381546254417,0.0,0.0,0.0
5b98db4045f8afde1af6b1fc,h2_h3_baseline,market,3704.125041259692,0.0,0.0,0.0
0e0996023f3d5c378f5c87c7,h2_h3_baseline,market,3912.852566464163,0.0,0.0,0.0
4fb4ada4fcce6affedff1260,h2_h3_baseline,market,2467.487699663107,0.0,0.0,0.0
b681c4de707c7454c517a956,h2_h3_baseline,market,3390.964826440404,0.0,0.0,0.0
43c3e833614d4182890b499e,h2_h3_baseline,market,2650.380598894815,0.0,0.0,0.0
e1e302152a32b6631401b1c2,h2_h3_baseline,market,2716.9599317593047,0.0,0.0,0.0
91a29d0be455b91ffb48245b,h2_h3_baseline,market,3012.5315992903206,0.0,0.0,0.0
12a359183bbb2d632d984db5,h2_h3_baseline,market,2654.9106979938406,0.0,0.0,0.0
92a4ff514f409f86708c0908,h2_h3_baseline,market,2746.158246226868,0.0,0.0,0.0
e79f279321285c1d356679f8,h2_h3_baseline,market,2566.2554454767237,0.0,0.0,0.0
6ad2fd827314a35d4a12d7b6,h2_h3_baseline,market,2767.0006478586893,0.0,0.0,0.0
5e102a09e4683f740866ee9f,h2_h3_baseline,market,2675.0419099530523,0.0,0.0,0.0
6dd1762a43a149b07f1beb5c,h2_h3_baseline,market,2559.10147161779,0.0,0.0,0.0
5b20020b1d817574dc81f393,h2_h3_baseline,market,2449.375600409479,0.0,0.0,0.0
83340e33868d9928c3cb4682,h2_h3_baseline,market,2509.19201661239,0.0,0.0,0.0
e2f3d3c7e982820a4055efb2,h2_h3_baseline,market,2639.8192493102083,0.0,0.0,0.0
d4769dd99f0843fc243b3f1a,h2_h3_baseline,market,2823.8734256280777,0.0,0.0,0.0
91942e6096a42e270ed26229,h2_h3_baseline,market,2935.4584177943557,0.0,0.0,0.0
1046690078d14a9f9c1ef0f5,h2_h3_baseline,market,2346.1128115411175,0.0,0.0,0.0
36ad49cfc2756b3ea1b161ea,h2_h3_baseline,market,2339.9751595360563,0.0,0.0,0.0
dcbbbd0acb71994e25780937,h2_h3_baseline,market,3317.257018836802,0.0,0.0,0.0
8592e4e60ad2b8decf041951,h2_h3_baseline,market,3033.4944712678835,0.0,0.0,0.0
f075db33edea0612c65d0fa0,h2_h3_baseline,market,2482.102862958494,0.0,0.0,0.0
dcd79f8815302f073428bb28,h2_h3_baseline,market,2786.7164129137545,0.0,0.0,0.0
d1798c3afef946ba4b0960c4,h2_h3_baseline,market,3339.8916013961248,0.0,0.0,0.0
a017c1cf90762d08d8d93316,h2_h3_baseline,market,2580.887164440136,0.0,0.0,0.0
489ac77096d740686ad6061b,h2_h3_baseline,market,2351.2038257994104,0.0,0.0,0.0
3eafa884de0b2f662f8cd22a,h2_h3_baseline,market,2756.671726899717,0.0,0.0,0.0
00d4bfdbaa5f35ba119eabf7,h2_h3_baseline,market,2713.6686940542245,0.0,0.0,0.0
61e74afca331e93322959ca2,h2_h3_baseline,market,2638.831384798231,0.0,0.0,0.0
43fa4beb508950f4b796b83e,h2_h3_baseline,market,2836.4902530196327,0.0,0.0,0.0
2c2f3ee0f97dff1708e1d49b,h2_h3_baseline,market,2837.9285903546347,0.0,0.0,0.0
997e9c8c5f29a3ee8b38c589,h2_h3_baseline,market,2227.8087112855433,0.0,0.0,0.0
a3790b278d340f836b5d9bcf,h2_h3_baseline,market,2581.5016729909225,0.0,0.0,0.0
b95aee3c39cfd718c689eb76,h2_h3_baseline,market,2913.716026172698,0.0,0.0,0.0
e526741d7b7459e79f7a2828,h2_h3_baseline,market,2405.857022668988,0.0,0.0,0.0
980fcad2dd938de479b81f01,h2_h3_baseline,market,2666.8181939106844,0.0,0.0,0.0
0a1d4ea71bceada4744e9d37,h2_h3_baseline,market,2486.228681815325,0.0,0.0,0.0
dd5aa00c6d7a4c8a5cf25414,h2_h3_baseline,market,2826.4134721542005,0.0,0.0,0.0
78b9b7976f810276532f2ded,h2_h3_baseline,market,2912.611851218523,0.0,0.0,0.0
2f69384985f5d6bf6f366d51,h2_h3_baseline,market,2543.348701844082,0.0,0.0,0.0
48e1505e49e160100a5d4443,h2_h3_baseline,market,3217.0665683569414,0.0,0.0,0.0
b1f8ac1bc32cc46097e65659,h2_h3_baseline,market,2957.7393955292423,0.0,0.0,0.0
52d00a72d92ec89a80797bf6,h2_h3_baseline,market,3083.6685412497045,0.0,0.0,0.0
6cb4b1936950c94f9815f23b,h2_h3_baseline,market,2582.716225718269,0.0,0.0,0.0
50880fe588443d1aa76054c4,h2_h3_baseline,market,2541.8182433512143,0.0,0.0,0.0
5bf595ee6be82ae76314b5da,h2_h3_baseline,market,2526.0102105410983,0.0,0.0,0.0
e34edac7cad966a2e81c68f2,h2_h3_baseline,market,2751.7291904432977,0.0,0.0,0.0
5329cd136ce5deef55a3315a,h2_h3_baseline,market,2858.7044727335488,0.0,0.0,0.0
cde3ffb3e987d081e1569be3,h2_h3_baseline,market,2518.1209690459204,0.0,0.0,0.0
8ef05179a00c5ace36401a72,h2_h3_baseline,market,2553.5052603904155,0.0,0.0,0.0
61814ee2d2379972f23a213c,h2_h3_baseline,market,2904.7907494352803,0.0,0.0,0.0
e59f195f0bae9c7f1652e661,h2_h3_baseline,market,2452.9749212431907,0.0,0.0,0.0
7300f3a0bce608cc3276f6d5,h2_h3_baseline,market,2819.236552777597,0.0,0.0,0.0
91fc0e8464f2875fdb4c654a,h2_h3_baseline,market,2214.465672998275,0.0,0.0,0.0
6f23c803796c9565c20b065d,h2_h3_baseline,market,2902.482185467164,0.0,0.0,0.0
b2c17f3138e510016b69dadd,h2_h3_baseline,market,2991.069413724387,0.0,0.0,0.0
0ca7f36dc1b4869e726afc1f,h2_h3_baseline,market,2357.2917128244358,0.0,0.0,0.0
b756fab02805ce99b4b10a19,h2_h3_baseline,market,2656.751513077005,0.0,0.0,0.0
f7c6a8d57c52b5697b159333,h2_h3_baseline,market,2747.9704025925143,0.0,0.0,0.0
539ae3dc9f5cf0164a63626f,h2_h3_baseline,market,2791.2745273599417,0.0,0.0,0.0
aab2d1115140938b64cf3a73,h2_h3_baseline,market,3155.83978161536,0.0,0.0,0.0
1432ac36799598659d483e99,h2_h3_baseline,market,3018.5256935833195,0.0,0.0,0.0
1144b3bc7271709a01e41228,h2_h3_baseline,market,2300.6109482557686,0.0,0.0,0.0
f02ae4bd4988e405713cf301,h2_h3_baseline,market,2566.8428493024244,0.0,0.0,0.0
4d121ae8a68a68f84652611c,h2_h3_baseline,market,3112.1314272156205,0.0,0.0,0.0
ed13ffd10f11abc399a1e9ae,h2_h3_baseline,market,3053.4811651198474,0.0,0.0,0.0
68a391a54bb13bb3f8c77c89,h2_h3_baseline,market,2463.841430935019,0.0,0.0,0.0
1cbfa01e5c5f8dbb82a27165,h2_h3_baseline,market,2619.0849981630636,0.0,0.0,0.0
a5854ee82f67a7953aabb585,h2_h3_baseline,market,2537.5208719970988,0.0,0.0,0.0
a564610d25922fc8fc98aa4c,h2_h3_baseline,market,2784.878867714591,0.0,0.0,0.0
c2d5948196b3728c8640e711,h2_h3_baseline,market,2565.226204803319,0.0,0.0,0.0
e2fd597f86d88c68f94265b5,h2_h3_baseline,market,2948.4061144489415,0.0,0.0,0.0
2d7d7a6573bf1edbf9b77efc,h2_h3_baseline,market,2758.5268476006586,0.0,0.0,0.0
28ca07715400c045459b53b5,h2_h3_baseline,market,2864.061843162801,0.0,0.0,0.0
0762f8600f1fa0c9cb518792,h2_h3_baseline,market,2501.5427513693767,0.0,0.0,0.0
dd090193737f26896fe360a4,h2_h3_baseline,market,3159.925655728566,0.0,0.0,0.0
f12fa1567e8b9f9ff000e5cc,h2_h3_baseline,market,2586.94407360926,0.0,0.0,0.0
ba744a20c3b64a3158cb5874,h2_h3_baseline,market,2839.922373769598,0.0,0.0,0.0
04c0713f2248ae44b73d9b9a,h2_h3_baseline,market,4422.479811960718,0.0,0.0,0.0
1556a7c8dcf7eb499c018901,h2_h3_baseline,market,2354.947085134108,0.0,0.0,0.0
8fe8b5e7c6994225886e031f,h2_h3_baseline,market,2377.3786135911264,0.0,0.0,0.0
aebd840a4b2c3a8a1285c54d,h2_h3_baseline,market,2601.5427916502977,0.0,0.0,0.0
9a10eb1193c31913609983a8,h2_h3_baseline,market,2522.3976148602824,0.0,0.0,0.0
894683566e6e3acfe2b51d9f,h2_h3_baseline,market,2271.2774705412703,0.0,0.0,0.0
91a26cb50618e51c451a9614,h2_h3_baseline,market,2258.804011391063,0.0,0.0,0.0
d5285b6574cacade5df2141e,h2_h3_baseline,market,2656.343560296036,0.0,0.0,0.0
00c55fc40179e8c32b6be7ec,h2_h3_baseline,market,2454.7246348039293,0.0,0.0,0.0
f86b53cd88c654e778bdfe84,h2_h3_baseline,market,2761.91880807287,0.0,0.0,0.0
208f3282822bcc706ad0c080,h2_h3_baseline,market,2607.283097392715,0.0,0.0,0.0
70d092bae852c1ebe89f7990,h2_h3_baseline,market,2886.940945620295,0.0,0.0,0.0
c383a7daac7b1e9d9d8d8221,h2_h3_baseline,market,2530.363579496002,0.0,0.0,0.0
f7330ee17638cef1ebc78073,h2_h3_baseline,market,2658.9122450409272,0.0,0.0,0.0
b994b0faa4e3d1d2134fdee6,h2_h3_baseline,market,2494.493594494296,0.0,0.0,0.0
b12dc6626430a6b9ea8f4fe9,h2_h3_baseline,market,2520.5950963462415,0.0,0.0,0.0
7a61094420c4f8381e2f8df5,h2_h3_baseline,market,2685.042270157984,0.0,0.0,0.0
7a15ba3c99a4f986447acf00,h2_h3_baseline,market,2989.5326944275785,0.0,0.0,0.0
fd0cbae34b92537d70e851fd,h2_h3_baseline,market,2867.0452620230826,0.0,0.0,0.0
1806bc7aaebde50da212c39f,h2_h3_baseline,market,2903.303443269314,0.0,0.0,0.0
6b3e682ac1f390ec667b29e2,h2_h3_baseline,market,2698.491631090925,0.0,0.0,0.0
b366c0867d2302215af7db11,h2_h3_baseline,market,2708.8769421234524,0.0,0.0,0.0
62c14f7261aae57cdef3cc9d,h2_h3_baseline,market,2816.0994848110395,0.0,0.0,0.0
e8d65fdba3161e22af7439c7,h2_h3_baseline,market,2872.2189538209745,0.0,0.0,0.0
6caa6375b5aa1cebb056b85e,h2_h3_baseline,market,3117.647250630695,0.0,0.0,0.0
2c725d3efb1386213a279405,h2_h3_baseline,market,2827.4235794248143,0.0,0.0,0.0
0343016bd64173dee9605014,h2_h3_baseline,market,2237.9176478210306,0.0,0.0,0.0
a8c99caffa0e3839cb32c171,h2_h3_baseline,market,2552.615476995545,0.0,0.0,0.0
2f8568dc6dc521d5a2e05288,h2_h3_baseline,market,2576.820786259203,0.0,0.0,0.0
4221b5b57ea11b5cadb85b41,h2_h3_baseline,market,2585.046278407213,0.0,0.0,0.0
57824cb434267dc67799fef2,h2_h3_baseline,market,3131.0277447461003,0.0,0.0,0.0
8adad7840091b4636cae4fa3,h2_h3_baseline,market,2540.062058873634,0.0,0.0,0.0
86c66c4598e5c5dc296897cf,h2_h3_baseline,market,2461.1211878304653,0.0,0.0,0.0
8e6ef3fc90155dfc1399de05,h2_h3_baseline,market,2610.149852950397,0.0,0.0,0.0
44fe5c46f13dd4833b286493,h2_h3_baseline,market,2533.3657752337253,0.0,0.0,0.0
ff95cc83ec709c772e76b77a,h2_h3_baseline,market,2839.7860789787637,0.0,0.0,0.0
3c374d729481b16b039ecab7,h2_h3_baseline,market,3336.3249110226743,0.0,0.0,0.0
aca2505d74e273028394ccda,h2_h3_baseline,market,2627.5469990738934,0.0,0.0,0.0
ddd6929654aefff3a5bc9971,h2_h3_baseline,market,2818.6554071304536,0.0,0.0,0.0
9576c40fc6d2801d61b16bc6,h2_h3_baseline,market,2724.510603670867,0.0,0.0,0.0
e3b33dfdf7c2d4d97ca29e0a,h2_h3_baseline,market,2448.6392660405786,0.0,0.0,0.0
e3e75bf8676f976d1e2a23ad,h2_h3_baseline,market,2524.9344067800002,0.0,0.0,0.0
0ce7d3683dcca79a6b2271fe,h2_h3_baseline,market,2433.604619309406,0.0,0.0,0.0
2d43d27934d733e45c986bd9,h2_h3_baseline,market,2617.150222897153,0.0,0.0,0.0
0a71b4abf74589cbe0d80732,h2_h3_baseline,market,2414.0549319287984,0.0,0.0,0.0
638d646c1015cd9c6e3f59ba,h2_h3_baseline,market,2705.792322243457,0.0,0.0,0.0
b3ec338e31c10cf86240c5eb,h2_h3_baseline,market,2918.4865513727746,0.0,0.0,0.0
7904caff7a0d9e70f044c867,h2_h3_baseline,market,2814.2616309072405,0.0,0.0,0.0
e671193731222391216caa05,h2_h3_baseline,market,2892.819056736887,0.0,0.0,0.0
0422c07c8ffbb1e6b03b0f54,h2_h3_baseline,market,2618.8503180642033,0.0,0.0,0.0
2b9c917c423a7cd3d3a7119e,h2_h3_baseline,market,2599.024292779845,0.0,0.0,0.0
2aadfa1ca9a9aacf1f5ccfe9,h2_h3_baseline,market,2917.6972127841314,0.0,0.0,0.0
8710f80b66d3e2b7bfeeb65f,h2_h3_baseline,market,3498.07210329562,0.0,0.0,0.0
3954664f3a35875d6e7e5e12,h2_h3_baseline,market,2840.3197578848603,0.0,0.0,0.0
6da10ef65d70f0c5d294c11a,h2_h3_baseline,market,2555.93551121441,0.0,0.0,0.0
f950bc9a7216402519b2bae5,h2_h3_baseline,market,2223.9202949010537,0.0,0.0,0.0
0b66c901855852d877a7c18c,h2_h3_baseline,market,2901.992410174257,0.0,0.0,0.0
5175c9257fcbfd3261d5ef9a,h2_h3_baseline,market,2870.5268017478875,0.0,0.0,0.0
29982cfa5931e4b71d916b94,h2_h3_baseline,market,2508.319812681632,0.0,0.0,0.0
e0d187e70a2a4fb808b552c3,h2_h3_baseline,market,2758.5651965091715,0.0,0.0,0.0
ebe31e3a0cceec97adc66734,h2_h3_baseline,market,3385.3897428891382,0.0,0.0,0.0
8596c5086feb9318012b9bc3,h2_h3_baseline,market,2678.9854311315185,0.0,0.0,0.0
c0cfec9911755b63ca383e33,h2_h3_baseline,market,2679.7028953592458,0.0,0.0,0.0
6d15cdb4b9be702be9c2f7f6,h2_h3_baseline,market,2304.044511080194,0.0,0.0,0.0
00fcd8cfe347a45810d39071,h2_h3_baseline,market,2880.3674389000203,0.0,0.0,0.0
ca889b8c7061d9b63401d6d8,h2_h3_baseline,market,2689.6911167268568,0.0,0.0,0.0
a2b807cc7d3b93bb1d12eb5e,h2_h3_baseline,market,2695.200403904312,0.0,0.0,0.0
f8f84891cc4f6abba11f8e50,h2_h3_baseline,market,2561.8471760617463,0.0,0.0,0.0
c80649a8af9b29964a5f9f60,h2_h3_baseline,market,3976.219019048471,0.0,0.0,0.0
120d0bb1677f883c02bede13,h2_h3_baseline,market,2556.20699205463,0.0,0.0,0.0
61729dd92adfcc5635945149,h2_h3_baseline,market,2676.5125105504503,0.0,0.0,0.0
d3403aab83fc8462569b838a,h2_h3_baseline,market,2782.4895899889216,0.0,0.0,0.0
92852b55c1fa80b1f508c69d,h2_h3_baseline,market,2374.0220003341683,0.0,0.0,0.0
6a3b29642795d56f0fa41e79,h2_h3_baseline,market,2861.836093270848,0.0,0.0,0.0
fab000c9648e51c3c7dfb4ac,h2_h3_baseline,market,2953.862906580811,0.0,0.0,0.0
036ac55aa72a4e487a7e769f,h2_h3_baseline,market,2651.0151389911885,0.0,0.0,0.0
596eba783f687199378e5489,h2_h3_baseline,market,2528.4306945054855,0.0,0.0,0.0
126d7d9cd11d34bb2357ad0c,h2_h3_baseline,market,2175.688539000277,0.0,0.0,0.0
2311b9995fcde2da11bfcf1a,h2_h3_baseline,market,2420.23637355609,0.0,0.0,0.0
f1fb618fc3ea72ad2479b2eb,h2_h3_baseline,market,2634.8258093776617,0.0,0.0,0.0
2e629ae1264d7e73a2efb4f3,h2_h3_baseline,market,2471.1373075741385,0.0,0.0,0.0
755157a9648f9d44714dc7f9,h2_h3_baseline,market,2488.987921119243,0.0,0.0,0.0
f6c1019b3ddc1e0c7228f68f,h2_h3_baseline,market,2867.7111488362116,0.0,0.0,0.0
4d55c77ec27132e71fdbeb4d,h2_h3_baseline,market,2710.394998426958,0.0,0.0,0.0
49dfbac8bbc5bb70436b8fad,h2_h3_baseline,market,3257.7549275776755,0.0,0.0,0.0
3acfed99a38a1dbe33065929,h2_h3_baseline,market,2714.1930256296237,0.0,0.0,0.0
d1ce6f6ac9b8c17f477cb61b,h2_h3_baseline,market,2644.8741958588776,0.0,0.0,0.0
8718090bd799fe8b61e19b3e,h2_h3_baseline,market,2684.252045193227,0.0,0.0,0.0
b2c09a42859f2497465cb29c,h2_h3_baseline,market,2829.0520910680893,0.0,0.0,0.0
abe99330297081b1be250b10,h2_h3_baseline,market,2497.6062374824887,0.0,0.0,0.0
e51a21a0a16065210afb083c,h2_h3_baseline,market,2641.845728577411,0.0,0.0,0.0
65dd819e210bc45c0bb925bc,h2_h3_baseline,market,2689.789029921585,0.0,0.0,0.0
d35ca9df0c75774658aa900a,h2_h3_baseline,market,2495.9766958842984,0.0,0.0,0.0
e946f080911e6dd6a9c81999,h2_h3_baseline,market,2272.309245739364,0.0,0.0,0.0
ff489cccd41dedabc81fed53,h2_h3_baseline,market,2540.7741456592,0.0,0.0,0.0
d0ef4656589ea312e9aefdbb,h2_h3_baseline,market,2213.8818512240337,0.0,0.0,0.0
8cb678bcb9cb8fadf40ff16c,h2_h3_baseline,market,3477.779120930599,0.0,0.0,0.0
ea1990e9d7e8264f5db2c8dc,h2_h3_baseline,market,2281.2888887179,0.0,0.0,0.0
0a4a8e7d7d8087f782d19754,h2_h3_baseline,market,2696.3019089827176,0.0,0.0,0.0
546bd37d654894c6edf95c92,h2_h3_baseline,market,2711.4547438304307,0.0,0.0,0.0
fb3801e3ca80c00a10ad58d4,h2_h3_baseline,market,2730.668405814191,0.0,0.0,0.0
1ef4edad1a6330b07d7dc8d5,h2_h3_baseline,market,2878.5610648166985,0.0,0.0,0.0
bb7d0181e215aab6b187735f,h2_h3_baseline,market,2634.8176719853413,0.0,0.0,0.0
df69e122749c05a515518aa6,h2_h3_baseline,market,2699.4754917154733,0.0,0.0,0.0
f9e0c929d11a8d0e90cecdd1,h2_h3_baseline,market,3864.785737055555,0.0,0.0,0.0
aae3b7c9ac2188e575b220a4,h2_h3_baseline,market,2412.853188360167,0.0,0.0,0.0
83b529c47286cdb7769727e2,h2_h3_baseline,market,2830.9323944703706,0.0,0.0,0.0
da1326b00d56a3aa27789cd7,h2_h3_baseline,market,2921.821371191061,0.0,0.0,0.0
bd7ae7efc28ae95146831a36,h2_h3_baseline,market,2662.712922574889,0.0,0.0,0.0
db70b577a7d8e357969a0779,h2_h3_baseline,market,2953.3867424982614,0.0,0.0,0.0
20fe865da3120ef842022566,h2_h3_baseline,market,2751.9389474426457,0.0,0.0,0.0
da6dbafa99fc524e5b8471a2,h2_h3_baseline,market,2690.979639300961,0.0,0.0,0.0
9a2ad7f1195a0a2e600af0bd,h2_h3_baseline,market,2964.5296303485597,0.0,0.0,0.0
b05dcdb3caa654281306b836,h2_h3_baseline,market,2743.4241810347644,0.0,0.0,0.0
cb79848bcdffb50c4cf7fffe,h2_h3_baseline,market,2655.692667382228,0.0,0.0,0.0
ed0146cd73cc6a4331ea9a82,h2_h3_baseline,market,2766.2828482823343,0.0,0.0,0.0
5c5f13732648f6b1eba6e1b6,h2_h3_baseline,market,2845.8909987393763,0.0,0.0,0.0
973990f6610e35f72c7d584b,h2_h3_baseline,market,2493.2981206117242,0.0,0.0,0.0
a9dcdd2b9f7f1fa02cc789ef,h2_h3_baseline,market,2465.2452891427697,0.0,0.0,0.0
b552c7e6ea80a6a779d70f29,h2_h3_baseline,market,2664.6023964466845,0.0,0.0,0.0
0bab14ed0e9a2a4206db7291,h2_h3_baseline,market,2817.3983959105376,0.0,0.0,0.0
a81d7f785bcdf2e9af6f7254,h2_h3_baseline,market,2692.653218906771,0.0,0.0,0.0
3c3494b0d7ccbb7ca2c2c833,h2_h3_baseline,market,2635.7321619308,0.0,0.0,0.0
b6e575b706ec26d816fa4ca5,h2_h3_baseline,market,2416.803590677033,0.0,0.0,0.0
70e5265d4f1bd3e0200b69d8,h2_h3_baseline,market,2592.5051567677474,0.0,0.0,0.0
fe8f003accfd714c5e9f7858,h2_h3_baseline,market,3588.2596533870255,0.0,0.0,0.0
d7cea8563e74f675ff6de628,h2_h3_baseline,market,2863.4620943433547,0.0,0.0,0.0
6bf4cd79e2ca66fdeedd75ed,h2_h3_baseline,market,2606.0757477353313,0.0,0.0,0.0
161cd7897fb74e8f2b056710,h2_h3_baseline,market,3550.243064141791,0.0,0.0,0.0
5bb6e0e6490b68083416bb94,h2_h3_baseline,market,2443.3372487229103,0.0,0.0,0.0
2f17bf39668ff0b7be08a89b,h2_h3_baseline,market,2995.2255868021166,0.0,0.0,0.0
934f81d1f39602c4de195e45,h2_h3_baseline,market,2709.332913598281,0.0,0.0,0.0
feb37af11ea9cf311846488b,h2_h3_baseline,market,2892.1326967233445,0.0,0.0,0.0
d04055492e526dc59065934c,h2_h3_baseline,market,2891.9450458966885,0.0,0.0,0.0
0405a3d6e15b05fe0c4e688e,h2_h3_baseline,market,2612.9130909288115,0.0,0.0,0.0
8d6604b5545776a257cea7c1,h2_h3_baseline,market,2505.133852567175,0.0,0.0,0.0
3091122a48edbf8366ffb9c2,h2_h3_baseline,market,2905.0552975056376,0.0,0.0,0.0
21f2fa28195620cfdec28e10,h2_h3_baseline,market,2839.813142166827,0.0,0.0,0.0
af801d7d0a69a77ac4d2a06c,h2_h3_baseline,market,3075.652538506546,0.0,0.0,0.0
5143de694752d98e30fd33c0,h2_h3_baseline,market,2430.0138924031944,0.0,0.0,0.0
cd9a5b4054ed7b4f8509ffce,h2_h3_baseline,market,4637.377072117454,0.0,0.0,0.0
318732e1051a863c5debbe5d,h2_h3_baseline,market,3008.9005152319537,0.0,0.0,0.0
c3d629365a1fd54c013b2fbc,h2_h3_baseline,market,2539.6600790536318,0.0,0.0,0.0
f5e39ed5459622626270487b,h2_h3_baseline,market,2762.3730565415153,0.0,0.0,0.0
2b0ee3ae2c2d0954f1c04ba4,h2_h3_baseline,market,2833.3938310221247,0.0,0.0,0.0
483e422abfec47aa2bf3851c,h2_h3_baseline,market,2787.9348550544933,0.0,0.0,0.0
131f7b6087e12dff6f47af0d,h2_h3_baseline,market,2547.3436603967734,0.0,0.0,0.0
aede55a491e54a26ceac90cc,h2_h3_baseline,market,2423.605597543888,0.0,0.0,0.0
b6b73962e17f572fe9b19520,h2_h3_baseline,market,2854.1620031690336,0.0,0.0,0.0
b1804351bd1c9d7312775cb5,h2_h3_baseline,market,2547.713599802622,0.0,0.0,0.0
dcd5dcc28234f2369a42b12b,h2_h3_baseline,market,2389.0179111652933,0.0,0.0,0.0
95d81c5f1fab74e84ebbdabd,h2_h3_baseline,market,2792.0212369581,0.0,0.0,0.0
a72642cc5ddf575953f125d1,h2_h3_baseline,market,2760.7247992090943,0.0,0.0,0.0
8a6edb1b9ddac6b2694ff103,h2_h3_baseline,market,2629.0718174706167,0.0,0.0,0.0
b9ba63ea35c377aaaf74a669,h2_h3_baseline,market,2311.7605780048366,0.0,0.0,0.0
ac335b060146e4de74e162f6,h2_h3_baseline,market,2654.003570130556,0.0,0.0,0.0
69b6cb97fb5e4c4df302c0bd,h2_h3_baseline,market,2859.695015274627,0.0,0.0,0.0
2210420efaad687f94e7f244,h2_h3_baseline,market,2865.776770435158,0.0,0.0,0.0
e8cf40b4dfd0a3cdfd3e1574,h2_h3_baseline,market,2863.851624370232,0.0,0.0,0.0
7089ca00705a122d881e73cf,h2_h3_baseline,market,2668.9623495772144,0.0,0.0,0.0
5944297389c4fb041b0daf18,h2_h3_baseline,market,2363.343506699549,0.0,0.0,0.0
bdd800265d75b4e3b6fed29e,h2_h3_baseline,market,2796.5629850799573,0.0,0.0,0.0
5c7ba025ccbe81129d362e50,h2_h3_baseline,market,2728.3214442025464,0.0,0.0,0.0
41e0e3029bc7c140433c55ad,h2_h3_baseline,market,2502.600901674069,0.0,0.0,0.0
0041a73b94072d88d52863f6,h2_h3_baseline,market,2619.543259493905,0.0,0.0,0.0
854c727e981432b781492dc2,h2_h3_baseline,market,2741.9759065167027,0.0,0.0,0.0
0be15e1746c5a5be71e61743,h2_h3_baseline,market,2857.5326844421816,0.0,0.0,0.0
5433f8cdd6d331aae98772a6,h2_h3_baseline,market,3192.3062871575908,0.0,0.0,0.0
37ba5a6e0c1a849b93b97f69,h2_h3_baseline,market,2707.0515459372677,0.0,0.0,0.0
a71e746db828d89297095e74,h2_h3_baseline,market,2952.3411416258855,0.0,0.0,0.0
a7f054aac5228a05c6f5d315,h2_h3_baseline,market,2375.644829829411,0.0,0.0,0.0
3681e2624136cf6b83cc4a46,h2_h3_baseline,market,2495.3182696912863,0.0,0.0,0.0
34da37b619a5bdad9ed21efe,h2_h3_baseline,market,3149.1343794555364,0.0,0.0,0.0
c8b3b45913b9a6791d44231c,h2_h3_baseline,market,2349.5088529743325,0.0,0.0,0.0
905e8bc5cc63ea9ebe21ca74,h2_h3_baseline,market,2933.4481491009137,0.0,0.0,0.0
39ff1838fa80303f38957036,h2_h3_baseline,market,2536.989215438176,0.0,0.0,0.0
7c9dd1b6761565d168a7c1ee,h2_h3_baseline,market,3199.3281802229244,0.0,0.0,0.0
99b97edc1a2a6d6841c03210,h2_h3_baseline,market,2406.614086479729,0.0,0.0,0.0
8ec27d30593ec7645edf4cf3,h2_h3_baseline,market,2034.1799199314733,0.0,0.0,0.0
6149dbb9226bba2c659a0616,h2_h3_baseline,market,3103.8493219616716,0.0,0.0,0.0
b454a6a450acb3dc24e7866e,h2_h3_baseline,market,2786.4525470922094,0.0,0.0,0.0
15d702517b5bd42b0344baea,h2_h3_baseline,market,3115.839541144059,0.0,0.0,0.0
ebe04c9d4de56d02f658be61,h2_h3_baseline,market,3276.4640776639853,0.0,0.0,0.0
d24534c5873b361e1657713a,h2_h3_baseline,market,2591.636682160682,0.0,0.0,0.0
419b4b932dfe5617e66005ef,h2_h3_baseline,market,2635.93709515525,0.0,0.0,0.0
065591a4339b14cc9b77e510,h2_h3_baseline,market,2801.209946047961,0.0,0.0,0.0
b0264303536ce82e52dac6f0,h2_h3_baseline,market,2586.837055714434,0.0,0.0,0.0
940d9be730af512d992d700d,h2_h3_baseline,market,2137.5753781344947,0.0,0.0,0.0
01488b31adc996c7fae410b1,h2_h3_baseline,market,2465.8938724464188,0.0,0.0,0.0
6afbd49b1bf0f3d9092bd7b1,h2_h3_baseline,market,2643.229196921496,0.0,0.0,0.0
ad16a21e12a97909b1b55395,h2_h3_baseline,market,3518.937280310527,0.0,0.0,0.0
c0bce32d43aee5e583f8d5db,h2_h3_baseline,market,2935.105793804124,0.0,0.0,0.0
6190f3929b98ec67ce343e40,h2_h3_baseline,market,2462.2370754323974,0.0,0.0,0.0
a5b5d9cad2636fa8a28fff6e,h2_h3_baseline,market,2248.959910221038,0.0,0.0,0.0
a6afc3d7dce90c72213e4ef9,h2_h3_baseline,market,2667.2079631560273,0.0,0.0,0.0
d4e88f7d2b113c7fa3f99589,h2_h3_baseline,market,2420.4037550593966,0.0,0.0,0.0
48d25a218f862e7693590c00,h2_h3_baseline,market,2609.805374619769,0.0,0.0,0.0
c2f352274d2f09b31179f42c,h2_h3_baseline,market,2265.9972171702475,0.0,0.0,0.0
ed75e217c0bca526efb7d2c3,h2_h3_baseline,market,2446.3071317820427,0.0,0.0,0.0
9dc6428b3237d169b8cdbbf8,h2_h3_baseline,market,2796.6751387859267,0.0,0.0,0.0
7ee13b3c5ad9fe8af429c019,h2_h3_baseline,market,2750.7199408212186,0.0,0.0,0.0
33e749dbddeab95783f62a63,h2_h3_baseline,market,2872.4025249773836,0.0,0.0,0.0
b84b563dcbf87c8d4f18b5a3,h2_h3_baseline,market,2417.4543379834154,0.0,0.0,0.0
9b17ae473019b60e7c2b9705,h2_h3_baseline,market,2516.9801508651244,0.0,0.0,0.0
c6ca4c5dad97b676ddafc538,h2_h3_baseline,market,3107.232052090896,0.0,0.0,0.0
4a339888195dcf6c8f612bbd,h2_h3_baseline,market,2797.1494200801867,0.0,0.0,0.0
2c4db5660e3d6e369819ac93,h2_h3_baseline,market,3408.410283179672,0.0,0.0,0.0
38742a24cd9aca933b80ab62,h2_h3_baseline,market,2483.038204182299,0.0,0.0,0.0
8ca59c9b4cc1070e11dcfde0,h2_h3_baseline,market,2327.0736028870037,0.0,0.0,0.0
83b0b316f0b70315670b6d2d,h2_h3_baseline,market,2435.834815919171,0.0,0.0,0.0
3dc2acdccd6b17a97420c857,h2_h3_baseline,market,2166.3215515499146,0.0,0.0,0.0
32b52324e9d4d69b3ae7ebb2,h2_h3_baseline,market,2797.136452231242,0.0,0.0,0.0
1e852ff078d3857bddc675b7,h2_h3_baseline,market,2535.4458985760007,0.0,0.0,0.0
08e0ef23c418bfbb66d66a05,h2_h3_baseline,market,2689.955834047096,0.0,0.0,0.0
f323a4494537371767f78f16,h2_h3_baseline,market,2558.17422809885,0.0,0.0,0.0
c5191da4f0f858c7cedf6d8a,h2_h3_baseline,market,2631.4726239879583,0.0,0.0,0.0
a3b8b9e1a612677f8079ac94,h2_h3_baseline,market,2324.2977448687807,0.0,0.0,0.0
64c593074cd0fdd6bb69c4b2,h2_h3_baseline,market,2691.466517598101,0.0,0.0,0.0
5cc8f35d48d3f90fb97f0e19,h2_h3_baseline,market,3720.6365581349673,0.0,0.0,0.0
0f5c74b940567eb76960ab6c,h2_h3_baseline,market,2620.0792750577048,0.0,0.0,0.0
fbf345e8cfe30a4313d3e6e2,h2_h3_baseline,market,3713.501380641034,0.0,0.0,0.0
78060951daa5b1af4990c4a6,h2_h3_baseline,market,2678.5849130219494,0.0,0.0,0.0
adaa82c7279765dc13d21e90,h2_h3_baseline,market,2302.3431536058524,0.0,0.0,0.0
b4d38f6a694a1f7c8e5f5cb2,h2_h3_baseline,market,3216.630757493956,0.0,0.0,0.0
70278a83a5c6b2e74481c684,h2_h3_baseline,market,2678.855158751347,0.0,0.0,0.0
d1b9d44ee45404a1d0bf20ca,h2_h3_baseline,market,2225.350552778392,0.0,0.0,0.0
8daa4b3e7dfd0fd7ad4c8893,h2_h3_baseline,market,3324.6521437156844,0.0,0.0,0.0
87bb4ad4d0caf97f910b5b88,h2_h3_baseline,market,2620.3018246852716,0.0,0.0,0.0
8b8fccfbb67a0adb51e65c1c,h2_h3_baseline,market,2967.259337626828,0.0,0.0,0.0
1ee6aa296dff6363593c0416,h2_h3_baseline,market,2842.7121422599516,0.0,0.0,0.0
e0eb07491ebb6b9e732aeb8c,h2_h3_baseline,market,2692.5703529892644,0.0,0.0,0.0
a0209271270e7530d8b2a1f1,h2_h3_baseline,market,2463.9511653828768,0.0,0.0,0.0
59c40196a967110b2ed46bd8,h2_h3_baseline,market,2275.3283426458397,0.0,0.0,0.0
8486b02ff67ba80123ed3e7b,h2_h3_baseline,market,2227.917725452487,0.0,0.0,0.0
78aa48ab1f49f86821b7f715,h2_h3_baseline,market,2681.4394630795346,0.0,0.0,0.0
97ea1201710d602c9315a502,h2_h3_baseline,market,2770.449841999561,0.0,0.0,0.0
6d9c3821d5758a2526933979,h2_h3_baseline,market,2632.1289823049174,0.0,0.0,0.0
00f9143217898f978c854bc3,h2_h3_baseline,market,2715.4236152986978,0.0,0.0,0.0
d691502886aff24c1563ab5c,h2_h3_baseline,market,2738.0372011894347,0.0,0.0,0.0
11cd239bd83f70ccb98856b8,h2_h3_baseline,market,2683.666743924322,0.0,0.0,0.0
75fe97abc12b1c0f45f13bbe,h2_h3_baseline,market,2724.790989130093,0.0,0.0,0.0
8e8173e08d759fa729bdfeff,h2_h3_baseline,market,3696.5032640842555,0.0,0.0,0.0
f5f4e480b941a06954b20d81,h2_h3_baseline,market,2532.155435852888,0.0,0.0,0.0
adc94f95b2eaae223b8b6b95,h2_h3_baseline,market,2666.992045140423,0.0,0.0,0.0
e2063eabbff74ed12a3ea8ee,h2_h3_baseline,market,2951.9261829961483,0.0,0.0,0.0
58c56c1b0c6aa923909f01d3,h2_h3_baseline,market,2613.6653003872243,0.0,0.0,0.0
ed1437d1b96b1c7ee565f93c,h2_h3_baseline,market,2657.7628417787687,0.0,0.0,0.0
b5395cdcf314805279d76790,h2_h3_baseline,market,2685.569767497987,0.0,0.0,0.0
2c515867eb5580efe13d497b,h2_h3_baseline,market,2651.37548141527,0.0,0.0,0.0
1d2b7de4f89763b468760c33,h2_h3_baseline,market,2715.348261850659,0.0,0.0,0.0
4ef5415c362c8be2635c8993,h2_h3_baseline,market,3431.7492203586125,0.0,0.0,0.0
f8b1ea435faac39fce65787d,h2_h3_baseline,market,2456.535483300277,0.0,0.0,0.0
d4248c3a6fad2a3d252054c4,h2_h3_baseline,market,2729.9340104157664,0.0,0.0,0.0
c872de5cb0df7abd727b5802,h2_h3_baseline,market,2353.6084288608504,0.0,0.0,0.0
5db7c868d3b9d7c4096fd3dc,h2_h3_baseline,market,2688.9883181375667,0.0,0.0,0.0
31937e3b3e9d623655d6fb68,h2_h3_baseline,market,2404.318631932348,0.0,0.0,0.0
cd75866fc4fb3d37297c8329,h2_h3_baseline,market,2372.6342630676263,0.0,0.0,0.0
a1bc7025cbfdd1a461b6c5ba,h2_h3_baseline,market,2704.4943076239924,0.0,0.0,0.0
dfb463c432e834d8f633db37,h2_h3_baseline,market,3099.621821716295,0.0,0.0,0.0
ddf4c404c68bfd25038e375a,h2_h3_baseline,market,4498.055068130493,0.0,0.0,0.0
68db94501b2421c726b39b6b,h2_h3_baseline,market,2729.9687174661276,0.0,0.0,0.0
151a8083e7e280a73e004647,h2_h3_baseline,market,2615.941787350059,0.0,0.0,0.0
7771816cf0da9c393b12eb1e,h2_h3_baseline,market,2630.8615220435468,0.0,0.0,0.0
84b51124a36607fc8617ffbe,h2_h3_baseline,market,2875.615931652709,0.0,0.0,0.0
96c0150a26c9dc754e9a0da7,h2_h3_baseline,market,2992.24385881079,0.0,0.0,0.0
da4a527f851745a28a09eeaa,h2_h3_baseline,market,3104.056657935034,0.0,0.0,0.0
43d41fe4a110e75379f2835c,h2_h3_baseline,market,2397.7729734572745,0.0,0.0,0.0
8656f14b49b6ee3cbcd9eb7f,h2_h3_baseline,market,2803.0410505730943,0.0,0.0,0.0
817334903a078d10d96dec36,h2_h3_baseline,market,2628.0149042239914,0.0,0.0,0.0
054c389dc53916d8527b8286,h2_h3_baseline,market,2267.937225483033,0.0,0.0,0.0
7098e8bec148bdd610818e9c,h2_h3_baseline,market,2604.8283588365284,0.0,0.0,0.0
45913bcd408fc372cad52150,h2_h3_baseline,market,2995.871325728789,0.0,0.0,0.0
44ded3e1d5d50777674a51c3,h2_h3_baseline,market,2319.262752180897,0.0,0.0,0.0
2fa93395948d8755de192fdc,h2_h3_baseline,market,3154.2842114934683,0.0,0.0,0.0
819a3844fa0d627a53ad0c09,h2_h3_baseline,market,2540.794267482651,0.0,0.0,0.0
7a82e6f77a685bcb5eb93a03,h2_h3_baseline,market,3925.8460287214625,0.0,0.0,0.0
2ab15d811ae8a9fa89a34d52,h2_h3_baseline,market,2545.4232058357884,0.0,0.0,0.0
0ab22121ac6878e32642ca23,h2_h3_baseline,market,2346.7992336320876,0.0,0.0,0.0
f65467ac8049b246d305e688,h2_h3_baseline,market,2696.629432601457,0.0,0.0,0.0
a8df98f69bc8182f56730439,h2_h3_baseline,market,2565.0925136482297,0.0,0.0,0.0
4a772ba5fba2e002974a961e,h2_h3_baseline,market,2661.2552163552305,0.0,0.0,0.0
9e9c86747096e1d13d30329b,h2_h3_baseline,market,2365.672342330799,0.0,0.0,0.0
17b9b8a5ca1389a4541c6377,h2_h3_baseline,market,2816.956290869747,0.0,0.0,0.0
a134de1b175b189b4e009ef7,h2_h3_baseline,market,2403.3425331915087,0.0,0.0,0.0
45396cc82a4afbb93808d9e0,h2_h3_baseline,market,2688.771011768512,0.0,0.0,0.0
ee1e863c48ac32448ea449a4,h2_h3_baseline,market,2819.465877386839,0.0,0.0,0.0
cc6218361734655d0b0ae633,h2_h3_baseline,market,2632.9277977967763,0.0,0.0,0.0
9dffa169a54c41c63a247ca2,h2_h3_baseline,market,2681.4302993153797,0.0,0.0,0.0
8543fbb9bc7d538c629599b8,h2_h3_baseline,market,2697.7745107246915,0.0,0.0,0.0
3a60ec2936e64688e6375b63,h2_h3_baseline,market,2756.744885913964,0.0,0.0,0.0
f2044f05329b32821592ca0c,h2_h3_baseline,market,2875.852732504747,0.0,0.0,0.0
ec86eb44df2f6fad7252e84e,h2_h3_baseline,market,2866.632441844251,0.0,0.0,0.0
30f712246b454a40f675ef74,h2_h3_baseline,market,2860.0399251329436,0.0,0.0,0.0
fe919ae92b9ade0efc935a72,h2_h3_baseline,market,2831.8398160188444,0.0,0.0,0.0
9560910b3e637cab3015aa99,h2_h3_baseline,market,2687.790146125981,0.0,0.0,0.0
ef3d046a2341cf7f1c3f20fe,h2_h3_baseline,market,3149.2075304173027,0.0,0.0,0.0
8ae8b5012e4207cdb2459db5,h2_h3_baseline,market,2519.957173797619,0.0,0.0,0.0
1bc130ba56e42790c194e1a0,h2_h3_baseline,market,2694.1463333344045,0.0,0.0,0.0
a7740f68b02efe340b6bd5cc,h2_h3_baseline,market,2954.5391238340603,0.0,0.0,0.0
7bfd7b62399c847af463b444,h2_h3_baseline,market,2512.622912564488,0.0,0.0,0.0
e8f101b8d745de98bdf4d36b,h2_h3_baseline,market,2771.558584826056,0.0,0.0,0.0
ec60697cfb989069ad41b003,h2_h3_baseline,market,2864.6291664333876,0.0,0.0,0.0
2f61c858e4facd5093e82f09,h2_h3_baseline,market,2864.819363359908,0.0,0.0,0.0
d4538e6f61053d5e8350f414,h2_h3_baseline,market,2329.487932816563,0.0,0.0,0.0
257bd7c6154d516c18211772,h2_h3_baseline,market,2297.9319022007408,0.0,0.0,0.0
55928aefe250c785c19d0d13,h2_h3_baseline,market,2415.1195091067602,0.0,0.0,0.0
6046f97c575cf10b42a6509e,h2_h3_baseline,market,2554.778315182171,0.0,0.0,0.0
814f5d5996c6005f9e8b80a1,h2_h3_baseline,market,2667.627824236367,0.0,0.0,0.0
3b8beb9dc66b97225906fd0e,h2_h3_baseline,market,2814.653861921323,0.0,0.0,0.0
a1f7d9fca6f97a15e347b2c6,h2_h3_baseline,market,2763.1241683455582,0.0,0.0,0.0
895a1d5e697e89ca68348512,h2_h3_baseline,market,2512.1020927195596,0.0,0.0,0.0
8182fb90ad96808133121913,h2_h3_baseline,market,2719.424824841956,0.0,0.0,0.0
825d4038edc9e909755ab148,h2_h3_baseline,market,2667.0399450380514,0.0,0.0,0.0
9a61415e5b08685d9e8810ef,h2_h3_baseline,market,2577.2764120664915,0.0,0.0,0.0
4453569e2550a7c768f75c84,h2_h3_baseline,market,2947.7013772933205,0.0,0.0,0.0
12a1a199864d6abea68911d9,h2_h3_baseline,market,3090.252305151717,0.0,0.0,0.0
e70d22e6e3568e47eae175f8,h2_h3_baseline,market,2678.9295530716977,0.0,0.0,0.0
a347e36fc507aff4f24070fc,h2_h3_baseline,market,2770.7626852011135,0.0,0.0,0.0
6b042d29074b98c884c675ce,h2_h3_baseline,market,2533.1104508006133,0.0,0.0,0.0
746a98b4eaa6498d1edf2e11,h2_h3_baseline,market,3158.1819031507903,0.0,0.0,0.0
3f0caf071aeecc07c2b108e7,h2_h3_baseline,market,2566.483370394713,0.0,0.0,0.0
9f49b0ec20deddf8964192a7,h2_h3_baseline,market,2437.000765951896,0.0,0.0,0.0
eee221bf8d1a1a301af9a3c1,h2_h3_baseline,market,2299.252139768832,0.0,0.0,0.0
34934c0699c7398ec67440cf,h2_h3_baseline,market,2168.8379183594648,0.0,0.0,0.0
4e09da75a45915e884467a56,h2_h3_baseline,market,2278.438102077995,0.0,0.0,0.0
6093a7e6cb24b524ffccceb5,h2_h3_baseline,market,2404.037008853192,0.0,0.0,0.0
771bf05de1b906d41e113cc3,h2_h3_baseline,market,2977.9256033665024,0.0,0.0,0.0
15837d90c4947ac117f32e82,h2_h3_baseline,market,2459.3602711359467,0.0,0.0,0.0
fff6723dbd54fc5173a0acb7,h2_h3_baseline,market,2389.326003409144,0.0,0.0,0.0
01018e123c056a0eae7a7f34,h2_h3_baseline,market,2425.6362746570107,0.0,0.0,0.0
3172f0c75a6ece0bcafa2cc9,h2_h3_baseline,market,2717.698428631417,0.0,0.0,0.0
d867f8044614a5411d110c2c,h2_h3_baseline,market,3020.0105432061964,0.0,0.0,0.0
ed48f3059bfd013e4c9e341e,h2_h3_baseline,market,2462.8643772175697,0.0,0.0,0.0
050959a66e9c1b8f03bc71cf,h2_h3_baseline,market,2352.666160532876,0.0,0.0,0.0
237ae23f8754c165d782dff8,h2_h3_baseline,market,3008.6693851068176,0.0,0.0,0.0
29b5ec4edfe3128b40aea27a,h2_h3_baseline,market,2822.4334380429077,0.0,0.0,0.0
566e4c6205113aaf09362f1e,h2_h3_baseline,market,2904.85990016033,0.0,0.0,0.0
2ebc5ceb2a6b447ac19eab20,h2_h3_baseline,market,2646.013572409315,0.0,0.0,0.0
cde056ac5f5a11660e14818a,h2_h3_baseline,market,2754.7768124836834,0.0,0.0,0.0
4637b7c791c334319ed8e1af,h2_h3_baseline,market,2522.1780577788963,0.0,0.0,0.0
89cbe8c7cf5db8a3b46632d6,h2_h3_baseline,market,3067.7890980572984,0.0,0.0,0.0
6f506bd01df8bc39986690a4,h2_h3_baseline,market,2824.1876253481573,0.0,0.0,0.0
fc8f817a535bf9007ada4e51,h2_h3_baseline,market,2621.01143924417,0.0,0.0,0.0
6c96611963c9069ed355dd45,h2_h3_baseline,market,2640.318100485354,0.0,0.0,0.0
c046deeddb7660dc59469c38,h2_h3_baseline,market,3139.830001765002,0.0,0.0,0.0
ed0189af55c2168ec399da37,h2_h3_baseline,market,2820.639209185218,0.0,0.0,0.0
842b29c89992729b27dedfec,h2_h3_baseline,market,2393.0189856212246,0.0,0.0,0.0
480b34542f5c59851394eade,h2_h3_baseline,market,2744.1682292633586,0.0,0.0,0.0
9c196c9e2bbacf8166451e73,h2_h3_baseline,market,2341.0777251660597,0.0,0.0,0.0
699a3ab434b1ba4aa36b40d8,h2_h3_baseline,market,2419.857478127771,0.0,0.0,0.0
0e1f027dccf5f417fe861116,h2_h3_baseline,market,2612.6668539896937,0.0,0.0,0.0
af10e196ebc7546eb21a514e,h2_h3_baseline,market,2635.847478515353,0.0,0.0,0.0
af5ebde0004241f0c0067d8a,h2_h3_baseline,market,2567.5125633146818,0.0,0.0,0.0
ff8957b626df9453e931b3ef,h2_h3_baseline,market,2857.7093546059405,0.0,0.0,0.0
ac661612c215841737f3abe1,h2_h3_baseline,market,2406.104954843274,0.0,0.0,0.0
49b295579a795198fe37a0bc,h2_h3_baseline,market,2223.1049685310786,0.0,0.0,0.0
1c16ff2cb295ef3175d2e81c,h2_h3_baseline,market,2864.9518308763904,0.0,0.0,0.0
f9eedef5527e7b0287df7074,h2_h3_baseline,market,2844.676278587568,0.0,0.0,0.0
571bf56c09f7d3cbc34b278e,h2_h3_baseline,market,2692.001633749563,0.0,0.0,0.0
6d445238e00412a5ec2aa3be,h2_h3_baseline,market,2428.469210407216,0.0,0.0,0.0
4bebaef35fa63b23d2a26524,h2_h3_baseline,market,2609.7897855589,0.0,0.0,0.0
73070198b132837ac721696e,h2_h3_baseline,market,2195.649146390969,0.0,0.0,0.0
60a53d92139133968bcebe15,h2_h3_baseline,market,2292.0360012231426,0.0,0.0,0.0
8bb22b3f182d5ab7ecb00347,h2_h3_baseline,market,2763.514855358768,0.0,0.0,0.0
24c0d9bb95511113d803049e,h2_h3_baseline,market,3060.2212125646256,0.0,0.0,0.0
e40ed6a1e921a99664222150,h2_h3_baseline,market,3338.1470877290235,0.0,0.0,0.0
827160d8ab24ec095832ee9a,h2_h3_baseline,market,2855.2291534102474,0.0,0.0,0.0
5a2bca214eab45eb87658d6e,h2_h3_baseline,market,2256.021354026131,0.0,0.0,0.0
b24bd9b6a524fa112731cb0a,h2_h3_baseline,market,3799.24049878074,0.0,0.0,0.0
800cbb69a70409fdf62866c5,h2_h3_baseline,market,2706.103184150096,0.0,0.0,0.0
03b80372ae62a646d7714ad3,h2_h3_baseline,market,2529.3739958036645,0.0,0.0,0.0
6c8d0ca5382d9f8af4b1d741,h2_h3_baseline,market,2160.4067832075884,0.0,0.0,0.0
6eb0bbb2b549cd14cfc98eca,h2_h3_baseline,market,2947.8939349472284,0.0,0.0,0.0
78e4835b1bcd7007cd4abc45,h2_h3_baseline,market,2611.4533616143985,0.0,0.0,0.0
638f7bcf37b5b4d3833796bb,h2_h3_baseline,market,3249.924492094772,0.0,0.0,0.0
9db0a7619b9cac5ddc7e893d,h2_h3_baseline,market,2629.1025589521428,0.0,0.0,0.0
ad40fff76af22ba926b13114,h2_h3_baseline,market,2452.0639137940934,0.0,0.0,0.0
dfaaca94031fdf426c6679a9,h2_h3_baseline,market,2455.659311242791,0.0,0.0,0.0
40ae018f580881d361d10d3e,h2_h3_baseline,market,2754.17025162171,0.0,0.0,0.0
95c9e2b26faf18c9f27ecd11,h2_h3_baseline,market,2786.6060312834475,0.0,0.0,0.0
7270132826d1d3f2605b4f75,h2_h3_baseline,market,2876.3528766773165,0.0,0.0,0.0
3a7423018126d6a1b7b77a8f,h2_h3_baseline,market,2761.2666149261045,0.0,0.0,0.0
ac8f4ec918b241b1e96978ae,h2_h3_baseline,market,2581.6261406402227,0.0,0.0,0.0
984b3b3b01576abbd6d416da,h2_h3_baseline,market,2431.774721882537,0.0,0.0,0.0
c13fc363680d418dc1aa97f4,h2_h3_baseline,market,2507.6784593314933,0.0,0.0,0.0
763e067be9d34a8116d04cca,h2_h3_baseline,market,2582.0916941283117,0.0,0.0,0.0
99d12a0c5bfc47be4f333cb6,h2_h3_baseline,market,2619.056951302529,0.0,0.0,0.0
1c8002a7d85fe67535f05740,h2_h3_baseline,market,2768.4843759085334,0.0,0.0,0.0
0f8184e473c77e02c42c08fc,h2_h3_baseline,market,3000.0414922970276,0.0,0.0,0.0
728fc9c0c8ea66f2b30090c4,h2_h3_baseline,market,2122.8471223105444,0.0,0.0,0.0
0f87841ac0808120fabba7bc,h2_h3_baseline,market,2584.2765417190435,0.0,0.0,0.0
1bbc2bd31bb44b4331283e15,h2_h3_baseline,market,2560.275709826707,0.0,0.0,0.0
606b77c59f3dade5bcd7146f,h2_h3_baseline,market,2309.0203748258596,0.0,0.0,0.0
85c20903bbec6a144ad652ea,h2_h3_baseline,market,2664.6320601091847,0.0,0.0,0.0
351784332ea268e76aee03c9,h2_h3_baseline,market,3840.904574506666,0.0,0.0,0.0
2eab52e992ea5f1e5ef9b1f6,h2_h3_baseline,market,2155.0135658789873,0.0,0.0,0.0
2a8ffeddfca349742ebabd6d,h2_h3_baseline,market,2714.2091086213627,0.0,0.0,0.0
e980cab2566e5a86619a40bb,h2_h3_baseline,market,2654.532913740859,0.0,0.0,0.0
62c79931dd04f587733bc620,h2_h3_baseline,market,2367.3670599478623,0.0,0.0,0.0
36f5f251964b6f5a7400245d,h2_h3_baseline,market,2373.285083197193,0.0,0.0,0.0
889fb335faaf4af110cb5680,h2_h3_baseline,market,3127.3648142364264,0.0,0.0,0.0
1db85e8cc056e3fd67215e50,h2_h3_baseline,market,2155.512308356446,0.0,0.0,0.0
1a54db151f952f19ef6c3e67,h2_h3_baseline,market,2395.1397168586273,0.0,0.0,0.0
7a7915d2467cd17507d968bc,h2_h3_baseline,market,2536.4025829516368,0.0,0.0,0.0
a4ead2ea4a7464339efa937e,h2_h3_baseline,market,2713.3119440280343,0.0,0.0,0.0
1036f5b6098be5c79c67d9b2,h2_h3_baseline,market,2199.4218109791886,0.0,0.0,0.0
5664ef608f90e3ce5bfccca2,h2_h3_baseline,market,2469.721041085239,0.0,0.0,0.0
cd4822659010be501411912f,h2_h3_baseline,market,2859.977320062485,0.0,0.0,0.0
3a8cad341155db2f21eb301d,h2_h3_baseline,market,2419.247956541519,0.0,0.0,0.0
3f60c7cc6ffd0e6bb7dfc8f3,h2_h3_baseline,market,3033.860151918511,0.0,0.0,0.0
55c9736373d44ccd471e95bc,h3_positive_demand,administered,2755.3075528719273,0.0,0.0,0.0
c77eb7838c023072a5d469d5,h3_positive_demand,administered,2538.281123720853,0.0,0.0,0.0
57dfb491c58653166f450b3b,h3_positive_demand,administered,2876.612514662743,0.0,0.0,0.0
d96b9d9dbcf7439d8befcb67,h3_positive_demand,administered,2700.2299071417556,0.0,0.0,0.0
4602882ff657bb5fcb695e4a,h3_positive_demand,administered,2722.7271264502983,0.0,0.0,0.0
7264f7944d636efee0bf8167,h3_positive_demand,administered,2386.41866928119,0.0,0.0,0.0
6ad7c87a2c11df18c77e578e,h3_positive_demand,administered,2735.1958006108425,0.0,0.0,0.0
fd576180072fcf94bdfbea28,h3_positive_demand,administered,3006.3873208602404,0.0,0.0,0.0
3891235d1f156f16efcf7ef2,h3_positive_demand,administered,2568.3321484677504,0.0,0.0,0.0
53927cca48d7f793cfa286d2,h3_positive_demand,administered,2907.636745598925,0.0,0.0,0.0
1d7a1b55f8c960ab9bead119,h3_positive_demand,administered,2622.4561194291346,0.0,0.0,0.0
4406823be0989d9bf1bb9f49,h3_positive_demand,administered,2537.391672354033,0.0,0.0,0.0
e80d133c50676e9209f7e53b,h3_positive_demand,administered,2999.4788811291833,0.0,0.0,0.0
63c2443ec17fbb314051083c,h3_positive_demand,administered,3014.7283474850287,0.0,0.0,0.0
11605506eaddbbe2e8c2ff83,h3_positive_demand,administered,2776.758675459087,0.0,0.0,0.0
430272624802fdaa03fcf0f5,h3_positive_demand,administered,2669.1929930966053,0.0,0.0,0.0
d8b8ca3517a8d729e7c4b114,h3_positive_demand,administered,4193.707071959515,0.0,0.0,0.0
a984a8af148fa7428253aa41,h3_positive_demand,administered,2722.094185019417,0.0,0.0,0.0
f594e439f95c358ff8e4f29b,h3_positive_demand,administered,3070.559783231782,0.0,0.0,0.0
feb7809961db9fc07033a128,h3_positive_demand,administered,2543.8461142947476,0.0,0.0,0.0
fdb60bc0cced377a7b8c9610,h3_positive_demand,administered,2907.2317053449624,0.0,0.0,0.0
81581029f46dbd352c726473,h3_positive_demand,administered,2997.4943389478854,0.0,0.0,0.0
f5f8af8c3c9774d179b145ef,h3_positive_demand,administered,2803.741277083482,0.0,0.0,0.0
91d4fbebecbb347f0a38313a,h3_positive_demand,administered,2816.219512757662,0.0,0.0,0.0
51b926bf5effe859df82565c,h3_positive_demand,administered,3497.8789837488966,0.0,0.0,0.0
d6216cc99f01c4d1c729a25c,h3_positive_demand,administered,4490.890419544782,0.0,0.0,0.0
c69b95b8a5f43a34926ea76f,h3_positive_demand,administered,2780.8275933245113,0.0,0.0,0.0
5a4f5f8ed05df62a17e85387,h3_positive_demand,administered,2585.5583834918666,0.0,0.0,0.0
475e84b99c9f9579d42614e6,h3_positive_demand,administered,2556.5429387650797,0.0,0.0,0.0
5afa7d98e23d4940d315d0d0,h3_positive_demand,administered,2600.8568564462416,0.0,0.0,0.0
c06cb35685984734be947958,h3_positive_demand,administered,2449.8922007699975,0.0,0.0,0.0
47d674664420adb96c48d143,h3_positive_demand,administered,2787.213937732853,0.0,0.0,0.0
aae988c23ba73f08e407bcf0,h3_positive_demand,administered,2589.885615692479,0.0,0.0,0.0
5241c6866e1a881be45ec3a2,h3_positive_demand,administered,2825.471397757905,0.0,0.0,0.0
dc11bccf71be676f360285b5,h3_positive_demand,administered,2775.852322298269,0.0,0.0,0.0
2130871728d491aeccd747e4,h3_positive_demand,administered,2903.314150721355,0.0,0.0,0.0
a5dcf0050ba69da0439814ab,h3_positive_demand,administered,2666.4615166418307,0.0,0.0,0.0
91c5d0b57777304fa66d752b,h3_positive_demand,administered,3633.7353987575966,0.0,0.0,0.0
1e7d3a39dcefdb793ac082f5,h3_positive_demand,administered,3158.0102301716856,0.0,0.0,0.0
c83efe28877aa5766da958ee,h3_positive_demand,administered,3054.5099984672925,0.0,0.0,0.0
205de450348cf482389b907a,h3_positive_demand,administered,2665.058264430885,0.0,0.0,0.0
56d07deb5fa58eaf8ad7925a,h3_positive_demand,administered,2425.4077546671792,0.0,0.0,0.0
b2e2c102906ce79692e73416,h3_positive_demand,administered,2695.667337951846,0.0,0.0,0.0
fd56b1329752d7f071f1b3e2,h3_positive_demand,administered,3777.161351561109,0.0,0.0,0.0
c65dc870afbbb740dfd954f2,h3_positive_demand,administered,2598.761777547803,0.0,0.0,0.0
bd401319dbab5cc4fb1ae7e4,h3_positive_demand,administered,2912.62429082374,0.0,0.0,0.0
cfde882cd3a5ac7030af6d96,h3_positive_demand,administered,2617.231274178202,0.0,0.0,0.0
ffafc41371ce925a90123560,h3_positive_demand,administered,2918.9381011407822,0.0,0.0,0.0
0bb00bf9b36b84b2082b6074,h3_positive_demand,administered,3150.498284139855,0.0,0.0,0.0
73354ac96bc2b6d37c393540,h3_positive_demand,administered,2778.4117785313842,0.0,0.0,0.0
a40281937f4865e58dfceb1d,h3_positive_demand,administered,2576.164091254335,0.0,0.0,0.0
9bc31a320c8af15d16996757,h3_positive_demand,administered,2996.1791662285727,0.0,0.0,0.0
d614355c700621f6ba45ee71,h3_positive_demand,administered,2814.4560981185705,0.0,0.0,0.0
55152e66773f88bb326ef1b0,h3_positive_demand,administered,2631.752535823444,0.0,0.0,0.0
89f2fb5b41e947f07164d0ea,h3_positive_demand,administered,2780.6283283305092,0.0,0.0,0.0
3dfb0e2693c19721e55ee369,h3_positive_demand,administered,2668.6306560921853,0.0,0.0,0.0
baeba655e8007aebab9c5136,h3_positive_demand,administered,2553.7946444819154,0.0,0.0,0.0
16f5f3a7d30446db1150fd8b,h3_positive_demand,administered,3058.33414822896,0.0,0.0,0.0
a25f9fec6b18ca3c69ee5749,h3_positive_demand,administered,3468.473357463134,0.0,0.0,0.0
3ff980e7ba048a79f2387cfb,h3_positive_demand,administered,2725.8505016496993,0.0,0.0,0.0
57ff57163a594341f7c743c1,h3_positive_demand,administered,2508.831204839155,0.0,0.0,0.0
300100d131c6622994639620,h3_positive_demand,administered,2825.7420844979674,0.0,0.0,0.0
fc200de94ea5b1de0085a251,h3_positive_demand,administered,2860.644191839328,0.0,0.0,0.0
1eb3114fc9deac45e3327538,h3_positive_demand,administered,2882.428167290801,0.0,0.0,0.0
17e60091c8eaae64e2ad2196,h3_positive_demand,administered,3675.28061856507,0.0,0.0,0.0
de0eaf08ef0559e0cdad62ad,h3_positive_demand,administered,2843.653875112256,0.0,0.0,0.0
237cfd8f6d563096eb2738a3,h3_positive_demand,administered,2559.3808202823425,0.0,0.0,0.0
5efaf6c9c61c06cd78345954,h3_positive_demand,administered,2466.118398298064,0.0,0.0,0.0
8504d986daa716b78759c03f,h3_positive_demand,administered,2603.335643036912,0.0,0.0,0.0
e725c8f53ba5002022ff67b6,h3_positive_demand,administered,3288.6391578026232,0.0,0.0,0.0
17a7ab5238ed912abfff2e71,h3_positive_demand,administered,2793.844422184805,0.0,0.0,0.0
d6ffaddd4db7e50405d606e6,h3_positive_demand,administered,2984.19499245215,0.0,0.0,0.0
1727a229d352fb92ce65c17b,h3_positive_demand,administered,2928.673603229167,0.0,0.0,0.0
23ac3722215774b894b481e8,h3_positive_demand,administered,2615.376603707925,0.0,0.0,0.0
d44c0fa3ce408e0c8abd21bd,h3_positive_demand,administered,3024.389501439199,0.0,0.0,0.0
7d15cdf3115cc26f852b62e5,h3_positive_demand,administered,2759.635364899587,0.0,0.0,0.0
0ea0b985c7b49993d3c5d638,h3_positive_demand,administered,2645.8428906234426,0.0,0.0,0.0
3ec8047ab2f75a033209a460,h3_positive_demand,administered,2836.9035018244276,0.0,0.0,0.0
c6d8cd9a1d91f85fdc555d59,h3_positive_demand,administered,2707.8650074194175,0.0,0.0,0.0
691232c5858f77563c074cd3,h3_positive_demand,administered,2648.4876492129524,0.0,0.0,0.0
eb8073c01ada74b145d764d3,h3_positive_demand,administered,2817.791274213885,0.0,0.0,0.0
83a50630564de34651a6e326,h3_positive_demand,administered,2723.4391897351447,0.0,0.0,0.0
d953d714f6c851439dbd4c95,h3_positive_demand,administered,2910.7213673915758,0.0,0.0,0.0
f52be1ad435513ca8d0c53ea,h3_positive_demand,administered,2870.93110726985,0.0,0.0,0.0
7f6ffb6f2665f09abdb0736c,h3_positive_demand,administered,2925.0611994094215,0.0,0.0,0.0
dd9fee332b1b3220462bcab8,h3_positive_demand,administered,2632.758026787815,0.0,0.0,0.0
92f7ae09932cff8e1178a783,h3_positive_demand,administered,2740.8052676326515,0.0,0.0,0.0
b7f97f1b1ef9664bd0c70d09,h3_positive_demand,administered,3104.425818545208,0.0,0.0,0.0
f3ccafe5abc334f1e99836f6,h3_positive_demand,administered,2787.574463193999,0.0,0.0,0.0
fb359620009c944ff4c85772,h3_positive_demand,administered,2816.500776712254,0.0,0.0,0.0
4fc7ac82807a614f1d5ef073,h3_positive_demand,administered,2771.7367784734897,0.0,0.0,0.0
c31fd3b509517de8bac37c60,h3_positive_demand,administered,2907.490440664953,0.0,0.0,0.0
17a5d32b157041d6eff8e8a0,h3_positive_demand,administered,2858.3227185787623,0.0,0.0,0.0
134131933d32c8def8f155ac,h3_positive_demand,administered,2999.425464654481,0.0,0.0,0.0
60c1b49538f668415a938748,h3_positive_demand,administered,2564.6735466914934,0.0,0.0,0.0
340792195ebc187151ded98f,h3_positive_demand,administered,2489.317914914331,0.0,0.0,0.0
0bfcb233ee22b35bb2af6310,h3_positive_demand,administered,3097.2628706917153,0.0,0.0,0.0
0fa6b251a409a8fac4fd1948,h3_positive_demand,administered,2753.5290063825632,0.0,0.0,0.0
04372d5107e776b6c2f1c6d8,h3_positive_demand,administered,2679.433315718027,0.0,0.0,0.0
be4365e2e0d4d21e5b741535,h3_positive_demand,administered,2603.0622637349156,0.0,0.0,0.0
90282b6d0974d55143748888,h3_positive_demand,administered,2565.2928824190526,0.0,0.0,0.0
d7c053939ab4a1acc4d030c0,h3_positive_demand,administered,3163.764850839577,0.0,0.0,0.0
0e6975043bc4d071b455ddf1,h3_positive_demand,administered,3002.826934854965,0.0,0.0,0.0
ae7c74de34fa079c89fb8b60,h3_positive_demand,administered,2808.8626290585717,0.0,0.0,0.0
dc5c792225538e5e7c6b0421,h3_positive_demand,administered,3458.552923399775,0.0,0.0,0.0
68aa8a6f7196d58e62102afa,h3_positive_demand,administered,2750.9632930080843,0.0,0.0,0.0
46c5440196ccc9f54aaa50c7,h3_positive_demand,administered,3103.2746614696443,0.0,0.0,0.0
dcd7b4670123d98317f8ceae,h3_positive_demand,administered,3144.569505941173,0.0,0.0,0.0
970ced629df1bf4d187dff03,h3_positive_demand,administered,2478.892649206494,0.0,0.0,0.0
0d629afcd73477495db6548c,h3_positive_demand,administered,2872.312395954858,0.0,0.0,0.0
e3a29ecbd3305af2683475bc,h3_positive_demand,administered,2849.502331016023,0.0,0.0,0.0
0488f1b87b3afb95d53aaf6f,h3_positive_demand,administered,2903.049192160095,0.0,0.0,0.0
55c9d3bb4cf1b458953f6de4,h3_positive_demand,administered,2716.108469707527,0.0,0.0,0.0
ea1741c4c93940ec70ba6522,h3_positive_demand,administered,2757.4805552174903,0.0,0.0,0.0
3bbb7fb4d04b839a46fecc24,h3_positive_demand,administered,2709.58550290469,0.0,0.0,0.0
0160ba8bb0085286d12fb51b,h3_positive_demand,administered,3426.0299577831975,0.0,0.0,0.0
3e650f51adb26910a829e080,h3_positive_demand,administered,2976.6742817813756,0.0,0.0,0.0
7ff057d179d522cf8d5dc444,h3_positive_demand,administered,2818.5284592922562,0.0,0.0,0.0
6d789fe7d8d9c779573e00ae,h3_positive_demand,administered,2941.0634109086764,0.0,0.0,0.0
7b7615646afb71462e73d2db,h3_positive_demand,administered,3134.915913809399,0.0,0.0,0.0
e82d3e56ae0bb8661f619bc3,h3_positive_demand,administered,2874.9624084119814,0.0,0.0,0.0
ebf97c381d72e8252ec30afd,h3_positive_demand,administered,2883.7300776296115,0.0,0.0,0.0
187601b2665961c0417db032,h3_positive_demand,administered,2964.830237348893,0.0,0.0,0.0
91db4ed8e2ff6dc9afb5e279,h3_positive_demand,administered,2735.5113910684154,0.0,0.0,0.0
fc0acd08afba1046b2247e45,h3_positive_demand,administered,3621.2605171692517,0.0,0.0,0.0
32fb3f817a24ef3a17e4d7d9,h3_positive_demand,administered,2989.7287198510066,0.0,0.0,0.0
a9c8a7d1ef3444075ac3123f,h3_positive_demand,administered,2686.6572446818172,0.0,0.0,0.0
608088670cd37cc0c41e74e7,h3_positive_demand,administered,2393.153515357421,0.0,0.0,0.0
c5b5bfc92be8d3b005ab7124,h3_positive_demand,administered,2887.293914192834,0.0,0.0,0.0
07bbc06655ea9991ae42906a,h3_positive_demand,administered,2536.9461754090216,0.0,0.0,0.0
94bd00c4546cd71dfe18faee,h3_positive_demand,administered,2668.933955355889,0.0,0.0,0.0
bfdd571ea2bcec354fa0a5c6,h3_positive_demand,administered,2911.3845251241596,0.0,0.0,0.0
7f7d817ef49147251c179cf4,h3_positive_demand,administered,2672.3841413898817,0.0,0.0,0.0
07118952807d1cdbb131ff9e,h3_positive_demand,administered,2933.0195760204506,0.0,0.0,0.0
cf473fac2775e57bb29569de,h3_positive_demand,administered,2786.3269032603876,0.0,0.0,0.0
1805fb49610a92770dce3d01,h3_positive_demand,administered,3045.019402001474,0.0,0.0,0.0
53835005108ae3d863d122c2,h3_positive_demand,administered,2419.8116930115034,0.0,0.0,0.0
50fd2d9a6a247247dc84c965,h3_positive_demand,administered,3231.970669440233,0.0,0.0,0.0
df8bcd1443cea41034db7d9f,h3_positive_demand,administered,2747.5397964482845,0.0,0.0,0.0
9f1ecc6493bf2cdbae8ec357,h3_positive_demand,administered,2541.4522092944235,0.0,0.0,0.0
f6206d32806b66cca61087ca,h3_positive_demand,administered,2624.7346445568146,0.0,0.0,0.0
977a9f4de57939cbf2cde7dd,h3_positive_demand,administered,2612.100127550624,0.0,0.0,0.0
ecdddf9be804f3dd66b7afa7,h3_positive_demand,administered,2664.9275937773536,0.0,0.0,0.0
330b5da019911c4744aca593,h3_positive_demand,administered,2851.545005302781,0.0,0.0,0.0
1c1cabb6aaadc704df95767b,h3_positive_demand,administered,2833.890020381639,0.0,0.0,0.0
ca482c1b40aa6d8464107f09,h3_positive_demand,administered,2664.8188672232814,0.0,0.0,0.0
33f995089bdaf4394d2dabda,h3_positive_demand,administered,2861.296283329702,0.0,0.0,0.0
6d904f854ca6fcc5c55f32d9,h3_positive_demand,administered,3134.543491395735,0.0,0.0,0.0
2a1e45d8a524498254cafab5,h3_positive_demand,administered,2585.005934210471,0.0,0.0,0.0
88edc5842c6405cb0739efab,h3_positive_demand,administered,2693.370700872865,0.0,0.0,0.0
38c09f104a7ad48e146ae35d,h3_positive_demand,administered,3332.8910908987245,0.0,0.0,0.0
ad07b97917071fa14ee4c6a3,h3_positive_demand,administered,3063.7790621904473,0.0,0.0,0.0
bd90e53e95214c1b28d5f838,h3_positive_demand,administered,2655.7992195657407,0.0,0.0,0.0
bb9b36eacf6d08155553dff1,h3_positive_demand,administered,2698.7875926180504,0.0,0.0,0.0
d6c08da000bdde8bb5db2b64,h3_positive_demand,administered,2625.5056817933473,0.0,0.0,0.0
ec318144632452453aee7185,h3_positive_demand,administered,2695.7769819945124,0.0,0.0,0.0
aa93cdc79571d7ae86878891,h3_positive_demand,administered,2575.750000063883,0.0,0.0,0.0
b4baff01b37565248258bd85,h3_positive_demand,administered,2361.704690743505,0.0,0.0,0.0
c0baa9d62dcf9c0ce8357d6b,h3_positive_demand,administered,3068.896306379082,0.0,0.0,0.0
d746e12d0211ef451f5a4469,h3_positive_demand,administered,3109.6219344830147,0.0,0.0,0.0
b3ad259fdfe3a443332dcb93,h3_positive_demand,administered,2908.2422198575273,0.0,0.0,0.0
716f2f494c52d44648ec1f1d,h3_positive_demand,administered,2593.7642507584897,0.0,0.0,0.0
f7f9d3d2690348daa75bcd48,h3_positive_demand,administered,3146.779516080797,0.0,0.0,0.0
85036bb0c385b9e7f29db143,h3_positive_demand,administered,2531.9325876472712,0.0,0.0,0.0
2f96db010213124635505035,h3_positive_demand,administered,2706.640608122753,0.0,0.0,0.0
b57618ced40c338c66eaa4a5,h3_positive_demand,administered,2667.6922398365473,0.0,0.0,0.0
3d8426993a0c4891efbcea73,h3_positive_demand,administered,2709.5218515235583,0.0,0.0,0.0
708d866431b17c7bbdf47d66,h3_positive_demand,administered,2459.1806778194814,0.0,0.0,0.0
fd1648f7bffd16fc65b3ebe9,h3_positive_demand,administered,2523.0467481185588,0.0,0.0,0.0
cd469bc096e52fc5477e5d90,h3_positive_demand,administered,2672.700189170475,0.0,0.0,0.0
4b8dfd96dc6644c4f3eaf25f,h3_positive_demand,administered,2610.0787488264577,0.0,0.0,0.0
deddb6321753eb2ac9b5a9e2,h3_positive_demand,administered,2826.826033826404,0.0,0.0,0.0
88215197c437b707320fb1c3,h3_positive_demand,administered,2859.72409794449,0.0,0.0,0.0
78eca52235f8bf17d95483e8,h3_positive_demand,administered,2520.2041385485895,0.0,0.0,0.0
59ce4b7509b85d8ee77e0d4f,h3_positive_demand,administered,2981.774861566756,0.0,0.0,0.0
084618e94e46448f91a767ef,h3_positive_demand,administered,2896.7044718588636,0.0,0.0,0.0
62b2068ba622e0090847ff36,h3_positive_demand,administered,2805.272332393014,0.0,0.0,0.0
8bb9d943470f54ff290dfee5,h3_positive_demand,administered,2701.498338453745,0.0,0.0,0.0
deefffd6bc64029037c48e65,h3_positive_demand,administered,2482.1444073263256,0.0,0.0,0.0
9bcb49add2124f05197c59c4,h3_positive_demand,administered,2709.834687498317,0.0,0.0,0.0
bc144b996ed4b92455677055,h3_positive_demand,administered,2906.4259244459636,0.0,0.0,0.0
31ec1b59d3d38998fb03efd4,h3_positive_demand,administered,3596.9422686544053,0.0,0.0,0.0
fd5ffab60567ff0dfe9cb1d7,h3_positive_demand,administered,3953.040108240894,0.0,0.0,0.0
49899eef0ed2d08088fe169a,h3_positive_demand,administered,2653.2715518093823,0.0,0.0,0.0
92712416cda6bd713708df52,h3_positive_demand,administered,2787.985165218699,0.0,0.0,0.0
2272c7d08f6926f2fe72f791,h3_positive_demand,administered,2568.350119116126,0.0,0.0,0.0
28cf84ec49670385262be107,h3_positive_demand,administered,2781.6856590297557,0.0,0.0,0.0
80afc281e7435ddbff57238b,h3_positive_demand,administered,2557.9882309513905,0.0,0.0,0.0
86eab5d9e599ad303b63954e,h3_positive_demand,administered,2779.7836820064717,0.0,0.0,0.0
8fecd4e7fbaa4442efefb908,h3_positive_demand,administered,2819.262990499922,0.0,0.0,0.0
7fc45feefaa05089f94b6d9a,h3_positive_demand,administered,2419.984279487563,0.0,0.0,0.0
a8803f251fa6d5bcfb31d50c,h3_positive_demand,administered,2549.292124019652,0.0,0.0,0.0
c680c24163b099c1e6cf6c5e,h3_positive_demand,administered,2786.92018351081,0.0,0.0,0.0
3e430b7db0b14f20b90de6e7,h3_positive_demand,administered,2838.6534372209267,0.0,0.0,0.0
61157ef1c1e5b7cb8f2f1f61,h3_positive_demand,administered,2831.4039180953905,0.0,0.0,0.0
0ddb0de7af9596ed0b1e95f6,h3_positive_demand,administered,3558.9200615084737,0.0,0.0,0.0
cc0a087b3f08ca9e144a8bd2,h3_positive_demand,administered,2601.1178617967767,0.0,0.0,0.0
7538d887ccc88ebad2cadc62,h3_positive_demand,administered,2752.674523858409,0.0,0.0,0.0
fa1835ba915fb01cf477b5ac,h3_positive_demand,administered,2521.3644472632245,0.0,0.0,0.0
2d497d2fd294423daf6eaec7,h3_positive_demand,administered,3328.769190229845,0.0,0.0,0.0
569e1cca4123b7da5610be75,h3_positive_demand,administered,2806.5078710467137,0.0,0.0,0.0
65ec6e083d5eb69f124c5482,h3_positive_demand,administered,2540.4246328515314,0.0,0.0,0.0
4d0f3543e57237bacddc6557,h3_positive_demand,administered,2904.1511834367016,0.0,0.0,0.0
db4ad0b5b3fa1c8bc6967866,h3_positive_demand,administered,3867.470088227063,0.0,0.0,0.0
abe0c19c76e027a95619f026,h3_positive_demand,administered,2539.4753427736805,0.0,0.0,0.0
0d7d559952a56c2f25991b1f,h3_positive_demand,administered,2866.057186302274,0.0,0.0,0.0
6ee066ab44d5f00cf95d8bf1,h3_positive_demand,administered,2749.05615917364,0.0,0.0,0.0
4f9692be3301791eda49780a,h3_positive_demand,administered,2729.290745522192,0.0,0.0,0.0
247b30e018fcdcbec3d881e3,h3_positive_demand,administered,2389.836106813201,0.0,0.0,0.0
b7831a0fd3bbbad9015e9d61,h3_positive_demand,administered,2960.000025520821,0.0,0.0,0.0
7c2ac1e39233dcc708b7f2dc,h3_positive_demand,administered,2910.7932139152076,0.0,0.0,0.0
16df7d12b284abd26d206582,h3_positive_demand,administered,2627.2896418503437,0.0,0.0,0.0
6b2f1e67283714873565de9a,h3_positive_demand,administered,3100.0702435790486,0.0,0.0,0.0
392df365ad34b4534f029573,h3_positive_demand,administered,2729.911009324314,0.0,0.0,0.0
8d95ef53cea953fede684e73,h3_positive_demand,administered,2878.2157144894077,0.0,0.0,0.0
bb46230ad264a871be2ebc08,h3_positive_demand,administered,2896.4376800868813,0.0,0.0,0.0
be72461f9b7ba10b001ac0d3,h3_positive_demand,administered,2634.7244462999547,0.0,0.0,0.0
3ae0677d01cb267085ad2733,h3_positive_demand,administered,2924.9434746996035,0.0,0.0,0.0
2995020ae40bb041efbe4046,h3_positive_demand,administered,3340.9698533007945,0.0,0.0,0.0
9378dcc4d2aa7a8a2a4d3350,h3_positive_demand,administered,2608.567329820547,0.0,0.0,0.0
95d4769d4d47dec029dd3f4a,h3_positive_demand,administered,2667.134581716186,0.0,0.0,0.0
3b6f41ecb700052eafd1e823,h3_positive_demand,administered,2917.53945645706,0.0,0.0,0.0
59bdfaf976efe10fcd69890b,h3_positive_demand,administered,3020.673778524208,0.0,0.0,0.0
5ca8991b8ca2930e71c1996a,h3_positive_demand,administered,2499.9671440328316,0.0,0.0,0.0
66afe17b01b21e09d95c1c2f,h3_positive_demand,administered,2880.898890681253,0.0,0.0,0.0
a591e55950a5ee062cb25a81,h3_positive_demand,administered,2605.0943730275544,0.0,0.0,0.0
624de48f9c4e7f743b8a1ffe,h3_positive_demand,administered,2623.033128537193,0.0,0.0,0.0
bf2c535dc2cd4ade20826fd4,h3_positive_demand,administered,2563.2964401726113,0.0,0.0,0.0
32c4c3eafcb44b7d76248c19,h3_positive_demand,administered,2571.5517376606294,0.0,0.0,0.0
db8220336924a5435caa8959,h3_positive_demand,administered,3727.426037994599,0.0,0.0,0.0
98440ee948d1f8db41c83e4a,h3_positive_demand,administered,2951.795158860936,0.0,0.0,0.0
e6e32d5300778dd88ecb8810,h3_positive_demand,administered,2769.662774470273,0.0,0.0,0.0
1499fe13af304bae79ff22a7,h3_positive_demand,administered,2553.4628525594435,0.0,0.0,0.0
40ba04c68414ae2ad3322ae3,h3_positive_demand,administered,2422.687940511971,0.0,0.0,0.0
0024ad4105f15cef3262f86c,h3_positive_demand,administered,2670.6077394763047,0.0,0.0,0.0
c17b7583e4168a3e76d1b50a,h3_positive_demand,administered,2579.117308603188,0.0,0.0,0.0
55fbbe4ef8683a1d19bce138,h3_positive_demand,administered,3261.6273190789707,0.0,0.0,0.0
051c6a31aa96dd5eeb1a348c,h3_positive_demand,administered,2853.6836988503724,0.0,0.0,0.0
de61cba35baffd07065826e2,h3_positive_demand,administered,2289.5625883990742,0.0,0.0,0.0
ff3aa9cd4a43cdfcf825bd1b,h3_positive_demand,administered,2907.956242014437,0.0,0.0,0.0
34de170ed2c5c0446283d67a,h3_positive_demand,administered,2949.28796309122,0.0,0.0,0.0
9634caac0e8ad3815696010c,h3_positive_demand,administered,2461.4658411908176,0.0,0.0,0.0
3261a64b6d0a4ccd37a49cf7,h3_positive_demand,administered,2774.144476668857,0.0,0.0,0.0
3078258f05957456d01c7161,h3_positive_demand,administered,2637.246225048695,0.0,0.0,0.0
c28a45fb7a64167b23c7648e,h3_positive_demand,administered,2456.387566593276,0.0,0.0,0.0
432e9e287a1b37902ae1f5a1,h3_positive_demand,administered,2617.6853691048495,0.0,0.0,0.0
4d0eb5bcf35427b835535f07,h3_positive_demand,administered,2546.8446626992995,0.0,0.0,0.0
d50da8b5c28087b31f8bae45,h3_positive_demand,administered,3016.7420494549306,0.0,0.0,0.0
3dbfd472de90bd49ff5f86ad,h3_positive_demand,administered,2555.49112680638,0.0,0.0,0.0
6e0081c19d82e4e6a9c8f3d6,h3_positive_demand,administered,2978.52019751831,0.0,0.0,0.0
be7bac2ee7cf2c4841d1365f,h3_positive_demand,administered,2967.096049817633,0.0,0.0,0.0
66d5110c630467a6815d0d59,h3_positive_demand,administered,2836.952002431198,0.0,0.0,0.0
53f0c792b393a3b38cae91ba,h3_positive_demand,administered,3501.2725441442203,0.0,0.0,0.0
d739906dfb39c6c7eee77511,h3_positive_demand,administered,2708.2108956570733,0.0,0.0,0.0
debf335119bfe75d612ed893,h3_positive_demand,administered,2838.0223958654733,0.0,0.0,0.0
5a4b3635bfeabb58bc4dd0b5,h3_positive_demand,administered,2480.7042829734896,0.0,0.0,0.0
46db3b0915ed965d8157858c,h3_positive_demand,administered,3149.1039554644794,0.0,0.0,0.0
c1e7a664f6f6b73e448402f6,h3_positive_demand,administered,3200.8016546179774,0.0,0.0,0.0
76bfe9c6bae56a45b075bf61,h3_positive_demand,administered,2626.8939221341952,0.0,0.0,0.0
29cd3fdb415b5af75b06313b,h3_positive_demand,administered,3177.7752377839934,0.0,0.0,0.0
cdd787838e34c42e017a242b,h3_positive_demand,administered,3121.074247547591,0.0,0.0,0.0
c9b0dcbd03f2e9ddbe35142c,h3_positive_demand,administered,2795.125057204173,0.0,0.0,0.0
babd890638b8fb60908f7f01,h3_positive_demand,administered,2480.0380498722557,0.0,0.0,0.0
e855517392102a960739386c,h3_positive_demand,administered,2437.497058968609,0.0,0.0,0.0
0f6bfd8f6b5637e089a57744,h3_positive_demand,administered,3580.7557079094677,0.0,0.0,0.0
2c4411620c93dabfd67306b3,h3_positive_demand,administered,2638.756283989741,0.0,0.0,0.0
529362691f65f26ed4eb0839,h3_positive_demand,administered,2780.0889991514723,0.0,0.0,0.0
3fc00c3d599d066497105a3f,h3_positive_demand,administered,2878.321299342234,0.0,0.0,0.0
d712c5721c542736f41ca57e,h3_positive_demand,administered,2645.828176337203,0.0,0.0,0.0
3554063bd69a2387316c1561,h3_positive_demand,administered,2995.0863918658893,0.0,0.0,0.0
01d2eb7dde6bc4777162dc7a,h3_positive_demand,administered,2688.6763179004483,0.0,0.0,0.0
7a18016b6f74d55bbf47e35b,h3_positive_demand,administered,3384.0667343765585,0.0,0.0,0.0
c8d028be71ceb871592c92a2,h3_positive_demand,administered,2929.9217359618237,0.0,0.0,0.0
59815277ad96c10fe86575ec,h3_positive_demand,administered,2746.6086205643423,0.0,0.0,0.0
d528dc34884dd9b4c374cc38,h3_positive_demand,administered,2978.7271561142757,0.0,0.0,0.0
8e3b3e93c0c0f44d0a39e785,h3_positive_demand,administered,2874.230786570832,0.0,0.0,0.0
c24831c8f21903b096068f0c,h3_positive_demand,administered,3254.572104995147,0.0,0.0,0.0
e7dd7114b39c1500c3d9e24c,h3_positive_demand,administered,2881.6042655870433,0.0,0.0,0.0
ab54f2f321ca147362b7486a,h3_positive_demand,administered,2695.565285293156,0.0,0.0,0.0
f9b45403102d5c6258352dea,h3_positive_demand,administered,2614.171520307078,0.0,0.0,0.0
fe8505a2ff853a5d4e876b8c,h3_positive_demand,administered,2806.0867407277624,0.0,0.0,0.0
c05d3fb7dcaa44957146a368,h3_positive_demand,administered,2588.114876432139,0.0,0.0,0.0
049b8a872b7faa9a93050d3a,h3_positive_demand,administered,3050.2973310151006,0.0,0.0,0.0
18680aeed90de2a40e40c511,h3_positive_demand,administered,2574.6209158463153,0.0,0.0,0.0
14cf360f46b8433cb88a5b65,h3_positive_demand,administered,2640.6414138114774,0.0,0.0,0.0
0fb7ea197c20b9e3c5e6f743,h3_positive_demand,administered,3088.6002324293586,0.0,0.0,0.0
a5ee25fab321d83642e88fe7,h3_positive_demand,administered,3635.504316840793,0.0,0.0,0.0
8e174d3ccf288cf8ad0253e9,h3_positive_demand,administered,2828.8812455572743,0.0,0.0,0.0
8e9ec9bc8eff489c2a32d81b,h3_positive_demand,administered,3127.797120551673,0.0,0.0,0.0
200704cd47e8a589802de9aa,h3_positive_demand,administered,2611.1194818506374,0.0,0.0,0.0
50f861d7cf91aaa1fe8243dc,h3_positive_demand,administered,2867.1572331659804,0.0,0.0,0.0
6a51ea408a0be88673df9c80,h3_positive_demand,administered,4343.940988439871,0.0,0.0,0.0
1efebd190be97fa386ed7364,h3_positive_demand,administered,3404.4157997600573,0.0,0.0,0.0
97982eea881331b79346f5a2,h3_positive_demand,administered,2651.2201311070417,0.0,0.0,0.0
426773f1f4c34f7a69c720c9,h3_positive_demand,administered,2488.0816329560766,0.0,0.0,0.0
6e920d24896b38c87f5f687f,h3_positive_demand,administered,2974.5174398002455,0.0,0.0,0.0
5fe2f18996e47b1b5f9e089b,h3_positive_demand,administered,2938.856392865346,0.0,0.0,0.0
23702510b27109dbb5ed709b,h3_positive_demand,administered,2575.2478893749644,0.0,0.0,0.0
e7025be2961507e047448f81,h3_positive_demand,administered,2884.3032906942144,0.0,0.0,0.0
4a78c38b2fd994d16b71a66c,h3_positive_demand,administered,2847.5788450632945,0.0,0.0,0.0
96e07a114adbfc6549c46559,h3_positive_demand,administered,2715.673054709807,0.0,0.0,0.0
5ca88d496fa844cb3cca60c5,h3_positive_demand,administered,3471.897142164018,0.0,0.0,0.0
4a451b96538a4964971a75f0,h3_positive_demand,administered,2487.894233047757,0.0,0.0,0.0
14cd55561925396a63eb7e25,h3_positive_demand,administered,2781.3406426368256,0.0,0.0,0.0
7bbd202483fce68025575165,h3_positive_demand,administered,2929.449506177375,0.0,0.0,0.0
cc16d87e803dccccdf302287,h3_positive_demand,administered,2560.7664102288136,0.0,0.0,0.0
e650f3a2016b14d4b3a68546,h3_positive_demand,administered,2951.883155168678,0.0,0.0,0.0
a108971d8120b30fdec8692e,h3_positive_demand,administered,3068.40757905747,0.0,0.0,0.0
22180b43bdf284753d0fcb9d,h3_positive_demand,administered,2765.443568299553,0.0,0.0,0.0
92d6799dac6f95a3c01dc073,h3_positive_demand,administered,2608.075726542157,0.0,0.0,0.0
fa40a5a1e87dd643227c273c,h3_positive_demand,administered,2992.207675166052,0.0,0.0,0.0
0d62ec531596acb3677618aa,h3_positive_demand,administered,2781.7332081468003,0.0,0.0,0.0
d6019e8a4a67943b0763edc1,h3_positive_demand,administered,2678.3448144036433,0.0,0.0,0.0
1931834d4330d919b5737869,h3_positive_demand,administered,2907.769129384306,0.0,0.0,0.0
d58f8279537cec6b52275d4f,h3_positive_demand,administered,2787.7001808987266,0.0,0.0,0.0
34aa9174890735af9c0025a2,h3_positive_demand,administered,2735.2908828767804,0.0,0.0,0.0
fad343ff039d88c2f014b20c,h3_positive_demand,administered,3266.039191102964,0.0,0.0,0.0
608007c18ce9aab34cd3d5a6,h3_positive_demand,administered,2634.750919974027,0.0,0.0,0.0
30cdc2c2fb419c668d2ea01f,h3_positive_demand,administered,3320.939510358845,0.0,0.0,0.0
50eb6efc157ceb5624fcd682,h3_positive_demand,administered,2967.3240133082036,0.0,0.0,0.0
0ad14c65c3e2091379141147,h3_positive_demand,administered,3803.61144123369,0.0,0.0,0.0
0ab941d481f10b91e9158cc8,h3_positive_demand,administered,4017.021503982654,0.0,0.0,0.0
b860a8ac586c6feef78b4cef,h3_positive_demand,administered,2605.453605309562,0.0,0.0,0.0
6f4817c551aa8319e67d8541,h3_positive_demand,administered,3482.079664769517,0.0,0.0,0.0
979b0c1e061e5337e4fada2a,h3_positive_demand,administered,2750.9436648275455,0.0,0.0,0.0
2a2bcc48f7b342054d608816,h3_positive_demand,administered,2821.589752069456,0.0,0.0,0.0
d81007aefa0934581a567c3a,h3_positive_demand,administered,3104.212700044659,0.0,0.0,0.0
ea4f88d1d686ced200ff63b6,h3_positive_demand,administered,2758.7406473852525,0.0,0.0,0.0
ee44265a337003301d69985f,h3_positive_demand,administered,2838.660578304082,0.0,0.0,0.0
27f2f2b5a15a9adf3040e131,h3_positive_demand,administered,2675.4525501793437,0.0,0.0,0.0
a5bd7823fb407887d4d678f8,h3_positive_demand,administered,2857.7646822183196,0.0,0.0,0.0
743d78992007645b1a1f4ea6,h3_positive_demand,administered,2775.210483829212,0.0,0.0,0.0
4f81ae3320bed3e85223e3a3,h3_positive_demand,administered,2676.627297137744,0.0,0.0,0.0
4644ef7b92e8b4e10aa54851,h3_positive_demand,administered,2577.66811529594,0.0,0.0,0.0
dceef33e7caf467de1f1d2de,h3_positive_demand,administered,2647.6231424063767,0.0,0.0,0.0
c3970636f1a9e83ba79fe823,h3_positive_demand,administered,2739.766268329631,0.0,0.0,0.0
b3e8071c723d52bcf97cc629,h3_positive_demand,administered,2907.928537811792,0.0,0.0,0.0
35d9d65eef98ce2508e55980,h3_positive_demand,administered,3026.151297324396,0.0,0.0,0.0
f328d6a6edb60ef112d1904b,h3_positive_demand,administered,2522.110157748372,0.0,0.0,0.0
ba69dece471cf1830f14c9ec,h3_positive_demand,administered,2518.8601327002825,0.0,0.0,0.0
703ac950e5b3e36740ac03e5,h3_positive_demand,administered,3407.3082862720657,0.0,0.0,0.0
61fc6f599268c133e1c53e1d,h3_positive_demand,administered,3124.923264883192,0.0,0.0,0.0
e01c6d1214cef057cd5f6ccb,h3_positive_demand,administered,2618.1608651234624,0.0,0.0,0.0
2e119ae639790f44bf0fb724,h3_positive_demand,administered,2880.1271159730363,0.0,0.0,0.0
1814bec736dfd7c4aebbfed4,h3_positive_demand,administered,3429.245912923814,0.0,0.0,0.0
32ea082a82444de90dbac246,h3_positive_demand,administered,2693.7083869234157,0.0,0.0,0.0
6f9e54616b0319c5c3bd54e1,h3_positive_demand,administered,2502.439256514723,0.0,0.0,0.0
1693e8989d5c832f308992e3,h3_positive_demand,administered,2848.0241329533605,0.0,0.0,0.0
4070b0aa5cb33499ec752c7f,h3_positive_demand,administered,2812.9643937835444,0.0,0.0,0.0
ab465c639295bea988877964,h3_positive_demand,administered,2736.878589143786,0.0,0.0,0.0
b93682e765994cd6d15059e4,h3_positive_demand,administered,2922.126329881327,0.0,0.0,0.0
256f2e3a09253d3b1aab2124,h3_positive_demand,administered,2923.9360586970215,0.0,0.0,0.0
aac35dbd413725dae0eccc22,h3_positive_demand,administered,2411.950691968172,0.0,0.0,0.0
51d918954e3e09a4ec51f8cb,h3_positive_demand,administered,2692.58008786876,0.0,0.0,0.0
61f683fb3ed988026017e2e5,h3_positive_demand,administered,3003.636198800161,0.0,0.0,0.0
0b5d05037bb67076f54fd4b3,h3_positive_demand,administered,2558.1738641924844,0.0,0.0,0.0
72ae11110d1d33a7b8a9e0f6,h3_positive_demand,administered,2765.3399112173815,0.0,0.0,0.0
e041016cbb3bf09eb268e02d,h3_positive_demand,administered,2609.5932408129047,0.0,0.0,0.0
6a171bb371e62413fcb19ab9,h3_positive_demand,administered,2915.258829496837,0.0,0.0,0.0
b78a67c9956598a6332efa2f,h3_positive_demand,administered,2998.7147192331936,0.0,0.0,0.0
6ea13ccecfac8e89c3ec6146,h3_positive_demand,administered,2669.865606084,0.0,0.0,0.0
01fb3aa984ebc6079f2479a8,h3_positive_demand,administered,3305.299391812764,0.0,0.0,0.0
544c7c422f36f7e5779ae87b,h3_positive_demand,administered,3039.7733306053387,0.0,0.0,0.0
cb76c3b513c16447704a27e1,h3_positive_demand,administered,3173.9703038977086,0.0,0.0,0.0
3c0def7caf5bacde68140db3,h3_positive_demand,administered,2695.7833661623104,0.0,0.0,0.0
5a94b27724cc10bbdda4bed0,h3_positive_demand,administered,2657.8459593691628,0.0,0.0,0.0
c49c0f812ed27bef06553f78,h3_positive_demand,administered,2658.2030501455047,0.0,0.0,0.0
2578f4a475434c0c893889dd,h3_positive_demand,administered,2842.379033835326,0.0,0.0,0.0
0b4f3b4a295fa5b6ec1ac499,h3_positive_demand,administered,2946.2585783120335,0.0,0.0,0.0
6d166162e8625fb20dd37765,h3_positive_demand,administered,2649.6561947009304,0.0,0.0,0.0
1393db5b9cc117b9e3d28067,h3_positive_demand,administered,2664.39242760059,0.0,0.0,0.0
ca0f2482a9272cbc9c347fa5,h3_positive_demand,administered,2992.829151789664,0.0,0.0,0.0
5aba366db25836c930350479,h3_positive_demand,administered,2595.8729132002045,0.0,0.0,0.0
64817892b5fcb176ea0128d5,h3_positive_demand,administered,2908.666523350891,0.0,0.0,0.0
d8ee163644191fe2b47b4aae,h3_positive_demand,administered,2386.0553750448576,0.0,0.0,0.0
211502c784d51fc4a8541392,h3_positive_demand,administered,2982.937882208161,0.0,0.0,0.0
309e63bce0147850404c32e4,h3_positive_demand,administered,3075.056959854368,0.0,0.0,0.0
7ec6df6798f770f671755697,h3_positive_demand,administered,2511.0546485672367,0.0,0.0,0.0
e167c69b978fab62a9b3be23,h3_positive_demand,administered,2764.8898188919334,0.0,0.0,0.0
9f17e95384dda5abb89cbd67,h3_positive_demand,administered,2836.043183669258,0.0,0.0,0.0
c2327361944d083128ec60c0,h3_positive_demand,administered,2876.412555230811,0.0,0.0,0.0
59a2d54a7a5135ee99cd99aa,h3_positive_demand,administered,3254.586177808715,0.0,0.0,0.0
fca2d086785e3c6298ed96f9,h3_positive_demand,administered,3099.892801237026,0.0,0.0,0.0
cf0ef33d54999c1200464d01,h3_positive_demand,administered,2471.291932109532,0.0,0.0,0.0
c08d27452abe5ed8110fcc75,h3_positive_demand,administered,2676.757414552151,0.0,0.0,0.0
a321ff945cf3dc9c244a9665,h3_positive_demand,administered,3197.608583582533,0.0,0.0,0.0
ef402823950c7d80588015df,h3_positive_demand,administered,3139.945449911793,0.0,0.0,0.0
61bb0d1f9fb377c02a057c61,h3_positive_demand,administered,2599.1644433035594,0.0,0.0,0.0
fe6bea51104af4ee64403405,h3_positive_demand,administered,2731.643129647203,0.0,0.0,0.0
09eaab7914d46f15d61b3b5f,h3_positive_demand,administered,2663.920998040739,0.0,0.0,0.0
063123ff298fd32ee614e79e,h3_positive_demand,administered,2873.7114299468026,0.0,0.0,0.0
4aa1ce7cd348c5a2dd91ff4a,h3_positive_demand,administered,2681.350923097954,0.0,0.0,0.0
12d8a7e6e5db50e2e27645c4,h3_positive_demand,administered,3037.6623661517647,0.0,0.0,0.0
2bc9b4a7a271cd20a81b6432,h3_positive_demand,administered,2850.237857164781,0.0,0.0,0.0
4e0adfd9aa1281e831635375,h3_positive_demand,administered,2950.3464355713368,0.0,0.0,0.0
8a9f64fae19eed0bd5b66428,h3_positive_demand,administered,2634.6249354967727,0.0,0.0,0.0
be9c0f3e44650df24a17d19b,h3_positive_demand,administered,3246.194230759036,0.0,0.0,0.0
cbbe82ff9451872d2bcc60a8,h3_positive_demand,administered,2693.4155711313483,0.0,0.0,0.0
dc2539fe572e90de5653d087,h3_positive_demand,administered,2929.1724314291946,0.0,0.0,0.0
79fbc70b4591ae2fc179d65f,h3_positive_demand,administered,4432.704207208403,0.0,0.0,0.0
3be23194c66ac397fbd437a8,h3_positive_demand,administered,2547.502308138708,0.0,0.0,0.0
6d81bae8c2af8ef2cfcadccf,h3_positive_demand,administered,2534.1944324778224,0.0,0.0,0.0
cabf045f33de22527dfd5ac1,h3_positive_demand,administered,2715.703168610009,0.0,0.0,0.0
f73efd37847003d17b18e551,h3_positive_demand,administered,2661.772617084437,0.0,0.0,0.0
c49a2646fcbcb187967efbc4,h3_positive_demand,administered,2466.0219248596086,0.0,0.0,0.0
ace55682983a079d11fe60b9,h3_positive_demand,administered,2441.6525415764204,0.0,0.0,0.0
f44260e02d71b603d856e15a,h3_positive_demand,administered,2766.728952310926,0.0,0.0,0.0
033b8d9267fa65defa0b5155,h3_positive_demand,administered,2584.0920370229987,0.0,0.0,0.0
3c9ea4a2cac0922ba0ae3094,h3_positive_demand,administered,2854.2819253306843,0.0,0.0,0.0
56ac7c35de63937c90a363a9,h3_positive_demand,administered,2720.789807640904,0.0,0.0,0.0
f6c0710bafabc3132bded493,h3_positive_demand,administered,2974.9385823089347,0.0,0.0,0.0
1434e608226d1ccf04d59859,h3_positive_demand,administered,2652.3649820422042,0.0,0.0,0.0
c30f5c64e40459944d2bd053,h3_positive_demand,administered,2767.8802424075952,0.0,0.0,0.0
af49db2f8b3623b614ff8a8a,h3_positive_demand,administered,2627.0484059790633,0.0,0.0,0.0
79a303bb7a21e46d3995c61e,h3_positive_demand,administered,2645.6926210036136,0.0,0.0,0.0
78cedd0435075b5cd4e45725,h3_positive_demand,administered,2781.179958147221,0.0,0.0,0.0
75adccc72e5a8e7d8e3639ad,h3_positive_demand,administered,3071.94134237816,0.0,0.0,0.0
c04f5ccb937fb1c79772d426,h3_positive_demand,administered,2954.4447064368933,0.0,0.0,0.0
9d5ef3018696e29fe78fc81b,h3_positive_demand,administered,2984.554997667608,0.0,0.0,0.0
ec79ba5e16f44277fd9c37bf,h3_positive_demand,administered,2795.497688339652,0.0,0.0,0.0
8943f13ca04bef5bea9e3f3d,h3_positive_demand,administered,2803.8694421179316,0.0,0.0,0.0
0c0dd9c63403d64523dcfc5d,h3_positive_demand,administered,2901.3678696160887,0.0,0.0,0.0
1b4fa8a73a434049d8f46054,h3_positive_demand,administered,2956.411569544657,0.0,0.0,0.0
a2e66f7222967bcf5d4792eb,h3_positive_demand,administered,3215.081222759096,0.0,0.0,0.0
29a2965545070af74b57ea07,h3_positive_demand,administered,2923.1070186294473,0.0,0.0,0.0
1718230373d0535b8bca5688,h3_positive_demand,administered,2436.5416342668555,0.0,0.0,0.0
bc783d4bdadc45a0acd98450,h3_positive_demand,administered,2674.9586376020907,0.0,0.0,0.0
91767192354c2e0aa083bcba,h3_positive_demand,administered,2693.8679992453913,0.0,0.0,0.0
8bc98ec8f42088bc00089eaa,h3_positive_demand,administered,2696.082990679101,0.0,0.0,0.0
0fba37b28f0f6be89b860616,h3_positive_demand,administered,3217.645071477819,0.0,0.0,0.0
42d9fbf23232bc37fde15d09,h3_positive_demand,administered,2669.969644257552,0.0,0.0,0.0
5d1887139e1387ab1242b928,h3_positive_demand,administered,2590.1281909368467,0.0,0.0,0.0
abb21e2d087e435f58aae383,h3_positive_demand,administered,2716.113999459841,0.0,0.0,0.0
ea2766dcb31d4747ddc3f03f,h3_positive_demand,administered,2648.464750744681,0.0,0.0,0.0
a8843e6c6d3773cd7886567e,h3_positive_demand,administered,2932.694562535156,0.0,0.0,0.0
678c6e5d69bb7f50e0c87b4b,h3_positive_demand,administered,3427.0201261658285,0.0,0.0,0.0
ea9eebf927887747e008c57f,h3_positive_demand,administered,2740.2964330756977,0.0,0.0,0.0
3b2a99eba5c4b860db9c457c,h3_positive_demand,administered,2904.1403440173945,0.0,0.0,0.0
d5f9df8b42f4f59d98009d17,h3_positive_demand,administered,2816.5193037609583,0.0,0.0,0.0
ace12824d4815618d22cd718,h3_positive_demand,administered,2595.9505429254837,0.0,0.0,0.0
ec5ecd95f59a246cd6b0bf54,h3_positive_demand,administered,2664.122735513955,0.0,0.0,0.0
42ea32f9d3ec9eccf7b5ea8b,h3_positive_demand,administered,2575.564473999407,0.0,0.0,0.0
82f3061a26ac8e9f513a719f,h3_positive_demand,administered,2721.0784689616553,0.0,0.0,0.0
e1005f343eec91f53b5598e5,h3_positive_demand,administered,2562.5634218397317,0.0,0.0,0.0
f207cbb1cd66f7fcde2585f8,h3_positive_demand,administered,2798.0044518687714,0.0,0.0,0.0
3b8fa8a24524f8a29654697b,h3_positive_demand,administered,3003.5518350737184,0.0,0.0,0.0
d1b321b34eae400ca3936759,h3_positive_demand,administered,2908.3880781724943,0.0,0.0,0.0
19f7fe1e4945da46c5fa54e2,h3_positive_demand,administered,2981.9608600609786,0.0,0.0,0.0
f0657363ff6c957647001b46,h3_positive_demand,administered,2737.0176783084476,0.0,0.0,0.0
b64ea0e4ac883693bebc3298,h3_positive_demand,administered,2719.6766210128226,0.0,0.0,0.0
ba39d8421b475c62ba3df859,h3_positive_demand,administered,3003.1584717634373,0.0,0.0,0.0
ac296deca5b7aff21ae4dce4,h3_positive_demand,administered,3594.71714554685,0.0,0.0,0.0
e0538a63a208607f8bf4b574,h3_positive_demand,administered,2925.3629359000006,0.0,0.0,0.0
e3d0c21589834614e1cab982,h3_positive_demand,administered,2681.4983762079373,0.0,0.0,0.0
be01658fe720ffdbf59a7d5f,h3_positive_demand,administered,2407.16244528708,0.0,0.0,0.0
91078fd80c8b5ce68284e4eb,h3_positive_demand,administered,2987.5490696424463,0.0,0.0,0.0
0af05e2980d34af1e29c62a3,h3_positive_demand,administered,2957.3337668131157,0.0,0.0,0.0
abe04bde82cd65afb2988628,h3_positive_demand,administered,2629.0691034926062,0.0,0.0,0.0
4796cb60a76aaa96d00b5bc4,h3_positive_demand,administered,2849.2881644203057,0.0,0.0,0.0
0b2bce0653406bf0b5bb2d90,h3_positive_demand,administered,3476.6314680969344,0.0,0.0,0.0
2728b37578005097e9d15823,h3_positive_demand,administered,2778.1855248914885,0.0,0.0,0.0
073d4a1df99aaafb6adcd486,h3_positive_demand,administered,2782.3515349402387,0.0,0.0,0.0
95c14bf99c6844931d6cf6a0,h3_positive_demand,administered,2505.851510033105,0.0,0.0,0.0
ac135ad502d019e316896773,h3_positive_demand,administered,2973.2951492898474,0.0,0.0,0.0
c7c1dee67a10b756e07093e7,h3_positive_demand,administered,2787.737942232361,0.0,0.0,0.0
c14f1e973407c6426b4f0f8d,h3_positive_demand,administered,2792.98352851831,0.0,0.0,0.0
9ab683316f7197dccc037c81,h3_positive_demand,administered,2678.7081963348296,0.0,0.0,0.0
fa5723ece3fbf9b312a036f8,h3_positive_demand,administered,4083.0824110161934,0.0,0.0,0.0
6a412a7b3dad22c17db96a0f,h3_positive_demand,administered,2671.677448306347,0.0,0.0,0.0
36b807c0b30889f847f21fe9,h3_positive_demand,administered,2776.0384663259856,0.0,0.0,0.0
76c9917d063024df333f2ad4,h3_positive_demand,administered,2877.142994939077,0.0,0.0,0.0
0313845d7f94dbe811658487,h3_positive_demand,administered,2537.0565074806495,0.0,0.0,0.0
889d9f9fadebcbbf48c0a445,h3_positive_demand,administered,2950.256135084028,0.0,0.0,0.0
8caeb04c51d9793e475c0993,h3_positive_demand,administered,3039.4692883860225,0.0,0.0,0.0
3769b3d77ad8668c0aa13d26,h3_positive_demand,administered,2757.4688101490924,0.0,0.0,0.0
1b138891c1061ec0e0fca992,h3_positive_demand,administered,2643.866142866929,0.0,0.0,0.0
d88e632ddd81f5216991e4dc,h3_positive_demand,administered,2400.335976035894,0.0,0.0,0.0
02a294ff475147099b5e34d7,h3_positive_demand,administered,2544.909569265475,0.0,0.0,0.0
4ebd8e4a59bf5ec00335c11d,h3_positive_demand,administered,2736.2623850034147,0.0,0.0,0.0
f9650d6fadd95ee4f316ba11,h3_positive_demand,administered,2597.8922939324884,0.0,0.0,0.0
993347e0b57802db268b3e34,h3_positive_demand,administered,2618.0408122769245,0.0,0.0,0.0
f8446d3c74f6afba83832633,h3_positive_demand,administered,2954.701901353838,0.0,0.0,0.0
2362f6eaa645666e39aae364,h3_positive_demand,administered,2806.6059845691916,0.0,0.0,0.0
a03e5d8eeef74f789b11d50b,h3_positive_demand,administered,3349.139874293751,0.0,0.0,0.0
4a87bfba0873e337a54ef466,h3_positive_demand,administered,2811.3459196841127,0.0,0.0,0.0
2281e9f18e7483b7f58e17b9,h3_positive_demand,administered,2751.1033441794702,0.0,0.0,0.0
a5fb39f5fcf77e251c1f33c3,h3_positive_demand,administered,2775.9495589599287,0.0,0.0,0.0
6ca70e5c6e745e7af140a5b0,h3_positive_demand,administered,2916.5588230262115,0.0,0.0,0.0
267db072451a311e09774c6c,h3_positive_demand,administered,2638.881940839156,0.0,0.0,0.0
b4153c400f2042e0db477be2,h3_positive_demand,administered,2743.74138222434,0.0,0.0,0.0
2033148533d8950d9fb28cfb,h3_positive_demand,administered,2779.783896289119,0.0,0.0,0.0
f6c7a5e4d55c98c416c13cd9,h3_positive_demand,administered,2641.0321728705917,0.0,0.0,0.0
7dcc1a2a9044733d2e537dc6,h3_positive_demand,administered,2466.4163179850693,0.0,0.0,0.0
4e19b916f9dfb8c42055c9ae,h3_positive_demand,administered,2655.9795334746864,0.0,0.0,0.0
971f648443c82252272c06f7,h3_positive_demand,administered,2410.712661029922,0.0,0.0,0.0
ff51fd8312aa9594721504b0,h3_positive_demand,administered,3570.019113141981,0.0,0.0,0.0
ef5bccd1d918634016d1f6a3,h3_positive_demand,administered,2471.2449479067545,0.0,0.0,0.0
585095fe29dd640907952db1,h3_positive_demand,administered,2794.4856297042656,0.0,0.0,0.0
ae14adef823f76c8bed06502,h3_positive_demand,administered,2811.4986437226826,0.0,0.0,0.0
f4193bd3c8ae7be468e1994b,h3_positive_demand,administered,2822.7585411104787,0.0,0.0,0.0
229691e2ba79f72bacf1dc29,h3_positive_demand,administered,2961.768190754891,0.0,0.0,0.0
eb1c1744998c9a7f17f66ae1,h3_positive_demand,administered,2751.3319425105433,0.0,0.0,0.0
abe3ebbb9c81e6f9e05a15f5,h3_positive_demand,administered,2791.9830645678403,0.0,0.0,0.0
7bec1e26d109e58130bc1493,h3_positive_demand,administered,3967.2639982909036,0.0,0.0,0.0
ab56cc3fe5316af6ac692e5a,h3_positive_demand,administered,2551.7256921633984,0.0,0.0,0.0
6715fb26cfd1c81c14c99d36,h3_positive_demand,administered,2916.5535825123075,0.0,0.0,0.0
e2370eb59234aea8c9eed328,h3_positive_demand,administered,3003.8717602099136,0.0,0.0,0.0
3a000251331ee79553fc5445,h3_positive_demand,administered,2767.244819067678,0.0,0.0,0.0
c73730060f6631a5c3208afa,h3_positive_demand,administered,3043.9397903390195,0.0,0.0,0.0
376bbdde11fd416f461b0d82,h3_positive_demand,administered,2841.8510384627903,0.0,0.0,0.0
481c173164da1cc1328771ff,h3_positive_demand,administered,2773.9460503310033,0.0,0.0,0.0
77dc55498287282a614771c7,h3_positive_demand,administered,3049.673435622687,0.0,0.0,0.0
383a90557fc38a0845294949,h3_positive_demand,administered,2833.4572883638652,0.0,0.0,0.0
e93d86352ee224deb3c8f420,h3_positive_demand,administered,2749.880061080436,0.0,0.0,0.0
8597f0f6a5e66b3c9a24761b,h3_positive_demand,administered,2859.2286928355015,0.0,0.0,0.0
f5931a45423814fe7e4ec9c9,h3_positive_demand,administered,2931.644152052305,0.0,0.0,0.0
d08f4c9871258e89f69bcaa2,h3_positive_demand,administered,2630.5674685429335,0.0,0.0,0.0
76715facd5bd8f532a467f2b,h3_positive_demand,administered,2615.384741800549,0.0,0.0,0.0
03c8cdb43de71abcecf4fec5,h3_positive_demand,administered,2759.70661715562,0.0,0.0,0.0
1a17eb68be6ac861e1387bf8,h3_positive_demand,administered,2906.5794203967534,0.0,0.0,0.0
7017c82d2f22e5a7e3cae777,h3_positive_demand,administered,2788.9884693225954,0.0,0.0,0.0
cc9d63a5aa52eb43b81588d7,h3_positive_demand,administered,2735.550100276569,0.0,0.0,0.0
e4b154a644696eddb3b11a27,h3_positive_demand,administered,2568.983889315498,0.0,0.0,0.0
4cd35a93f20ee2a0cf776a4f,h3_positive_demand,administered,2707.553194739802,0.0,0.0,0.0
56e2dc990e9a4e5608b9b76b,h3_positive_demand,administered,3683.053841694094,0.0,0.0,0.0
7c4a22ff520d1c97be08cdfb,h3_positive_demand,administered,2953.385661211328,0.0,0.0,0.0
45a59305741f3089d0ebb51a,h3_positive_demand,administered,2710.4325454686855,0.0,0.0,0.0
88e2ca9912105cbca074bcab,h3_positive_demand,administered,3643.595488772246,0.0,0.0,0.0
389a8af7807df5876e8a8b77,h3_positive_demand,administered,2580.748393539723,0.0,0.0,0.0
638d83d9de9736f69b13e110,h3_positive_demand,administered,3079.416130498486,0.0,0.0,0.0
7a6874303cebe77270fa12d2,h3_positive_demand,administered,2807.736431725174,0.0,0.0,0.0
f6f8b959d9be52912d3bbc49,h3_positive_demand,administered,2973.682861506666,0.0,0.0,0.0
fc634deb5f2a97aee686606b,h3_positive_demand,administered,2978.9114668490665,0.0,0.0,0.0
5a657f91c9611c5483bddce5,h3_positive_demand,administered,2717.841087938923,0.0,0.0,0.0
0164411fd2178a6d5e4eb657,h3_positive_demand,administered,2663.225893044443,0.0,0.0,0.0
3e1d716167bc94d1749e33cb,h3_positive_demand,administered,2987.917149044902,0.0,0.0,0.0
b2323c8789af12cbcc134488,h3_positive_demand,administered,2931.2453926717853,0.0,0.0,0.0
0670d4dc680dfd8eadbc0b2b,h3_positive_demand,administered,3162.0278259229126,0.0,0.0,0.0
3e47a08b125edad6c7e1d768,h3_positive_demand,administered,2574.5084953126807,0.0,0.0,0.0
25131eccffe2815ba2b1b2aa,h3_positive_demand,administered,4637.473604764061,0.0,0.0,0.0
e5000af0038ca7720506b456,h3_positive_demand,administered,3111.3045955840053,0.0,0.0,0.0
ff4c4e59f73d8662ed93e7a2,h3_positive_demand,administered,2673.205586035088,0.0,0.0,0.0
08210f25dd6cb21ee2a6a9e8,h3_positive_demand,administered,2851.9990551403557,0.0,0.0,0.0
6fcbb7cc7cf3040721b6e146,h3_positive_demand,administered,2927.1759587149454,0.0,0.0,0.0
94a86fe98a3a29d51a60ec09,h3_positive_demand,administered,2877.405488228977,0.0,0.0,0.0
86199459fdd0919597918b60,h3_positive_demand,administered,2664.0707391423307,0.0,0.0,0.0
c34e75b6ab774e0508021fd2,h3_positive_demand,administered,2570.3446270155446,0.0,0.0,0.0
43e12ad256fadd693c35d674,h3_positive_demand,administered,2939.75373099256,0.0,0.0,0.0
ba7d93e49d7aa1bb8a9a054c,h3_positive_demand,administered,2683.167914011382,0.0,0.0,0.0
2511b4b7d28ab518a5691f98,h3_positive_demand,administered,2565.4968371259047,0.0,0.0,0.0
43fdc5bf7ca9088f99e7a930,h3_positive_demand,administered,2879.809917056175,0.0,0.0,0.0
c85cbbfe8d50ddac7c0dda24,h3_positive_demand,administered,2848.3291365311998,0.0,0.0,0.0
b2b939566436f792b2531b25,h3_positive_demand,administered,2745.0978030304973,0.0,0.0,0.0
27972c1ad1b036365253ed9b,h3_positive_demand,administered,2495.8618044979585,0.0,0.0,0.0
a52fdabeb7cb351462053be9,h3_positive_demand,administered,2766.816498116744,0.0,0.0,0.0
fdd977e2602c9ad1bf0070a7,h3_positive_demand,administered,2942.765092709265,0.0,0.0,0.0
695f7892bd249aca9771f987,h3_positive_demand,administered,2955.034087477979,0.0,0.0,0.0
2129aa39d7fc7286d3ef8a5f,h3_positive_demand,administered,2952.119826555683,0.0,0.0,0.0
67fcd29150969ab9591a9184,h3_positive_demand,administered,2770.0909737096777,0.0,0.0,0.0
0399d1e0c55eee3b0581d4ec,h3_positive_demand,administered,2523.314763191307,0.0,0.0,0.0
a4cd0afba49f5aef9bc77940,h3_positive_demand,administered,2886.833167121015,0.0,0.0,0.0
88b85b1401abe3fafb612ed0,h3_positive_demand,administered,2827.399559778988,0.0,0.0,0.0
f8b22ddb2939dc8a559f42c3,h3_positive_demand,administered,2639.8408152506163,0.0,0.0,0.0
e05635eb0e781f5f4411b618,h3_positive_demand,administered,2726.4207578521236,0.0,0.0,0.0
f074633ff7171e8118b3ca7b,h3_positive_demand,administered,2834.463334838244,0.0,0.0,0.0
3dfee18b36b52671c64d71d6,h3_positive_demand,administered,2953.796321711792,0.0,0.0,0.0
df88011accac120aaed3731b,h3_positive_demand,administered,3282.732017454015,0.0,0.0,0.0
0b902171e8432895c746bf7f,h3_positive_demand,administered,2805.0267597046222,0.0,0.0,0.0
f8188a018e7d9bda9a955fcb,h3_positive_demand,administered,3037.597331429605,0.0,0.0,0.0
2586bb657ff3b5183c43ddcc,h3_positive_demand,administered,2545.049230026566,0.0,0.0,0.0
dfcf55fd35ca399d895459f9,h3_positive_demand,administered,2623.0184557939356,0.0,0.0,0.0
0b11c828d456c9c1cd2f26de,h3_positive_demand,administered,3235.241522188297,0.0,0.0,0.0
96307d1551f0b84c6a7937e4,h3_positive_demand,administered,2508.8624297709125,0.0,0.0,0.0
d58eec14fd20aad245c3200c,h3_positive_demand,administered,3017.2836638580357,0.0,0.0,0.0
f8004ce816cfbd340c113485,h3_positive_demand,administered,2655.6672298841204,0.0,0.0,0.0
9b331a2d6a2c293cb95287ad,h3_positive_demand,administered,3286.140518016668,0.0,0.0,0.0
9b41729a4eac5b98e7b85ee7,h3_positive_demand,administered,2556.5389248099013,0.0,0.0,0.0
c9e8937e09baff5482eae903,h3_positive_demand,administered,2251.852854423164,0.0,0.0,0.0
1372e4d605de577ea46f2e10,h3_positive_demand,administered,3191.271246766177,0.0,0.0,0.0
28a692f4e185db6637586e4c,h3_positive_demand,administered,2877.013156649571,0.0,0.0,0.0
5e9318f9f8f80a4940a9ee44,h3_positive_demand,administered,3201.474352770779,0.0,0.0,0.0
f4c5556c0a03ed69f5a16326,h3_positive_demand,administered,3372.8357088934545,0.0,0.0,0.0
31ede755d7a9a1af33d6e4ff,h3_positive_demand,administered,2703.6921929683267,0.0,0.0,0.0
573e3e1b3a198a7c9088e2b7,h3_positive_demand,administered,2737.425944236973,0.0,0.0,0.0
6c6ebb76a2222d4c611fed68,h3_positive_demand,administered,2896.288892554551,0.0,0.0,0.0
2bc3679555e0b9d5d5f8761e,h3_positive_demand,administered,2700.0772039937497,0.0,0.0,0.0
aba7be9c7b4742b58b7a76aa,h3_positive_demand,administered,2316.1199497711464,0.0,0.0,0.0
6a66e01dc3210497e4d78973,h3_positive_demand,administered,2611.120362963392,0.0,0.0,0.0
47a71d8c0b80c325ff3538db,h3_positive_demand,administered,2747.5316234877155,0.0,0.0,0.0
48bba7f7a47b5ed92c3a8d86,h3_positive_demand,administered,3624.6152020804598,0.0,0.0,0.0
49ad6b283dcee569f20e113a,h3_positive_demand,administered,3016.06700315429,0.0,0.0,0.0
a916d1d92961f0e1f5c6ced3,h3_positive_demand,administered,2582.9791149509156,0.0,0.0,0.0
b8c35d9b355c33bd99c14f3f,h3_positive_demand,administered,2457.4201519643157,0.0,0.0,0.0
439a49ed211cd5a4fbbf3a5a,h3_positive_demand,administered,2768.315280012502,0.0,0.0,0.0
6b9b28beca05918b9ad69997,h3_positive_demand,administered,2575.5761769888736,0.0,0.0,0.0
f9854a867e45a8f2133e98f8,h3_positive_demand,administered,2731.29202579462,0.0,0.0,0.0
368181f95cb492e8aabdc8b8,h3_positive_demand,administered,2446.8650178839234,0.0,0.0,0.0
3c70c69f90fdba6ab945f768,h3_positive_demand,administered,2585.589130121031,0.0,0.0,0.0
476d4afe50927f207c989428,h3_positive_demand,administered,2886.033120409758,0.0,0.0,0.0
6e04cf97e095743d87edbf47,h3_positive_demand,administered,2844.6080830620654,0.0,0.0,0.0
b4a2537453032b603c1d5c8f,h3_positive_demand,administered,2967.3679915416433,0.0,0.0,0.0
1dc4a59dec0b91c4e99c3af9,h3_positive_demand,administered,2567.2789790701963,0.0,0.0,0.0
af77a31df11841ef01e979ef,h3_positive_demand,administered,2649.4794677050877,0.0,0.0,0.0
664ad78521552029061e5a2f,h3_positive_demand,administered,3200.740334290132,0.0,0.0,0.0
1b122cd2b65137bf96e91093,h3_positive_demand,administered,2886.109561027728,0.0,0.0,0.0
4e5ea906de82b028acba8f84,h3_positive_demand,administered,3501.3364448576476,0.0,0.0,0.0
9a577f7d40f1a4e67a434d81,h3_positive_demand,administered,2615.189602791355,0.0,0.0,0.0
923fa68b0d2de78298cad4e5,h3_positive_demand,administered,2497.786348226839,0.0,0.0,0.0
b63f4fdea78ef8cff39049da,h3_positive_demand,administered,2586.528901768417,0.0,0.0,0.0
888825f7f61eb642f1f55ae8,h3_positive_demand,administered,2348.1973199540694,0.0,0.0,0.0
f371bf23473b4e6e72574064,h3_positive_demand,administered,2886.6916513886345,0.0,0.0,0.0
0971e9584bf0fe76f77d69f3,h3_positive_demand,administered,2659.185520341179,0.0,0.0,0.0
f2233d3ab70475a0b27415e4,h3_positive_demand,administered,2782.585920671533,0.0,0.0,0.0
b16da8dbf15d1f7c0bbc0838,h3_positive_demand,administered,2675.946034910804,0.0,0.0,0.0
e32404194f873be4ba032467,h3_positive_demand,administered,2743.1784304629628,0.0,0.0,0.0
d541351d8073575a7ab62b13,h3_positive_demand,administered,2491.3809994357593,0.0,0.0,0.0
0583dbb3f05632500a17c087,h3_positive_demand,administered,2792.5547988157177,0.0,0.0,0.0
9defb2a52260e971408a50b1,h3_positive_demand,administered,3823.8660924088567,0.0,0.0,0.0
3643d2cdb71f44e01aea063f,h3_positive_demand,administered,2724.1160853747447,0.0,0.0,0.0
5f3746f77788abb2b0c005a4,h3_positive_demand,administered,3813.1629570618456,0.0,0.0,0.0
eb3193a6c182871ff1ae0fb0,h3_positive_demand,administered,2778.625452179204,0.0,0.0,0.0
43f51f083e3c0a3403a80401,h3_positive_demand,administered,2467.525154752255,0.0,0.0,0.0
3df3f02bc1cbcf52ed051f83,h3_positive_demand,administered,3301.8348306949624,0.0,0.0,0.0
32c8170955338d4d1cd91371,h3_positive_demand,administered,2773.9684499972477,0.0,0.0,0.0
11896d089c94b0c84a07d64a,h3_positive_demand,administered,2423.0705101181134,0.0,0.0,0.0
d72ee0f2673acf4a4e145d7a,h3_positive_demand,administered,3418.7221100991073,0.0,0.0,0.0
2725972c9153410e0d4b700a,h3_positive_demand,administered,2733.0562571872397,0.0,0.0,0.0
66fa7e7192a40d1f4bc559ee,h3_positive_demand,administered,3052.8283708302693,0.0,0.0,0.0
b6e9b3b11b25bfb8528ed158,h3_positive_demand,administered,2934.9423562419697,0.0,0.0,0.0
467470a12a4fb2152a3c4b74,h3_positive_demand,administered,2791.4576868626496,0.0,0.0,0.0
49dc82183d9bf876db8ba0ff,h3_positive_demand,administered,2599.6165796125065,0.0,0.0,0.0
f2a341869b9a4d16097da143,h3_positive_demand,administered,2469.4938039503845,0.0,0.0,0.0
9c1861881f878980aed8b2b0,h3_positive_demand,administered,2402.5134333317897,0.0,0.0,0.0
2478f7add5631ce24de7a184,h3_positive_demand,administered,2784.6353401939205,0.0,0.0,0.0
1ec35e840033cb9f61472b8d,h3_positive_demand,administered,2856.0438502414977,0.0,0.0,0.0
1b9ca7dd708d3321793cacb2,h3_positive_demand,administered,2736.9040660067853,0.0,0.0,0.0
7da58d839e2de3cadee8b7b9,h3_positive_demand,administered,2810.850091891291,0.0,0.0,0.0
17b0f325aef5b1d4d6fec9ef,h3_positive_demand,administered,2827.7606748712296,0.0,0.0,0.0
b903ba92e3e4642f8e8b70a0,h3_positive_demand,administered,2778.599172356177,0.0,0.0,0.0
60093b7409b30929cfb65901,h3_positive_demand,administered,2820.5307589219565,0.0,0.0,0.0
92be98df24478009ff6ddfb5,h3_positive_demand,administered,3795.4247598068214,0.0,0.0,0.0
64ffa47a58cdd5bf8a5f9518,h3_positive_demand,administered,2664.5693382360496,0.0,0.0,0.0
fdacd512f5e72e9cb6b20554,h3_positive_demand,administered,2766.2550502128465,0.0,0.0,0.0
371fbfb19b1a015a5445cb7e,h3_positive_demand,administered,3044.57965665867,0.0,0.0,0.0
352d4a9d8fe1873ae819d92b,h3_positive_demand,administered,2720.0767991374096,0.0,0.0,0.0
4ede9512bf1036f01c956413,h3_positive_demand,administered,2763.5995732418446,0.0,0.0,0.0
2f391ec082660d3bd9b37a49,h3_positive_demand,administered,2779.5469859445557,0.0,0.0,0.0
24337795f616df59bb1d8b2e,h3_positive_demand,administered,2757.3829649962245,0.0,0.0,0.0
e0a2fdce96b38827adc8fc9b,h3_positive_demand,administered,2813.7842684420825,0.0,0.0,0.0
79faf20d14205a8d92365eea,h3_positive_demand,administered,3527.573260287626,0.0,0.0,0.0
b5d7e0f97f7b3b0aa5a85fab,h3_positive_demand,administered,2595.1557490560353,0.0,0.0,0.0
b9ba8058bf7d805adf7a1d92,h3_positive_demand,administered,2822.665871019155,0.0,0.0,0.0
536eaa8da4c8e6f6cf940674,h3_positive_demand,administered,2512.824449781933,0.0,0.0,0.0
5285804b5a5491871aa5c7d3,h3_positive_demand,administered,2784.710988535804,0.0,0.0,0.0
e0f2ca14915b46b3e16e537c,h3_positive_demand,administered,2554.205576643871,0.0,0.0,0.0
1009a346d72c9bec5661de7c,h3_positive_demand,administered,2530.9230161486144,0.0,0.0,0.0
5ae1858f56edb37d8990056f,h3_positive_demand,administered,2801.796273012279,0.0,0.0,0.0
85d94385ba3342c3969cd7a8,h3_positive_demand,administered,3185.763073987845,0.0,0.0,0.0
688f8f82d3e58b792d9a8657,h3_positive_demand,administered,4503.752977269356,0.0,0.0,0.0
aa1f78b2b3f37ce87c76e4bb,h3_positive_demand,administered,2828.0517175241685,0.0,0.0,0.0
9c0e5d76fb43a78ab748b527,h3_positive_demand,administered,2721.828679167759,0.0,0.0,0.0
de7346b08fb41653062ea6e2,h3_positive_demand,administered,2739.595745989457,0.0,0.0,0.0
1e5b8fdab21d9775019898ef,h3_positive_demand,administered,2964.004779520411,0.0,0.0,0.0
2616452be1b8aa8edef1389b,h3_positive_demand,administered,3082.0427429598594,0.0,0.0,0.0
a62df2d436681eb21cbe32f0,h3_positive_demand,administered,3191.921357413147,0.0,0.0,0.0
bfbd18fd7380a10941819ee9,h3_positive_demand,administered,2554.635452592328,0.0,0.0,0.0
68afe8e7243cf3ea7e3018fb,h3_positive_demand,administered,2897.625277711449,0.0,0.0,0.0
2bc2c3c774d089b4dea8540d,h3_positive_demand,administered,2732.3823717229748,0.0,0.0,0.0
f5557df8e29dcaf314590243,h3_positive_demand,administered,2452.1365183942817,0.0,0.0,0.0
7da90c5fce1f1dbfbaf1a2e4,h3_positive_demand,administered,2714.9228892839765,0.0,0.0,0.0
2bebf4c6b1f07b6de99823de,h3_positive_demand,administered,3083.3681492420287,0.0,0.0,0.0
6c4afc2214b5daa3558aba17,h3_positive_demand,administered,2486.5892520068464,0.0,0.0,0.0
0a18759e9085a9e150d42fa1,h3_positive_demand,administered,3255.492990018089,0.0,0.0,0.0
535d08586870942311a5e745,h3_positive_demand,administered,2666.172650357156,0.0,0.0,0.0
21911ff9253e42ab64944094,h3_positive_demand,administered,4032.021612859151,0.0,0.0,0.0
d6b74fb37474d214f0dfde36,h3_positive_demand,administered,2661.0843027342125,0.0,0.0,0.0
d6c431fd4c29fd4ab6c50f6c,h3_positive_demand,administered,2510.9152239021596,0.0,0.0,0.0
570eb8a50aed3de854fd5018,h3_positive_demand,administered,2797.8019769564153,0.0,0.0,0.0
c47faf983132c67c796f3398,h3_positive_demand,administered,2683.629828103303,0.0,0.0,0.0
de0a79d8be46282c789ae81d,h3_positive_demand,administered,2756.3150135698147,0.0,0.0,0.0
ed87d1917cc014c2913bd480,h3_positive_demand,administered,2522.9410746961894,0.0,0.0,0.0
473344531adb5510a58433c0,h3_positive_demand,administered,2899.784605766152,0.0,0.0,0.0
8fa6dd1c2cfc894c749f72dd,h3_positive_demand,administered,2555.1504225798694,0.0,0.0,0.0
32f720900221d29f0d054cf9,h3_positive_demand,administered,2791.1935375887074,0.0,0.0,0.0
238ea56811396890b63c29a3,h3_positive_demand,administered,2912.3042283844634,0.0,0.0,0.0
91a68aaf87c7667c2f0654dc,h3_positive_demand,administered,2751.6980664198773,0.0,0.0,0.0
783437d6eee704a492bca057,h3_positive_demand,administered,2776.73259565991,0.0,0.0,0.0
4927254d7a20bfaffd2a6b5b,h3_positive_demand,administered,2800.839468205587,0.0,0.0,0.0
6dae6bc46e85f4298335be27,h3_positive_demand,administered,2850.2269472863995,0.0,0.0,0.0
ccb2e45722080b9ee5b344ac,h3_positive_demand,administered,2961.2418476072976,0.0,0.0,0.0
547ace0090e8778f24f7d8f0,h3_positive_demand,administered,2953.643097576946,0.0,0.0,0.0
5203df79eec125106afa6652,h3_positive_demand,administered,2944.6014310393834,0.0,0.0,0.0
91dbfcac29b5c81db7393460,h3_positive_demand,administered,2921.3707684010246,0.0,0.0,0.0
d5cac2e0cb97967ef0b6ed19,h3_positive_demand,administered,2788.328297746826,0.0,0.0,0.0
2635df95f51d6566ee2115ae,h3_positive_demand,administered,3232.056495449675,0.0,0.0,0.0
4a5107a3de3477f898bfebde,h3_positive_demand,administered,2648.96200312574,0.0,0.0,0.0
710de6eb9532434fcb3169b4,h3_positive_demand,administered,2790.5369333691256,0.0,0.0,0.0
a13624faf3df1eccde9b7b92,h3_positive_demand,administered,3047.085553888365,0.0,0.0,0.0
dc578c73d0dd82fcf4f5aceb,h3_positive_demand,administered,2660.0444302442133,0.0,0.0,0.0
78610f86e4e9724db083a0ed,h3_positive_demand,administered,2862.1510693828513,0.0,0.0,0.0
31f0f3c358f82b48c7b2c99b,h3_positive_demand,administered,2957.069784049977,0.0,0.0,0.0
c9fe7921869717d417d6c7f2,h3_positive_demand,administered,2950.513999185016,0.0,0.0,0.0
4f4f441c6de4d37040ea5527,h3_positive_demand,administered,2472.534293411886,0.0,0.0,0.0
2b8716b099611c556d5e72c8,h3_positive_demand,administered,2453.715164165808,0.0,0.0,0.0
80dc5a0851f757987e4e84a1,h3_positive_demand,administered,2552.7889438427273,0.0,0.0,0.0
3c0f9bcb78c9c297e0a5ee0d,h3_positive_demand,administered,2684.8236313319567,0.0,0.0,0.0
25e65a0a8acf181c1b356290,h3_positive_demand,administered,2764.849141899522,0.0,0.0,0.0
0a1661b43428b2d42aaef8a7,h3_positive_demand,administered,2905.420646725929,0.0,0.0,0.0
f856c03ffc343d45976b6917,h3_positive_demand,administered,2853.1278213966893,0.0,0.0,0.0
3756d1ca99c13753c65bf76a,h3_positive_demand,administered,2644.932620745342,0.0,0.0,0.0
60dda436ad03823a664adb4a,h3_positive_demand,administered,2817.350514840497,0.0,0.0,0.0
4071b1dcc82536dfd9bf36bc,h3_positive_demand,administered,2770.9304858862665,0.0,0.0,0.0
630c3af63fc1727841a33ac1,h3_positive_demand,administered,2689.508764045118,0.0,0.0,0.0
27135e2080dedc1a50f20724,h3_positive_demand,administered,3031.33597587136,0.0,0.0,0.0
336602228d5347b74ed73710,h3_positive_demand,administered,3174.5983095584775,0.0,0.0,0.0
50876ea0ff2d8a84789dde05,h3_positive_demand,administered,2777.6378581562535,0.0,0.0,0.0
fe163a0348eab4ccc767567c,h3_positive_demand,administered,2860.223304108501,0.0,0.0,0.0
fdc1c8bd95a3de3f28836197,h3_positive_demand,administered,2647.9640125421174,0.0,0.0,0.0
e136a40efe26e28a0bc404a2,h3_positive_demand,administered,3245.102418036429,0.0,0.0,0.0
79186276c950c447b31cf92b,h3_positive_demand,administered,2687.048255068291,0.0,0.0,0.0
c92ca68a3e8ee3c7c49817bb,h3_positive_demand,administered,2570.8916646597504,0.0,0.0,0.0
8c88e7284dc9ce4fe4d46df6,h3_positive_demand,administered,2469.2291145775384,0.0,0.0,0.0
d4504c8e81c5716ce856d71b,h3_positive_demand,administered,2371.4553285336383,0.0,0.0,0.0
7e535c4a7034ea3c9dd245f1,h3_positive_demand,administered,2430.3690452753967,0.0,0.0,0.0
1fe2eb6bbdc26db0dd12b419,h3_positive_demand,administered,2543.2329069359816,0.0,0.0,0.0
e7c6bbe6923bec7e3c5d1173,h3_positive_demand,administered,3068.4990294347476,0.0,0.0,0.0
7828c7d7f573dc72d40b6403,h3_positive_demand,administered,2588.12984727209,0.0,0.0,0.0
1b694c04ff6db4ec9ef23adb,h3_positive_demand,administered,2558.4537055698506,0.0,0.0,0.0
b25a937da7348d88173f03c6,h3_positive_demand,administered,2561.3297178980383,0.0,0.0,0.0
bea5ab607d38226323eaea48,h3_positive_demand,administered,2813.504923122439,0.0,0.0,0.0
c71dd9f3d6cf6b2411a4094f,h3_positive_demand,administered,3102.569996354892,0.0,0.0,0.0
f98873eb27b1e0fe26bfc4e8,h3_positive_demand,administered,2593.0463488416235,0.0,0.0,0.0
613b909a6c64fe90b2b4b5d4,h3_positive_demand,administered,2531.246497830721,0.0,0.0,0.0
15df609c76aae7239a73fea5,h3_positive_demand,administered,3101.479321664535,0.0,0.0,0.0
d4be2549728eb61ba7c41698,h3_positive_demand,administered,2916.515958927246,0.0,0.0,0.0
2332545d0717439284cc6a3f,h3_positive_demand,administered,2989.371839486384,0.0,0.0,0.0
8493294ecd5c1f6eca4c9251,h3_positive_demand,administered,2750.3984770102293,0.0,0.0,0.0
5fffaedaba4b27fd9281e237,h3_positive_demand,administered,2846.046615595564,0.0,0.0,0.0
cb007f0341e369b598863af1,h3_positive_demand,administered,2643.7718290036237,0.0,0.0,0.0
d998426529ae259e07bcc9a1,h3_positive_demand,administered,3157.2955809948094,0.0,0.0,0.0
e5f8fae3d82b9c583990ad60,h3_positive_demand,administered,2907.795611483353,0.0,0.0,0.0
4ed14e3701b8c58e1e904aa8,h3_positive_demand,administered,2722.5820886232054,0.0,0.0,0.0
cebc3e4c0b9794c8e042fcc3,h3_positive_demand,administered,2740.9086241323284,0.0,0.0,0.0
8f7ff1d1525c52cb44b2d090,h3_positive_demand,administered,3225.4228660924728,0.0,0.0,0.0
496b07ca91048fcf82e32bf7,h3_positive_demand,administered,2910.504207271971,0.0,0.0,0.0
01e52ecc34ccdf85bbcbf481,h3_positive_demand,administered,2541.648838520232,0.0,0.0,0.0
a310bafe68a8f4da457a1599,h3_positive_demand,administered,2845.7069331403427,0.0,0.0,0.0
02badcc67f77b8a83c29419d,h3_positive_demand,administered,2515.7201445804917,0.0,0.0,0.0
9206747fbf4a84cf8b7a9cfa,h3_positive_demand,administered,2563.221816689406,0.0,0.0,0.0
92de5bb3581ce305a72e97cf,h3_positive_demand,administered,2716.071279228111,0.0,0.0,0.0
22e3642947da1bc76ab81e85,h3_positive_demand,administered,2748.154484149457,0.0,0.0,0.0
7b0a31a2e317cf29e624bbb5,h3_positive_demand,administered,2677.128677370568,0.0,0.0,0.0
15f7776bd0d66a434644ef6d,h3_positive_demand,administered,2945.6769571555596,0.0,0.0,0.0
f3ec5d3a7b8c359ab9daa11b,h3_positive_demand,administered,2574.488155852325,0.0,0.0,0.0
131e1ef7cb1177dea2df160c,h3_positive_demand,administered,2423.6719972544697,0.0,0.0,0.0
a66ce2015d114ec9425f1738,h3_positive_demand,administered,2954.1360114799204,0.0,0.0,0.0
2a490553c7793b052f80efe6,h3_positive_demand,administered,2932.056013242056,0.0,0.0,0.0
4dfb9e51df96db598fb9986c,h3_positive_demand,administered,2785.833239758531,0.0,0.0,0.0
cdbd7df698db81ecf8c063ed,h3_positive_demand,administered,2597.701141840759,0.0,0.0,0.0
f7f3bfffd43180fe3e3e330c,h3_positive_demand,administered,2721.946849550677,0.0,0.0,0.0
39cdd3cb9fc7d5d001d13e84,h3_positive_demand,administered,2382.1491360127916,0.0,0.0,0.0
e2faf521b426d57d9c731a8f,h3_positive_demand,administered,2480.313123575059,0.0,0.0,0.0
b8cbf393067aa2cf3f728b83,h3_positive_demand,administered,2855.2168195230583,0.0,0.0,0.0
d1d307a8f977fe232c18b9df,h3_positive_demand,administered,3156.085426486417,0.0,0.0,0.0
e59e5ea092101044cbb5a910,h3_positive_demand,administered,3425.715444452749,0.0,0.0,0.0
ea13bc798a5280aa76a7c480,h3_positive_demand,administered,2940.5658706507234,0.0,0.0,0.0
25bff561f7cbafcfd86ccf3f,h3_positive_demand,administered,2442.5624986463467,0.0,0.0,0.0
62879e95e666a1ee8a04b709,h3_positive_demand,administered,3900.7017188990226,0.0,0.0,0.0
9477bc1363a710eb102c9da3,h3_positive_demand,administered,2804.4142145328733,0.0,0.0,0.0
0155bd8962e7e52d7eb0ce07,h3_positive_demand,administered,2637.623423986899,0.0,0.0,0.0
1f23e8a9615a46c01ec972a1,h3_positive_demand,administered,2357.011184195722,0.0,0.0,0.0
be7f9969990c671d79867203,h3_positive_demand,administered,3030.2040106290974,0.0,0.0,0.0
014145897bb694210e682183,h3_positive_demand,administered,2717.1245727240266,0.0,0.0,0.0
a351731e206c04d77cdaf893,h3_positive_demand,administered,3342.1791505917895,0.0,0.0,0.0
2f40a8b335ef4d84d8711580,h3_positive_demand,administered,2735.9762140822368,0.0,0.0,0.0
ed06c10d5beae462efd7cf6e,h3_positive_demand,administered,2609.459973931839,0.0,0.0,0.0
b7d9b4901e8b409896cc7fb4,h3_positive_demand,administered,2590.7640153370253,0.0,0.0,0.0
29834fe6a955e3c13ff98f4a,h3_positive_demand,administered,2847.081978957448,0.0,0.0,0.0
540d925ccc161a313032f585,h3_positive_demand,administered,2872.2167188917047,0.0,0.0,0.0
f6b4536fb66f8a61bdae9efc,h3_positive_demand,administered,2974.074843908791,0.0,0.0,0.0
2ea75ebd5f515fe72d7162a7,h3_positive_demand,administered,2854.8428120794056,0.0,0.0,0.0
4efa19a06d64e11dd25e84a4,h3_positive_demand,administered,2696.851805747217,0.0,0.0,0.0
a2a5d1927540f3e50e4ca422,h3_positive_demand,administered,2590.3961914550405,0.0,0.0,0.0
b7936634e842a95625f7febf,h3_positive_demand,administered,2630.846292477076,0.0,0.0,0.0
862e55b74bfe07731d33ded1,h3_positive_demand,administered,2700.4604795639775,0.0,0.0,0.0
7a33d01cc628afd2abfbb08a,h3_positive_demand,administered,2732.59939195073,0.0,0.0,0.0
5f8463a1d5aa157e10eda23b,h3_positive_demand,administered,2861.533879255071,0.0,0.0,0.0
8698e174d91beaf9a656fcb7,h3_positive_demand,administered,3085.69959978354,0.0,0.0,0.0
236688c92c5dd523ec41b6a2,h3_positive_demand,administered,2351.7660287962367,0.0,0.0,0.0
a134d45db0cc699a86bc175d,h3_positive_demand,administered,2698.731858495829,0.0,0.0,0.0
9ac427badb472643a117d861,h3_positive_demand,administered,2669.609437962647,0.0,0.0,0.0
22e18ea73cc755371a1a7c61,h3_positive_demand,administered,2480.688945541737,0.0,0.0,0.0
089ba0a7d750a33fdeeb8931,h3_positive_demand,administered,2769.945437739091,0.0,0.0,0.0
0da0c61a061116dd027fab0d,h3_positive_demand,administered,3945.2492468250803,0.0,0.0,0.0
f133dd2990f7eeaa77bddb37,h3_positive_demand,administered,2352.490553206522,0.0,0.0,0.0
27c2b81b92927d57a7ead5eb,h3_positive_demand,administered,2813.593400236563,0.0,0.0,0.0
3a9850594037312f9aac4c23,h3_positive_demand,administered,2748.8689067030527,0.0,0.0,0.0
ad67c2ba89a767610f7fa24f,h3_positive_demand,administered,2520.084246041876,0.0,0.0,0.0
6272a0d13921cb38c4852049,h3_positive_demand,administered,2530.4377352776214,0.0,0.0,0.0
ed5248b8460549424c4dcb29,h3_positive_demand,administered,3215.944776819475,0.0,0.0,0.0
73524cb5a52f6a6961132770,h3_positive_demand,administered,2369.560582539229,0.0,0.0,0.0
4025aabbc101450488ba956b,h3_positive_demand,administered,2551.729678675067,0.0,0.0,0.0
c5f17ba76bc445f3216346e7,h3_positive_demand,administered,2662.117475461191,0.0,0.0,0.0
dbd0540b9ec868ea619e02b5,h3_positive_demand,administered,2803.5065657977448,0.0,0.0,0.0
2e45018cf853db83e2a4cf42,h3_positive_demand,administered,2394.3889354607436,0.0,0.0,0.0
fc4d9b1d72e8a62a8ae4bdad,h3_positive_demand,administered,2611.9921650633382,0.0,0.0,0.0
9179c2e8413c690f50d3dce8,h3_positive_demand,administered,2953.9413831180564,0.0,0.0,0.0
254e285e23c0f32670307b59,h3_positive_demand,administered,2568.5559054682126,0.0,0.0,0.0
f235d0d2b011c8360ca1fe97,h3_positive_demand,administered,3117.6081539735737,0.0,0.0,0.0
0aa3b9f54d7545fcc40fb9df,h3_positive_demand,market,2750.4937849690987,0.0,0.0,0.0
4452258c8ed078260b0f8c4c,h3_positive_demand,market,2531.117916220275,0.0,0.0,0.0
17dcb68b3c9509b8178cdbb1,h3_positive_demand,market,2867.7310369932643,0.0,0.0,0.0
e1ae13f50a5e6b41a7f372b0,h3_positive_demand,market,2691.1886443364356,0.0,0.0,0.0
0d776383b6513e48d2a38f6d,h3_positive_demand,market,2715.756701258612,0.0,0.0,0.0
c185bb9e37aac3b9d31e76c7,h3_positive_demand,market,2381.554188914409,0.0,0.0,0.0
be3ed3eee7b16994def3a517,h3_positive_demand,market,2727.309950586857,0.0,0.0,0.0
838d80421dcac8aa2544f112,h3_positive_demand,market,2990.6586008185227,0.0,0.0,0.0
12253797a3f8d4756c93b075,h3_positive_demand,market,2561.570531970944,0.0,0.0,0.0
397379c12ca807f760eb2a65,h3_positive_demand,market,2899.5335065051863,0.0,0.0,0.0
1841aed8c138edfd8e50e344,h3_positive_demand,market,2615.6565742601742,0.0,0.0,0.0
5c8d08aea96c8117fe08be92,h3_positive_demand,market,2533.060493905501,0.0,0.0,0.0
e55e78d75e7a079766567768,h3_positive_demand,market,2994.8886540004924,0.0,0.0,0.0
60a8c4c4d22be433c15d5243,h3_positive_demand,market,3014.343288472203,0.0,0.0,0.0
d4044b5f683f8058f2825d90,h3_positive_demand,market,2765.5825773889733,0.0,0.0,0.0
5575778de45e478d419fc12b,h3_positive_demand,market,2660.740941764293,0.0,0.0,0.0
b6f81f5cc1ff1d9b9dd985f0,h3_positive_demand,market,4190.016477931059,0.0,0.0,0.0
80d28d945408ceb62079eb5e,h3_positive_demand,market,2717.649496968762,0.0,0.0,0.0
b7d2c7aacdf7a8d39c12abeb,h3_positive_demand,market,3066.8022427247815,0.0,0.0,0.0
f55fe0dc7148d4847cbee39e,h3_positive_demand,market,2538.7929440107787,0.0,0.0,0.0
4d4b9f7bf87841d1e9828b32,h3_positive_demand,market,2891.435476869145,0.0,0.0,0.0
56ea33c1c7dd3178c95a446e,h3_positive_demand,market,2982.946622449531,0.0,0.0,0.0
32512d2dde035f867bda5c0c,h3_positive_demand,market,2792.955025574943,0.0,0.0,0.0
ea15758416a21a6a5e734090,h3_positive_demand,market,2810.12549094509,0.0,0.0,0.0
c883f846ed25c252e2de2d6e,h3_positive_demand,market,3496.8899825552417,0.0,0.0,0.0
998ead15b264deb2bee33e48,h3_positive_demand,market,4489.49931264348,0.0,0.0,0.0
cddc8dbd2ea9cbdc15808542,h3_positive_demand,market,2771.4077422810774,0.0,0.0,0.0
4439fca26fceb796747296cb,h3_positive_demand,market,2579.4579733225946,0.0,0.0,0.0
6791060482fcc9205ad279bc,h3_positive_demand,market,2551.0753110184432,0.0,0.0,0.0
59aa7de524c79d46d19556da,h3_positive_demand,market,2595.547570608897,0.0,0.0,0.0
8378eb6554f0225aede8df8f,h3_positive_demand,market,2444.364905937723,0.0,0.0,0.0
f97582f6f17adaa9cd7c58dd,h3_positive_demand,market,2776.6970331591465,0.0,0.0,0.0
2cbf88252822d3d265738ac8,h3_positive_demand,market,2584.7520114760855,0.0,0.0,0.0
fe2255fe6a0d9eda96ddacd2,h3_positive_demand,market,2813.910600501877,0.0,0.0,0.0
e2b3764f94baf93e8b4143d3,h3_positive_demand,market,2762.6300972039057,0.0,0.0,0.0
8fc7131952c036ef58cc36b3,h3_positive_demand,market,2896.7453596999108,0.0,0.0,0.0
a4b690ebef5eb291c6aa5881,h3_positive_demand,market,2659.959921726834,0.0,0.0,0.0
3a0b181c47d5b1b9e5de09c3,h3_positive_demand,market,3628.1625977807685,0.0,0.0,0.0
2fb8be351ceb021e2e9273aa,h3_positive_demand,market,3152.8248743444183,0.0,0.0,0.0
da7692481ce8f59aaeddee07,h3_positive_demand,market,3045.8354448527784,0.0,0.0,0.0
1ab93fb9a48a7bcbab4bafa5,h3_positive_demand,market,2654.634951253597,0.0,0.0,0.0
d31114870f069a7f76188db7,h3_positive_demand,market,2417.9773481074585,0.0,0.0,0.0
3fc8c3a6ecf1ebcd8a79ee37,h3_positive_demand,market,2687.955758478533,0.0,0.0,0.0
68e3a5f6f1b7da483b325a97,h3_positive_demand,market,3773.634981609294,0.0,0.0,0.0
6cca4d015a41ff294ef224b1,h3_positive_demand,market,2591.6400373295874,0.0,0.0,0.0
781f95b9563c50944a50d5ae,h3_positive_demand,market,2908.31788864478,0.0,0.0,0.0
6b4cae5139ecbf00d549cd38,h3_positive_demand,market,2610.0916631106165,0.0,0.0,0.0
8929af7153f92b067aef9a8e,h3_positive_demand,market,2908.853206896134,0.0,0.0,0.0
28da44625fb7f98ff232ebaa,h3_positive_demand,market,3144.9083312741623,0.0,0.0,0.0
a83059e1e1b02b02495c92ad,h3_positive_demand,market,2771.717554121356,0.0,0.0,0.0
f4457265b5999770058dee14,h3_positive_demand,market,2570.372702177779,0.0,0.0,0.0
87ca820dbf07111a15ef19c9,h3_positive_demand,market,2989.479346291751,0.0,0.0,0.0
8bbd6d309c9e0813ca875c98,h3_positive_demand,market,2806.54557276023,0.0,0.0,0.0
468d6835ed1315c340f08f63,h3_positive_demand,market,2623.102787399822,0.0,0.0,0.0
72c9ed13c32c10281e0cc494,h3_positive_demand,market,2770.9992079081753,0.0,0.0,0.0
a71e10bc0e358af6d1b2d831,h3_positive_demand,market,2661.6984133672277,0.0,0.0,0.0
f2cd25d37ec00dce874ae713,h3_positive_demand,market,2548.829814283623,0.0,0.0,0.0
478ba7d4f47adf7614abe2a9,h3_positive_demand,market,3053.5182105344684,0.0,0.0,0.0
37d7fc24fab9a85dc57e3b2a,h3_positive_demand,market,3464.6505265469305,0.0,0.0,0.0
2f41864c86233a83e2810dd1,h3_positive_demand,market,2718.4810408701856,0.0,0.0,0.0
a391d080740bc9b487cc966d,h3_positive_demand,market,2502.7618315955588,0.0,0.0,0.0
9579e8007e0e7b43f9a7d77b,h3_positive_demand,market,2820.2661725111607,0.0,0.0,0.0
47d9c82acf86229d5e5844be,h3_positive_demand,market,2853.007886136734,0.0,0.0,0.0
39393f05dbe248a9a4f8243f,h3_positive_demand,market,2875.7050100364177,0.0,0.0,0.0
302aeebee06306fb4d6fe6e6,h3_positive_demand,market,3674.108951983105,0.0,0.0,0.0
70cd4edb8067d912df20410c,h3_positive_demand,market,2830.247477010718,0.0,0.0,0.0
69af30856e5b1e11e27497be,h3_positive_demand,market,2555.155212378989,0.0,0.0,0.0
5381b4bf4a50307e3cc0d22a,h3_positive_demand,market,2460.850020578819,0.0,0.0,0.0
b3b35ad4428c1defc45bc1a9,h3_positive_demand,market,2597.33733197157,0.0,0.0,0.0
9cfe7ca3045421725e0bab99,h3_positive_demand,market,3283.410293025124,0.0,0.0,0.0
8afe7d3a62f5b38ed6a0a6fd,h3_positive_demand,market,2786.3832011677778,0.0,0.0,0.0
7be3415fc36272bca38f4628,h3_positive_demand,market,2975.7349016705575,0.0,0.0,0.0
a382fd7b03cc73135656142d,h3_positive_demand,market,2917.849501161421,0.0,0.0,0.0
514a9cf46d0a851fe354568a,h3_positive_demand,market,2609.1144939221476,0.0,0.0,0.0
bf969d553508e4949daac48f,h3_positive_demand,market,3011.4942177246503,0.0,0.0,0.0
d95edfcc72cf90ef28632bca,h3_positive_demand,market,2756.8860805679737,0.0,0.0,0.0
56dd876be504e10a868eb733,h3_positive_demand,market,2637.7458714190993,0.0,0.0,0.0
e8431ec6892c4222820f785d,h3_positive_demand,market,2824.9410156855092,0.0,0.0,0.0
81d976395cadebd932050231,h3_positive_demand,market,2698.995497086992,0.0,0.0,0.0
c61e46f145c1a9376adb9922,h3_positive_demand,market,2643.411347704821,0.0,0.0,0.0
6eefa1543fbf016bdb111349,h3_positive_demand,market,2808.923851836255,0.0,0.0,0.0
776c57f9f41204c77cfcc090,h3_positive_demand,market,2719.485648542327,0.0,0.0,0.0
47beee530ab185f6b6a1c8fd,h3_positive_demand,market,2899.4082885102152,0.0,0.0,0.0
91d4b57a0719a873fbc23827,h3_positive_demand,market,2865.3710439166375,0.0,0.0,0.0
5c57548ec85bb06fe416f840,h3_positive_demand,market,2919.597361124182,0.0,0.0,0.0
2830350b2329c1d1e2e0f31b,h3_positive_demand,market,2626.584692306389,0.0,0.0,0.0
29c60027bee5240619f7ec25,h3_positive_demand,market,2733.012095352887,0.0,0.0,0.0
0e98a0226868f68602ea2ac3,h3_positive_demand,market,3095.492068913743,0.0,0.0,0.0
30a4f085e7830fc9f91e34db,h3_positive_demand,market,2776.5236051331726,0.0,0.0,0.0
9bf74a3f2d89183cf8cc875f,h3_positive_demand,market,2812.3832640507294,0.0,0.0,0.0
ee7509ae91bbe985504e8108,h3_positive_demand,market,2764.9534261935746,0.0,0.0,0.0
43b1eaeae3b22d9166052abd,h3_positive_demand,market,2899.1313888448694,0.0,0.0,0.0
407fad0095586a32c09819d3,h3_positive_demand,market,2847.677501523071,0.0,0.0,0.0
07965ed65052f8ecd0e34772,h3_positive_demand,market,2989.8529180748333,0.0,0.0,0.0
ed546dbaeac7950659b251bf,h3_positive_demand,market,2559.8588620476085,0.0,0.0,0.0
c304cb5e6c7a04e202e7db4f,h3_positive_demand,market,2484.1012431781396,0.0,0.0,0.0
7a85dd6f687d0300b041c6c0,h3_positive_demand,market,3090.467988785918,0.0,0.0,0.0
7612d236e53ea567348bac92,h3_positive_demand,market,2749.202377201778,0.0,0.0,0.0
c85aab278cc82215ea5870da,h3_positive_demand,market,2674.0589037333834,0.0,0.0,0.0
d6a2732466b7ebfbcf49566c,h3_positive_demand,market,2594.457388092535,0.0,0.0,0.0
a6684ef8c7952686afd6ef52,h3_positive_demand,market,2559.4305198388042,0.0,0.0,0.0
97910ab2366846b2568b73e3,h3_positive_demand,market,3160.920563047548,0.0,0.0,0.0
c0a346435ce26fa47f66c6b0,h3_positive_demand,market,2993.8425753391666,0.0,0.0,0.0
55c719b7addea9ddea9d8795,h3_positive_demand,market,2801.3630563077027,0.0,0.0,0.0
2f32cc9640ffae15dd78af3e,h3_positive_demand,market,3452.976792382434,0.0,0.0,0.0
c92ded4bb668f65552301aa8,h3_positive_demand,market,2741.6297497016863,0.0,0.0,0.0
7c2c9aba1f5fd796851d98d6,h3_positive_demand,market,3099.837628702394,0.0,0.0,0.0
f563e8a2ff0aaf844e8200f5,h3_positive_demand,market,3142.216641454056,0.0,0.0,0.0
a6bec2c6902560539e4e91b6,h3_positive_demand,market,2473.153033801278,0.0,0.0,0.0
ea8497fc1415265a6f648d1b,h3_positive_demand,market,2869.426386088231,0.0,0.0,0.0
ab251e7cefbfce38d0a4d91e,h3_positive_demand,market,2838.407794611685,0.0,0.0,0.0
6e8e71b71805d715fbb5dba5,h3_positive_demand,market,2898.16044897235,0.0,0.0,0.0
e578878fec1b5868559ec157,h3_positive_demand,market,2706.763349405153,0.0,0.0,0.0
7e6162e83509c844ec6ff3b4,h3_positive_demand,market,2751.078484551236,0.0,0.0,0.0
54ba2e9c17f7825e6ce93180,h3_positive_demand,market,2702.2781834397942,0.0,0.0,0.0
83b22e9713deeb99dac48b6d,h3_positive_demand,market,3422.817688303893,0.0,0.0,0.0
7874d805544920817960779f,h3_positive_demand,market,2965.6564563266693,0.0,0.0,0.0
8b8b26ffd5c25cbb161969dd,h3_positive_demand,market,2809.207384841492,0.0,0.0,0.0
6dc6e7260e35b2acdc6d0a27,h3_positive_demand,market,2934.104071408787,0.0,0.0,0.0
8c6b2a61105b8f3d9a0ef28c,h3_positive_demand,market,3130.687094676806,0.0,0.0,0.0
40ff2a2e683ac1eaa85a9a64,h3_positive_demand,market,2866.710086768876,0.0,0.0,0.0
e6888b063733410434a459c3,h3_positive_demand,market,2878.9731085212206,0.0,0.0,0.0
4e738f4ac33d296e753f3325,h3_positive_demand,market,2955.2043732528646,0.0,0.0,0.0
331c05c8997b5b8561a3b44a,h3_positive_demand,market,2731.1800731821795,0.0,0.0,0.0
4c6ff853b85c11b74ffb9a67,h3_positive_demand,market,3605.704853792684,0.0,0.0,0.0
d3fa7240a1b624b8aad612f4,h3_positive_demand,market,2978.6008090763544,0.0,0.0,0.0
156452b037bcd975c200334b,h3_positive_demand,market,2682.0666856525972,0.0,0.0,0.0
28d18f169ff110b36b94295a,h3_positive_demand,market,2388.720185700336,0.0,0.0,0.0
89b8046304ed7d0f29e5a18d,h3_positive_demand,market,2877.747498652566,0.0,0.0,0.0
12a4a189704f06474d7b0b54,h3_positive_demand,market,2530.8642550122763,0.0,0.0,0.0
3ed090c81c2b8b469e908c82,h3_positive_demand,market,2663.4710686176068,0.0,0.0,0.0
72a1d846cd4029c9aaadceb2,h3_positive_demand,market,2903.3429230876773,0.0,0.0,0.0
7d32cc3815aac06c6609c20a,h3_positive_demand,market,2665.245489967032,0.0,0.0,0.0
8340ebc5495efeb7c4ba214d,h3_positive_demand,market,2927.808488482738,0.0,0.0,0.0
3dd8893ae89d3ebfe4ad0c4c,h3_positive_demand,market,2778.5514320400234,0.0,0.0,0.0
26f424db3ab892fdce6adb64,h3_positive_demand,market,3037.439587052171,0.0,0.0,0.0
f716a734d1fe16b9a9db489a,h3_positive_demand,market,2414.793776081469,0.0,0.0,0.0
4b849ee00e9862262e02e29c,h3_positive_demand,market,3228.157383811608,0.0,0.0,0.0
ef3d43b8bfedaac905085fe5,h3_positive_demand,market,2737.766162219486,0.0,0.0,0.0
976899fcca022851c66b2f9d,h3_positive_demand,market,2536.226624915449,0.0,0.0,0.0
a182a76f1b22243428c7ec6a,h3_positive_demand,market,2615.486291327069,0.0,0.0,0.0
f03c28ea2a9b6a83f063cebf,h3_positive_demand,market,2605.1530033112026,0.0,0.0,0.0
9fdeacf80ea52a9153da8baf,h3_positive_demand,market,2659.5534299568076,0.0,0.0,0.0
15a61824b59cdd5b0b5a4561,h3_positive_demand,market,2841.387496955865,0.0,0.0,0.0
5373ab1fda664f28d14ad3d2,h3_positive_demand,market,2822.6952401288627,0.0,0.0,0.0
43e61d0c8c255d7734486611,h3_positive_demand,market,2658.0353105737872,0.0,0.0,0.0
91cf67ed3092d492f5adce55,h3_positive_demand,market,2856.324829290678,0.0,0.0,0.0
3c5f4ca40db4f031a8a5a892,h3_positive_demand,market,3125.659329534583,0.0,0.0,0.0
da4495c946d6ba3505f94966,h3_positive_demand,market,2581.005756618059,0.0,0.0,0.0
0bfbfab2c0aafeb7663f32da,h3_positive_demand,market,2687.2088501903427,0.0,0.0,0.0
ea95232101389e8948e00a3f,h3_positive_demand,market,3327.8042018402157,0.0,0.0,0.0
d75de4caa741469f0f636625,h3_positive_demand,market,3060.353606507357,0.0,0.0,0.0
31a061796baea1cadde15b7e,h3_positive_demand,market,2648.317194175958,0.0,0.0,0.0
117c2c2726adb0008d5fd9d8,h3_positive_demand,market,2692.7092731010694,0.0,0.0,0.0
47ec1802e4920492c09695bd,h3_positive_demand,market,2618.596915949033,0.0,0.0,0.0
0a1c9c300ba3816dd0882d7d,h3_positive_demand,market,2688.93782452357,0.0,0.0,0.0
a7c65f5ae9717caafddbe7f9,h3_positive_demand,market,2569.148213047299,0.0,0.0,0.0
c456e2009ae3be2feedc6e87,h3_positive_demand,market,2356.6759048532276,0.0,0.0,0.0
edaf5fbc4a05747595b45e84,h3_positive_demand,market,3063.648201516255,0.0,0.0,0.0
c1e09e5bfd39d93f7153d13b,h3_positive_demand,market,3097.756741772071,0.0,0.0,0.0
22af37aaafb29976cae0b1e6,h3_positive_demand,market,2903.0774268378173,0.0,0.0,0.0
6380cf5a0e0dc277c9266c54,h3_positive_demand,market,2588.7738964591163,0.0,0.0,0.0
f04215696d5c17edb6a5671b,h3_positive_demand,market,3144.9123178276345,0.0,0.0,0.0
dfda6d1e6a132fe692e3ff00,h3_positive_demand,market,2527.0436595203587,0.0,0.0,0.0
fb5a910b2e794b77a8f73941,h3_positive_demand,market,2700.0590005748477,0.0,0.0,0.0
b6b80a3b86a4b83cf1899a35,h3_positive_demand,market,2660.014999589104,0.0,0.0,0.0
8b1d9b19bb6f0f36ddc78340,h3_positive_demand,market,2701.85734324928,0.0,0.0,0.0
c778da3b7e75d0dbbd86a1d9,h3_positive_demand,market,2453.973689584472,0.0,0.0,0.0
4f2b51a1974409caa2746ff7,h3_positive_demand,market,2517.5569022763802,0.0,0.0,0.0
423347547487ee30e9e3ba71,h3_positive_demand,market,2665.174615940599,0.0,0.0,0.0
eedcfd7e08c58b6a63b607b0,h3_positive_demand,market,2604.2731564788114,0.0,0.0,0.0
47361f74072a903aa005d8c2,h3_positive_demand,market,2819.9339815316202,0.0,0.0,0.0
24e5ba80cf456eb814812246,h3_positive_demand,market,2851.252179970709,0.0,0.0,0.0
993ad0ab7b8ee964efa23477,h3_positive_demand,market,2515.185739691511,0.0,0.0,0.0
1612830b9ca768c04bd568d8,h3_positive_demand,market,2979.5367909448637,0.0,0.0,0.0
171c50c8c81cf5c290c15f38,h3_positive_demand,market,2884.7049503332105,0.0,0.0,0.0
a896fb1867cda36b5d4ef416,h3_positive_demand,market,2794.416109864287,0.0,0.0,0.0
e7506ecb77406b4de804a51b,h3_positive_demand,market,2694.142859018879,0.0,0.0,0.0
8a51662a42612d360193341b,h3_positive_demand,market,2477.558639392505,0.0,0.0,0.0
2b275b36f227749590ca8812,h3_positive_demand,market,2701.1983627105133,0.0,0.0,0.0
ac78e9c43ef69b66ad9f4697,h3_positive_demand,market,2895.7008889796043,0.0,0.0,0.0
1e3b1476f315f906a74fc70c,h3_positive_demand,market,3590.2665529568158,0.0,0.0,0.0
105ac2d9f2406858c2c552bc,h3_positive_demand,market,3950.799970211375,0.0,0.0,0.0
6bd33d42c122524dc63454ab,h3_positive_demand,market,2645.7296432581766,0.0,0.0,0.0
1744603a9b8a3efadea43994,h3_positive_demand,market,2780.974129841374,0.0,0.0,0.0
bdd9562774aa190cb728e67b,h3_positive_demand,market,2559.9467562952477,0.0,0.0,0.0
1d4ccb90592bf5a38d1ee258,h3_positive_demand,market,2774.171355209035,0.0,0.0,0.0
fa0d7ec3198e890844b34d98,h3_positive_demand,market,2551.5019947599694,0.0,0.0,0.0
4d6e50c00cf7f13fe5437fea,h3_positive_demand,market,2769.331775188427,0.0,0.0,0.0
f8118b5f0af83826efb1b350,h3_positive_demand,market,2806.908910901586,0.0,0.0,0.0
a430cfe26ad9a38e158ccc61,h3_positive_demand,market,2415.183809014903,0.0,0.0,0.0
db83e8cf6238a76b5010295b,h3_positive_demand,market,2543.289790483287,0.0,0.0,0.0
f1862b090d6d69ef7b02343d,h3_positive_demand,market,2777.3126413011655,0.0,0.0,0.0
6a930cf59666b355b2c4ba9b,h3_positive_demand,market,2832.5233936232407,0.0,0.0,0.0
3220dbcaa027afd198568c14,h3_positive_demand,market,2825.237531932204,0.0,0.0,0.0
83d6334d8ae8b137792a569d,h3_positive_demand,market,3553.248545562198,0.0,0.0,0.0
5eb3af5a862a078c82503af1,h3_positive_demand,market,2595.152693268504,0.0,0.0,0.0
f762558606dbaaf2673f53d0,h3_positive_demand,market,2744.292812440815,0.0,0.0,0.0
1c359e83e6dc63617737a0f0,h3_positive_demand,market,2516.647400895626,0.0,0.0,0.0
dac5ebe7f974ba96d5f57cb0,h3_positive_demand,market,3324.6433717140258,0.0,0.0,0.0
bb7ef9607a03b00fdfeeed91,h3_positive_demand,market,2796.1180587885206,0.0,0.0,0.0
0b269cea0486c5fe52fe53cc,h3_positive_demand,market,2536.412278123668,0.0,0.0,0.0
d78c5bd89c8e676a07921004,h3_positive_demand,market,2891.9897061699476,0.0,0.0,0.0
67c4b21390b206ab7d82f7e9,h3_positive_demand,market,3864.2568263887456,0.0,0.0,0.0
4395389b04cad07b320ae843,h3_positive_demand,market,2533.333942883126,0.0,0.0,0.0
e832e0174070081cb6f7aa6a,h3_positive_demand,market,2859.9149086315274,0.0,0.0,0.0
7c0b61a7b58df1626f46309e,h3_positive_demand,market,2745.2456071539855,0.0,0.0,0.0
09cdd34eb83fcb8c66401898,h3_positive_demand,market,2719.170598004549,0.0,0.0,0.0
7f2b82c4a306fa8f6ace729c,h3_positive_demand,market,2386.1491152238486,0.0,0.0,0.0
941eaa8ba05c4c214ab1d51f,h3_positive_demand,market,2948.4288459196446,0.0,0.0,0.0
3269d703a79fce0bc54e8529,h3_positive_demand,market,2904.24794533436,0.0,0.0,0.0
22067a24e3a1baa7674591d7,h3_positive_demand,market,2622.428514052774,0.0,0.0,0.0
f406ca32c1345728be61e84f,h3_positive_demand,market,3091.6153602120303,0.0,0.0,0.0
34fd4070f8b510651d770297,h3_positive_demand,market,2724.6310053582793,0.0,0.0,0.0
e28a04b937653629f04320a2,h3_positive_demand,market,2872.5303844221053,0.0,0.0,0.0
3e8755cc8ec4d2bc088fade9,h3_positive_demand,market,2883.436410836341,0.0,0.0,0.0
d93fd80b22ed637682db469d,h3_positive_demand,market,2629.1269388354403,0.0,0.0,0.0
07cf7d0893aa85c1200b0a4f,h3_positive_demand,market,2919.410996274958,0.0,0.0,0.0
8c8bb2b7af78216ec4442ab4,h3_positive_demand,market,3333.714320728087,0.0,0.0,0.0
fb5675c0a66fbaa99c69fe67,h3_positive_demand,market,2598.094939937541,0.0,0.0,0.0
9afabd8f9741b5d9e0ad2ff8,h3_positive_demand,market,2661.680266703205,0.0,0.0,0.0
8a767b9427aeae17a7729d2a,h3_positive_demand,market,2908.39506052713,0.0,0.0,0.0
639371fe41694a1dec394798,h3_positive_demand,market,3004.198907322245,0.0,0.0,0.0
599e4e1b045310cfc0739ec8,h3_positive_demand,market,2494.4688670906203,0.0,0.0,0.0
745230fb0036b8880dbfa45e,h3_positive_demand,market,2873.857439108881,0.0,0.0,0.0
e412f11d228945452ae43c0d,h3_positive_demand,market,2596.5518747603737,0.0,0.0,0.0
2d2ba6528c7c75683bffd1bf,h3_positive_demand,market,2615.755850305932,0.0,0.0,0.0
03fe51f4280f9465ba4b1f76,h3_positive_demand,market,2556.8885532075806,0.0,0.0,0.0
510fdc43dc797e61b11923f4,h3_positive_demand,market,2565.2339504452357,0.0,0.0,0.0
d99b08e3e54c6bfc9350b8a8,h3_positive_demand,market,3726.329280891895,0.0,0.0,0.0
501b1d5809f58368ae8be3e2,h3_positive_demand,market,2938.0027079054544,0.0,0.0,0.0
2f85560248b7ccf24cea1d74,h3_positive_demand,market,2765.2956385951575,0.0,0.0,0.0
e130a46b0de3458d1eb7dcfb,h3_positive_demand,market,2546.264599856243,0.0,0.0,0.0
500790f3aaba0457f72fc053,h3_positive_demand,market,2416.9462546424916,0.0,0.0,0.0
a8a051ffa24205afe5f6d0bb,h3_positive_demand,market,2665.922353023,0.0,0.0,0.0
57fdb50bdd2447d6c7e6002b,h3_positive_demand,market,2575.2662956430863,0.0,0.0,0.0
3dcc7fe5cba716436d0e723a,h3_positive_demand,market,3259.153311246513,0.0,0.0,0.0
0d6bc40bedb245f6352ce919,h3_positive_demand,market,2848.977418695918,0.0,0.0,0.0
a1fc791558efa68223b7e1e8,h3_positive_demand,market,2284.2402985626095,0.0,0.0,0.0
4cdd533c970c73af3f624041,h3_positive_demand,market,2900.2269167023987,0.0,0.0,0.0
7f59dcad25954793cea16ea7,h3_positive_demand,market,2943.3970786465857,0.0,0.0,0.0
7d8e7a75fcfcef7808d9dd02,h3_positive_demand,market,2456.853195948085,0.0,0.0,0.0
d64cf77be83a0c1cd17131cb,h3_positive_demand,market,2765.077497561234,0.0,0.0,0.0
cd3d9700a8d09aeae40d5760,h3_positive_demand,market,2626.5486239287916,0.0,0.0,0.0
120a755ae80c745871277649,h3_positive_demand,market,2451.1375761921067,0.0,0.0,0.0
0f33a803f77cf1798e648e95,h3_positive_demand,market,2611.464959808188,0.0,0.0,0.0
a85617e20a839c34664a84ea,h3_positive_demand,market,2542.650851941813,0.0,0.0,0.0
a69991c6ed2527a991639f9f,h3_positive_demand,market,3013.6351533524016,0.0,0.0,0.0
825795e5a2c822a43ca0158c,h3_positive_demand,market,2549.3838477746835,0.0,0.0,0.0
3634f66dda8233a746246ab0,h3_positive_demand,market,2973.5129253149653,0.0,0.0,0.0
e44f9d26aeaf399d5055dca1,h3_positive_demand,market,2960.550892890124,0.0,0.0,0.0
20fe6c1842c0ccdc61809967,h3_positive_demand,market,2825.0333888362056,0.0,0.0,0.0
bef4d836c01f32b015659b28,h3_positive_demand,market,3496.1184428713077,0.0,0.0,0.0
3c72c943b8e3fd1b8ef8cc07,h3_positive_demand,market,2702.6475594123776,0.0,0.0,0.0
4361a5de4bcd61eac2454617,h3_positive_demand,market,2824.728980854636,0.0,0.0,0.0
4e617f7f29cec37e6e41a866,h3_positive_demand,market,2475.14241679859,0.0,0.0,0.0
be3a5acc2dc56f1eb256b939,h3_positive_demand,market,3145.7458887498683,0.0,0.0,0.0
bf01e0bc686d51a54301bc02,h3_positive_demand,market,3197.2443653132364,0.0,0.0,0.0
40402959bcc72416e5a5d3e1,h3_positive_demand,market,2622.319776952052,0.0,0.0,0.0
c0988f5ace9f6329e95ca211,h3_positive_demand,market,3173.035712260472,0.0,0.0,0.0
5feae47ca6279dea0a60d034,h3_positive_demand,market,3113.9892300793504,0.0,0.0,0.0
78761ab0ef1d8c25d153a280,h3_positive_demand,market,2789.533181883608,0.0,0.0,0.0
ef42ef46fac5bdc3e74b04a6,h3_positive_demand,market,2474.996156277056,0.0,0.0,0.0
22e104e90645c2c0594ae255,h3_positive_demand,market,2431.849714733905,0.0,0.0,0.0
0b356fff8a8f64aac9f52ae9,h3_positive_demand,market,3574.501720414585,0.0,0.0,0.0
f09ba0ac75e2a9601d6ffa11,h3_positive_demand,market,2629.420203935294,0.0,0.0,0.0
3df950e649656104c3f037c6,h3_positive_demand,market,2774.4678088789815,0.0,0.0,0.0
86d68540aa2cbd6480bb679c,h3_positive_demand,market,2874.234483053334,0.0,0.0,0.0
161f7b5c7c4815eb88ace2c4,h3_positive_demand,market,2639.6693489779213,0.0,0.0,0.0
9270d70b469b6de4be938fba,h3_positive_demand,market,2991.0722907146514,0.0,0.0,0.0
6f08b4e6d449bd7ac5dc6d4b,h3_positive_demand,market,2684.073731271887,0.0,0.0,0.0
4addb3e736ec0b23a4aefdb1,h3_positive_demand,market,3378.5332439069994,0.0,0.0,0.0
c30a8d8f803e75a7ccacfe5f,h3_positive_demand,market,2921.8953094320673,0.0,0.0,0.0
57994207e0bb0d7e74220ba0,h3_positive_demand,market,2740.1272825513056,0.0,0.0,0.0
3dca6e0c3d0a14af13497718,h3_positive_demand,market,2975.3003394950015,0.0,0.0,0.0
48c728597733d9a161f3969b,h3_positive_demand,market,2862.4339275363973,0.0,0.0,0.0
7c433e0d791782b9ddad6ca6,h3_positive_demand,market,3249.6852064603386,0.0,0.0,0.0
7a36ca350a1081f9d543224b,h3_positive_demand,market,2869.280863608415,0.0,0.0,0.0
110a24410338065573a31c61,h3_positive_demand,market,2689.034873588765,0.0,0.0,0.0
e74d369901bec39f27ba04a1,h3_positive_demand,market,2607.4021330843343,0.0,0.0,0.0
2db952e131916571693556a8,h3_positive_demand,market,2800.494384384539,0.0,0.0,0.0
4c2d0b60c12aa80fdf261079,h3_positive_demand,market,2578.9938655217825,0.0,0.0,0.0
f966dbb8dc23bb6ad3af4ef9,h3_positive_demand,market,3045.821270692094,0.0,0.0,0.0
7b1d892e979db868a77ccae3,h3_positive_demand,market,2569.026770283053,0.0,0.0,0.0
34b5f1a7fed91af231040326,h3_positive_demand,market,2632.833941861615,0.0,0.0,0.0
e3e5addd7b49cc992bc1a3e5,h3_positive_demand,market,3083.933254628425,0.0,0.0,0.0
e3807fde3e6fb14dc2f2cc6f,h3_positive_demand,market,3634.3029324661643,0.0,0.0,0.0
ca10ff326481c8b9d486ba75,h3_positive_demand,market,2819.4201940267462,0.0,0.0,0.0
7babd9d5ec7d113ad958d9f2,h3_positive_demand,market,3123.7102788988454,0.0,0.0,0.0
7d7a4039e76a33538f800ba1,h3_positive_demand,market,2603.737539740857,0.0,0.0,0.0
12287c28ec7623b493e06eed,h3_positive_demand,market,2855.293534947723,0.0,0.0,0.0
c4481f62b68baef2f58aba78,h3_positive_demand,market,4341.0517081639955,0.0,0.0,0.0
2944dccba9e70f9894daabb5,h3_positive_demand,market,3394.4660349781225,0.0,0.0,0.0
12ed254b030152d7a0cfb11a,h3_positive_demand,market,2646.081134776552,0.0,0.0,0.0
c7e2a4a9f2a492a1ec22f9a0,h3_positive_demand,market,2483.395535218475,0.0,0.0,0.0
30e42096afea6a43b468adaa,h3_positive_demand,market,2970.6147030675165,0.0,0.0,0.0
3de412114e83e903257d6faa,h3_positive_demand,market,2934.9272501775918,0.0,0.0,0.0
945490b04c231c9a5aeb27d6,h3_positive_demand,market,2568.5037914885243,0.0,0.0,0.0
791299a926d794cc2a6dc700,h3_positive_demand,market,2876.649790313848,0.0,0.0,0.0
f264ca8c937ff348af545c02,h3_positive_demand,market,2837.5307783129183,0.0,0.0,0.0
b21e9887f759606551268ca0,h3_positive_demand,market,2707.706919575488,0.0,0.0,0.0
4f54f553ec7a3125c22a1f17,h3_positive_demand,market,3469.806568415988,0.0,0.0,0.0
f737911c77822b4b95ae6489,h3_positive_demand,market,2482.98149691868,0.0,0.0,0.0
2c295a17f2f60e1674fdab24,h3_positive_demand,market,2775.1838793843913,0.0,0.0,0.0
c728d065dbe4bc4e3dc82093,h3_positive_demand,market,2915.0637634829723,0.0,0.0,0.0
3177bd1dd1099712d9a214f9,h3_positive_demand,market,2554.0290724351175,0.0,0.0,0.0
26150e822d5ad78af62d9e17,h3_positive_demand,market,2944.0933161411344,0.0,0.0,0.0
8af5d621301de49a90981683,h3_positive_demand,market,3053.7519860305356,0.0,0.0,0.0
1779f4dc7d7d5d94a9b110d4,h3_positive_demand,market,2757.604435546732,0.0,0.0,0.0
c3218f0282475ad7dfe666c5,h3_positive_demand,market,2603.0999429491153,0.0,0.0,0.0
e3c709ed1842d6048d751b08,h3_positive_demand,market,2975.53814978628,0.0,0.0,0.0
533ed674d377e4fa24a3792d,h3_positive_demand,market,2771.7685484650015,0.0,0.0,0.0
ab8307379a34027e34f25bf9,h3_positive_demand,market,2670.5496496670403,0.0,0.0,0.0
356cc35c21dfbd7c61df3d79,h3_positive_demand,market,2903.539126998631,0.0,0.0,0.0
f6d19ba3b2718f22b927b238,h3_positive_demand,market,2775.0249288042173,0.0,0.0,0.0
6a0ea6e213ef1eeb740fce6b,h3_positive_demand,market,2730.547415100054,0.0,0.0,0.0
729b83fa0c30c9e82c6ce2cf,h3_positive_demand,market,3261.691011096708,0.0,0.0,0.0
80260c765afeca00067783d3,h3_positive_demand,market,2627.9770899602936,0.0,0.0,0.0
fb1fcb5487b83356ad07ffe5,h3_positive_demand,market,3316.702112686992,0.0,0.0,0.0
f928a7eb553a9c19b22bf3ae,h3_positive_demand,market,2960.5566090174434,0.0,0.0,0.0
e33e0ac683bae15dceb5943f,h3_positive_demand,market,3801.253413852437,0.0,0.0,0.0
71a63a18fefe38cd104d11c5,h3_positive_demand,market,4014.5458871309816,0.0,0.0,0.0
3658a32961f0befe8801d3a3,h3_positive_demand,market,2599.847938903715,0.0,0.0,0.0
84ae2a53a34d77bd64a2d40c,h3_positive_demand,market,3480.1748736850045,0.0,0.0,0.0
c85ba5fc1f5053062bf60679,h3_positive_demand,market,2742.4568588744874,0.0,0.0,0.0
7ac8043a24735ed925ad96cd,h3_positive_demand,market,2810.627896096178,0.0,0.0,0.0
6b59baba482b810ff4dacbfa,h3_positive_demand,market,3095.842257676979,0.0,0.0,0.0
f505ffaabdc1e17d2ae3f551,h3_positive_demand,market,2750.5181238573673,0.0,0.0,0.0
3797dc62d1e959a2f02e7580,h3_positive_demand,market,2831.9886208614034,0.0,0.0,0.0
076396233eaa6ff5b5d51bd4,h3_positive_demand,market,2671.846431992546,0.0,0.0,0.0
70a8978ed5d8273e7101ba4f,h3_positive_demand,market,2849.7789143946798,0.0,0.0,0.0
1701acfccb36a5e1ad1c6d9a,h3_positive_demand,market,2766.819872704953,0.0,0.0,0.0
378a6d6808cb7c9e0d142074,h3_positive_demand,market,2670.1785316749574,0.0,0.0,0.0
2d77c8f3232de040baba14bf,h3_positive_demand,market,2574.8079402608905,0.0,0.0,0.0
f48cce3acfb4568ec563bcb6,h3_positive_demand,market,2639.8360708696314,0.0,0.0,0.0
3db65593abfa5283696b1c9b,h3_positive_demand,market,2730.594771518643,0.0,0.0,0.0
419be7eb1075993d735e164e,h3_positive_demand,market,2901.084170299141,0.0,0.0,0.0
935e27363b99515909d59180,h3_positive_demand,market,3013.439644318518,0.0,0.0,0.0
1f5a9083f2b7e5a495822369,h3_positive_demand,market,2516.3741331859096,0.0,0.0,0.0
960118776da004cb2eef5a6a,h3_positive_demand,market,2512.7942236635263,0.0,0.0,0.0
3b966a7dbdd8d76da185e9b3,h3_positive_demand,market,3404.7074605732496,0.0,0.0,0.0
dfc163ec06cf88adae185894,h3_positive_demand,market,3115.9760623182415,0.0,0.0,0.0
962e9666c7dfd527cbf376af,h3_positive_demand,market,2612.2290550753655,0.0,0.0,0.0
7814a97593cf3ad7a2679d6b,h3_positive_demand,market,2869.9694118915586,0.0,0.0,0.0
497e8335cdc56bd7f78d49f6,h3_positive_demand,market,3427.1517359881364,0.0,0.0,0.0
36d55c58e452a4438fb15abb,h3_positive_demand,market,2688.4661600837767,0.0,0.0,0.0
c4d459bf7386f89687944eb4,h3_positive_demand,market,2496.6817083178253,0.0,0.0,0.0
3026e8691e5b86e30a58b229,h3_positive_demand,market,2844.185152697616,0.0,0.0,0.0
a3a4f845078cfe1a0871080d,h3_positive_demand,market,2803.9740585949007,0.0,0.0,0.0
a63078f281a1320a8bbfd8fb,h3_positive_demand,market,2728.8818267113907,0.0,0.0,0.0
e11d1831976a32c512456187,h3_positive_demand,market,2918.481964784667,0.0,0.0,0.0
b4387c18085fd480d60d55aa,h3_positive_demand,market,2917.348419993074,0.0,0.0,0.0
7efb065bb9eb15a89f0398e6,h3_positive_demand,market,2408.148067755156,0.0,0.0,0.0
7a23005aac9611ad5e4e6d16,h3_positive_demand,market,2685.423265757998,0.0,0.0,0.0
905fe24958cfe7be9fae2126,h3_positive_demand,market,2994.1194774328374,0.0,0.0,0.0
d56bfef21648535c10bce1ae,h3_positive_demand,market,2552.941754234168,0.0,0.0,0.0
221d46281e40a5a2e70c1eaf,h3_positive_demand,market,2758.4519632098263,0.0,0.0,0.0
3b4a7a6c77a319c4d966d117,h3_positive_demand,market,2604.72189465992,0.0,0.0,0.0
539da97f5cc5c4acaecbb908,h3_positive_demand,market,2906.23745701876,0.0,0.0,0.0
4820a6dac6dfb455d886dde3,h3_positive_demand,market,2996.0691961739603,0.0,0.0,0.0
4e7ac8e4dc919622940db8e5,h3_positive_demand,market,2663.1620354435386,0.0,0.0,0.0
5b3d0cb0aa9319dc78fc01cc,h3_positive_demand,market,3301.8020086468505,0.0,0.0,0.0
25efb3c03a55901c0847154a,h3_positive_demand,market,3036.340074284816,0.0,0.0,0.0
c314ed8d55ffc4eba7846c95,h3_positive_demand,market,3165.0920859669554,0.0,0.0,0.0
3646df7a1c840a807f9fb5ed,h3_positive_demand,market,2688.0662590322845,0.0,0.0,0.0
4fec340bb5f5c610514cf157,h3_positive_demand,market,2651.164033756852,0.0,0.0,0.0
c60a1f106201cab8b39b241d,h3_positive_demand,market,2653.1806290601844,0.0,0.0,0.0
74b0b5387e0f2cc2a58517bf,h3_positive_demand,market,2836.630947530347,0.0,0.0,0.0
e6e46da1bf39c7a9b4134acf,h3_positive_demand,market,2937.5425243597497,0.0,0.0,0.0
4eddc2e315e79097b4ca72fc,h3_positive_demand,market,2639.4857206998945,0.0,0.0,0.0
ca9f5755d0ab980c0db11501,h3_positive_demand,market,2658.0622427248245,0.0,0.0,0.0
83a404365c156194ec754226,h3_positive_demand,market,2984.227174486473,0.0,0.0,0.0
bd08dec138557029e1681973,h3_positive_demand,market,2590.081071859279,0.0,0.0,0.0
b288ec2de9b0eee1639758e0,h3_positive_demand,market,2900.7204030683915,0.0,0.0,0.0
5a20213670cdfe2e0e5f566b,h3_positive_demand,market,2381.6512771931166,0.0,0.0,0.0
16f3f13b4a493f228218a44d,h3_positive_demand,market,2979.204056280447,0.0,0.0,0.0
e5d12fd8eca70b053eb204cb,h3_positive_demand,market,3071.3628236199816,0.0,0.0,0.0
d8ab0797cadff58952ab76f2,h3_positive_demand,market,2505.8173833648448,0.0,0.0,0.0
6dc88b685b766708c8223bd8,h3_positive_demand,market,2754.121083717377,0.0,0.0,0.0
00b7c924e0115c6681ce41bd,h3_positive_demand,market,2829.569702703813,0.0,0.0,0.0
d32ec5a156754dcb2548bde4,h3_positive_demand,market,2871.6580716959143,0.0,0.0,0.0
ca318324f05960aac1bbcba7,h3_positive_demand,market,3244.833575185591,0.0,0.0,0.0
6866ae646ded39a23d0c91c4,h3_positive_demand,market,3097.9852295757955,0.0,0.0,0.0
e2ab0d465cf82034707206a2,h3_positive_demand,market,2466.0415281600467,0.0,0.0,0.0
668fe0b1107efbb9382feb5a,h3_positive_demand,market,2670.6675195343696,0.0,0.0,0.0
8e07121bef89e1cd66719bb5,h3_positive_demand,market,3193.7246741981685,0.0,0.0,0.0
df345a88645a38def0d5c730,h3_positive_demand,market,3136.5264268847664,0.0,0.0,0.0
f6d35ddc51b3d533bbe41837,h3_positive_demand,market,2593.5906421440936,0.0,0.0,0.0
7014549a1f2805faf291e877,h3_positive_demand,market,2722.339150440313,0.0,0.0,0.0
601b803ea23d4617874998d0,h3_positive_demand,market,2655.9407109673357,0.0,0.0,0.0
47c463a96d7b07ca9c115d62,h3_positive_demand,market,2867.3403872522854,0.0,0.0,0.0
2994057f6946ce65c6e7c9fd,h3_positive_demand,market,2673.214106620097,0.0,0.0,0.0
968860ac55e249a1625ebf14,h3_positive_demand,market,3027.7704983058006,0.0,0.0,0.0
e73cc42839e5f8d3c046557c,h3_positive_demand,market,2842.41836220355,0.0,0.0,0.0
17da61e06419beae3e61e2d9,h3_positive_demand,market,2943.2230022219755,0.0,0.0,0.0
d06596785580a2022bed08d5,h3_positive_demand,market,2628.210369241296,0.0,0.0,0.0
41b34f74df656bbefcef97ff,h3_positive_demand,market,3243.273576043402,0.0,0.0,0.0
d2ee15e3599beba432b80977,h3_positive_demand,market,2689.229633424113,0.0,0.0,0.0
e99bdda63a15c100d9edc374,h3_positive_demand,market,2922.7963086694813,0.0,0.0,0.0
06aa8ec63f97949932f1b9e7,h3_positive_demand,market,4423.57870778453,0.0,0.0,0.0
43d1221b6fe02fff18a42fef,h3_positive_demand,market,2541.9404560137064,0.0,0.0,0.0
747f7efe34e5b29c38a9afe3,h3_positive_demand,market,2529.1219625709273,0.0,0.0,0.0
f207fdd262abd7e5ba79adfb,h3_positive_demand,market,2706.0060098769563,0.0,0.0,0.0
efa3c6b3e1b6f0a3b45a49bc,h3_positive_demand,market,2653.7600426997224,0.0,0.0,0.0
744e06f450ca1bef3ade57ba,h3_positive_demand,market,2460.8425084510795,0.0,0.0,0.0
161f42cc32f2d10f76ad9ce4,h3_positive_demand,market,2437.976829862602,0.0,0.0,0.0
de4fe24cd3fbd939805a195d,h3_positive_demand,market,2760.3942212522215,0.0,0.0,0.0
518d5f4db64692a79d516051,h3_positive_demand,market,2578.7302073222304,0.0,0.0,0.0
4935491647319931d1d21e64,h3_positive_demand,market,2848.2807899962077,0.0,0.0,0.0
b0c7d5ae303d19e6e99c587e,h3_positive_demand,market,2716.0211192067727,0.0,0.0,0.0
03c3e663bd5bc2f488bd5ea4,h3_positive_demand,market,2966.7301178735875,0.0,0.0,0.0
a19cee12db359a9e37860c4a,h3_positive_demand,market,2644.1149909173805,0.0,0.0,0.0
899d3ee96fd18fbfb50385e1,h3_positive_demand,market,2760.785611933493,0.0,0.0,0.0
444711488da212a2503d7b34,h3_positive_demand,market,2620.1193825871696,0.0,0.0,0.0
b077a9baca852277dc7626d7,h3_positive_demand,market,2634.605330244153,0.0,0.0,0.0
3d980b1b1c536a5a0dd3588b,h3_positive_demand,market,2771.566977772131,0.0,0.0,0.0
22cd723fdfbca59325a42683,h3_positive_demand,market,3068.4318526508596,0.0,0.0,0.0
993d3d24a3ea00eefbab1115,h3_positive_demand,market,2948.359216566809,0.0,0.0,0.0
5acb07c33ece395800e6dc2b,h3_positive_demand,market,2980.247229596569,0.0,0.0,0.0
2bbdf010919fe19f3c6df059,h3_positive_demand,market,2782.950500021712,0.0,0.0,0.0
1c80c5aa973e64b0ec5bcc0e,h3_positive_demand,market,2796.8796260343197,0.0,0.0,0.0
3663aa11e64fab73730cbb97,h3_positive_demand,market,2894.968534669016,0.0,0.0,0.0
9b36f8aa7687f3913b981587,h3_positive_demand,market,2948.9061634366158,0.0,0.0,0.0
2c276e03cfabd2545e11019d,h3_positive_demand,market,3200.9522148279125,0.0,0.0,0.0
30f351d6a36322c2882c6068,h3_positive_demand,market,2909.9884440870014,0.0,0.0,0.0
b023f1c97891f0fa328928d5,h3_positive_demand,market,2432.855913256433,0.0,0.0,0.0
c28ccaecd14f20fbb7645489,h3_positive_demand,market,2667.1610112365197,0.0,0.0,0.0
98e49b87eeed4647bb93b761,h3_positive_demand,market,2687.809905802754,0.0,0.0,0.0
6d3afddf47d94fe5d755d4fe,h3_positive_demand,market,2689.160558430396,0.0,0.0,0.0
a50262700602a768386334ec,h3_positive_demand,market,3213.7537687006757,0.0,0.0,0.0
203ea0d0ca624e7f4ce96233,h3_positive_demand,market,2660.8160209390894,0.0,0.0,0.0
d9faa84f29912a5e0c6c427f,h3_positive_demand,market,2584.2264884826645,0.0,0.0,0.0
136cc3f7e399fa4f5c0b50d0,h3_positive_demand,market,2706.859623500496,0.0,0.0,0.0
fff08b8f5553726bcb056383,h3_positive_demand,market,2640.719861254114,0.0,0.0,0.0
d927090046c9c4b13d11304a,h3_positive_demand,market,2915.9325478782566,0.0,0.0,0.0
c1e1d8a8722461171fc0c256,h3_positive_demand,market,3424.3845810021044,0.0,0.0,0.0
a538042e651a459ccb2994b5,h3_positive_demand,market,2732.3466225410903,0.0,0.0,0.0
b47e6db7b1721cfa5d7c739b,h3_positive_demand,market,2900.252542570457,0.0,0.0,0.0
e1e8d32098d2b4910f070335,h3_positive_demand,market,2810.7568593185047,0.0,0.0,0.0
e73b406b1f30bf8527978d54,h3_positive_demand,market,2587.815690324466,0.0,0.0,0.0
e6301b2d1ae999c3aebfd69f,h3_positive_demand,market,2656.3978655373185,0.0,0.0,0.0
e96920d1172edfcba533f047,h3_positive_demand,market,2569.2874649260825,0.0,0.0,0.0
50be33bcbf2ed9d90b9502c0,h3_positive_demand,market,2714.3579262176418,0.0,0.0,0.0
dbf2fb6e73b1db06c1804dfb,h3_positive_demand,market,2556.1228130074946,0.0,0.0,0.0
5f638f9bdfd788f2a0090c2d,h3_positive_demand,market,2791.2153548628044,0.0,0.0,0.0
6cc775f26f859a126f3772f9,h3_positive_demand,market,2997.518778162071,0.0,0.0,0.0
4cb1f0cbc9cef1f796712dee,h3_positive_demand,market,2896.871171870402,0.0,0.0,0.0
9bd55813524f39e70fd3da15,h3_positive_demand,market,2971.3609355650715,0.0,0.0,0.0
ff1133cdddd4a7dfd5662bab,h3_positive_demand,market,2728.2854144598605,0.0,0.0,0.0
d6c163fb066e0fa19cc1cfa2,h3_positive_demand,market,2709.1440898281735,0.0,0.0,0.0
c0e1366065792c32111b0f4f,h3_positive_demand,market,2995.056529581005,0.0,0.0,0.0
2fcde84ce7b30676f8afc942,h3_positive_demand,market,3590.129918930585,0.0,0.0,0.0
330b9be4e2fc533601966cd3,h3_positive_demand,market,2919.2539996254022,0.0,0.0,0.0
7990db6768d69df4df99f4ee,h3_positive_demand,market,2673.5715079196016,0.0,0.0,0.0
d318ecf6a9067b161f04a318,h3_positive_demand,market,2403.401763704753,0.0,0.0,0.0
2c2065829baa7c1fc820dc5d,h3_positive_demand,market,2982.0550527756336,0.0,0.0,0.0
80538fb8785fae08529f7b4c,h3_positive_demand,market,2951.038151237801,0.0,0.0,0.0
ab3afb608f358584b4aea122,h3_positive_demand,market,2622.1565398044495,0.0,0.0,0.0
1db352e5bc0225b20a59a6ef,h3_positive_demand,market,2843.3765314408074,0.0,0.0,0.0
d706e841571c249225e3b9a9,h3_positive_demand,market,3473.9264417458407,0.0,0.0,0.0
704480fcb19a8178c87938b7,h3_positive_demand,market,2771.446093946577,0.0,0.0,0.0
ffd52075e2593f785c44ab23,h3_positive_demand,market,2775.007338334448,0.0,0.0,0.0
ce1cade4142d1b3dcecbed93,h3_positive_demand,market,2501.50045241906,0.0,0.0,0.0
de8ef54e6b5769a44181def7,h3_positive_demand,market,2957.702642784476,0.0,0.0,0.0
31949ce7ba2718a61be37425,h3_positive_demand,market,2780.4034374559888,0.0,0.0,0.0
acb032bbb01e7a97e1f34cbe,h3_positive_demand,market,2781.282613854521,0.0,0.0,0.0
706575f6788150b41017654c,h3_positive_demand,market,2673.205250301071,0.0,0.0,0.0
23d7f9659c4c33259c0bc317,h3_positive_demand,market,4079.9085270855294,0.0,0.0,0.0
948bab58c06bd5a46c455348,h3_positive_demand,market,2665.4607344598867,0.0,0.0,0.0
c85384ac4b1e6722f004d5dc,h3_positive_demand,market,2767.4667129377126,0.0,0.0,0.0
3e583870b521b6a55aa3c479,h3_positive_demand,market,2865.1161935808846,0.0,0.0,0.0
d7b9e338d7121e92bd8bcfcd,h3_positive_demand,market,2530.212282305358,0.0,0.0,0.0
38334caec200ebcfca064aff,h3_positive_demand,market,2943.602921888543,0.0,0.0,0.0
1b6e33d0a3b127936aadd1ba,h3_positive_demand,market,3031.729466677738,0.0,0.0,0.0
b582a8a0d7da1c8150544c05,h3_positive_demand,market,2751.169816344208,0.0,0.0,0.0
9033dcffa9cf2333b0c8d159,h3_positive_demand,market,2635.6617276491284,0.0,0.0,0.0
e3d05e7d21814299ad761b36,h3_positive_demand,market,2394.5526478883858,0.0,0.0,0.0
244fd177dd5bcd879451799a,h3_positive_demand,market,2539.9364340354373,0.0,0.0,0.0
211f28d2a8c789417b31bbb3,h3_positive_demand,market,2732.426669823365,0.0,0.0,0.0
2a2d3b9cc9e3d75b59e2ad5c,h3_positive_demand,market,2591.358705120216,0.0,0.0,0.0
fae986d7cab5a08a2aad57d8,h3_positive_demand,market,2610.9998378962605,0.0,0.0,0.0
d873a3a5a1987bb1ecc5cc52,h3_positive_demand,market,2948.7570929524545,0.0,0.0,0.0
65775c307888cd0229fb0285,h3_positive_demand,market,2797.2760444692376,0.0,0.0,0.0
d1094f7a032ccfdc015e952c,h3_positive_demand,market,3343.5005694578344,0.0,0.0,0.0
90005fafb99339e09e5ae203,h3_positive_demand,market,2804.1902968268623,0.0,0.0,0.0
e04baac004b358fe15e49262,h3_positive_demand,market,2745.9541349068004,0.0,0.0,0.0
b2a03e20afc4acec6fb497f5,h3_positive_demand,market,2769.3562756566294,0.0,0.0,0.0
9385f445c3f2e7b57dda8c9e,h3_positive_demand,market,2911.36536148473,0.0,0.0,0.0
c932489327b5c22d1429ab5e,h3_positive_demand,market,2634.5751439282976,0.0,0.0,0.0
60175141db5ec18587c04066,h3_positive_demand,market,2735.91429565807,0.0,0.0,0.0
8c6c8a75ac4fed71b713f110,h3_positive_demand,market,2773.2943248459005,0.0,0.0,0.0
fb3ae42b4102d80bdc38e7f7,h3_positive_demand,market,2630.510490922932,0.0,0.0,0.0
cda40adc51c1af8a0239ddc3,h3_positive_demand,market,2460.048968876446,0.0,0.0,0.0
83c9b5bd05d73d055e599f05,h3_positive_demand,market,2649.7578408412874,0.0,0.0,0.0
b2ea3c63c2b22338c53f3cff,h3_positive_demand,market,2407.150923644531,0.0,0.0,0.0
74eb9044b8b6c37eb4af64e1,h3_positive_demand,market,3568.897089615965,0.0,0.0,0.0
75674b93ee8550f16a87705d,h3_positive_demand,market,2468.0470717211283,0.0,0.0,0.0
df560a45d16910f92c8df85a,h3_positive_demand,market,2787.4796332780606,0.0,0.0,0.0
ef2c1544eb12f10e73e3a0ad,h3_positive_demand,market,2808.4813167945117,0.0,0.0,0.0
861b5f733df29e7d3f2168a4,h3_positive_demand,market,2814.1351772889925,0.0,0.0,0.0
502c673414cc23ceb21034f7,h3_positive_demand,market,2957.827527176663,0.0,0.0,0.0
173a291ae5a404f42e7ad15a,h3_positive_demand,market,2741.2058968853194,0.0,0.0,0.0
fba8c81d59dad08cee0eecfa,h3_positive_demand,market,2783.9294754787197,0.0,0.0,0.0
6d7daae397ef6a22888cdcb3,h3_positive_demand,market,3965.3832807469234,0.0,0.0,0.0
95d6a03c08ac1c1852085a45,h3_positive_demand,market,2544.8648448255167,0.0,0.0,0.0
6d11cac2f7973996873de4e9,h3_positive_demand,market,2911.7019345638696,0.0,0.0,0.0
fb6a44346f98ba3d3c0e8882,h3_positive_demand,market,3000.841606183401,0.0,0.0,0.0
cb68f41ed28d423d54fedc4e,h3_positive_demand,market,2759.8105382593385,0.0,0.0,0.0
0aeb4ad8c9d138e692e6bb5a,h3_positive_demand,market,3033.3542920811747,0.0,0.0,0.0
4b79b3b5833e51a8a5fd358e,h3_positive_demand,market,2835.3429256961213,0.0,0.0,0.0
5bce39b3ab6c8148f1daa5ee,h3_positive_demand,market,2767.4692729061103,0.0,0.0,0.0
d466c2723d7085143bea1a09,h3_positive_demand,market,3045.5704489010022,0.0,0.0,0.0
c9473f6cafc3670f2c9759d5,h3_positive_demand,market,2827.4125039145015,0.0,0.0,0.0
f9090556543e22ddac12e6fe,h3_positive_demand,market,2744.159408003549,0.0,0.0,0.0
91e56e5b0e66e6b583c5f465,h3_positive_demand,market,2849.670884200842,0.0,0.0,0.0
901e723815d2e3f9945c47ff,h3_positive_demand,market,2925.0478017419423,0.0,0.0,0.0
753707a5236d2154a6c4d6ad,h3_positive_demand,market,2625.626561616814,0.0,0.0,0.0
04f9ac443c5e28ef735136e6,h3_positive_demand,market,2609.498137680944,0.0,0.0,0.0
6e78a7c23823518fb44303fc,h3_positive_demand,market,2753.469290012973,0.0,0.0,0.0
81598d57c2fbc57740848ad3,h3_positive_demand,market,2897.85101322161,0.0,0.0,0.0
050e360bbe335b4590f7ea0e,h3_positive_demand,market,2779.795260776419,0.0,0.0,0.0
32876c5d80c250b42ded79fe,h3_positive_demand,market,2726.74789206478,0.0,0.0,0.0
3bb6c1f867814f7b7088bad1,h3_positive_demand,market,2564.1536915617635,0.0,0.0,0.0
11847d7abccfebc377214ae2,h3_positive_demand,market,2698.7891804492187,0.0,0.0,0.0
075da09879f33beaa9eed100,h3_positive_demand,market,3681.5684911215367,0.0,0.0,0.0
e8a98c6125c7794a5968e0a9,h3_positive_demand,market,2945.0480781052884,0.0,0.0,0.0
dc8f1f4242064b1c57f9cd3c,h3_positive_demand,market,2705.239591418055,0.0,0.0,0.0
161b6a2a5ef69e99ba1b9de9,h3_positive_demand,market,3643.0143005757473,0.0,0.0,0.0
b2e5664221ab3486973169d1,h3_positive_demand,market,2574.80128223771,0.0,0.0,0.0
5fd8ee71d084edc6e3a393eb,h3_positive_demand,market,3074.881675893308,0.0,0.0,0.0
628ec471fd8d4bd9d8cc67d7,h3_positive_demand,market,2798.10089288695,0.0,0.0,0.0
13ac3324034d78ba6cf10ea8,h3_positive_demand,market,2968.8972154033654,0.0,0.0,0.0
9aad9475438f746d5114d2a8,h3_positive_demand,market,2975.3991602653537,0.0,0.0,0.0
23ebe4df02d1ec9b3fa08795,h3_positive_demand,market,2709.53132179895,0.0,0.0,0.0
b870091c4ea2dcc0e927539d,h3_positive_demand,market,2655.488684895299,0.0,0.0,0.0
8f6d0aa79014c1638986c863,h3_positive_demand,market,2983.512943042437,0.0,0.0,0.0
dce142a252ffbf66648ac1aa,h3_positive_demand,market,2921.1868027566725,0.0,0.0,0.0
b338a36cf94d15a545026a85,h3_positive_demand,market,3155.9910166852105,0.0,0.0,0.0
dd835997a47357dae98036ce,h3_positive_demand,market,2568.0291386096237,0.0,0.0,0.0
c4fb8a524e34058d8cd9f6b5,h3_positive_demand,market,4637.473604764061,0.0,0.0,0.0
f0bd8afcb605c87b50300a06,h3_positive_demand,market,3093.7193405392704,0.0,0.0,0.0
0e0432f36c954d56c19f7c6e,h3_positive_demand,market,2667.1951230594855,0.0,0.0,0.0
3e45bf0d3f39538855e17c9b,h3_positive_demand,market,2844.144393860033,0.0,0.0,0.0
a324c732d788d26cb4378fb5,h3_positive_demand,market,2911.2361512105244,0.0,0.0,0.0
1588ede0976a962d56e58998,h3_positive_demand,market,2871.6749017209777,0.0,0.0,0.0
6bd58378e4b6b164444a5c92,h3_positive_demand,market,2656.7326041747096,0.0,0.0,0.0
00819d8fc8c7eaf873e14c7c,h3_positive_demand,market,2566.7071294984044,0.0,0.0,0.0
d1afdf5533e3cad7f88794cc,h3_positive_demand,market,2934.2862535868053,0.0,0.0,0.0
8ca573ec41cd5b4d0e375393,h3_positive_demand,market,2676.552272557045,0.0,0.0,0.0
a77cdb6f10676acdb47f91d7,h3_positive_demand,market,2559.025160663272,0.0,0.0,0.0
008a90e7980eabdb4c3bd6ce,h3_positive_demand,market,2875.6384301306525,0.0,0.0,0.0
bc66cb604a5b252554413764,h3_positive_demand,market,2843.612986228331,0.0,0.0,0.0
bff3d8ae52fcbec12d594c92,h3_positive_demand,market,2739.452829794825,0.0,0.0,0.0
948aac36a4cd22be61a217ff,h3_positive_demand,market,2489.6316213666746,0.0,0.0,0.0
ea6c4930fac8ff47ff14be9e,h3_positive_demand,market,2754.3597961083806,0.0,0.0,0.0
3015daa6095ef7d4b6f342e9,h3_positive_demand,market,2936.0531727014218,0.0,0.0,0.0
db01f911380c2f644200b84b,h3_positive_demand,market,2947.33190035224,0.0,0.0,0.0
e74e010758b05a822dc276cc,h3_positive_demand,market,2945.5156879206565,0.0,0.0,0.0
b744d0abb7d1182cb6c18c1d,h3_positive_demand,market,2758.8137003445377,0.0,0.0,0.0
c988dbe3f66592ef983b7488,h3_positive_demand,market,2519.292372175755,0.0,0.0,0.0
8ab41fb230bf90612efc1b7f,h3_positive_demand,market,2881.6454603474986,0.0,0.0,0.0
808932ff923058c4dac55eec,h3_positive_demand,market,2817.0203019889736,0.0,0.0,0.0
7ab8ef09b3bdb5bf5d10eca1,h3_positive_demand,market,2633.6927117066575,0.0,0.0,0.0
3a8dc41c9884e2825ae4895a,h3_positive_demand,market,2720.6130690898704,0.0,0.0,0.0
8e1c97a4a9f3e4d5468e9407,h3_positive_demand,market,2826.3395968057043,0.0,0.0,0.0
41012fb01c3838c0270bbd95,h3_positive_demand,market,2944.480947268957,0.0,0.0,0.0
129d84bb1f87c4856ed730a2,h3_positive_demand,market,3277.070261378928,0.0,0.0,0.0
ea0fcc6f7997f136d311b454,h3_positive_demand,market,2800.7628452841764,0.0,0.0,0.0
74a4778489dd579bb8fb2857,h3_positive_demand,market,3031.903701306368,0.0,0.0,0.0
16aab01e32c7baa79709e6d2,h3_positive_demand,market,2538.5983958865136,0.0,0.0,0.0
b0e768da8ab9ed25129136d1,h3_positive_demand,market,2616.19055907598,0.0,0.0,0.0
7b9eb65624b6cff9f31bd177,h3_positive_demand,market,3232.2665430247785,0.0,0.0,0.0
6ac16983faef7726a8200489,h3_positive_demand,market,2503.1252516253394,0.0,0.0,0.0
5179fff743bb8fb622ddb426,h3_positive_demand,market,3011.687217988844,0.0,0.0,0.0
2f21cc38e95e20df011a8536,h3_positive_demand,market,2648.235719939798,0.0,0.0,0.0
67b49d79ed46aad4afc2344d,h3_positive_demand,market,3282.9717490878147,0.0,0.0,0.0
6899ae74e1adb80eb4d05176,h3_positive_demand,market,2552.3512787688846,0.0,0.0,0.0
35ec8b4460a06589d9e58f75,h3_positive_demand,market,2245.8135640586747,0.0,0.0,0.0
efa9c0c5188bbeaef911f0f0,h3_positive_demand,market,3186.8423663110048,0.0,0.0,0.0
362538c1bc0d6e2525f06021,h3_positive_demand,market,2870.1779265133346,0.0,0.0,0.0
e3ad7ed5a0bb8ec8369ef9b3,h3_positive_demand,market,3197.720250564045,0.0,0.0,0.0
eb864e329203af2fab76bda3,h3_positive_demand,market,3363.6707580739003,0.0,0.0,0.0
4e1d1298893f9edd2db7e94c,h3_positive_demand,market,2698.618255408616,0.0,0.0,0.0
7def014b26b22e97a0bf2013,h3_positive_demand,market,2726.6324944664134,0.0,0.0,0.0
c2e6e043b4f9c9cb93112c72,h3_positive_demand,market,2884.3397321575,0.0,0.0,0.0
76b0ce5e6e823b813d180e7b,h3_positive_demand,market,2690.521008735633,0.0,0.0,0.0
4dd1435b7943b25344511e83,h3_positive_demand,market,2313.0095328072152,0.0,0.0,0.0
ba0734746ba59fb6313990da,h3_positive_demand,market,2607.0503304555764,0.0,0.0,0.0
bc864cf55c4e712fc69ae011,h3_positive_demand,market,2738.5747916119462,0.0,0.0,0.0
27d356bbbcca59cddca47adc,h3_positive_demand,market,3612.8398855770024,0.0,0.0,0.0
e88c8761c97c4bf7abd10ea1,h3_positive_demand,market,3012.8760334854114,0.0,0.0,0.0
12dc65462ccb3420831de7ac,h3_positive_demand,market,2578.5091371921844,0.0,0.0,0.0
b3bbdb02e3e074639eb5760d,h3_positive_demand,market,2452.0847968693547,0.0,0.0,0.0
5e3d2e9354524815865e7f75,h3_positive_demand,market,2761.555517296254,0.0,0.0,0.0
014021f2521a09589c66c090,h3_positive_demand,market,2570.255218320505,0.0,0.0,0.0
13f1c8ec21519ad3eb288200,h3_positive_demand,market,2726.6006092501016,0.0,0.0,0.0
6e7bc26852dc9c96ec80ff36,h3_positive_demand,market,2441.6800188617617,0.0,0.0,0.0
efb0948a2183c952d99d1a7c,h3_positive_demand,market,2580.2123553048164,0.0,0.0,0.0
c80865f1adf11009ce4d2f41,h3_positive_demand,market,2880.2451859795365,0.0,0.0,0.0
2d10232219ebb608abb2ad6a,h3_positive_demand,market,2835.7641746177933,0.0,0.0,0.0
abc443a36df05346a66b2cc5,h3_positive_demand,market,2952.8192860004965,0.0,0.0,0.0
0fa4cb4e7e5326078a01082b,h3_positive_demand,market,2561.7728725759525,0.0,0.0,0.0
64d00765b62b34a1ade33d8f,h3_positive_demand,market,2641.586642063759,0.0,0.0,0.0
905ff7d70c318f71674b06e7,h3_positive_demand,market,3190.3757257779966,0.0,0.0,0.0
49ef8dc81403c8d44b1da3e0,h3_positive_demand,market,2877.166109312437,0.0,0.0,0.0
46c6e0622aa0a624aad39cab,h3_positive_demand,market,3498.89047171656,0.0,0.0,0.0
7b78f7b4da26356593eac7d5,h3_positive_demand,market,2609.778897903295,0.0,0.0,0.0
d2e4ed3cb1a5e6c53dd65867,h3_positive_demand,market,2491.601801410338,0.0,0.0,0.0
e31a248e514a693fc6e11f28,h3_positive_demand,market,2579.1203143001203,0.0,0.0,0.0
dafd5563a5f87e7728b43ec1,h3_positive_demand,market,2342.952640571023,0.0,0.0,0.0
80e5d7a57577111584da24b8,h3_positive_demand,market,2875.7052989928716,0.0,0.0,0.0
a80480452f16c31cc680c718,h3_positive_demand,market,2651.6905309908175,0.0,0.0,0.0
ac959b63d7755bb4a72f28cb,h3_positive_demand,market,2777.0291807985486,0.0,0.0,0.0
badcc4a834a3d5435902d9b9,h3_positive_demand,market,2666.471925308844,0.0,0.0,0.0
89355d597da2943c907763ad,h3_positive_demand,market,2738.1398309243345,0.0,0.0,0.0
db3db6c165f5f4cd2d238424,h3_positive_demand,market,2486.9017291469227,0.0,0.0,0.0
4413016cb0ccda1e444db650,h3_positive_demand,market,2787.0021240995643,0.0,0.0,0.0
bf43d8701e46e3bc06e69fd5,h3_positive_demand,market,3818.1144484857564,0.0,0.0,0.0
4cc0054c4c200738d07c6ce9,h3_positive_demand,market,2715.9980299020904,0.0,0.0,0.0
c2f71018d1715871e8e4abbd,h3_positive_demand,market,3810.1747566753115,0.0,0.0,0.0
a5ee49dd338a65710e82a8bb,h3_positive_demand,market,2769.9060753230865,0.0,0.0,0.0
6d23146d17955401a9776b9c,h3_positive_demand,market,2461.914475785265,0.0,0.0,0.0
9e353bbe654179701ae509a4,h3_positive_demand,market,3300.682167785615,0.0,0.0,0.0
a7787971be302caec2f9eb83,h3_positive_demand,market,2760.5269479822937,0.0,0.0,0.0
8d355b50262459d16f284cca,h3_positive_demand,market,2419.0098923082446,0.0,0.0,0.0
92e2a37f16c96fac76c24779,h3_positive_demand,market,3411.97795990039,0.0,0.0,0.0
f49ae8d2a96eeedf66260dba,h3_positive_demand,market,2724.3128478925564,0.0,0.0,0.0
53417d9f9fde047ea6d5729c,h3_positive_demand,market,3046.4808798404983,0.0,0.0,0.0
af6fc68592e31e1262dbe1a3,h3_positive_demand,market,2926.5663747985486,0.0,0.0,0.0
c7de71c660c8d25b2b7ec59a,h3_positive_demand,market,2782.09871336152,0.0,0.0,0.0
c6d7ee0f1a944f8cf91ab84e,h3_positive_demand,market,2592.918008223791,0.0,0.0,0.0
15974b41887f2e1d97f0d6c6,h3_positive_demand,market,2463.9508891183264,0.0,0.0,0.0
3fd1f575619548cf6a5bff59,h3_positive_demand,market,2397.7515374630307,0.0,0.0,0.0
9fccc472ccbced6a00573149,h3_positive_demand,market,2779.736595320253,0.0,0.0,0.0
3152612b6d97ee9455b26869,h3_positive_demand,market,2848.923691354594,0.0,0.0,0.0
02dd295dd58c7baa2808c8cf,h3_positive_demand,market,2728.7457886827024,0.0,0.0,0.0
ee5bb2bda2b31071da22bdfb,h3_positive_demand,market,2796.8149501709495,0.0,0.0,0.0
eddf4f3e863861d1cb70ca15,h3_positive_demand,market,2823.189533552443,0.0,0.0,0.0
90bfa100be021966a3f5ef2e,h3_positive_demand,market,2770.2656825624504,0.0,0.0,0.0
0a80cddf21cd32a63f366794,h3_positive_demand,market,2808.945602735815,0.0,0.0,0.0
9b532f2fb04f561ba1c235cc,h3_positive_demand,market,3792.844048911273,0.0,0.0,0.0
9ae98f73e97477ab08262f9c,h3_positive_demand,market,2656.757799675343,0.0,0.0,0.0
b2b16eccdd974a26dfe53c71,h3_positive_demand,market,2758.2700309399324,0.0,0.0,0.0
7edf928e36839b2ff056f2f4,h3_positive_demand,market,3030.9666065985994,0.0,0.0,0.0
29a9788162bb4f45bb70f5f2,h3_positive_demand,market,2712.203212303815,0.0,0.0,0.0
e9f1a719db854418599b77c1,h3_positive_demand,market,2757.30083605911,0.0,0.0,0.0
6e399320fac1d45f198083a8,h3_positive_demand,market,2772.7596574714375,0.0,0.0,0.0
e218e37b2570d8d2fb482cba,h3_positive_demand,market,2751.680813158998,0.0,0.0,0.0
ff8a26198eb64048052cde49,h3_positive_demand,market,2806.9069488412288,0.0,0.0,0.0
2e3f821946b6080f4ea92369,h3_positive_demand,market,3522.1881571974454,0.0,0.0,0.0
4d851c286181919575382c45,h3_positive_demand,market,2588.089598968128,0.0,0.0,0.0
bc72f3e775a1093bba0d75d8,h3_positive_demand,market,2817.7131281297006,0.0,0.0,0.0
ed1054b816e5eb354e1eafec,h3_positive_demand,market,2507.215388134189,0.0,0.0,0.0
ff5831ac5bb5d09da850a865,h3_positive_demand,market,2773.5629993867287,0.0,0.0,0.0
93159942698afb4d1cbe5384,h3_positive_demand,market,2548.363250473414,0.0,0.0,0.0
fc9452ac592b57af7fa19623,h3_positive_demand,market,2525.6510134168243,0.0,0.0,0.0
209aa99d2b702f83435d812c,h3_positive_demand,market,2790.3779530346055,0.0,0.0,0.0
f23087a1343e40e4f2297bf2,h3_positive_demand,market,3181.5350494523827,0.0,0.0,0.0
de9e6ef160dfb46b74bb50d3,h3_positive_demand,market,4498.849768208904,0.0,0.0,0.0
1e873a3856bcd19b67754fac,h3_positive_demand,market,2817.407649756029,0.0,0.0,0.0
e864e22abf7c7141c6608753,h3_positive_demand,market,2713.152573747902,0.0,0.0,0.0
c8416315172e0096862a5292,h3_positive_demand,market,2728.217438754576,0.0,0.0,0.0
1c05569a4b0084b97add3e0c,h3_positive_demand,market,2957.9316240509543,0.0,0.0,0.0
cc70b238bd9f0209eb2fa837,h3_positive_demand,market,3075.665307702181,0.0,0.0,0.0
e05b72dd7b2bfd344c870707,h3_positive_demand,market,3187.457844218078,0.0,0.0,0.0
b08cf632763d57dac2c0ee61,h3_positive_demand,market,2550.2126425172564,0.0,0.0,0.0
8104069ccdbfb5f12ef2d854,h3_positive_demand,market,2888.6574192456915,0.0,0.0,0.0
be2bff05c66d28088bdde47b,h3_positive_demand,market,2724.085159336385,0.0,0.0,0.0
709e4d33263ec441a248d9de,h3_positive_demand,market,2446.5733489846057,0.0,0.0,0.0
f729f6b6b23d61cace8d7de1,h3_positive_demand,market,2707.459779693026,0.0,0.0,0.0
a356eed666e03c96e835c9e0,h3_positive_demand,market,3075.887257190157,0.0,0.0,0.0
0643b7655c1ee7e101ff05f3,h3_positive_demand,market,2480.4153934495434,0.0,0.0,0.0
70bdf0836a493041a264be69,h3_positive_demand,market,3239.6021323687123,0.0,0.0,0.0
069b14746dd6123ea6dcbf06,h3_positive_demand,market,2657.8491049449744,0.0,0.0,0.0
50ea0fa273229858e3be9b29,h3_positive_demand,market,4027.694221567148,0.0,0.0,0.0
2f1ad9dba26a200e4a049b57,h3_positive_demand,market,2653.5473831797353,0.0,0.0,0.0
7821f489e381c89e619afe05,h3_positive_demand,market,2504.5923552805007,0.0,0.0,0.0
b510d8e84d35fbd6f250373d,h3_positive_demand,market,2788.9940992012675,0.0,0.0,0.0
a660da38b5dc30a1495cda21,h3_positive_demand,market,2674.960703274639,0.0,0.0,0.0
ef8598a49026d1aab5917dae,h3_positive_demand,market,2749.6441108065865,0.0,0.0,0.0
5d66ecc9bbc55a924943aa11,h3_positive_demand,market,2516.6957743213165,0.0,0.0,0.0
39dc665a5856b257c501693e,h3_positive_demand,market,2895.820941857462,0.0,0.0,0.0
b204db3ef5f50d7586503d8f,h3_positive_demand,market,2548.819406635021,0.0,0.0,0.0
c50b1fba5ae75b026fd16bb4,h3_positive_demand,market,2783.6384685523676,0.0,0.0,0.0
c1786001eabe73f2abb5fd8f,h3_positive_demand,market,2901.943548187717,0.0,0.0,0.0
4fc4443427ec2a01fa664051,h3_positive_demand,market,2748.5990464875445,0.0,0.0,0.0
fbb73e2b99af16ba8ed715e5,h3_positive_demand,market,2771.9410272697446,0.0,0.0,0.0
9b1aeefe68e60471a61ed502,h3_positive_demand,market,2787.823876351342,0.0,0.0,0.0
771c9dc5d11c8b145fbba740,h3_positive_demand,market,2837.9942432373714,0.0,0.0,0.0
ed9a07b5cf4d613b85a05281,h3_positive_demand,market,2955.2270997028527,0.0,0.0,0.0
a4266d6204071feecce17ca5,h3_positive_demand,market,2948.1553746286613,0.0,0.0,0.0
8fe761afc25ea05f1b826b32,h3_positive_demand,market,2941.0614228202735,0.0,0.0,0.0
080c7bcb6d0f4be74e00f50d,h3_positive_demand,market,2914.9004997184074,0.0,0.0,0.0
51f8a40bbe9cd57117bc74cc,h3_positive_demand,market,2774.55083370311,0.0,0.0,0.0
21200388001d718b39de1352,h3_positive_demand,market,3231.597781235581,0.0,0.0,0.0
083438acb94dedac1b87e5a4,h3_positive_demand,market,2641.8255098178342,0.0,0.0,0.0
2aa92105b1cdafbf5f79ef21,h3_positive_demand,market,2780.7242511051827,0.0,0.0,0.0
04ec1263619ada609ce9186a,h3_positive_demand,market,3038.685237709455,0.0,0.0,0.0
b79bc2a267fdd303b00beebb,h3_positive_demand,market,2651.813579510119,0.0,0.0,0.0
17466941e96fe68805fb98ec,h3_positive_demand,market,2851.926743363645,0.0,0.0,0.0
a9157a9755241af22fb227b9,h3_positive_demand,market,2946.234817476776,0.0,0.0,0.0
57c21c6065ffb1348ddf0ca9,h3_positive_demand,market,2946.9903359045725,0.0,0.0,0.0
bcfbbd93531a27ad7d7d302e,h3_positive_demand,market,2465.966310906988,0.0,0.0,0.0
b6846e504bff00e6f94b0b9e,h3_positive_demand,market,2449.024941697658,0.0,0.0,0.0
5dcb77388c43d60caf83cd08,h3_positive_demand,market,2547.766633654779,0.0,0.0,0.0
8287ba35831fcd715be16dff,h3_positive_demand,market,2679.316658305177,0.0,0.0,0.0
dd7849b696d3e7299b102c56,h3_positive_demand,market,2757.85649990258,0.0,0.0,0.0
4812ac671c96aa6d2573a043,h3_positive_demand,market,2900.2993660337534,0.0,0.0,0.0
c1645aa7445bdecef8fd0e31,h3_positive_demand,market,2842.0389010980584,0.0,0.0,0.0
c3dc42093b48bc8e1f7324b4,h3_positive_demand,market,2638.040074169557,0.0,0.0,0.0
3a0c4787c962b9da5a7f2c1d,h3_positive_demand,market,2807.053190799086,0.0,0.0,0.0
812cef1c2dba6dc7386f9767,h3_positive_demand,market,2763.4180057336166,0.0,0.0,0.0
4059d8956bf566f557ea40b5,h3_positive_demand,market,2680.4271243123085,0.0,0.0,0.0
599746ddd480121883902d56,h3_positive_demand,market,3025.938300880985,0.0,0.0,0.0
05dce8746aad0ed648f2b55f,h3_positive_demand,market,3171.941721933995,0.0,0.0,0.0
b77f99497129a2ed4f4aedd6,h3_positive_demand,market,2765.2905271610107,0.0,0.0,0.0
14a487dc57c403974511ddd2,h3_positive_demand,market,2852.3080780842383,0.0,0.0,0.0
a4385767dd904081c92df493,h3_positive_demand,market,2642.8850731597136,0.0,0.0,0.0
1f263e2418bf91f3a4172c4f,h3_positive_demand,market,3241.8689783951795,0.0,0.0,0.0
3f4784c454e730fb70675cdd,h3_positive_demand,market,2680.5142035653384,0.0,0.0,0.0
71d4354cb2314d5779e5e8f8,h3_positive_demand,market,2565.4922975865534,0.0,0.0,0.0
e1eb5b66f0913a6e45b6d9ca,h3_positive_demand,market,2465.149093363654,0.0,0.0,0.0
c1631da844bc8a6b5621076a,h3_positive_demand,market,2365.2325720420167,0.0,0.0,0.0
5f5fcdd824473ea9566f5f64,h3_positive_demand,market,2426.320046705559,0.0,0.0,0.0
7bbf1ed5ca806ae3119b9c9b,h3_positive_demand,market,2537.7306949122176,0.0,0.0,0.0
5a10c247d9332ce84787b2d4,h3_positive_demand,market,3061.1507915360203,0.0,0.0,0.0
d41f8cb8329b6384c68ca12c,h3_positive_demand,market,2581.9399845329144,0.0,0.0,0.0
039f8dcd754d6c65f4ac6303,h3_positive_demand,market,2553.639730379135,0.0,0.0,0.0
67392b192733bf2ae1c9bab0,h3_positive_demand,market,2554.606755714365,0.0,0.0,0.0
cdbd5fbeda8844b3373ff9c5,h3_positive_demand,market,2801.696081946965,0.0,0.0,0.0
542358b72e0fc3ba0e422a2b,h3_positive_demand,market,3101.1528667992993,0.0,0.0,0.0
1876315b7a324d38017dd48d,h3_positive_demand,market,2586.6725717222994,0.0,0.0,0.0
c102720e32b9e94f59e99428,h3_positive_demand,market,2526.8484049006397,0.0,0.0,0.0
903b9d5523e2ecd7aa313fac,h3_positive_demand,market,3089.0616488838245,0.0,0.0,0.0
489806027bfbc14aca94d074,h3_positive_demand,market,2907.44790351575,0.0,0.0,0.0
db0b626f5a24d895843e2b56,h3_positive_demand,market,2983.3830370953733,0.0,0.0,0.0
f4febb431033bb99d5fba1b5,h3_positive_demand,market,2738.8309580586847,0.0,0.0,0.0
281ea17237da34b44eb74b13,h3_positive_demand,market,2838.073067932251,0.0,0.0,0.0
d764edf153aa4283acfa2e3f,h3_positive_demand,market,2636.6986113437397,0.0,0.0,0.0
3d93f3afec2454dc791f404a,h3_positive_demand,market,3149.0474293861694,0.0,0.0,0.0
cc43a89967cf595d31b3ca91,h3_positive_demand,market,2902.519162125283,0.0,0.0,0.0
fbdd1eb758c7cf17d1f08239,h3_positive_demand,market,2718.909928716713,0.0,0.0,0.0
c3371657222ec7f1c294894a,h3_positive_demand,market,2731.624945477553,0.0,0.0,0.0
86ef363f939cb55511fa7479,h3_positive_demand,market,3222.431664761956,0.0,0.0,0.0
1380a48c8b5dc924479abde8,h3_positive_demand,market,2897.691664548469,0.0,0.0,0.0
478b6fca8328ae892cb50107,h3_positive_demand,market,2537.5666558500316,0.0,0.0,0.0
8cfc9d2abc4a5589a9865c7e,h3_positive_demand,market,2833.950727962047,0.0,0.0,0.0
4d4c631e192d8b0f977e716f,h3_positive_demand,market,2508.1936307073297,0.0,0.0,0.0
dc2055282f2e0c775bf983e8,h3_positive_demand,market,2556.8256398974922,0.0,0.0,0.0
71627c0592679c3dcdab7ed6,h3_positive_demand,market,2709.73226645456,0.0,0.0,0.0
52df3f89156894bfc953f5f5,h3_positive_demand,market,2740.8488926055443,0.0,0.0,0.0
5051216d062e17a9700a620d,h3_positive_demand,market,2666.8774599489234,0.0,0.0,0.0
38e44ae68ec2dc47440c39b5,h3_positive_demand,market,2935.5506736397733,0.0,0.0,0.0
3c3f958d8df69e32abf680f0,h3_positive_demand,market,2570.3630290784754,0.0,0.0,0.0
b2ce91b60f4e080dbfbd7ace,h3_positive_demand,market,2418.6065406946827,0.0,0.0,0.0
6eceaf766abad66d8cfc95c4,h3_positive_demand,market,2944.786541744056,0.0,0.0,0.0
5936247160fd7e17cb64cb2a,h3_positive_demand,market,2923.974239335878,0.0,0.0,0.0
a82e3a9a16b6d24b2e47a19b,h3_positive_demand,market,2778.3540865282453,0.0,0.0,0.0
1ed284a13068992318b0fea2,h3_positive_demand,market,2589.887428835747,0.0,0.0,0.0
8202301a43e20c5982ee9bff,h3_positive_demand,market,2713.021729353589,0.0,0.0,0.0
e850a085f53b1286a9d90c3e,h3_positive_demand,market,2376.956274204905,0.0,0.0,0.0
8cc03ae8c093c23328744356,h3_positive_demand,market,2473.6999070000443,0.0,0.0,0.0
91dc70d6fa98cebad3b275aa,h3_positive_demand,market,2845.496214292062,0.0,0.0,0.0
6c9424017997f8019f0c4b48,h3_positive_demand,market,3142.229359582297,0.0,0.0,0.0
de096437c203a6f025631464,h3_positive_demand,market,3425.0692038791103,0.0,0.0,0.0
8a240b4ec03ef6657bb400a8,h3_positive_demand,market,2934.2767789421587,0.0,0.0,0.0
8b974fb80fdd20ce4440873d,h3_positive_demand,market,2437.634057197704,0.0,0.0,0.0
7e1cd11afbfe5029030432d0,h3_positive_demand,market,3897.985722149337,0.0,0.0,0.0
77718f1d310ed42327409063,h3_positive_demand,market,2797.9705311466746,0.0,0.0,0.0
cc5471fdb582f4e20c61af9d,h3_positive_demand,market,2632.9221591241458,0.0,0.0,0.0
d749603df86e065149acd5d9,h3_positive_demand,market,2353.989815210107,0.0,0.0,0.0
36ba193d80a3a1b4adbed83b,h3_positive_demand,market,3025.7292105018737,0.0,0.0,0.0
be02bd15a42851f1786632ed,h3_positive_demand,market,2710.5412302989016,0.0,0.0,0.0
af798c0879502f60171c1e60,h3_positive_demand,market,3336.3569606481365,0.0,0.0,0.0
0c40447c38e3ade0b177e0c5,h3_positive_demand,market,2728.992625950938,0.0,0.0,0.0
6f01d6a0397b10dd791f0d76,h3_positive_demand,market,2603.2839226505344,0.0,0.0,0.0
fcf407a535b58adc89230468,h3_positive_demand,market,2584.6012653941866,0.0,0.0,0.0
00ebf623d8dcabbb98b17223,h3_positive_demand,market,2842.8972009294066,0.0,0.0,0.0
ce5ad6f1d435da6fc853a98e,h3_positive_demand,market,2865.970258905275,0.0,0.0,0.0
a72759d3430096d488d90f9c,h3_positive_demand,market,2957.7849705658855,0.0,0.0,0.0
174389dc4c56a895758ac2a4,h3_positive_demand,market,2846.180577060549,0.0,0.0,0.0
bef44ec1e2963b0278dc35cd,h3_positive_demand,market,2687.4032286236934,0.0,0.0,0.0
3675c661862855ad4fd0e03e,h3_positive_demand,market,2585.118082824976,0.0,0.0,0.0
efaa730cde26860859831ff2,h3_positive_demand,market,2624.72911502399,0.0,0.0,0.0
551a15b8b6c35f7bf5263504,h3_positive_demand,market,2690.668374251657,0.0,0.0,0.0
134d0213254a37bf04fae55d,h3_positive_demand,market,2724.7487971888495,0.0,0.0,0.0
b35e8005489c0e005081dc4e,h3_positive_demand,market,2850.348993399366,0.0,0.0,0.0
baad1c620eb3a47326f14ca9,h3_positive_demand,market,3080.22080184564,0.0,0.0,0.0
362b2ef6646edc2c5808b31e,h3_positive_demand,market,2347.272814905673,0.0,0.0,0.0
3752a91c8de58687f0c00d4a,h3_positive_demand,market,2694.2589186309133,0.0,0.0,0.0
6d6ed27970870e59070067b5,h3_positive_demand,market,2661.608115795062,0.0,0.0,0.0
aee2914dbcbd77eeeeef6efd,h3_positive_demand,market,2475.895227783497,0.0,0.0,0.0
eb7ee6086111cc3d7c5dd549,h3_positive_demand,market,2758.6278484789163,0.0,0.0,0.0
9c4cd9b4545f92ef98ca1a3c,h3_positive_demand,market,3940.918292372581,0.0,0.0,0.0
ff6d932481ff2013564bc50f,h3_positive_demand,market,2348.724685907733,0.0,0.0,0.0
c3852efd0dc045a9788f24b2,h3_positive_demand,market,2801.488364877038,0.0,0.0,0.0
09f9beb793f9d6d3e61de295,h3_positive_demand,market,2743.2853016193426,0.0,0.0,0.0
d271de09d0e94df3f2e59cd4,h3_positive_demand,market,2514.73987294186,0.0,0.0,0.0
eda4209ab60ab45947b3ce46,h3_positive_demand,market,2524.9704103519834,0.0,0.0,0.0
096c979f636ade024c7def6c,h3_positive_demand,market,3210.057534600849,0.0,0.0,0.0
589c448b6b6194d75a34efa1,h3_positive_demand,market,2367.269139759612,0.0,0.0,0.0
0c5777c3677fa836c3bbea41,h3_positive_demand,market,2545.908440736378,0.0,0.0,0.0
dfe5361e0aa0ed93c68365a5,h3_positive_demand,market,2656.1771754087813,0.0,0.0,0.0
3917b35defd0433aed1d0ce9,h3_positive_demand,market,2797.4527525777185,0.0,0.0,0.0
8170b304a489ad28f780e34d,h3_positive_demand,market,2388.931477701226,0.0,0.0,0.0
6d72121015aa96d6f128da82,h3_positive_demand,market,2605.410784812327,0.0,0.0,0.0
bffccaaafd4f942601f99166,h3_positive_demand,market,2940.880481069835,0.0,0.0,0.0
2dada4d5974e8fcfd55dbf14,h3_positive_demand,market,2562.6110826576128,0.0,0.0,0.0
51017c08b200dcfb35e76568,h3_positive_demand,market,3113.785494482807,0.0,0.0,0.0
e2b54373c1a6a8a64478ad21,h7_reserve_0.05_limited_0.5,administered,2647.245958498787,0.0,0.0,0.0
cc15e3d3948fcc13d7c80eab,h7_reserve_0.05_limited_0.5,administered,2397.8904554523842,0.0,0.0,0.0
706fdc9d4778f48b242d3b9e,h7_reserve_0.05_limited_0.5,administered,2798.9052791057193,0.0,0.0,0.0
f33af1a29ac15a7053bae5e5,h7_reserve_0.05_limited_0.5,administered,2600.0733840414055,0.0,0.0,0.0
0bf8c40cfc9d2836f1de2ccc,h7_reserve_0.05_limited_0.5,administered,2613.608094050986,0.0,0.0,0.0
d209231d9c927117cc8a3072,h7_reserve_0.05_limited_0.5,administered,2190.4458709097767,0.0,0.0,0.0
85b1d11fb96847377be51228,h7_reserve_0.05_limited_0.5,administered,2642.3423151090956,0.0,0.0,0.0
0f38fd660d5893716455d3fd,h7_reserve_0.05_limited_0.5,administered,2925.027221831937,0.0,0.0,0.0
9663dfefae8513abea94348c,h7_reserve_0.05_limited_0.5,administered,2435.122849150356,0.0,0.0,0.0
c29a0ac9674e73dd0d98d94d,h7_reserve_0.05_limited_0.5,administered,2830.140598627207,0.0,0.0,0.0
95f48fb488c301d9ab98956b,h7_reserve_0.05_limited_0.5,administered,2480.265846379458,0.0,0.0,0.0
028cb15c9b9e5033a55e2ea2,h7_reserve_0.05_limited_0.5,administered,2352.7523326226087,0.0,0.0,0.0
538fab33b7aec9bffade1564,h7_reserve_0.05_limited_0.5,administered,2917.675229544179,0.0,0.0,0.0
a92ae66df3e0244f10c719e8,h7_reserve_0.05_limited_0.5,administered,2934.178347257973,0.0,0.0,0.0
ccd873af2faaf1353a06f9c8,h7_reserve_0.05_limited_0.5,administered,2684.085414554104,0.0,0.0,0.0
e7aee4a108633f5fc705a9cc,h7_reserve_0.05_limited_0.5,administered,2567.4041620135777,0.0,0.0,0.0
0b7bf55df15d50e5004f5045,h7_reserve_0.05_limited_0.5,administered,4086.939722729295,0.0,0.0,0.0
def7324eea63c70aee891822,h7_reserve_0.05_limited_0.5,administered,2618.311990092017,0.0,0.0,0.0
3ac38bfbd453e9147beaba7c,h7_reserve_0.05_limited_0.5,administered,2991.7800997055097,0.0,0.0,0.0
9495dfe91fa8bae80a8bedda,h7_reserve_0.05_limited_0.5,administered,2390.26490068461,0.0,0.0,0.0
fed73d78e1e680d858cb85dc,h7_reserve_0.05_limited_0.5,administered,2826.858432272027,0.0,0.0,0.0
e3e06c226a661d6a0d40fc12,h7_reserve_0.05_limited_0.5,administered,2916.818483432599,0.0,0.0,0.0
7181d5c1b6a485a6fdbbd5f0,h7_reserve_0.05_limited_0.5,administered,2718.14283033976,0.0,0.0,0.0
ba1b2ddc31df16c952017dd1,h7_reserve_0.05_limited_0.5,administered,2723.4478866652503,0.0,0.0,0.0
d3d01e65959b1b9fe97115e9,h7_reserve_0.05_limited_0.5,administered,3408.9344267179963,0.0,0.0,0.0
30941b5fe4e3b92332859056,h7_reserve_0.05_limited_0.5,administered,4490.237124770902,0.0,0.0,0.0
fa2e8ce77aaaa5ac974c16bd,h7_reserve_0.05_limited_0.5,administered,2692.5491562192374,0.0,0.0,0.0
5ece35b5fad2a17c6a063c5c,h7_reserve_0.05_limited_0.5,administered,2448.4176769960154,0.0,0.0,0.0
73ad9579244a8a440536cc8c,h7_reserve_0.05_limited_0.5,administered,2417.579102964191,0.0,0.0,0.0
1a981fcaff42c12b598bb4cb,h7_reserve_0.05_limited_0.5,administered,2460.786817435312,0.0,0.0,0.0
712c9ab23509f0421ce90063,h7_reserve_0.05_limited_0.5,administered,2292.227280169813,0.0,0.0,0.0
15649220d9821ee8747b32e2,h7_reserve_0.05_limited_0.5,administered,2701.004148104663,0.0,0.0,0.0
54deb35adadf7c21cc907690,h7_reserve_0.05_limited_0.5,administered,2456.153384892553,0.0,0.0,0.0
4c31b19a84ea2362d8226f67,h7_reserve_0.05_limited_0.5,administered,2743.5734037931998,0.0,0.0,0.0
25e795cea70ee34f307aeb76,h7_reserve_0.05_limited_0.5,administered,2687.1274146857286,0.0,0.0,0.0
099628ab7b13b99c3f6d2cb8,h7_reserve_0.05_limited_0.5,administered,2822.90637873945,0.0,0.0,0.0
39c0e9ac463585fefc85289e,h7_reserve_0.05_limited_0.5,administered,2554.3990428403167,0.0,0.0,0.0
407bff39e50a77496837f1bf,h7_reserve_0.05_limited_0.5,administered,3540.290808323801,0.0,0.0,0.0
04b3bd426ad4f484ddbdece9,h7_reserve_0.05_limited_0.5,administered,3076.375291510268,0.0,0.0,0.0
3ded5b99ac3fb0009acaa033,h7_reserve_0.05_limited_0.5,administered,2975.3953659213767,0.0,0.0,0.0
8105a733403bff2603a37764,h7_reserve_0.05_limited_0.5,market,2643.4747415876272,0.0,0.0,0.0
4471892679102aa283824f6f,h7_reserve_0.05_limited_0.5,market,2392.9693190898442,0.0,0.0,0.0
756e04df5973c4f42a2909e9,h7_reserve_0.05_limited_0.5,market,2789.3036595646518,0.0,0.0,0.0
8f81e930d2ad07f7f6f51cf3,h7_reserve_0.05_limited_0.5,market,2590.900565926741,0.0,0.0,0.0
45fb1248bf3f7c545b1ac2c7,h7_reserve_0.05_limited_0.5,market,2607.3401130145153,0.0,0.0,0.0
22fc2bc247c461f73db862e2,h7_reserve_0.05_limited_0.5,market,2185.6371408833147,0.0,0.0,0.0
4ff482b9f3333437b6241d28,h7_reserve_0.05_limited_0.5,market,2636.10623459344,0.0,0.0,0.0
5e9722636eb9abb3015a87a9,h7_reserve_0.05_limited_0.5,market,2910.495234520594,0.0,0.0,0.0
43b0f0ea237f625aced7d0f1,h7_reserve_0.05_limited_0.5,market,2430.280267467463,0.0,0.0,0.0
59dda39ddbade00264879796,h7_reserve_0.05_limited_0.5,market,2820.892374892657,0.0,0.0,0.0
a997d722759c15d9a8c3f5a4,h7_reserve_0.05_limited_0.5,market,2475.000100467565,0.0,0.0,0.0
91f7e932b283a208210f4e35,h7_reserve_0.05_limited_0.5,market,2350.5859934691653,0.0,0.0,0.0
06ff1fcf33763bc9cb1a4cac,h7_reserve_0.05_limited_0.5,market,2914.4157029938106,0.0,0.0,0.0
e2e73e0fcc25519c22c0d083,h7_reserve_0.05_limited_0.5,market,2933.74619807084,0.0,0.0,0.0
fd19f727c731b2c0891fc2fb,h7_reserve_0.05_limited_0.5,market,2674.780950289793,0.0,0.0,0.0
66eacb8a9e6ff0e73331f7fc,h7_reserve_0.05_limited_0.5,market,2560.275214728781,0.0,0.0,0.0
e4dfab0bd893f62972563fd7,h7_reserve_0.05_limited_0.5,market,4083.9535210129056,0.0,0.0,0.0
c08d2f2cf7d72cd9712b4b48,h7_reserve_0.05_limited_0.5,market,2614.196344582489,0.0,0.0,0.0
6d13f0766bd55963a615be5f,h7_reserve_0.05_limited_0.5,market,2987.7777024704615,0.0,0.0,0.0
854d1c57a14f5c42f0aa42c4,h7_reserve_0.05_limited_0.5,market,2388.6168187323983,0.0,0.0,0.0
671601633a6491ba887c9e02,h7_reserve_0.05_limited_0.5,market,2811.8270555480444,0.0,0.0,0.0
5caf2b6331cbccd74b997ab4,h7_reserve_0.05_limited_0.5,market,2904.173310502317,0.0,0.0,0.0
9b356c8b3844773ef7464048,h7_reserve_0.05_limited_0.5,market,2708.2363463393076,0.0,0.0,0.0
be6d763211bb150089863d5d,h7_reserve_0.05_limited_0.5,market,2717.755362930583,0.0,0.0,0.0
804c44137aec5c258f984b36,h7_reserve_0.05_limited_0.5,market,3407.8163990544163,0.0,0.0,0.0
4f6f1e10520fdde5e60ed235,h7_reserve_0.05_limited_0.5,market,4488.852802321385,0.0,0.0,0.0
c708163c0b0e4b36bbf13859,h7_reserve_0.05_limited_0.5,market,2683.4611037889836,0.0,0.0,0.0
dadae0c52635c7a1904a242d,h7_reserve_0.05_limited_0.5,market,2444.988228030716,0.0,0.0,0.0
eb68405f7631380faabd314d,h7_reserve_0.05_limited_0.5,market,2412.4085499224025,0.0,0.0,0.0
1cc46db758b4cbeb66b8a510,h7_reserve_0.05_limited_0.5,market,2457.245329521078,0.0,0.0,0.0
ae9f85bce56f633d2f2906a4,h7_reserve_0.05_limited_0.5,market,2287.686558309316,0.0,0.0,0.0
191b2e7c6ce6130d8b01bbec,h7_reserve_0.05_limited_0.5,market,2690.6422419580776,0.0,0.0,0.0
b4291e8c69797c476c6198a4,h7_reserve_0.05_limited_0.5,market,2450.445174550086,0.0,0.0,0.0
5b8213341682f50a02d01f50,h7_reserve_0.05_limited_0.5,market,2733.4562013880536,0.0,0.0,0.0
b693c5a6e238608a335e34e0,h7_reserve_0.05_limited_0.5,market,2674.739303780283,0.0,0.0,0.0
f77355f89e43c74c29851d31,h7_reserve_0.05_limited_0.5,market,2817.173283129415,0.0,0.0,0.0
f6a00aaed8ea7948f6f85448,h7_reserve_0.05_limited_0.5,market,2548.184209667423,0.0,0.0,0.0
19205cc007efe1376227a0c5,h7_reserve_0.05_limited_0.5,market,3535.3414340211802,0.0,0.0,0.0
41333bdd3311d405f678f94c,h7_reserve_0.05_limited_0.5,market,3071.9360273394414,0.0,0.0,0.0
b1b6a79efaa4e9a2f270401c,h7_reserve_0.05_limited_0.5,market,2967.5295896820535,0.0,0.0,0.0
54cbc8c7c0dcdaf2639d7327,h7_reserve_0.05_limited_1.0,administered,2647.245958498787,0.0,0.0,0.0
561f38292410576633db68db,h7_reserve_0.05_limited_1.0,administered,2397.890111714456,0.0,0.0,0.0
024034397407abbd7a30c39f,h7_reserve_0.05_limited_1.0,administered,2798.926006094978,0.0,0.0,0.0
52918bcb830189c92c21ae88,h7_reserve_0.05_limited_1.0,administered,2600.0733840414055,0.0,0.0,0.0
d7e6e9375b19cf28d020e130,h7_reserve_0.05_limited_1.0,administered,2613.601571591667,0.0,0.0,0.0
785eafc637f845f7525ae83c,h7_reserve_0.05_limited_1.0,administered,2190.4458746502673,0.0,0.0,0.0
8a8e30f54cb5526f40d4c296,h7_reserve_0.05_limited_1.0,administered,2642.3423155287087,0.0,0.0,0.0
8598d82f5f14f34f9f550ab2,h7_reserve_0.05_limited_1.0,administered,2925.027221831937,0.0,0.0,0.0
46c014c8f63b39e356bbffd3,h7_reserve_0.05_limited_1.0,administered,2435.1228575262385,0.0,0.0,0.0
bbb447a4c50d742094c77392,h7_reserve_0.05_limited_1.0,administered,2830.140598627207,0.0,0.0,0.0
a4f76c0602005699e9a44fbc,h7_reserve_0.05_limited_1.0,administered,2480.2701921420803,0.0,0.0,0.0
2ec6aff404428ce2e686f220,h7_reserve_0.05_limited_1.0,administered,2352.7404605502834,0.0,0.0,0.0
f85b25fa53188bc5fbb8018f,h7_reserve_0.05_limited_1.0,administered,2917.675229544179,0.0,0.0,0.0
4d42eb651247377c82fded6a,h7_reserve_0.05_limited_1.0,administered,2934.178421436472,0.0,0.0,0.0
9d4886a300eb65c40bc3528c,h7_reserve_0.05_limited_1.0,administered,2684.094543116582,0.0,0.0,0.0
c1d86f810c7e1c1c5bf3f5e0,h7_reserve_0.05_limited_1.0,administered,2567.403162416534,0.0,0.0,0.0
8d5cfe8e9e82e46365380793,h7_reserve_0.05_limited_1.0,administered,4086.939722729295,0.0,0.0,0.0
8fdc9012f3b34101d60a9ca0,h7_reserve_0.05_limited_1.0,administered,2618.349063290833,0.0,0.0,0.0
c8bc12bfb980c132ceeb6b0f,h7_reserve_0.05_limited_1.0,administered,2991.7800997055097,0.0,0.0,0.0
c846f5ec45dfd7e400f1d3ea,h7_reserve_0.05_limited_1.0,administered,2390.263705228602,0.0,0.0,0.0
5d8013ee6120e9fc76c76309,h7_reserve_0.05_limited_1.0,administered,2826.858432272027,0.0,0.0,0.0
b41ad1a17e76fb75a315e31c,h7_reserve_0.05_limited_1.0,administered,2916.818483432599,0.0,0.0,0.0
ce4d54422e09405d9b877d41,h7_reserve_0.05_limited_1.0,administered,2718.142798297165,0.0,0.0,0.0
0ef4a0f709953d386b00c331,h7_reserve_0.05_limited_1.0,administered,2723.4477520896025,0.0,0.0,0.0
e72497515d69bb4ba80a6c64,h7_reserve_0.05_limited_1.0,administered,3408.9344267179963,0.0,0.0,0.0
07089ef695cf8762567e99fc,h7_reserve_0.05_limited_1.0,administered,4490.237124770902,0.0,0.0,0.0
a2a036f8d17bf0c28213631a,h7_reserve_0.05_limited_1.0,administered,2692.527664021842,0.0,0.0,0.0
7f2dbf921c3d8677ed0a0208,h7_reserve_0.05_limited_1.0,administered,2448.4123668423435,0.0,0.0,0.0
e5ad9bcf58d7c97e948fa004,h7_reserve_0.05_limited_1.0,administered,2417.579676598053,0.0,0.0,0.0
e38244a5c84793786b1e2cd7,h7_reserve_0.05_limited_1.0,administered,2460.7868202865425,0.0,0.0,0.0
58d8eb48e4aab45e9298b60c,h7_reserve_0.05_limited_1.0,administered,2292.2320040954182,0.0,0.0,0.0
db5c6bd5c0967fc6bc564908,h7_reserve_0.05_limited_1.0,administered,2701.0052803119747,0.0,0.0,0.0
7dc709b70f69e12a94ca7b57,h7_reserve_0.05_limited_1.0,administered,2456.151748137004,0.0,0.0,0.0
d351294b198ffe807bdcc373,h7_reserve_0.05_limited_1.0,administered,2743.6147284928848,0.0,0.0,0.0
2380c14d8fce4a613d5c9d4b,h7_reserve_0.05_limited_1.0,administered,2687.127435011279,0.0,0.0,0.0
75b93393a7d48335c9d9343b,h7_reserve_0.05_limited_1.0,administered,2822.9064855582533,0.0,0.0,0.0
0d4e9fdae605dfcb5f6102ec,h7_reserve_0.05_limited_1.0,administered,2554.400096716342,0.0,0.0,0.0
8d35a023cb57387e55b257d4,h7_reserve_0.05_limited_1.0,administered,3540.290808323801,0.0,0.0,0.0
763e25e04697417ee21f3490,h7_reserve_0.05_limited_1.0,administered,3076.375291510268,0.0,0.0,0.0
9099ca99fc7eb0a9f0594418,h7_reserve_0.05_limited_1.0,administered,2975.3953659213767,0.0,0.0,0.0
8801c1abed4cc212baed113f,h7_reserve_0.05_limited_1.0,market,2643.4747415876272,0.0,0.0,0.0
4f9fa4669a2bd291085caaa6,h7_reserve_0.05_limited_1.0,market,2392.9753224689057,0.0,0.0,0.0
f26c7254a72be16195f7db06,h7_reserve_0.05_limited_1.0,market,2789.214543102319,0.0,0.0,0.0
9caf751ed923b977b91c409d,h7_reserve_0.05_limited_1.0,market,2590.900565926741,0.0,0.0,0.0
72f9ad76b5ec982cd0d75369,h7_reserve_0.05_limited_1.0,market,2607.3100522137584,0.0,0.0,0.0
17118717c544c2b5d734e7b1,h7_reserve_0.05_limited_1.0,market,2185.6371460932755,0.0,0.0,0.0
2c95fce9d83e1f342363be22,h7_reserve_0.05_limited_1.0,market,2636.10623459344,0.0,0.0,0.0
9227ca95ede35bef3b593208,h7_reserve_0.05_limited_1.0,market,2910.495234520594,0.0,0.0,0.0
7c0432502ed41298973f399d,h7_reserve_0.05_limited_1.0,market,2430.2583375969934,0.0,0.0,0.0
bb1c4c7d9ebc7f64a5d4647a,h7_reserve_0.05_limited_1.0,market,2820.892374892657,0.0,0.0,0.0
1dea8505da867115b894d80c,h7_reserve_0.05_limited_1.0,market,2475.0471324578675,0.0,0.0,0.0
c244924c2016be76ce2f96af,h7_reserve_0.05_limited_1.0,market,2350.5717111813874,0.0,0.0,0.0
c5d1ea5f0a08c4ff8bd5002b,h7_reserve_0.05_limited_1.0,market,2914.4157029938106,0.0,0.0,0.0
707f7b6c361af73686301275,h7_reserve_0.05_limited_1.0,market,2933.74619807084,0.0,0.0,0.0
93ca687c23feb9d6504d1547,h7_reserve_0.05_limited_1.0,market,2675.0122343105418,0.0,0.0,0.0
f5def5ac9c2ec5b2bbb3b8d7,h7_reserve_0.05_limited_1.0,market,2560.2750752557567,0.0,0.0,0.0
576618318193d3ba170cf3e4,h7_reserve_0.05_limited_1.0,market,4083.9535210129056,0.0,0.0,0.0
1256c07ab4a2cbe8d9a99f12,h7_reserve_0.05_limited_1.0,market,2614.3128984330097,0.0,0.0,0.0
5c9ebe40321ef2b1d04288be,h7_reserve_0.05_limited_1.0,market,2987.7112060572776,0.0,0.0,0.0
f1106c16ea583f310d98121e,h7_reserve_0.05_limited_1.0,market,2388.6160666833516,0.0,0.0,0.0
63be8ed3b95f11f9451c2104,h7_reserve_0.05_limited_1.0,market,2811.8270555480444,0.0,0.0,0.0
a83f367c74aa3cff80148fe7,h7_reserve_0.05_limited_1.0,market,2904.173310502317,0.0,0.0,0.0
18fc05ecde9b1798f56082e5,h7_reserve_0.05_limited_1.0,market,2708.2363463393076,0.0,0.0,0.0
6f317f6d7f276f475b173f3f,h7_reserve_0.05_limited_1.0,market,2717.7489831172925,0.0,0.0,0.0
9302c7ae4ff9d0d4ff9c6f3e,h7_reserve_0.05_limited_1.0,market,3407.8163990544163,0.0,0.0,0.0
5ea752ec8516b4efb0b2cdca,h7_reserve_0.05_limited_1.0,market,4488.852802321385,0.0,0.0,0.0
c4cbcd9304cecbb7734495db,h7_reserve_0.05_limited_1.0,market,2683.4820309312117,0.0,0.0,0.0
a9d6f85b1dc5f5efdcf33ea7,h7_reserve_0.05_limited_1.0,market,2444.987346122982,0.0,0.0,0.0
80c84aac81afbcffac5b739b,h7_reserve_0.05_limited_1.0,market,2412.3657129214844,0.0,0.0,0.0
d6c67d8f2509192d5f874566,h7_reserve_0.05_limited_1.0,market,2457.245390424811,0.0,0.0,0.0
b7a4a9cd24d5fe46ac391320,h7_reserve_0.05_limited_1.0,market,2287.6911878073956,0.0,0.0,0.0
402dfb385ce0c0f47cdf2d56,h7_reserve_0.05_limited_1.0,market,2690.6757075109945,0.0,0.0,0.0
eca4836706529f206c1911d9,h7_reserve_0.05_limited_1.0,market,2450.357867074894,0.0,0.0,0.0
5748c13c19c2fad636edc5ab,h7_reserve_0.05_limited_1.0,market,2733.456202064027,0.0,0.0,0.0
0a3654363c675b296869767f,h7_reserve_0.05_limited_1.0,market,2674.7716499460175,0.0,0.0,0.0
0916cf0481b51843c471f2f3,h7_reserve_0.05_limited_1.0,market,2817.2073142472163,0.0,0.0,0.0
3049c612c3f65a9f34435ee7,h7_reserve_0.05_limited_1.0,market,2548.196511639204,0.0,0.0,0.0
94266acdf5ce8bfa58a6f1eb,h7_reserve_0.05_limited_1.0,market,3535.3765857080075,0.0,0.0,0.0
691cec9337df4334f2350f3a,h7_reserve_0.05_limited_1.0,market,3071.9360273394414,0.0,0.0,0.0
fa11d9caa87c6106f7b9c177,h7_reserve_0.05_limited_1.0,market,2967.5295896820535,0.0,0.0,0.0
af7612b23f02459e67b5abf4,h7_reserve_0.05_penalty_1.0,administered,2647.245958498787,0.0,0.0,0.0
9b7240e063837ca23abe7b46,h7_reserve_0.05_penalty_1.0,administered,2397.890111714456,0.0,0.0,0.0
22a1ca36a03d08387cb6b820,h7_reserve_0.05_penalty_1.0,administered,2798.926006094978,0.0,0.0,0.0
b4fcdb940c67bca1a5e1e1be,h7_reserve_0.05_penalty_1.0,administered,2600.0733840414055,0.0,0.0,0.0
c65937437bcbf55a5e9d1d77,h7_reserve_0.05_penalty_1.0,administered,2613.601571591667,0.0,0.0,0.0
4aa38a18e86ba9a169c314e6,h7_reserve_0.05_penalty_1.0,administered,2190.4493480567207,0.0,0.0,0.0
fb01551e576cb7d2f78277ab,h7_reserve_0.05_penalty_1.0,administered,2642.3433239412743,0.0,0.0,0.0
3efdd9b380064b58b6223cbf,h7_reserve_0.05_penalty_1.0,administered,2925.027221831937,0.0,0.0,0.0
fe474c9771700fbfae5e72ec,h7_reserve_0.05_penalty_1.0,administered,2435.123338148203,0.0,0.0,0.0
fdca4024cc52e6de733544e8,h7_reserve_0.05_penalty_1.0,administered,2830.140598627207,0.0,0.0,0.0
59440fa8fc2e148488aa6ea2,h7_reserve_0.05_penalty_1.0,administered,2480.2701921420803,0.0,0.0,0.0
59815ef6fe082ee69546dbad,h7_reserve_0.05_penalty_1.0,administered,2352.7386314422897,0.0,0.0,0.0
0f21058bea1d0b6d7f5f6171,h7_reserve_0.05_penalty_1.0,administered,2917.675229544179,0.0,0.0,0.0
218155fc7e64c7f9d7022e58,h7_reserve_0.05_penalty_1.0,administered,2934.1784675676727,0.0,0.0,0.0
8bf43a4e8bb8cb9a85f01c6d,h7_reserve_0.05_penalty_1.0,administered,2684.094543116582,0.0,0.0,0.0
29882f409dd01edcef53faf5,h7_reserve_0.05_penalty_1.0,administered,2567.3996843424397,0.0,0.0,0.0
409e2de22e2f3d25da696ca7,h7_reserve_0.05_penalty_1.0,administered,4086.939722729295,0.0,0.0,0.0
3ca1bbd274e70a529060dbe7,h7_reserve_0.05_penalty_1.0,administered,2618.345632032811,0.0,0.0,0.0
61682a7317cd63f842594570,h7_reserve_0.05_penalty_1.0,administered,2991.7800997055097,0.0,0.0,0.0
4fb17b89e7c7784a88c71155,h7_reserve_0.05_penalty_1.0,administered,2390.2666802135423,0.0,0.0,0.0
7f2132f3bb3c8bf142e15443,h7_reserve_0.05_penalty_1.0,administered,2826.858432272027,0.0,0.0,0.0
b8def8b130a5039c43c2efb9,h7_reserve_0.05_penalty_1.0,administered,2916.818483432599,0.0,0.0,0.0
d7347dfe7fac7ec4e12e33cb,h7_reserve_0.05_penalty_1.0,administered,2718.142798297165,0.0,0.0,0.0
65ebb88383c9b9a281a29dcb,h7_reserve_0.05_penalty_1.0,administered,2723.447947405024,0.0,0.0,0.0
e8ef0f8aa8d307a92b6de6ff,h7_reserve_0.05_penalty_1.0,administered,3408.9344267179963,0.0,0.0,0.0
c86d53d22774efcfaeeede01,h7_reserve_0.05_penalty_1.0,administered,4490.237124770902,0.0,0.0,0.0
357cb04b6acff8aa644487b1,h7_reserve_0.05_penalty_1.0,administered,2692.527664021842,0.0,0.0,0.0
0a87f7c6906ec2f5d00d62c0,h7_reserve_0.05_penalty_1.0,administered,2448.4123668423435,0.0,0.0,0.0
d90f05ec6b107e8b058c0b79,h7_reserve_0.05_penalty_1.0,administered,2417.5796586076126,0.0,0.0,0.0
61717cf102ee2b10e441a3ea,h7_reserve_0.05_penalty_1.0,administered,2460.7863699457143,0.0,0.0,0.0
df5e4cf86e4a74d8460761df,h7_reserve_0.05_penalty_1.0,administered,2292.2262443600785,0.0,0.0,0.0
6ba5b8176e6a2ea558fc8681,h7_reserve_0.05_penalty_1.0,administered,2701.0052803119747,0.0,0.0,0.0
ce9db6aafd1b19a7fc6a7e8b,h7_reserve_0.05_penalty_1.0,administered,2456.151748137004,0.0,0.0,0.0
33939dc60bff4aaa721b3ecf,h7_reserve_0.05_penalty_1.0,administered,2743.6147284928848,0.0,0.0,0.0
88fcea1cd61195d82dfce76e,h7_reserve_0.05_penalty_1.0,administered,2687.127435011279,0.0,0.0,0.0
7fa59467c9f4f3922e739be4,h7_reserve_0.05_penalty_1.0,administered,2822.9064855582533,0.0,0.0,0.0
32705454e27eb128e270c741,h7_reserve_0.05_penalty_1.0,administered,2554.400096716342,0.0,0.0,0.0
d45f3afd82dd9b64264d4ad8,h7_reserve_0.05_penalty_1.0,administered,3540.290808323801,0.0,0.0,0.0
e904a05849a8f242bcb491a4,h7_reserve_0.05_penalty_1.0,administered,3076.375291510268,0.0,0.0,0.0
3737ebdf18cd251ccfe41a3c,h7_reserve_0.05_penalty_1.0,administered,2975.3953659213767,0.0,0.0,0.0
b3b46a6ca585177bf8d68fd1,h7_reserve_0.05_penalty_1.0,market,2643.4747415876272,0.0,0.0,0.0
c3540514a05ff334a155c088,h7_reserve_0.05_penalty_1.0,market,2392.9753224689057,0.0,0.0,0.0
2524892f52441c6d4be453db,h7_reserve_0.05_penalty_1.0,market,2789.214543102319,0.0,0.0,0.0
6efc3c8217ebdff6c6f8544f,h7_reserve_0.05_penalty_1.0,market,2590.900565926741,0.0,0.0,0.0
ad429c600ea60fec1bbc7d29,h7_reserve_0.05_penalty_1.0,market,2607.3100522137584,0.0,0.0,0.0
94871feecce96e9cf8f32301,h7_reserve_0.05_penalty_1.0,market,2185.6388171384165,0.0,0.0,0.0
4937d105d21bf73a768377d8,h7_reserve_0.05_penalty_1.0,market,2636.125622649927,0.0,0.0,0.0
8b3b1587e94b9161a65a6d55,h7_reserve_0.05_penalty_1.0,market,2910.495234520594,0.0,0.0,0.0
22019b2e8e5fd12f34c9f6d9,h7_reserve_0.05_penalty_1.0,market,2430.232516570245,0.0,0.0,0.0
92b56ec6b7028f90c8820670,h7_reserve_0.05_penalty_1.0,market,2820.892374892657,0.0,0.0,0.0
02db23bb1fa811f7fabce9fc,h7_reserve_0.05_penalty_1.0,market,2475.0471324578675,0.0,0.0,0.0
93311ca7cfff859d1deb9eac,h7_reserve_0.05_penalty_1.0,market,2350.5994437623767,0.0,0.0,0.0
85a7e47559d96521052c5659,h7_reserve_0.05_penalty_1.0,market,2914.4157029938106,0.0,0.0,0.0
1154e126ed9324bae9551860,h7_reserve_0.05_penalty_1.0,market,2933.74619807084,0.0,0.0,0.0
388dfbba1e1bec2713af5770,h7_reserve_0.05_penalty_1.0,market,2675.0122343105418,0.0,0.0,0.0
0157285f1ebb3ab51c0e11a4,h7_reserve_0.05_penalty_1.0,market,2560.233615260378,0.0,0.0,0.0
850cd656d031d3e56f870eda,h7_reserve_0.05_penalty_1.0,market,4083.9535210129056,0.0,0.0,0.0
2ac5020223d8a8d28fe790f6,h7_reserve_0.05_penalty_1.0,market,2614.3196008233854,0.0,0.0,0.0
213035e7a89804263dc8ea65,h7_reserve_0.05_penalty_1.0,market,2987.688771097368,0.0,0.0,0.0
1fa1840252221f2d76936067,h7_reserve_0.05_penalty_1.0,market,2388.617963900967,0.0,0.0,0.0
236f17028f473acd87f3dd1c,h7_reserve_0.05_penalty_1.0,market,2811.8270555480444,0.0,0.0,0.0
b24114144e2834abfd8ea7e1,h7_reserve_0.05_penalty_1.0,market,2904.173310502317,0.0,0.0,0.0
9802275a4db0d8969e651b7a,h7_reserve_0.05_penalty_1.0,market,2708.2363463393076,0.0,0.0,0.0
4c1f09977d55e7f0e555ad68,h7_reserve_0.05_penalty_1.0,market,2717.7291261128635,0.0,0.0,0.0
7d5dae734f04871f93d8dccf,h7_reserve_0.05_penalty_1.0,market,3407.8163990544163,0.0,0.0,0.0
67121ac65a4fb29b860e172c,h7_reserve_0.05_penalty_1.0,market,4488.852802321385,0.0,0.0,0.0
520b4157f9315e884d988d4c,h7_reserve_0.05_penalty_1.0,market,2683.4820309312117,0.0,0.0,0.0
b1e8be18159ac2360ade2acd,h7_reserve_0.05_penalty_1.0,market,2444.9558368511075,0.0,0.0,0.0
c8fc23e954f1535940a82339,h7_reserve_0.05_penalty_1.0,market,2412.326299872194,0.0,0.0,0.0
1e37bc94edf05bb4a4f5dd9c,h7_reserve_0.05_penalty_1.0,market,2457.2453933381885,0.0,0.0,0.0
bb05122094a2bed6567bb79e,h7_reserve_0.05_penalty_1.0,market,2287.712781574382,0.0,0.0,0.0
828bc8e971a68496e287820d,h7_reserve_0.05_penalty_1.0,market,2690.6757075109945,0.0,0.0,0.0
bd8ca21151190fac9feedf0e,h7_reserve_0.05_penalty_1.0,market,2450.357867074894,0.0,0.0,0.0
0d7d17e20e59a7ae7a7f194c,h7_reserve_0.05_penalty_1.0,market,2733.456202064027,0.0,0.0,0.0
9a199ec803ac65511ded1b19,h7_reserve_0.05_penalty_1.0,market,2674.7716499460175,0.0,0.0,0.0
f6302af5d34e21a0d80ae435,h7_reserve_0.05_penalty_1.0,market,2817.2073142472163,0.0,0.0,0.0
15babedcafc7c2b1f620898b,h7_reserve_0.05_penalty_1.0,market,2548.196511639204,0.0,0.0,0.0
9d954b93f89fc6ece7fd6060,h7_reserve_0.05_penalty_1.0,market,3535.3765857080075,0.0,0.0,0.0
ac0287661c2a0177ede5debc,h7_reserve_0.05_penalty_1.0,market,3071.9360273394414,0.0,0.0,0.0
8de552a005333ba757e06c73,h7_reserve_0.05_penalty_1.0,market,2967.5295896820535,0.0,0.0,0.0
7b0d6bda25baf9f19a655952,h7_reserve_0.05_unavailable_0.0,administered,2643.3819666987592,0.0,0.0,0.0
358daffef474f288513a21ff,h7_reserve_0.05_unavailable_0.0,administered,2396.878630592903,0.0,0.0,0.0
481de34671bc07861229c9ba,h7_reserve_0.05_unavailable_0.0,administered,2796.8145247703114,0.0,0.0,0.0
1a1d9f109cb5b7f7d6140e84,h7_reserve_0.05_unavailable_0.0,administered,2592.9573031730283,0.0,0.0,0.0
35daa7133aefc80f8cd351de,h7_reserve_0.05_unavailable_0.0,administered,2608.2379132832325,0.0,0.0,0.0
673f57a8eae50b1636a18ddc,h7_reserve_0.05_unavailable_0.0,administered,2190.4242457072605,0.0,0.0,0.0
9f5436eee168ef2d41ceb7d6,h7_reserve_0.05_unavailable_0.0,administered,2639.8983643085135,0.0,0.0,0.0
52e3f2af6278b73469b18f18,h7_reserve_0.05_unavailable_0.0,administered,2925.027221831937,0.0,0.0,0.0
0421bedfffb883661fde9eb0,h7_reserve_0.05_unavailable_0.0,administered,2434.1830994021734,0.0,0.0,0.0
66e440c08fdeaf0c4f9e5ca1,h7_reserve_0.05_unavailable_0.0,administered,2824.475712575728,0.0,0.0,0.0
5403788482098a404a174c50,h7_reserve_0.05_unavailable_0.0,administered,2475.5405659907533,0.0,0.0,0.0
5a1581d0546a6296d487cc40,h7_reserve_0.05_unavailable_0.0,administered,2352.0113170077625,0.0,0.0,0.0
d2f845b75be77e8c739ca4da,h7_reserve_0.05_unavailable_0.0,administered,2913.9810399480652,0.0,0.0,0.0
57cb4132c48fa10222259ab1,h7_reserve_0.05_unavailable_0.0,administered,2932.2135596365983,0.0,0.0,0.0
6edf49edeb613321989c0735,h7_reserve_0.05_unavailable_0.0,administered,2678.3191714626996,0.0,0.0,0.0
fbb9b994fcf7a879110abed2,h7_reserve_0.05_unavailable_0.0,administered,2565.181983278605,0.0,0.0,0.0
5bc9ce45f3d4be812df5b22d,h7_reserve_0.05_unavailable_0.0,administered,4086.4389944477743,0.0,0.0,0.0
b686c5cb0ac8e5b90dd27298,h7_reserve_0.05_unavailable_0.0,administered,2616.474392449689,0.0,0.0,0.0
5dd7e3df7445a883cda8f83f,h7_reserve_0.05_unavailable_0.0,administered,2989.0702860362,0.0,0.0,0.0
12484310b6ced8fe689a79db,h7_reserve_0.05_unavailable_0.0,administered,2388.296329759422,0.0,0.0,0.0
e2812d83dc2cbc719b132c22,h7_reserve_0.05_unavailable_0.0,administered,2826.835811712989,0.0,0.0,0.0
14c5764a3a341d34d473cbab,h7_reserve_0.05_unavailable_0.0,administered,2913.3235314761687,0.0,0.0,0.0
9523a8b9c43b1ee60769e76d,h7_reserve_0.05_unavailable_0.0,administered,2711.532228163783,0.0,0.0,0.0
8d840e996bfcb93f506f49a9,h7_reserve_0.05_unavailable_0.0,administered,2721.614227080562,0.0,0.0,0.0
6e44c51a229c69dc59d1f580,h7_reserve_0.05_unavailable_0.0,administered,3408.01114122687,0.0,0.0,0.0
ce834353e16bb83f1a0056dc,h7_reserve_0.05_unavailable_0.0,administered,4490.237124770902,0.0,0.0,0.0
c1bbcc29d98ff015116c9a50,h7_reserve_0.05_unavailable_0.0,administered,2689.122095908567,0.0,0.0,0.0
09e99c963bb3d9906d48174b,h7_reserve_0.05_unavailable_0.0,administered,2447.5374364423856,0.0,0.0,0.0
e1d9669cbddc4c260957bdb8,h7_reserve_0.05_unavailable_0.0,administered,2414.479922432796,0.0,0.0,0.0
efb3de630c1466851d39a081,h7_reserve_0.05_unavailable_0.0,administered,2460.3996268767273,0.0,0.0,0.0
c8bc2410728b1db2dc09a945,h7_reserve_0.05_unavailable_0.0,administered,2292.0871827243054,0.0,0.0,0.0
552892dde4d51ef77cf9dbd6,h7_reserve_0.05_unavailable_0.0,administered,2693.976193472468,0.0,0.0,0.0
6e200498975d78cca76ca456,h7_reserve_0.05_unavailable_0.0,administered,2454.577649163025,0.0,0.0,0.0
a74e21f7a67d0f43b76944d5,h7_reserve_0.05_unavailable_0.0,administered,2740.4409539027547,0.0,0.0,0.0
b8e10ecf4932fdff965114f6,h7_reserve_0.05_unavailable_0.0,administered,2687.127413143195,0.0,0.0,0.0
e68ab999a6136fb335083e62,h7_reserve_0.05_unavailable_0.0,administered,2818.5565454312755,0.0,0.0,0.0
2206dcb9ba57b5a604331f7e,h7_reserve_0.05_unavailable_0.0,administered,2544.8579650390516,0.0,0.0,0.0
dcbb8a42a2dc14e2c8172088,h7_reserve_0.05_unavailable_0.0,administered,3538.911406987851,0.0,0.0,0.0
9701df7f49c87de5fc29724d,h7_reserve_0.05_unavailable_0.0,administered,3074.0003126344336,0.0,0.0,0.0
0fe74a080f8430caed35606e,h7_reserve_0.05_unavailable_0.0,administered,2972.6563551132385,0.0,0.0,0.0
d43902a028409f710825f13c,h7_reserve_0.05_unavailable_0.0,market,2641.4755035912663,0.0,0.0,0.0
23c95c2b2f54fdddd5165140,h7_reserve_0.05_unavailable_0.0,market,2391.8379406658296,0.0,0.0,0.0
3100112b159c04a4a62ac304,h7_reserve_0.05_unavailable_0.0,market,2787.6740288282695,0.0,0.0,0.0
388cf4ae062ca5196dbef134,h7_reserve_0.05_unavailable_0.0,market,2585.918877724367,0.0,0.0,0.0
85aac81429cb66adc37d1858,h7_reserve_0.05_unavailable_0.0,market,2605.731629759464,0.0,0.0,0.0
ed27cd79ab46eb9f4b4f0e38,h7_reserve_0.05_unavailable_0.0,market,2185.6235985016247,0.0,0.0,0.0
9c0aba9c311c1443f3db5fd8,h7_reserve_0.05_unavailable_0.0,market,2635.4100168800614,0.0,0.0,0.0
55c994bdb5ebaa9d15e2968b,h7_reserve_0.05_unavailable_0.0,market,2910.495234520594,0.0,0.0,0.0
6ece2fae69421d75009a67c0,h7_reserve_0.05_unavailable_0.0,market,2428.862228586603,0.0,0.0,0.0
1009637b96922d86191cc01c,h7_reserve_0.05_unavailable_0.0,market,2819.731877193771,0.0,0.0,0.0
24a2b2e7cf918ca4d5e9c7c8,h7_reserve_0.05_unavailable_0.0,market,2472.501794699697,0.0,0.0,0.0
62a481a65d9decf01a8a56ba,h7_reserve_0.05_unavailable_0.0,market,2349.319537555215,0.0,0.0,0.0
e4ff074a77453c2b8a44e75e,h7_reserve_0.05_unavailable_0.0,market,2913.057698766781,0.0,0.0,0.0
c8a46c54e6430a7558577167,h7_reserve_0.05_unavailable_0.0,market,2931.8924658292995,0.0,0.0,0.0
59a7aec3c3a5a4a87563a2fa,h7_reserve_0.05_unavailable_0.0,market,2673.4498318880355,0.0,0.0,0.0
5b715b1229795f89aeac6cec,h7_reserve_0.05_unavailable_0.0,market,2559.0584422365846,0.0,0.0,0.0
ab608c1c3c305b1f63935f12,h7_reserve_0.05_unavailable_0.0,market,4083.9535210129056,0.0,0.0,0.0
789771a921a58234dcd36ed6,h7_reserve_0.05_unavailable_0.0,market,2612.854122028719,0.0,0.0,0.0
710abe5079f9eff961454db4,h7_reserve_0.05_unavailable_0.0,market,2986.251231370192,0.0,0.0,0.0
d2ea6e6c4d430cc8a8ca28fc,h7_reserve_0.05_unavailable_0.0,market,2387.8252805707293,0.0,0.0,0.0
0e411e4e26dfbc60abb919c5,h7_reserve_0.05_unavailable_0.0,market,2811.8039427166814,0.0,0.0,0.0
4e9991b511d546b680c22237,h7_reserve_0.05_unavailable_0.0,market,2903.1511489506543,0.0,0.0,0.0
662cfef6ecb0f94344d0bc9b,h7_reserve_0.05_unavailable_0.0,market,2706.1726261347007,0.0,0.0,0.0
9d77a3c0becbf791d86d3634,h7_reserve_0.05_unavailable_0.0,market,2716.3177223981197,0.0,0.0,0.0
d7ccffaa017efbf8dfe804d7,h7_reserve_0.05_unavailable_0.0,market,3407.0777706615145,0.0,0.0,0.0
5be5b34d3535867f2cf3fbbd,h7_reserve_0.05_unavailable_0.0,market,4488.852802321385,0.0,0.0,0.0
2ddd2fb09cfb74213cda2c1b,h7_reserve_0.05_unavailable_0.0,market,2681.7328355444197,0.0,0.0,0.0
d0e3d494256f53f7b7fbe7c6,h7_reserve_0.05_unavailable_0.0,market,2444.285935900027,0.0,0.0,0.0
fbfca6d3f2f1a40aaba552ba,h7_reserve_0.05_unavailable_0.0,market,2410.241883743564,0.0,0.0,0.0
92a4d9f450e062a4cd3e128a,h7_reserve_0.05_unavailable_0.0,market,2456.995471968589,0.0,0.0,0.0
49a7adc0f5e39df3773c0332,h7_reserve_0.05_unavailable_0.0,market,2287.5738469711414,0.0,0.0,0.0
c036ba0f26b57cb664f2e9fe,h7_reserve_0.05_unavailable_0.0,market,2688.6088470646987,0.0,0.0,0.0
286a01044e66f308c73be84b,h7_reserve_0.05_unavailable_0.0,market,2448.294810894013,0.0,0.0,0.0
8c55f8459cb715c818e3d18a,h7_reserve_0.05_unavailable_0.0,market,2732.2609346811087,0.0,0.0,0.0
12abad200393bcd4062887ad,h7_reserve_0.05_unavailable_0.0,market,2674.739303780283,0.0,0.0,0.0
258c006af33f7c8911f2f076,h7_reserve_0.05_unavailable_0.0,market,2816.3256089339143,0.0,0.0,0.0
39e63fde6152bdd1f9b83ad4,h7_reserve_0.05_unavailable_0.0,market,2541.0108123918767,0.0,0.0,0.0
913d635fbc07972f710d6fe4,h7_reserve_0.05_unavailable_0.0,market,3535.383402718517,0.0,0.0,0.0
a31ae43cb5fa8818f6f48bb4,h7_reserve_0.05_unavailable_0.0,market,3071.062979448859,0.0,0.0,0.0
7acf9179ab23463758b178f9,h7_reserve_0.05_unavailable_0.0,market,2967.5295896820535,0.0,0.0,0.0
686302534665f7e75c42f636,h7_reserve_0.10_limited_0.5,administered,2647.251029779779,0.0,0.0,0.0
d4d33624d6b64942c17c27bd,h7_reserve_0.10_limited_0.5,administered,2397.888833552592,0.0,0.0,0.0
a222ae0b65f46a53cbee5979,h7_reserve_0.10_limited_0.5,administered,2798.905293029108,0.0,0.0,0.0
2faf9161c4fd866632dba0c7,h7_reserve_0.10_limited_0.5,administered,2600.0754891420984,0.0,0.0,0.0
66ad74762da274f0f23b5e69,h7_reserve_0.10_limited_0.5,administered,2613.5859508622634,0.0,0.0,0.0
bd8c1d090bf4a3a2c46f8cfe,h7_reserve_0.10_limited_0.5,administered,2190.447900626116,0.0,0.0,0.0
0192f930c3b70250c0809b68,h7_reserve_0.10_limited_0.5,administered,2642.3773403531964,0.0,0.0,0.0
bc937f4f905a8494dbbb41d6,h7_reserve_0.10_limited_0.5,administered,2925.027221831937,0.0,0.0,0.0
377dd45c8e5258bb703894c4,h7_reserve_0.10_limited_0.5,administered,2435.1239232212524,0.0,0.0,0.0
9a13c19ff5670cdf8ec14b78,h7_reserve_0.10_limited_0.5,administered,2830.140598627207,0.0,0.0,0.0
9cfe121fa4bd9a6fd420683b,h7_reserve_0.10_limited_0.5,administered,2480.2675785001893,0.0,0.0,0.0
2a8ddcfb614df7fa416e558a,h7_reserve_0.10_limited_0.5,administered,2352.751527585849,0.0,0.0,0.0
5be60f8b6fbb0c5bb6135952,h7_reserve_0.10_limited_0.5,administered,2917.6755256989018,0.0,0.0,0.0
1b564bf8acbd7eda372db491,h7_reserve_0.10_limited_0.5,administered,2934.178310625298,0.0,0.0,0.0
a2d70a8ed5b806ea1c8561e0,h7_reserve_0.10_limited_0.5,administered,2684.095191561245,0.0,0.0,0.0
17b2e3c13067d618f10b9bb6,h7_reserve_0.10_limited_0.5,administered,2567.409364491472,0.0,0.0,0.0
e5bb114a7b19610b3438be4c,h7_reserve_0.10_limited_0.5,administered,4086.939722729295,0.0,0.0,0.0
74f6f533e1f7d63e07deac96,h7_reserve_0.10_limited_0.5,administered,2618.3198896930967,0.0,0.0,0.0
8526ee749a2f58b64da5a2a1,h7_reserve_0.10_limited_0.5,administered,2991.7800997055097,0.0,0.0,0.0
40554f3f09230c7156cb0cbc,h7_reserve_0.10_limited_0.5,administered,2390.2697819215746,0.0,0.0,0.0
6eaa83e4670a19d260e3de89,h7_reserve_0.10_limited_0.5,administered,2826.858432272027,0.0,0.0,0.0
939a2701696368babc99b1ca,h7_reserve_0.10_limited_0.5,administered,2916.842371247536,0.0,0.0,0.0
22a6cf7c7d07cae072d45426,h7_reserve_0.10_limited_0.5,administered,2718.127875821914,0.0,0.0,0.0
0c3185175236897926722c72,h7_reserve_0.10_limited_0.5,administered,2723.448431501381,0.0,0.0,0.0
7d792a15c88bc8ca01387443,h7_reserve_0.10_limited_0.5,administered,3408.9344267179963,0.0,0.0,0.0
23caf33e23710af530e1291b,h7_reserve_0.10_limited_0.5,administered,4490.237124770902,0.0,0.0,0.0
80ed4be78d9e9b1bc3d81b3d,h7_reserve_0.10_limited_0.5,administered,2692.514872300443,0.0,0.0,0.0
84334a1ceb4fec8b771bd54f,h7_reserve_0.10_limited_0.5,administered,2448.420734050583,0.0,0.0,0.0
3f804ae6124d253ae9d3a8b6,h7_reserve_0.10_limited_0.5,administered,2417.576392313273,0.0,0.0,0.0
e8f4fb0605b135d6a894ff81,h7_reserve_0.10_limited_0.5,administered,2460.788999425777,0.0,0.0,0.0
507cdecc25b2b1bd6631c67b,h7_reserve_0.10_limited_0.5,administered,2292.2153098629074,0.0,0.0,0.0
231e88e8c0ed25f02468c429,h7_reserve_0.10_limited_0.5,administered,2701.005460081487,0.0,0.0,0.0
eaa3c8c7211fded267a32cc0,h7_reserve_0.10_limited_0.5,administered,2456.152422332089,0.0,0.0,0.0
c9e1c761d910bbd8101bae56,h7_reserve_0.10_limited_0.5,administered,2743.6295390355053,0.0,0.0,0.0
fb3c7e3db93ad1c7ab166f6b,h7_reserve_0.10_limited_0.5,administered,2687.176711996577,0.0,0.0,0.0
a09eb7bf5318253cc3c6b151,h7_reserve_0.10_limited_0.5,administered,2822.9064304739622,0.0,0.0,0.0
962a9c78734ab1d2cf14d71f,h7_reserve_0.10_limited_0.5,administered,2554.4036164000663,0.0,0.0,0.0
22bf1de068f8ffe7629d940e,h7_reserve_0.10_limited_0.5,administered,3540.290808323801,0.0,0.0,0.0
9bb9e098cacacc6341eaf309,h7_reserve_0.10_limited_0.5,administered,3076.375291510268,0.0,0.0,0.0
fb06e3b34bb091129434911a,h7_reserve_0.10_limited_0.5,administered,2975.475402745275,0.0,0.0,0.0
a16335c3fb70e59aae23d1e2,h7_reserve_0.10_limited_0.5,market,2643.43565151618,0.0,0.0,0.0
2390626986fc83bc028174ff,h7_reserve_0.10_limited_0.5,market,2392.9794291447492,0.0,0.0,0.0
94e415ff0f27ad99d1159631,h7_reserve_0.10_limited_0.5,market,2789.3620673067194,0.0,0.0,0.0
72109a8661466fb12ca1c710,h7_reserve_0.10_limited_0.5,market,2591.027306111258,0.0,0.0,0.0
4aed527622a5546ad960603e,h7_reserve_0.10_limited_0.5,market,2607.24146257157,0.0,0.0,0.0
6aa2eedc22ee4c66880b7f02,h7_reserve_0.10_limited_0.5,market,2185.644106480306,0.0,0.0,0.0
eeaf8a3d176438fb26f32edc,h7_reserve_0.10_limited_0.5,market,2636.1648138404257,0.0,0.0,0.0
f585a5cc751d4b86bcf33e6f,h7_reserve_0.10_limited_0.5,market,2910.495234520594,0.0,0.0,0.0
72d3ef50258161eb3a112ae6,h7_reserve_0.10_limited_0.5,market,2430.2835776470392,0.0,0.0,0.0
d3809668f4aad59e16d26ff5,h7_reserve_0.10_limited_0.5,market,2820.847653435015,0.0,0.0,0.0
3c170de0969a19369593bcd5,h7_reserve_0.10_limited_0.5,market,2475.0104496174067,0.0,0.0,0.0
66d5f76d175499383049d5b0,h7_reserve_0.10_limited_0.5,market,2350.51514035483,0.0,0.0,0.0
c0b73bcab530e8d397ad15a6,h7_reserve_0.10_limited_0.5,market,2914.45788536076,0.0,0.0,0.0
60c3a0d4800807e4e2867d1c,h7_reserve_0.10_limited_0.5,market,2933.7434791049873,0.0,0.0,0.0
0f8014eff262b9c465666ee9,h7_reserve_0.10_limited_0.5,market,2674.912309232668,0.0,0.0,0.0
56f1b70e547dad9d9ebd6ad9,h7_reserve_0.10_limited_0.5,market,2560.275629268589,0.0,0.0,0.0
023d1d37513d93d60f3ac8cb,h7_reserve_0.10_limited_0.5,market,4083.9535210129056,0.0,0.0,0.0
c57898210721045728b11241,h7_reserve_0.10_limited_0.5,market,2614.003712936139,0.0,0.0,0.0
e90b08ddab5cf342596415ed,h7_reserve_0.10_limited_0.5,market,2987.688771097368,0.0,0.0,0.0
6f65be291d93b778196a7320,h7_reserve_0.10_limited_0.5,market,2388.615486957696,0.0,0.0,0.0
0de8f14d49f607c3ec4b4421,h7_reserve_0.10_limited_0.5,market,2812.0841010095546,0.0,0.0,0.0
a7a1fea639c80b147fa9a90e,h7_reserve_0.10_limited_0.5,market,2904.223337593905,0.0,0.0,0.0
f461953f66df0d05a6983abb,h7_reserve_0.10_limited_0.5,market,2708.2891328409255,0.0,0.0,0.0
068d8cd05c0d99e1f56f2b11,h7_reserve_0.10_limited_0.5,market,2717.8873747259454,0.0,0.0,0.0
84905d30033e821cde60a1c1,h7_reserve_0.10_limited_0.5,market,3407.8163990544163,0.0,0.0,0.0
4dccaf26048a88baf0374032,h7_reserve_0.10_limited_0.5,market,4488.852802321385,0.0,0.0,0.0
adb44e3ce51dd35bca5e2c1e,h7_reserve_0.10_limited_0.5,market,2683.324411350706,0.0,0.0,0.0
3be021e8b9fccbaee0a6d44f,h7_reserve_0.10_limited_0.5,market,2444.9830541188953,0.0,0.0,0.0
2b9d20baefd4875aebcffc05,h7_reserve_0.10_limited_0.5,market,2412.323792082085,0.0,0.0,0.0
c5ee1d3a606bed3642b8ded7,h7_reserve_0.10_limited_0.5,market,2457.3706750007873,0.0,0.0,0.0
93bf8955228b59a112de8894,h7_reserve_0.10_limited_0.5,market,2287.6557922752854,0.0,0.0,0.0
56472008d531eba4ce31018c,h7_reserve_0.10_limited_0.5,market,2690.781490428145,0.0,0.0,0.0
40176f9ac0ebbf9bb85d803f,h7_reserve_0.10_limited_0.5,market,2450.3769656737395,0.0,0.0,0.0
9d7292514e02df91c1d2073f,h7_reserve_0.10_limited_0.5,market,2733.478267267496,0.0,0.0,0.0
a39cb2bef8222a26268e0d19,h7_reserve_0.10_limited_0.5,market,2674.878732979058,0.0,0.0,0.0
83da57188740ba928fec4c37,h7_reserve_0.10_limited_0.5,market,2817.173283129415,0.0,0.0,0.0
11eb6b92b71ca87ea1ee4a75,h7_reserve_0.10_limited_0.5,market,2548.271524727739,0.0,0.0,0.0
e92f967d7a38b9967d7efe5e,h7_reserve_0.10_limited_0.5,market,3535.3931099515376,0.0,0.0,0.0
1ee6fa5c04cce9bf271aa90b,h7_reserve_0.10_limited_0.5,market,3072.0241166493897,0.0,0.0,0.0
0b7eb325676722ac7d0383fd,h7_reserve_0.10_limited_0.5,market,2967.571056889277,0.0,0.0,0.0
3b6e4b485596850de80cb7a0,h7_reserve_0.10_limited_1.0,administered,2647.251029779779,0.0,0.0,0.0
ed2ad28f258ab90a7d928bb7,h7_reserve_0.10_limited_1.0,administered,2397.888833552592,0.0,0.0,0.0
ce98ce9a1d0d578fe309b4d6,h7_reserve_0.10_limited_1.0,administered,2798.905293029108,0.0,0.0,0.0
3e2fc1a39a43bcddff0d8620,h7_reserve_0.10_limited_1.0,administered,2600.0754891420984,0.0,0.0,0.0
d40eedca0ddcce5c35e0673a,h7_reserve_0.10_limited_1.0,administered,2613.5859508622634,0.0,0.0,0.0
d3358b0636a8c9e2aef25a53,h7_reserve_0.10_limited_1.0,administered,2190.447900626116,0.0,0.0,0.0
937fa96e078090438f1f25f0,h7_reserve_0.10_limited_1.0,administered,2642.3773403531964,0.0,0.0,0.0
911d7a0c563819d5e82236d7,h7_reserve_0.10_limited_1.0,administered,2925.027221831937,0.0,0.0,0.0
ddba97d352fff5f90b16df99,h7_reserve_0.10_limited_1.0,administered,2435.1239232212524,0.0,0.0,0.0
b22725427dc338665e63be8e,h7_reserve_0.10_limited_1.0,administered,2830.140598627207,0.0,0.0,0.0
2220d0f5934f1c28d0821746,h7_reserve_0.10_limited_1.0,administered,2480.2675785001893,0.0,0.0,0.0
9cd38ce08a6595e7e24ed85b,h7_reserve_0.10_limited_1.0,administered,2352.751527585849,0.0,0.0,0.0
fe790fc210577579d73baa42,h7_reserve_0.10_limited_1.0,administered,2917.6755256989018,0.0,0.0,0.0
09ee0f2e70b03e8e9ffccefe,h7_reserve_0.10_limited_1.0,administered,2934.178310625298,0.0,0.0,0.0
c10b6851ddb36f2f52b842f6,h7_reserve_0.10_limited_1.0,administered,2684.095191561245,0.0,0.0,0.0
7624da4715f503b70388a403,h7_reserve_0.10_limited_1.0,administered,2567.409364491472,0.0,0.0,0.0
7d0356c2af10916ede84feef,h7_reserve_0.10_limited_1.0,administered,4086.939722729295,0.0,0.0,0.0
594dec9075354e74384ffd00,h7_reserve_0.10_limited_1.0,administered,2618.3198896930967,0.0,0.0,0.0
09f2fb764c7edadb9df1995a,h7_reserve_0.10_limited_1.0,administered,2991.7800997055097,0.0,0.0,0.0
52bb67a932e75be936710279,h7_reserve_0.10_limited_1.0,administered,2390.2697819215746,0.0,0.0,0.0
92d72baea1d8786c7a348f79,h7_reserve_0.10_limited_1.0,administered,2826.858432272027,0.0,0.0,0.0
e9a96bdeee89986bb1a8a500,h7_reserve_0.10_limited_1.0,administered,2916.842371247536,0.0,0.0,0.0
2b38398bf011f2a67c8a0014,h7_reserve_0.10_limited_1.0,administered,2718.127875821914,0.0,0.0,0.0
8a3b5481429a51f6b62d9832,h7_reserve_0.10_limited_1.0,administered,2723.448431501381,0.0,0.0,0.0
ca00b00f20d98952bfcb4908,h7_reserve_0.10_limited_1.0,administered,3408.9344267179963,0.0,0.0,0.0
383b02bb59688358a8ba1f94,h7_reserve_0.10_limited_1.0,administered,4490.237124770902,0.0,0.0,0.0
aabdcc978cdf34bce4d8dabd,h7_reserve_0.10_limited_1.0,administered,2692.514872300443,0.0,0.0,0.0
9cb39335a277b6aad1dcb35c,h7_reserve_0.10_limited_1.0,administered,2448.420734050583,0.0,0.0,0.0
fb5ffed44eafa32a43afdf2b,h7_reserve_0.10_limited_1.0,administered,2417.576392313273,0.0,0.0,0.0
f46d0fac1955f8e2b2909570,h7_reserve_0.10_limited_1.0,administered,2460.788999425777,0.0,0.0,0.0
2bd5ee0005b03cf510818747,h7_reserve_0.10_limited_1.0,administered,2292.2153098629074,0.0,0.0,0.0
b728a7a3dbe7e137d0299ea3,h7_reserve_0.10_limited_1.0,administered,2701.005460081487,0.0,0.0,0.0
e06890c8bff2ed9a232ba9c3,h7_reserve_0.10_limited_1.0,administered,2456.152422332089,0.0,0.0,0.0
3acf5849dfeea7a4d1c76dae,h7_reserve_0.10_limited_1.0,administered,2743.6295390355053,0.0,0.0,0.0
d0d61a5121934829a7752afc,h7_reserve_0.10_limited_1.0,administered,2687.176711996577,0.0,0.0,0.0
918f1208201e87c2a98a9932,h7_reserve_0.10_limited_1.0,administered,2822.9064304739622,0.0,0.0,0.0
8632f5fb1683a546998b3ae5,h7_reserve_0.10_limited_1.0,administered,2554.4036164000663,0.0,0.0,0.0
315713445babd4d6bcc7e9b0,h7_reserve_0.10_limited_1.0,administered,3540.290808323801,0.0,0.0,0.0
3596553c64033746be2536e4,h7_reserve_0.10_limited_1.0,administered,3076.375291510268,0.0,0.0,0.0
5b9bf7c49f2e2764f859c648,h7_reserve_0.10_limited_1.0,administered,2975.475402745275,0.0,0.0,0.0
991dac0c359d35418628b748,h7_reserve_0.10_limited_1.0,market,2643.43565151618,0.0,0.0,0.0
ee89452fa5d04bd7cea4036c,h7_reserve_0.10_limited_1.0,market,2392.9794291447492,0.0,0.0,0.0
71765ee8e396501d888feec6,h7_reserve_0.10_limited_1.0,market,2789.3620673067194,0.0,0.0,0.0
ed6171384107e858cd71defb,h7_reserve_0.10_limited_1.0,market,2591.027306111258,0.0,0.0,0.0
f1dc415483df3702906e44ef,h7_reserve_0.10_limited_1.0,market,2607.24146257157,0.0,0.0,0.0
0fa4d69db5ffe9ee25edb536,h7_reserve_0.10_limited_1.0,market,2185.644106480306,0.0,0.0,0.0
ff4b086ee2a548540041a9d3,h7_reserve_0.10_limited_1.0,market,2636.1648138404257,0.0,0.0,0.0
c1c5838c888ebe6d73f5df95,h7_reserve_0.10_limited_1.0,market,2910.495234520594,0.0,0.0,0.0
30e8b979467b69d4c432a4cc,h7_reserve_0.10_limited_1.0,market,2430.2835776470392,0.0,0.0,0.0
72d1b2cda4afc103aad31991,h7_reserve_0.10_limited_1.0,market,2820.847653435015,0.0,0.0,0.0
18e580d5791d44e37a88f269,h7_reserve_0.10_limited_1.0,market,2475.0104496174067,0.0,0.0,0.0
adc78ebe1c321fa500f29cd6,h7_reserve_0.10_limited_1.0,market,2350.51514035483,0.0,0.0,0.0
30dfdd08128adef2c2e94669,h7_reserve_0.10_limited_1.0,market,2914.45788536076,0.0,0.0,0.0
b2ddfbe30ef2af55f6689969,h7_reserve_0.10_limited_1.0,market,2933.7434791049873,0.0,0.0,0.0
111274a06b26d15a83066056,h7_reserve_0.10_limited_1.0,market,2674.912309232668,0.0,0.0,0.0
f70a51631436761fe0c17c96,h7_reserve_0.10_limited_1.0,market,2560.275629268589,0.0,0.0,0.0
a95891c03517908338592d32,h7_reserve_0.10_limited_1.0,market,4083.9535210129056,0.0,0.0,0.0
12fa76f35064e88f8b55d0c0,h7_reserve_0.10_limited_1.0,market,2614.003712936139,0.0,0.0,0.0
ae3fb4b7621557e26a02b095,h7_reserve_0.10_limited_1.0,market,2987.688771097368,0.0,0.0,0.0
5e84a6d007e810040f3222b1,h7_reserve_0.10_limited_1.0,market,2388.615486957696,0.0,0.0,0.0
4c5c29aab6df414136dd6c42,h7_reserve_0.10_limited_1.0,market,2812.0841010095546,0.0,0.0,0.0
1fc65247203a27b5a9da17f0,h7_reserve_0.10_limited_1.0,market,2904.223337593905,0.0,0.0,0.0
6fdb54383a8b90af7694bde8,h7_reserve_0.10_limited_1.0,market,2708.2891328409255,0.0,0.0,0.0
8382404505884501f837b9ec,h7_reserve_0.10_limited_1.0,market,2717.8873747259454,0.0,0.0,0.0
81311349f441c2d81e9bd8ad,h7_reserve_0.10_limited_1.0,market,3407.8163990544163,0.0,0.0,0.0
e1c597dcd882276fab54ff4c,h7_reserve_0.10_limited_1.0,market,4488.852802321385,0.0,0.0,0.0
79fd889b5a35b40698c47c8d,h7_reserve_0.10_limited_1.0,market,2683.324411350706,0.0,0.0,0.0
7d5689c5854d3f50445e1d40,h7_reserve_0.10_limited_1.0,market,2444.9830541188953,0.0,0.0,0.0
0bad6e6a9835760a4beba01c,h7_reserve_0.10_limited_1.0,market,2412.323792082085,0.0,0.0,0.0
5c93101163526fc54302ca53,h7_reserve_0.10_limited_1.0,market,2457.3706750007873,0.0,0.0,0.0
1593d9b4b44ab747695ca7b6,h7_reserve_0.10_limited_1.0,market,2287.6557922752854,0.0,0.0,0.0
baf718f401d0b3408797314d,h7_reserve_0.10_limited_1.0,market,2690.781490428145,0.0,0.0,0.0
7bb719a1b1039ca23d76d91f,h7_reserve_0.10_limited_1.0,market,2450.3769656737395,0.0,0.0,0.0
345000e3d5deed9e3fd97581,h7_reserve_0.10_limited_1.0,market,2733.478267267496,0.0,0.0,0.0
c495df6baeee3be7817349cb,h7_reserve_0.10_limited_1.0,market,2674.878732979058,0.0,0.0,0.0
fc6c6402c2d9a83ab1f16672,h7_reserve_0.10_limited_1.0,market,2817.173283129415,0.0,0.0,0.0
19cb366a0cecb81ffe4f9821,h7_reserve_0.10_limited_1.0,market,2548.271524727739,0.0,0.0,0.0
33180dd27d02f2b095833d17,h7_reserve_0.10_limited_1.0,market,3535.3931099515376,0.0,0.0,0.0
494bc4089db458b357628c49,h7_reserve_0.10_limited_1.0,market,3072.0241166493897,0.0,0.0,0.0
e051c792dd81f2c8b8905ea8,h7_reserve_0.10_limited_1.0,market,2967.571056889277,0.0,0.0,0.0
43f427a7da944df35a6f6ebb,h7_reserve_0.10_penalty_1.0,administered,2647.251029779779,0.0,0.0,0.0
544d69801a9f464beb0aa500,h7_reserve_0.10_penalty_1.0,administered,2397.888833552592,0.0,0.0,0.0
475562e6fed6cf6e0c441bde,h7_reserve_0.10_penalty_1.0,administered,2798.905293029108,0.0,0.0,0.0
2f83543e675dbf36da6d1070,h7_reserve_0.10_penalty_1.0,administered,2600.0754891420984,0.0,0.0,0.0
490680c27fd0fa023eebe689,h7_reserve_0.10_penalty_1.0,administered,2613.5859508622634,0.0,0.0,0.0
1f649fa88c8b2c87339c171d,h7_reserve_0.10_penalty_1.0,administered,2190.447900626116,0.0,0.0,0.0
8a705a2b1f125a641d70407f,h7_reserve_0.10_penalty_1.0,administered,2642.3773403531964,0.0,0.0,0.0
88ffdcdba2e72d3cb795784a,h7_reserve_0.10_penalty_1.0,administered,2925.027221831937,0.0,0.0,0.0
56869e6e6a92a863096001a4,h7_reserve_0.10_penalty_1.0,administered,2435.1239232212524,0.0,0.0,0.0
8f8777c1f5235a9dd8f6b60c,h7_reserve_0.10_penalty_1.0,administered,2830.140598627207,0.0,0.0,0.0
97a1c81bc0583c518ce75c24,h7_reserve_0.10_penalty_1.0,administered,2480.2675785001893,0.0,0.0,0.0
695f0e62acfc55abb927b441,h7_reserve_0.10_penalty_1.0,administered,2352.751527585849,0.0,0.0,0.0
c22eb454fd0dbf7b2de242dc,h7_reserve_0.10_penalty_1.0,administered,2917.6755256989018,0.0,0.0,0.0
c8d1dda56e854e2813c4cc2d,h7_reserve_0.10_penalty_1.0,administered,2934.178310625298,0.0,0.0,0.0
f2f6313c9916d7050541c4cc,h7_reserve_0.10_penalty_1.0,administered,2684.095191561245,0.0,0.0,0.0
1665d3d4ad2b4e6b5d31a879,h7_reserve_0.10_penalty_1.0,administered,2567.409364491472,0.0,0.0,0.0
6554cb06bb252459828db038,h7_reserve_0.10_penalty_1.0,administered,4086.939722729295,0.0,0.0,0.0
a65da3fe324712a02d4224bb,h7_reserve_0.10_penalty_1.0,administered,2618.3198896930967,0.0,0.0,0.0
f7256f9c112543808e50a823,h7_reserve_0.10_penalty_1.0,administered,2991.7800997055097,0.0,0.0,0.0
8db9d685f7ee5bc0202cf721,h7_reserve_0.10_penalty_1.0,administered,2390.2697819215746,0.0,0.0,0.0
3a668ecb8e3183f5423d3ef1,h7_reserve_0.10_penalty_1.0,administered,2826.858432272027,0.0,0.0,0.0
d0c3d37557adf5a577acde87,h7_reserve_0.10_penalty_1.0,administered,2916.842371247536,0.0,0.0,0.0
890c45f153fae3e29d73ad29,h7_reserve_0.10_penalty_1.0,administered,2718.127875821914,0.0,0.0,0.0
5168bd4a578f6b6ca39977dd,h7_reserve_0.10_penalty_1.0,administered,2723.448431501381,0.0,0.0,0.0
5b468b39777aa6562d353e02,h7_reserve_0.10_penalty_1.0,administered,3408.9344267179963,0.0,0.0,0.0
4eee31b8fc977e762ec776a5,h7_reserve_0.10_penalty_1.0,administered,4490.237124770902,0.0,0.0,0.0
19adb9fb56a0738d3e7c91b6,h7_reserve_0.10_penalty_1.0,administered,2692.514872300443,0.0,0.0,0.0
81f9f81b6991411007dedbd1,h7_reserve_0.10_penalty_1.0,administered,2448.420734050583,0.0,0.0,0.0
e5a7dbb515f7281d53757cc6,h7_reserve_0.10_penalty_1.0,administered,2417.576392313273,0.0,0.0,0.0
193372f33009f4a1af571788,h7_reserve_0.10_penalty_1.0,administered,2460.788999425777,0.0,0.0,0.0
3ef3d2d90f26a681dcef11a3,h7_reserve_0.10_penalty_1.0,administered,2292.2153098629074,0.0,0.0,0.0
271c9b57cc396f272c592253,h7_reserve_0.10_penalty_1.0,administered,2701.005460081487,0.0,0.0,0.0
1c62a4541cfd7edd801597ae,h7_reserve_0.10_penalty_1.0,administered,2456.152422332089,0.0,0.0,0.0
0b5251136d7a696939de39c8,h7_reserve_0.10_penalty_1.0,administered,2743.6295390355053,0.0,0.0,0.0
059964e1a39968d6e3b95940,h7_reserve_0.10_penalty_1.0,administered,2687.176711996577,0.0,0.0,0.0
97c79a319b727b70f17eea54,h7_reserve_0.10_penalty_1.0,administered,2822.9064304739622,0.0,0.0,0.0
d55399ba8054e56016c52879,h7_reserve_0.10_penalty_1.0,administered,2554.4036164000663,0.0,0.0,0.0
3adb0b2d19c286996b641925,h7_reserve_0.10_penalty_1.0,administered,3540.290808323801,0.0,0.0,0.0
a6b2b9fb56669f8a04bcbc2f,h7_reserve_0.10_penalty_1.0,administered,3076.375291510268,0.0,0.0,0.0
acd4e87e01f5af098e59ae87,h7_reserve_0.10_penalty_1.0,administered,2975.475402745275,0.0,0.0,0.0
c4a0ee6b447c1e08125ea52d,h7_reserve_0.10_penalty_1.0,market,2643.43565151618,0.0,0.0,0.0
cd2b76eef315f04daa53d9f6,h7_reserve_0.10_penalty_1.0,market,2392.9794291447492,0.0,0.0,0.0
68c195e16385aaae061334d9,h7_reserve_0.10_penalty_1.0,market,2789.3620673067194,0.0,0.0,0.0
8e7fd267ebbf7f4ce13b47cf,h7_reserve_0.10_penalty_1.0,market,2591.027306111258,0.0,0.0,0.0
20a2c00b4d7073179d34d087,h7_reserve_0.10_penalty_1.0,market,2607.24146257157,0.0,0.0,0.0
d9146e215f8a874c17df04ca,h7_reserve_0.10_penalty_1.0,market,2185.644106480306,0.0,0.0,0.0
ee17324c8d78fcb1b8a4c8b4,h7_reserve_0.10_penalty_1.0,market,2636.1648138404257,0.0,0.0,0.0
46f492c2d75441d44b7060c8,h7_reserve_0.10_penalty_1.0,market,2910.495234520594,0.0,0.0,0.0
e99e81647a1f9aa3fd6283d0,h7_reserve_0.10_penalty_1.0,market,2430.2835776470392,0.0,0.0,0.0
a875c3b91a5b8e980e37db0d,h7_reserve_0.10_penalty_1.0,market,2820.847653435015,0.0,0.0,0.0
d777fd7f7dbd72631b49f194,h7_reserve_0.10_penalty_1.0,market,2475.0104496174067,0.0,0.0,0.0
56ea899a955958072c786eb7,h7_reserve_0.10_penalty_1.0,market,2350.51514035483,0.0,0.0,0.0
3cdf2eaa03d97023bbbf0f0c,h7_reserve_0.10_penalty_1.0,market,2914.45788536076,0.0,0.0,0.0
c83af6d5ffb529538c480047,h7_reserve_0.10_penalty_1.0,market,2933.7434791049873,0.0,0.0,0.0
fbc78af30ebd1ffd3034f860,h7_reserve_0.10_penalty_1.0,market,2674.912309232668,0.0,0.0,0.0
370b58b9039096ee4ac11127,h7_reserve_0.10_penalty_1.0,market,2560.275629268589,0.0,0.0,0.0
567a6d4ceeb078dccf051050,h7_reserve_0.10_penalty_1.0,market,4083.9535210129056,0.0,0.0,0.0
cbeb481d30769e15204895b7,h7_reserve_0.10_penalty_1.0,market,2614.003712936139,0.0,0.0,0.0
276b8b31703f4d240fe4f006,h7_reserve_0.10_penalty_1.0,market,2987.688771097368,0.0,0.0,0.0
5804300b97a64c92702beb0a,h7_reserve_0.10_penalty_1.0,market,2388.615486957696,0.0,0.0,0.0
f8d2feac09730751eda69123,h7_reserve_0.10_penalty_1.0,market,2812.0841010095546,0.0,0.0,0.0
77a5a202ff3618c0d39d1c95,h7_reserve_0.10_penalty_1.0,market,2904.223337593905,0.0,0.0,0.0
3e902cd889cfcb00367b740e,h7_reserve_0.10_penalty_1.0,market,2708.2891328409255,0.0,0.0,0.0
d865f12a2ac9c01b90792f01,h7_reserve_0.10_penalty_1.0,market,2717.8873747259454,0.0,0.0,0.0
c5755fedfa17eb5ac7a10763,h7_reserve_0.10_penalty_1.0,market,3407.8163990544163,0.0,0.0,0.0
c75ce9d1877f488ea287bbdc,h7_reserve_0.10_penalty_1.0,market,4488.852802321385,0.0,0.0,0.0
2aefdd36d1d050fbde5ffd73,h7_reserve_0.10_penalty_1.0,market,2683.324411350706,0.0,0.0,0.0
a965a1f58b3ad9d8e92f8eba,h7_reserve_0.10_penalty_1.0,market,2444.9830541188953,0.0,0.0,0.0
cb70ec189b7b1fbad3ea2b70,h7_reserve_0.10_penalty_1.0,market,2412.323792082085,0.0,0.0,0.0
9336136695488364d20c8f28,h7_reserve_0.10_penalty_1.0,market,2457.3706750007873,0.0,0.0,0.0
4d5b76b13e474497afdbb292,h7_reserve_0.10_penalty_1.0,market,2287.6557922752854,0.0,0.0,0.0
4020ec372f01bea679944216,h7_reserve_0.10_penalty_1.0,market,2690.781490428145,0.0,0.0,0.0
60ea3706232fd7e267b6c816,h7_reserve_0.10_penalty_1.0,market,2450.3769656737395,0.0,0.0,0.0
995616bb4b1ee1d171d5c77f,h7_reserve_0.10_penalty_1.0,market,2733.478267267496,0.0,0.0,0.0
29c4350fee19931a26949ad6,h7_reserve_0.10_penalty_1.0,market,2674.878732979058,0.0,0.0,0.0
36e242bcaa54509f1c15828c,h7_reserve_0.10_penalty_1.0,market,2817.173283129415,0.0,0.0,0.0
85c158ba12039246efffd2c6,h7_reserve_0.10_penalty_1.0,market,2548.271524727739,0.0,0.0,0.0
4e3793913470ebf9d5b2a1a1,h7_reserve_0.10_penalty_1.0,market,3535.3931099515376,0.0,0.0,0.0
29577349625c02c91eb81603,h7_reserve_0.10_penalty_1.0,market,3072.0241166493897,0.0,0.0,0.0
79aa492f7c32f17e05d863ea,h7_reserve_0.10_penalty_1.0,market,2967.571056889277,0.0,0.0,0.0
c8cd1426bc076cb653702931,h7_reserve_0.10_unavailable_0.0,administered,2647.251029779779,0.0,0.0,0.0
74f46dad66cd99452bca7b63,h7_reserve_0.10_unavailable_0.0,administered,2397.888833552592,0.0,0.0,0.0
764fccc2dca04424bcf1c50e,h7_reserve_0.10_unavailable_0.0,administered,2798.905293029108,0.0,0.0,0.0
36b62a6a1c4bbaa88bea0698,h7_reserve_0.10_unavailable_0.0,administered,2600.0754891420984,0.0,0.0,0.0
6afcef3db0b7e17f1adf71fc,h7_reserve_0.10_unavailable_0.0,administered,2613.5859508622634,0.0,0.0,0.0
2230a900e266cace445785b9,h7_reserve_0.10_unavailable_0.0,administered,2190.447900626116,0.0,0.0,0.0
ec3ab56610d2a58af198c85b,h7_reserve_0.10_unavailable_0.0,administered,2642.3773403531964,0.0,0.0,0.0
0f09107b2fd8daff088f1c58,h7_reserve_0.10_unavailable_0.0,administered,2925.027221831937,0.0,0.0,0.0
4c7428e88acb8a09821927db,h7_reserve_0.10_unavailable_0.0,administered,2435.1239232212524,0.0,0.0,0.0
b2c80514d2b4366556f01a86,h7_reserve_0.10_unavailable_0.0,administered,2830.140598627207,0.0,0.0,0.0
0d373a7fc9f319050c072aad,h7_reserve_0.10_unavailable_0.0,administered,2480.2675785001893,0.0,0.0,0.0
0bc821516db459d7805b86d1,h7_reserve_0.10_unavailable_0.0,administered,2352.751527585849,0.0,0.0,0.0
4819afcafe0238e9717e521a,h7_reserve_0.10_unavailable_0.0,administered,2917.6755256989018,0.0,0.0,0.0
ab9f11edba54edbd62c3e40d,h7_reserve_0.10_unavailable_0.0,administered,2934.178310625298,0.0,0.0,0.0
76f66e16bdca0551d666bfc4,h7_reserve_0.10_unavailable_0.0,administered,2684.095191561245,0.0,0.0,0.0
73455eacbb14fc3b2e986ae1,h7_reserve_0.10_unavailable_0.0,administered,2567.409364491472,0.0,0.0,0.0
8238dbfd19f9fc517bb0e8ab,h7_reserve_0.10_unavailable_0.0,administered,4086.939722729295,0.0,0.0,0.0
4b5d21f526944a73cc194269,h7_reserve_0.10_unavailable_0.0,administered,2618.3198896930967,0.0,0.0,0.0
a456fc529199a241baf5533c,h7_reserve_0.10_unavailable_0.0,administered,2991.7800997055097,0.0,0.0,0.0
e30ca5ae5d6160d0202466d8,h7_reserve_0.10_unavailable_0.0,administered,2390.2697819215746,0.0,0.0,0.0
75f7f83961656dd07675e8c6,h7_reserve_0.10_unavailable_0.0,administered,2826.858432272027,0.0,0.0,0.0
2980b3336add5d2fed6c0b16,h7_reserve_0.10_unavailable_0.0,administered,2916.842371247536,0.0,0.0,0.0
2775806639619bce947eadc0,h7_reserve_0.10_unavailable_0.0,administered,2718.127875821914,0.0,0.0,0.0
83db41015654364579c15f5c,h7_reserve_0.10_unavailable_0.0,administered,2723.448431501381,0.0,0.0,0.0
8cab03ddc4c10b4806ec93ce,h7_reserve_0.10_unavailable_0.0,administered,3408.9344267179963,0.0,0.0,0.0
5bcd2089026536fc8e057208,h7_reserve_0.10_unavailable_0.0,administered,4490.237124770902,0.0,0.0,0.0
4c024062fa002a378dc625bb,h7_reserve_0.10_unavailable_0.0,administered,2692.514872300443,0.0,0.0,0.0
2755f6e3a1ced395afb6f6b8,h7_reserve_0.10_unavailable_0.0,administered,2448.420734050583,0.0,0.0,0.0
43cab031fc47d74edd821279,h7_reserve_0.10_unavailable_0.0,administered,2417.576392313273,0.0,0.0,0.0
2ec874bddb213d6777f42f56,h7_reserve_0.10_unavailable_0.0,administered,2460.788999425777,0.0,0.0,0.0
aec55bdf0bf472b4efc67b9b,h7_reserve_0.10_unavailable_0.0,administered,2292.2153098629074,0.0,0.0,0.0
5fc2c744fcdc2061060981b5,h7_reserve_0.10_unavailable_0.0,administered,2701.005460081487,0.0,0.0,0.0
38a70932d76e8f1f9c43eadc,h7_reserve_0.10_unavailable_0.0,administered,2456.152422332089,0.0,0.0,0.0
aed0265f07024360525aaaa9,h7_reserve_0.10_unavailable_0.0,administered,2743.6295390355053,0.0,0.0,0.0
4637d87ef2c3facd3da30a84,h7_reserve_0.10_unavailable_0.0,administered,2687.176711996577,0.0,0.0,0.0
0c7f14141f01280bfdae5915,h7_reserve_0.10_unavailable_0.0,administered,2822.9064304739622,0.0,0.0,0.0
80fff8667b996c2c462f342d,h7_reserve_0.10_unavailable_0.0,administered,2554.4036164000663,0.0,0.0,0.0
b5edce7b9ad035d4bd73b83b,h7_reserve_0.10_unavailable_0.0,administered,3540.290808323801,0.0,0.0,0.0
9c368932bf6dbbea7262a956,h7_reserve_0.10_unavailable_0.0,administered,3076.375291510268,0.0,0.0,0.0
558e5b42e933bf7adc7e1fca,h7_reserve_0.10_unavailable_0.0,administered,2975.475402745275,0.0,0.0,0.0
6ac95a7dbd501412c12e47b9,h7_reserve_0.10_unavailable_0.0,market,2643.43565151618,0.0,0.0,0.0
ab270c7fe4928342cc1d351d,h7_reserve_0.10_unavailable_0.0,market,2392.9794291447492,0.0,0.0,0.0
3f4a9e762664e29900ed7948,h7_reserve_0.10_unavailable_0.0,market,2789.3620673067194,0.0,0.0,0.0
b1ea37fcf2de4cba7bab1f7f,h7_reserve_0.10_unavailable_0.0,market,2591.027306111258,0.0,0.0,0.0
ce1bc17b7af8bf662205a1ce,h7_reserve_0.10_unavailable_0.0,market,2607.24146257157,0.0,0.0,0.0
d51f338adb44d977d5f0fb7b,h7_reserve_0.10_unavailable_0.0,market,2185.644106480306,0.0,0.0,0.0
813e9a3a5471da0eab06e455,h7_reserve_0.10_unavailable_0.0,market,2636.1648138404257,0.0,0.0,0.0
cf1ea98f413e5e3287b84426,h7_reserve_0.10_unavailable_0.0,market,2910.495234520594,0.0,0.0,0.0
1af378b03eb6d92af2bb6df5,h7_reserve_0.10_unavailable_0.0,market,2430.2835776470392,0.0,0.0,0.0
9fe7b148d66116a66bd43029,h7_reserve_0.10_unavailable_0.0,market,2820.847653435015,0.0,0.0,0.0
4de251701ed57134e986528c,h7_reserve_0.10_unavailable_0.0,market,2475.0104496174067,0.0,0.0,0.0
761527443b2d24f2e06a46a5,h7_reserve_0.10_unavailable_0.0,market,2350.51514035483,0.0,0.0,0.0
5975eb6f5880c51aa744964a,h7_reserve_0.10_unavailable_0.0,market,2914.45788536076,0.0,0.0,0.0
7bdf947d392751b8f8ea4d7e,h7_reserve_0.10_unavailable_0.0,market,2933.7434791049873,0.0,0.0,0.0
3f5c7126c572b27e465e3450,h7_reserve_0.10_unavailable_0.0,market,2674.912309232668,0.0,0.0,0.0
feda1773ac586038f860dd61,h7_reserve_0.10_unavailable_0.0,market,2560.275629268589,0.0,0.0,0.0
5b8f71a3b8b0bd6212829513,h7_reserve_0.10_unavailable_0.0,market,4083.9535210129056,0.0,0.0,0.0
ef31de5d8e397cf88315499b,h7_reserve_0.10_unavailable_0.0,market,2614.003712936139,0.0,0.0,0.0
87a150f7f2a4000f6206e774,h7_reserve_0.10_unavailable_0.0,market,2987.688771097368,0.0,0.0,0.0
9b964912446cc00024648c17,h7_reserve_0.10_unavailable_0.0,market,2388.615486957696,0.0,0.0,0.0
6ae603f7a3497d85036e8524,h7_reserve_0.10_unavailable_0.0,market,2812.0841010095546,0.0,0.0,0.0
2b626cb006a56058471872c4,h7_reserve_0.10_unavailable_0.0,market,2904.223337593905,0.0,0.0,0.0
87a8ab068084d7559b223392,h7_reserve_0.10_unavailable_0.0,market,2708.2891328409255,0.0,0.0,0.0
599f2bb59989892f8cd9dfb3,h7_reserve_0.10_unavailable_0.0,market,2717.8873747259454,0.0,0.0,0.0
98b7a826e406c8f6b93c5399,h7_reserve_0.10_unavailable_0.0,market,3407.8163990544163,0.0,0.0,0.0
6a999379f1ddf8722986ff05,h7_reserve_0.10_unavailable_0.0,market,4488.852802321385,0.0,0.0,0.0
12e64da5a7d856d11fc2e374,h7_reserve_0.10_unavailable_0.0,market,2683.324411350706,0.0,0.0,0.0
4531af26b9c618b132159a8c,h7_reserve_0.10_unavailable_0.0,market,2444.9830541188953,0.0,0.0,0.0
fdcb93a3d7c5c6ff4193b12e,h7_reserve_0.10_unavailable_0.0,market,2412.323792082085,0.0,0.0,0.0
ef4b782f00847ad82cd05264,h7_reserve_0.10_unavailable_0.0,market,2457.3706750007873,0.0,0.0,0.0
2803301092b8581a69156ad2,h7_reserve_0.10_unavailable_0.0,market,2287.6557922752854,0.0,0.0,0.0
80da5ca617bfd09b8e64b03b,h7_reserve_0.10_unavailable_0.0,market,2690.781490428145,0.0,0.0,0.0
2f6364d7883045c8604db7df,h7_reserve_0.10_unavailable_0.0,market,2450.3769656737395,0.0,0.0,0.0
362b8ee2bce4a5f2ca980815,h7_reserve_0.10_unavailable_0.0,market,2733.478267267496,0.0,0.0,0.0
62e186868c5b59e3852cadae,h7_reserve_0.10_unavailable_0.0,market,2674.878732979058,0.0,0.0,0.0
f1a71fc1d1f89943d1a8323f,h7_reserve_0.10_unavailable_0.0,market,2817.173283129415,0.0,0.0,0.0
bd37be39121516b396debe96,h7_reserve_0.10_unavailable_0.0,market,2548.271524727739,0.0,0.0,0.0
4bebaef811e15f6209d857ca,h7_reserve_0.10_unavailable_0.0,market,3535.3931099515376,0.0,0.0,0.0
f9465cb7ce06889905c423b1,h7_reserve_0.10_unavailable_0.0,market,3072.0241166493897,0.0,0.0,0.0
fa441923539b4519a9ae38a6,h7_reserve_0.10_unavailable_0.0,market,2967.571056889277,0.0,0.0,0.0
5e783f3e8721e54c16d09c01,h7_reserve_0.20_limited_0.5,administered,2647.249103030113,0.0,0.0,0.0
b697ae4c45c8e7d6c23ec81e,h7_reserve_0.20_limited_0.5,administered,2397.8957832299316,0.0,0.0,0.0
e8c49730d08adf2377daaac4,h7_reserve_0.20_limited_0.5,administered,2799.0326191832673,0.0,0.0,0.0
876d2b21b0faa170d584540c,h7_reserve_0.20_limited_0.5,administered,2600.076864679201,0.0,0.0,0.0
ee26a36c6ef1b0feb70ccaec,h7_reserve_0.20_limited_0.5,administered,2613.611262900065,0.0,0.0,0.0
53d9c9711b8f451a6f7b5e7e,h7_reserve_0.20_limited_0.5,administered,2190.4800983677915,0.0,0.0,0.0
ba5cf2a6ef4b6e3de00a3a88,h7_reserve_0.20_limited_0.5,administered,2642.377634408717,0.0,0.0,0.0
fb15eb385051580caf12c865,h7_reserve_0.20_limited_0.5,administered,2925.17466905315,0.0,0.0,0.0
fedefb8540c8653d4168fd48,h7_reserve_0.20_limited_0.5,administered,2435.1248994606863,0.0,0.0,0.0
d1b74b173da55c6e34329818,h7_reserve_0.20_limited_0.5,administered,2830.140598627207,0.0,0.0,0.0
dd2dad33d1a0f3cc03d47706,h7_reserve_0.20_limited_0.5,administered,2480.274484160286,0.0,0.0,0.0
f5a6e4e78d930d459e85369a,h7_reserve_0.20_limited_0.5,administered,2352.7456932659393,0.0,0.0,0.0
4e244c5f1f0a0dc4f56291e4,h7_reserve_0.20_limited_0.5,administered,2917.676104665543,0.0,0.0,0.0
8b9a400c337d49a2f1936e6d,h7_reserve_0.20_limited_0.5,administered,2934.197429556769,0.0,0.0,0.0
856f5b57395f520bf4e9b00e,h7_reserve_0.20_limited_0.5,administered,2684.131051334597,0.0,0.0,0.0
775840c31545a772b73787ff,h7_reserve_0.20_limited_0.5,administered,2567.4236437973354,0.0,0.0,0.0
b8b77f89bf38687e94cf554a,h7_reserve_0.20_limited_0.5,administered,4086.939722729295,0.0,0.0,0.0
04448ca9d482a4e21326f6bc,h7_reserve_0.20_limited_0.5,administered,2618.3571702755985,0.0,0.0,0.0
57a12ea6ef31a7ebde6ba55c,h7_reserve_0.20_limited_0.5,administered,2991.7800997055097,0.0,0.0,0.0
0a3ac4f75b8d0ee645c48189,h7_reserve_0.20_limited_0.5,administered,2390.27847125753,0.0,0.0,0.0
91e5f027bc740b39a0349f37,h7_reserve_0.20_limited_0.5,administered,2826.9139845528166,0.0,0.0,0.0
49d98668cf641c995b9f38ab,h7_reserve_0.20_limited_0.5,administered,2916.842371247536,0.0,0.0,0.0
d648df6487264e96d70c764f,h7_reserve_0.20_limited_0.5,administered,2718.158542945763,0.0,0.0,0.0
8c139a346da8c293de8196e8,h7_reserve_0.20_limited_0.5,administered,2723.4657788356194,0.0,0.0,0.0
8b936d79675141928ecaaec7,h7_reserve_0.20_limited_0.5,administered,3408.9344267179963,0.0,0.0,0.0
01ca5dca5c2703d46182ed70,h7_reserve_0.20_limited_0.5,administered,4490.237124770902,0.0,0.0,0.0
b61c1ee31bd813b372304b86,h7_reserve_0.20_limited_0.5,administered,2692.5536957794307,0.0,0.0,0.0
3b3d61d91b0f2bbdcf75d68a,h7_reserve_0.20_limited_0.5,administered,2448.4778523598466,0.0,0.0,0.0
53b4f7f9ac3a19b6645f5233,h7_reserve_0.20_limited_0.5,administered,2417.582760894872,0.0,0.0,0.0
3e15060b4925e52b9efe706b,h7_reserve_0.20_limited_0.5,administered,2460.7901244263758,0.0,0.0,0.0
2ccbaba9f96bcc0a3938dcf8,h7_reserve_0.20_limited_0.5,administered,2292.3954481275464,0.0,0.0,0.0
00be2aa48e78f35fbde0db41,h7_reserve_0.20_limited_0.5,administered,2701.0076577363943,0.0,0.0,0.0
b45c296b6d22edb4973a6f9d,h7_reserve_0.20_limited_0.5,administered,2456.1798127096213,0.0,0.0,0.0
8101749d808a94b457def0a0,h7_reserve_0.20_limited_0.5,administered,2743.63752135182,0.0,0.0,0.0
13f63bad8b584dc3f925def4,h7_reserve_0.20_limited_0.5,administered,2687.176971607456,0.0,0.0,0.0
51f783de47b86594dcb261a4,h7_reserve_0.20_limited_0.5,administered,2822.9065959664144,0.0,0.0,0.0
74e98f2ea0f1de52e0371438,h7_reserve_0.20_limited_0.5,administered,2554.4036164000663,0.0,0.0,0.0
bb7b34f77a3001d2113a0684,h7_reserve_0.20_limited_0.5,administered,3540.290808323801,0.0,0.0,0.0
270ec1b9e9683159dee69024,h7_reserve_0.20_limited_0.5,administered,3076.375291510268,0.0,0.0,0.0
774e0be8f6ba6ccdb077fc89,h7_reserve_0.20_limited_0.5,administered,2975.441750305411,0.0,0.0,0.0
d1bb4add8bc3bc1902dde08b,h7_reserve_0.20_limited_0.5,market,2643.5705366390766,0.0,0.0,0.0
f37bd5e1a9737a664e480098,h7_reserve_0.20_limited_0.5,market,2392.9925517353004,0.0,0.0,0.0
986bf40f73a883376a8706bd,h7_reserve_0.20_limited_0.5,market,2789.92278213841,0.0,0.0,0.0
5f977821d1a58ff748adf0c5,h7_reserve_0.20_limited_0.5,market,2591.08485466116,0.0,0.0,0.0
fcb9113934cb12519dfb85a8,h7_reserve_0.20_limited_0.5,market,2607.341024540987,0.0,0.0,0.0
2636f524eaaf871beb367def,h7_reserve_0.20_limited_0.5,market,2185.65172281783,0.0,0.0,0.0
6d45222bf0bcf88ca668f3a6,h7_reserve_0.20_limited_0.5,market,2636.184202225486,0.0,0.0,0.0
6e9692151bc4068ed2f7b1f8,h7_reserve_0.20_limited_0.5,market,2910.552188007505,0.0,0.0,0.0
282d8a6ed8a83e13edefb7d9,h7_reserve_0.20_limited_0.5,market,2430.283597412566,0.0,0.0,0.0
fcc7f9173b031cd5ccae965e,h7_reserve_0.20_limited_0.5,market,2821.2371501692232,0.0,0.0,0.0
aaf41b47804ad1674bf19ffe,h7_reserve_0.20_limited_0.5,market,2475.1620169407315,0.0,0.0,0.0
cf62ac27980a9221db8a0768,h7_reserve_0.20_limited_0.5,market,2350.598054804678,0.0,0.0,0.0
8d8153b3b686d20689e35737,h7_reserve_0.20_limited_0.5,market,2914.5055102087504,0.0,0.0,0.0
0d4b4d49210e4d775c53f41d,h7_reserve_0.20_limited_0.5,market,2933.812388592606,0.0,0.0,0.0
4b51af1b9a192b13079f373a,h7_reserve_0.20_limited_0.5,market,2675.168730957385,0.0,0.0,0.0
c8361372be5ac17230abc2cc,h7_reserve_0.20_limited_0.5,market,2560.374766442779,0.0,0.0,0.0
179864bdd159dae0f0850653,h7_reserve_0.20_limited_0.5,market,4083.9535210129056,0.0,0.0,0.0
96492060de817798c0f99df3,h7_reserve_0.20_limited_0.5,market,2614.390977483047,0.0,0.0,0.0
15174f4105cfa24122b802aa,h7_reserve_0.20_limited_0.5,market,2987.7777024704615,0.0,0.0,0.0
754ec204763eca27fd7980b8,h7_reserve_0.20_limited_0.5,market,2388.618470776289,0.0,0.0,0.0
45030b1e0a892ca13296b36f,h7_reserve_0.20_limited_0.5,market,2812.375461794685,0.0,0.0,0.0
8b70f1005372b689193fd1ec,h7_reserve_0.20_limited_0.5,market,2904.223337593905,0.0,0.0,0.0
0718d90fe3d71b7a49713883,h7_reserve_0.20_limited_0.5,market,2708.28913364326,0.0,0.0,0.0
f57fd213eeb4699b1f89d9f1,h7_reserve_0.20_limited_0.5,market,2718.050224925332,0.0,0.0,0.0
c0e4546afabd81ecdafccb24,h7_reserve_0.20_limited_0.5,market,3407.8163990544163,0.0,0.0,0.0
f81c98520827d4ba6bd8a047,h7_reserve_0.20_limited_0.5,market,4488.852802321385,0.0,0.0,0.0
968312ada903d9332a12fae4,h7_reserve_0.20_limited_0.5,market,2683.6332889017426,0.0,0.0,0.0
8015f9888c0537c1c5c8cc68,h7_reserve_0.20_limited_0.5,market,2445.057079871429,0.0,0.0,0.0
519a541c03d2905877ab64b0,h7_reserve_0.20_limited_0.5,market,2412.4719616616353,0.0,0.0,0.0
8358fba5d6980b94a4a56d13,h7_reserve_0.20_limited_0.5,market,2457.396428001318,0.0,0.0,0.0
0f0cc27b960ff8693f882bbc,h7_reserve_0.20_limited_0.5,market,2287.9087999199637,0.0,0.0,0.0
ba3c232872b890c416de6a3f,h7_reserve_0.20_limited_0.5,market,2690.966552346089,0.0,0.0,0.0
2bf4f5507a09a429ac6b13ce,h7_reserve_0.20_limited_0.5,market,2450.952727044694,0.0,0.0,0.0
10f445054fcd9e08be056312,h7_reserve_0.20_limited_0.5,market,2733.4782710940644,0.0,0.0,0.0
743c31c9e46c7ade3dd3c439,h7_reserve_0.20_limited_0.5,market,2674.878732979058,0.0,0.0,0.0
1e9b16688092d4fc96b8dcb7,h7_reserve_0.20_limited_0.5,market,2817.2073142472163,0.0,0.0,0.0
f381a805eea544ba8f5827e6,h7_reserve_0.20_limited_0.5,market,2548.271524727739,0.0,0.0,0.0
1396a16161bcaa01ac6387ed,h7_reserve_0.20_limited_0.5,market,3535.4185544053444,0.0,0.0,0.0
282b49889a86ebe01067efb0,h7_reserve_0.20_limited_0.5,market,3072.0241166493897,0.0,0.0,0.0
84e16d7138ae08f92b26341c,h7_reserve_0.20_limited_0.5,market,2967.6569356450586,0.0,0.0,0.0
37ee32db320dec099acb4f90,h7_reserve_0.20_limited_1.0,administered,2647.249103030113,0.0,0.0,0.0
6e67c86d028b93e93ac03182,h7_reserve_0.20_limited_1.0,administered,2397.8957832299316,0.0,0.0,0.0
dd3e95aee31253f29e2f6d85,h7_reserve_0.20_limited_1.0,administered,2799.0326191832673,0.0,0.0,0.0
7eb261a8f801314a09cb7123,h7_reserve_0.20_limited_1.0,administered,2600.076864679201,0.0,0.0,0.0
aefd93d18863a38c315a86d6,h7_reserve_0.20_limited_1.0,administered,2613.611262900065,0.0,0.0,0.0
65c4351b6428a1b7415fe621,h7_reserve_0.20_limited_1.0,administered,2190.4800983677915,0.0,0.0,0.0
33837d699add46a0f61e78d8,h7_reserve_0.20_limited_1.0,administered,2642.377634408717,0.0,0.0,0.0
8f3dbf9c616352982632421f,h7_reserve_0.20_limited_1.0,administered,2925.17466905315,0.0,0.0,0.0
ecab1133da20b0ef271f9efa,h7_reserve_0.20_limited_1.0,administered,2435.1248994606863,0.0,0.0,0.0
99dc803dd112e6dba3ede646,h7_reserve_0.20_limited_1.0,administered,2830.140598627207,0.0,0.0,0.0
34d1fc993393b41d306f1ea3,h7_reserve_0.20_limited_1.0,administered,2480.274484160286,0.0,0.0,0.0
d3a734ce34eb9b03f17b63ea,h7_reserve_0.20_limited_1.0,administered,2352.7456932659393,0.0,0.0,0.0
188d6bfee51104050cca8505,h7_reserve_0.20_limited_1.0,administered,2917.676104665543,0.0,0.0,0.0
1975f0293ed460ea79c5454e,h7_reserve_0.20_limited_1.0,administered,2934.197429556769,0.0,0.0,0.0
761f97f8c8acf4b97a78ac9d,h7_reserve_0.20_limited_1.0,administered,2684.131051334597,0.0,0.0,0.0
31b5503730e73f20aeb8b8a9,h7_reserve_0.20_limited_1.0,administered,2567.4236437973354,0.0,0.0,0.0
3f437c8130b457817a1c9fb2,h7_reserve_0.20_limited_1.0,administered,4086.939722729295,0.0,0.0,0.0
bb2607c5fd7e8c5a99401228,h7_reserve_0.20_limited_1.0,administered,2618.3571702755985,0.0,0.0,0.0
8ba5e7c2c2eb548cc1caab69,h7_reserve_0.20_limited_1.0,administered,2991.7800997055097,0.0,0.0,0.0
44814d462c5bc8363b0a1fd7,h7_reserve_0.20_limited_1.0,administered,2390.27847125753,0.0,0.0,0.0
d02ad0c41bbef43b2839d988,h7_reserve_0.20_limited_1.0,administered,2826.9139845528166,0.0,0.0,0.0
1d75236704486deac03311e6,h7_reserve_0.20_limited_1.0,administered,2916.842371247536,0.0,0.0,0.0
1ae4408443f41ba2d3953350,h7_reserve_0.20_limited_1.0,administered,2718.158542945763,0.0,0.0,0.0
447b7a801ce269432119b1fc,h7_reserve_0.20_limited_1.0,administered,2723.4657788356194,0.0,0.0,0.0
cf063a1f5f158a45afa31b12,h7_reserve_0.20_limited_1.0,administered,3408.9344267179963,0.0,0.0,0.0
e35a85c1479b1517354e58d4,h7_reserve_0.20_limited_1.0,administered,4490.237124770902,0.0,0.0,0.0
ba52d9be2723ae646dd777f1,h7_reserve_0.20_limited_1.0,administered,2692.5536957794307,0.0,0.0,0.0
7ef351f177ceeb6c4d737a5c,h7_reserve_0.20_limited_1.0,administered,2448.4778523598466,0.0,0.0,0.0
cdbcff89f54f1ea5040ad43a,h7_reserve_0.20_limited_1.0,administered,2417.582760894872,0.0,0.0,0.0
8e8fced3ee6584609750f9be,h7_reserve_0.20_limited_1.0,administered,2460.7901244263758,0.0,0.0,0.0
278d1bfd04bd0c17ab6b5f10,h7_reserve_0.20_limited_1.0,administered,2292.3954481275464,0.0,0.0,0.0
8b4caa7c616308794758610d,h7_reserve_0.20_limited_1.0,administered,2701.0076577363943,0.0,0.0,0.0
0c8ac3a623e28f952d5263e4,h7_reserve_0.20_limited_1.0,administered,2456.1798127096213,0.0,0.0,0.0
980049e51d72ab9c6c77e7b1,h7_reserve_0.20_limited_1.0,administered,2743.63752135182,0.0,0.0,0.0
35a9015fb78711c9ae3e7a8b,h7_reserve_0.20_limited_1.0,administered,2687.176971607456,0.0,0.0,0.0
9a5a20cbcfde4237751de776,h7_reserve_0.20_limited_1.0,administered,2822.9065959664144,0.0,0.0,0.0
1f48cd25c95e6caeb8bdc731,h7_reserve_0.20_limited_1.0,administered,2554.4036164000663,0.0,0.0,0.0
83a6eec5061f8dcffa03d0c0,h7_reserve_0.20_limited_1.0,administered,3540.290808323801,0.0,0.0,0.0
4f5a9d967b75a37e8fe51668,h7_reserve_0.20_limited_1.0,administered,3076.375291510268,0.0,0.0,0.0
71683c4cea3c7a8434967091,h7_reserve_0.20_limited_1.0,administered,2975.441750305411,0.0,0.0,0.0
c59bad11823bbdb77609a894,h7_reserve_0.20_limited_1.0,market,2643.5705366390766,0.0,0.0,0.0
be4c8ca52a1d767395041d14,h7_reserve_0.20_limited_1.0,market,2392.9925517353004,0.0,0.0,0.0
92114195d61ec5d568b4ecf1,h7_reserve_0.20_limited_1.0,market,2789.92278213841,0.0,0.0,0.0
f74558ca2791b31512a82de5,h7_reserve_0.20_limited_1.0,market,2591.08485466116,0.0,0.0,0.0
e5965110f5ee6948c1c12af6,h7_reserve_0.20_limited_1.0,market,2607.341024540987,0.0,0.0,0.0
978e8e437cf3dd2df7bd41f4,h7_reserve_0.20_limited_1.0,market,2185.65172281783,0.0,0.0,0.0
ead625df443732ba6a16ed89,h7_reserve_0.20_limited_1.0,market,2636.184202225486,0.0,0.0,0.0
7c5e430e4b0f92c8636f4279,h7_reserve_0.20_limited_1.0,market,2910.552188007505,0.0,0.0,0.0
5706ce2aef4250918804bfd3,h7_reserve_0.20_limited_1.0,market,2430.283597412566,0.0,0.0,0.0
4398a99b2cb04b6f77b46878,h7_reserve_0.20_limited_1.0,market,2821.2371501692232,0.0,0.0,0.0
ab510f8fd3d66cce4cceb0c3,h7_reserve_0.20_limited_1.0,market,2475.1620169407315,0.0,0.0,0.0
721e64a6288544f7b2c151e3,h7_reserve_0.20_limited_1.0,market,2350.598054804678,0.0,0.0,0.0
05ebe61798cc9f32d905e419,h7_reserve_0.20_limited_1.0,market,2914.5055102087504,0.0,0.0,0.0
111e6aec367350be38454291,h7_reserve_0.20_limited_1.0,market,2933.812388592606,0.0,0.0,0.0
004c1bf0d3ae3c2fdf883a6c,h7_reserve_0.20_limited_1.0,market,2675.168730957385,0.0,0.0,0.0
bc8c9e4617462c373ec2f58b,h7_reserve_0.20_limited_1.0,market,2560.374766442779,0.0,0.0,0.0
1c58e9d76a5fcd1630d47450,h7_reserve_0.20_limited_1.0,market,4083.9535210129056,0.0,0.0,0.0
d49c0873a34eaac494839bfc,h7_reserve_0.20_limited_1.0,market,2614.390977483047,0.0,0.0,0.0
711dbb118815bb9eff2a086b,h7_reserve_0.20_limited_1.0,market,2987.7777024704615,0.0,0.0,0.0
424f681463f77493e0c290cf,h7_reserve_0.20_limited_1.0,market,2388.618470776289,0.0,0.0,0.0
061ababe1611045603c33c78,h7_reserve_0.20_limited_1.0,market,2812.375461794685,0.0,0.0,0.0
98d9e0e3045d31493724a5c8,h7_reserve_0.20_limited_1.0,market,2904.223337593905,0.0,0.0,0.0
74561da88caa82f1dee1cc3f,h7_reserve_0.20_limited_1.0,market,2708.28913364326,0.0,0.0,0.0
cf0d14149ce4a3615230fbb5,h7_reserve_0.20_limited_1.0,market,2718.050224925332,0.0,0.0,0.0
aed0fc123df77f825a28b7c1,h7_reserve_0.20_limited_1.0,market,3407.8163990544163,0.0,0.0,0.0
bbbb3288c8741e17e04c2d13,h7_reserve_0.20_limited_1.0,market,4488.852802321385,0.0,0.0,0.0
6938b71445762be0a54b6cfb,h7_reserve_0.20_limited_1.0,market,2683.6332889017426,0.0,0.0,0.0
919a8c7c69e0669d48177f7e,h7_reserve_0.20_limited_1.0,market,2445.057079871429,0.0,0.0,0.0
32365e4f465c3d58bafee6ba,h7_reserve_0.20_limited_1.0,market,2412.4719616616353,0.0,0.0,0.0
0652149426c348a30bdde63b,h7_reserve_0.20_limited_1.0,market,2457.396428001318,0.0,0.0,0.0
88876938881700b84b3b3966,h7_reserve_0.20_limited_1.0,market,2287.9087999199637,0.0,0.0,0.0
697aa4c099e717a8462a2827,h7_reserve_0.20_limited_1.0,market,2690.966552346089,0.0,0.0,0.0
6046179fde9b5590e96fc5c5,h7_reserve_0.20_limited_1.0,market,2450.952727044694,0.0,0.0,0.0
3ead8286c638cd0d1a852dfc,h7_reserve_0.20_limited_1.0,market,2733.4782710940644,0.0,0.0,0.0
afca9855d2d18f5ea357a5bb,h7_reserve_0.20_limited_1.0,market,2674.878732979058,0.0,0.0,0.0
467a9af2d9e1839d24f112d6,h7_reserve_0.20_limited_1.0,market,2817.2073142472163,0.0,0.0,0.0
bf6ff392e6d71946d59b5aa6,h7_reserve_0.20_limited_1.0,market,2548.271524727739,0.0,0.0,0.0
278f08ae1c9baf099f678454,h7_reserve_0.20_limited_1.0,market,3535.4185544053444,0.0,0.0,0.0
805aee4ef0e3fd8c8180e87e,h7_reserve_0.20_limited_1.0,market,3072.0241166493897,0.0,0.0,0.0
5c9da3a7fe911057c85b148c,h7_reserve_0.20_limited_1.0,market,2967.6569356450586,0.0,0.0,0.0
9d5681c0bed802865384e87d,h7_reserve_0.20_penalty_1.0,administered,2647.249103030113,0.0,0.0,0.0
028d87b466c02aecc8aad846,h7_reserve_0.20_penalty_1.0,administered,2397.8957832299316,0.0,0.0,0.0
93c1f65fdf484884ccb33df1,h7_reserve_0.20_penalty_1.0,administered,2799.0326191832673,0.0,0.0,0.0
63ed2f8f2b11c537d1586500,h7_reserve_0.20_penalty_1.0,administered,2600.076864679201,0.0,0.0,0.0
96ddac767353563e4353fa52,h7_reserve_0.20_penalty_1.0,administered,2613.611262900065,0.0,0.0,0.0
f75d43bb0e8b8e9aae17a9fc,h7_reserve_0.20_penalty_1.0,administered,2190.4800983677915,0.0,0.0,0.0
bb70cc389a73483770e6e30e,h7_reserve_0.20_penalty_1.0,administered,2642.377634408717,0.0,0.0,0.0
6d1146584586f308c4cf7f29,h7_reserve_0.20_penalty_1.0,administered,2925.17466905315,0.0,0.0,0.0
392d12f6bc032ce546084686,h7_reserve_0.20_penalty_1.0,administered,2435.1248994606863,0.0,0.0,0.0
4aa6a5d695c209ce54a3547c,h7_reserve_0.20_penalty_1.0,administered,2830.140598627207,0.0,0.0,0.0
7667a41f3515aa3ac9c95408,h7_reserve_0.20_penalty_1.0,administered,2480.274484160286,0.0,0.0,0.0
35b866af88af488d6ec97790,h7_reserve_0.20_penalty_1.0,administered,2352.7456932659393,0.0,0.0,0.0
dedaa5ea56de7e175607c660,h7_reserve_0.20_penalty_1.0,administered,2917.676104665543,0.0,0.0,0.0
67dfa1652582c518f2f13501,h7_reserve_0.20_penalty_1.0,administered,2934.197429556769,0.0,0.0,0.0
780d06f4a609f3d15f5df738,h7_reserve_0.20_penalty_1.0,administered,2684.131051334597,0.0,0.0,0.0
7ec16d615341f501c8baa29e,h7_reserve_0.20_penalty_1.0,administered,2567.4236437973354,0.0,0.0,0.0
914d4ff5b50d230d4393b955,h7_reserve_0.20_penalty_1.0,administered,4086.939722729295,0.0,0.0,0.0
f98e1fb578d5ece85666741b,h7_reserve_0.20_penalty_1.0,administered,2618.3571702755985,0.0,0.0,0.0
a0f516461f1b5ee2616a1f02,h7_reserve_0.20_penalty_1.0,administered,2991.7800997055097,0.0,0.0,0.0
feb1c9ebf87262e742aeb6fe,h7_reserve_0.20_penalty_1.0,administered,2390.27847125753,0.0,0.0,0.0
7ab699c0dc0c9878d660b040,h7_reserve_0.20_penalty_1.0,administered,2826.9139845528166,0.0,0.0,0.0
216276890b694617d85cc1b2,h7_reserve_0.20_penalty_1.0,administered,2916.842371247536,0.0,0.0,0.0
f629eae3a4131099ef561e33,h7_reserve_0.20_penalty_1.0,administered,2718.158542945763,0.0,0.0,0.0
045bdbcf860462e302fa046e,h7_reserve_0.20_penalty_1.0,administered,2723.4657788356194,0.0,0.0,0.0
ee79c4ddc5430c53b1ce1c71,h7_reserve_0.20_penalty_1.0,administered,3408.9344267179963,0.0,0.0,0.0
b6158bf054af653bc27b7801,h7_reserve_0.20_penalty_1.0,administered,4490.237124770902,0.0,0.0,0.0
d6d030692257389564f504d4,h7_reserve_0.20_penalty_1.0,administered,2692.5536957794307,0.0,0.0,0.0
ee2ff1e47f68208fbebd9e01,h7_reserve_0.20_penalty_1.0,administered,2448.4778523598466,0.0,0.0,0.0
eec69d79e750fa03f9201859,h7_reserve_0.20_penalty_1.0,administered,2417.582760894872,0.0,0.0,0.0
9da219fbd1e6de5d0673758f,h7_reserve_0.20_penalty_1.0,administered,2460.7901244263758,0.0,0.0,0.0
bfa4e0b7698edfc258c751d5,h7_reserve_0.20_penalty_1.0,administered,2292.3954481275464,0.0,0.0,0.0
ad5adebef3e32351e8c0553b,h7_reserve_0.20_penalty_1.0,administered,2701.0076577363943,0.0,0.0,0.0
3ffe0f0d53b0fad9a56d37da,h7_reserve_0.20_penalty_1.0,administered,2456.1798127096213,0.0,0.0,0.0
147b7cad2c49b01da43b7828,h7_reserve_0.20_penalty_1.0,administered,2743.63752135182,0.0,0.0,0.0
7fc70386648fca271ad268eb,h7_reserve_0.20_penalty_1.0,administered,2687.176971607456,0.0,0.0,0.0
7262cf460590d0980a512a65,h7_reserve_0.20_penalty_1.0,administered,2822.9065959664144,0.0,0.0,0.0
fa76c9bab0fca695b43e8225,h7_reserve_0.20_penalty_1.0,administered,2554.4036164000663,0.0,0.0,0.0
7c295f54894706aa342edde8,h7_reserve_0.20_penalty_1.0,administered,3540.290808323801,0.0,0.0,0.0
694362d6fe3c11fe475631b7,h7_reserve_0.20_penalty_1.0,administered,3076.375291510268,0.0,0.0,0.0
55e3905a38e4278fbe964a2a,h7_reserve_0.20_penalty_1.0,administered,2975.441750305411,0.0,0.0,0.0
3ed5e6aa240c3d865a62ece9,h7_reserve_0.20_penalty_1.0,market,2643.5705366390766,0.0,0.0,0.0
50e8129983753867b06d3195,h7_reserve_0.20_penalty_1.0,market,2392.9925517353004,0.0,0.0,0.0
f2b338d680537f750ead3550,h7_reserve_0.20_penalty_1.0,market,2789.92278213841,0.0,0.0,0.0
ac1822ffeba9886f855adf5b,h7_reserve_0.20_penalty_1.0,market,2591.08485466116,0.0,0.0,0.0
7999bccc39aebcd18bf4022a,h7_reserve_0.20_penalty_1.0,market,2607.341024540987,0.0,0.0,0.0
5fe50f645bd3edbc7a1931d3,h7_reserve_0.20_penalty_1.0,market,2185.65172281783,0.0,0.0,0.0
0e9f4698c54d40adb57d4041,h7_reserve_0.20_penalty_1.0,market,2636.184202225486,0.0,0.0,0.0
db25dfc5078c6244a1aac1ff,h7_reserve_0.20_penalty_1.0,market,2910.552188007505,0.0,0.0,0.0
a9df59e2fecb27b3da653590,h7_reserve_0.20_penalty_1.0,market,2430.283597412566,0.0,0.0,0.0
941fd2ef00faf9c6040761c7,h7_reserve_0.20_penalty_1.0,market,2821.2371501692232,0.0,0.0,0.0
a5b1f97d9f670a33692c9362,h7_reserve_0.20_penalty_1.0,market,2475.1620169407315,0.0,0.0,0.0
bd500ee80aff6370d9c97198,h7_reserve_0.20_penalty_1.0,market,2350.598054804678,0.0,0.0,0.0
d1041b0fed892bcf4ca5a4d4,h7_reserve_0.20_penalty_1.0,market,2914.5055102087504,0.0,0.0,0.0
4c8b0c5bee47a21814143e5e,h7_reserve_0.20_penalty_1.0,market,2933.812388592606,0.0,0.0,0.0
dd07c88b2174091ff72e9b3d,h7_reserve_0.20_penalty_1.0,market,2675.168730957385,0.0,0.0,0.0
54708ca3c6913ba32602cb41,h7_reserve_0.20_penalty_1.0,market,2560.374766442779,0.0,0.0,0.0
53b0a944cc3a314075a646f3,h7_reserve_0.20_penalty_1.0,market,4083.9535210129056,0.0,0.0,0.0
8113c184155fe32b026db603,h7_reserve_0.20_penalty_1.0,market,2614.390977483047,0.0,0.0,0.0
08c0e4d7df9bed4d2807af1d,h7_reserve_0.20_penalty_1.0,market,2987.7777024704615,0.0,0.0,0.0
55e0859520d7515049722792,h7_reserve_0.20_penalty_1.0,market,2388.618470776289,0.0,0.0,0.0
b80dd4125e23797929158198,h7_reserve_0.20_penalty_1.0,market,2812.375461794685,0.0,0.0,0.0
8465b5f6b9e8be69bfcd1648,h7_reserve_0.20_penalty_1.0,market,2904.223337593905,0.0,0.0,0.0
6a7c309ba8a5afd072aa38e1,h7_reserve_0.20_penalty_1.0,market,2708.28913364326,0.0,0.0,0.0
be1a3b8f5ddb118fa538477e,h7_reserve_0.20_penalty_1.0,market,2718.050224925332,0.0,0.0,0.0
0ed487de068386780dd80f17,h7_reserve_0.20_penalty_1.0,market,3407.8163990544163,0.0,0.0,0.0
98fcdf1a74fe606f1fdaad9e,h7_reserve_0.20_penalty_1.0,market,4488.852802321385,0.0,0.0,0.0
eb236d7c61c3bf7af17c137b,h7_reserve_0.20_penalty_1.0,market,2683.6332889017426,0.0,0.0,0.0
6dc06583ca7080899a9819a1,h7_reserve_0.20_penalty_1.0,market,2445.057079871429,0.0,0.0,0.0
47876819afe7a90d874cd662,h7_reserve_0.20_penalty_1.0,market,2412.4719616616353,0.0,0.0,0.0
4bb755925bd5780085259fcd,h7_reserve_0.20_penalty_1.0,market,2457.396428001318,0.0,0.0,0.0
df0f1a476b1602cf1ee83f14,h7_reserve_0.20_penalty_1.0,market,2287.9087999199637,0.0,0.0,0.0
ca93f49937a09d88b49af22e,h7_reserve_0.20_penalty_1.0,market,2690.966552346089,0.0,0.0,0.0
fb49b97559ea302f943d3f29,h7_reserve_0.20_penalty_1.0,market,2450.952727044694,0.0,0.0,0.0
f5f18f54b372645eab47e5fc,h7_reserve_0.20_penalty_1.0,market,2733.4782710940644,0.0,0.0,0.0
3852fcd747260a384218ab12,h7_reserve_0.20_penalty_1.0,market,2674.878732979058,0.0,0.0,0.0
7b37424461015db91aae42c8,h7_reserve_0.20_penalty_1.0,market,2817.2073142472163,0.0,0.0,0.0
fd45280579049263651a8d36,h7_reserve_0.20_penalty_1.0,market,2548.271524727739,0.0,0.0,0.0
2dc72db43e901821d3cd5975,h7_reserve_0.20_penalty_1.0,market,3535.4185544053444,0.0,0.0,0.0
ec8f82e64165e19bba5e184a,h7_reserve_0.20_penalty_1.0,market,3072.0241166493897,0.0,0.0,0.0
aef22f43d44cd8b8e3cddace,h7_reserve_0.20_penalty_1.0,market,2967.6569356450586,0.0,0.0,0.0
73ee687123beaa86b4d91704,h7_reserve_0.20_unavailable_0.0,administered,2647.249103030113,0.0,0.0,0.0
13b3a7df348a513a1287b881,h7_reserve_0.20_unavailable_0.0,administered,2397.8957832299316,0.0,0.0,0.0
570457de9ab3d54397e9ce92,h7_reserve_0.20_unavailable_0.0,administered,2799.0326191832673,0.0,0.0,0.0
e36f04878b0e3a1111b28b70,h7_reserve_0.20_unavailable_0.0,administered,2600.076864679201,0.0,0.0,0.0
0f862897ac7922fda88875e7,h7_reserve_0.20_unavailable_0.0,administered,2613.611262900065,0.0,0.0,0.0
6d4d2eb9c394a4359eafad4d,h7_reserve_0.20_unavailable_0.0,administered,2190.4800983677915,0.0,0.0,0.0
315a0a8497b4669da71ead89,h7_reserve_0.20_unavailable_0.0,administered,2642.377634408717,0.0,0.0,0.0
eb9d6fea5f2eb6ecc9fae2af,h7_reserve_0.20_unavailable_0.0,administered,2925.17466905315,0.0,0.0,0.0
973da004c7e8d55989c56835,h7_reserve_0.20_unavailable_0.0,administered,2435.1248994606863,0.0,0.0,0.0
1ebd953a7ec22d98cf94efb1,h7_reserve_0.20_unavailable_0.0,administered,2830.140598627207,0.0,0.0,0.0
0f8c5799b5e999c56eb57abe,h7_reserve_0.20_unavailable_0.0,administered,2480.274484160286,0.0,0.0,0.0
b5d8c85485fbee8e20df3ca1,h7_reserve_0.20_unavailable_0.0,administered,2352.7456932659393,0.0,0.0,0.0
c0afb0c47bf169cba8e426b2,h7_reserve_0.20_unavailable_0.0,administered,2917.676104665543,0.0,0.0,0.0
90f92136425107b5b7b157c7,h7_reserve_0.20_unavailable_0.0,administered,2934.197429556769,0.0,0.0,0.0
cbf26a8537f316295a44c2dd,h7_reserve_0.20_unavailable_0.0,administered,2684.131051334597,0.0,0.0,0.0
c9137b2161c51627fa3b6275,h7_reserve_0.20_unavailable_0.0,administered,2567.4236437973354,0.0,0.0,0.0
7b36402d04caeee1d531fc99,h7_reserve_0.20_unavailable_0.0,administered,4086.939722729295,0.0,0.0,0.0
e5d07afc9b0512fe68e87e20,h7_reserve_0.20_unavailable_0.0,administered,2618.3571702755985,0.0,0.0,0.0
9a8c0b2a69f616bbb8d74b83,h7_reserve_0.20_unavailable_0.0,administered,2991.7800997055097,0.0,0.0,0.0
fa14f5757e9184ec4a0e989c,h7_reserve_0.20_unavailable_0.0,administered,2390.27847125753,0.0,0.0,0.0
6f8020f8c70a93338ec7c0b9,h7_reserve_0.20_unavailable_0.0,administered,2826.9139845528166,0.0,0.0,0.0
ba43210d7296ed42f7f20a47,h7_reserve_0.20_unavailable_0.0,administered,2916.842371247536,0.0,0.0,0.0
5d387446fc7a152fafc932dd,h7_reserve_0.20_unavailable_0.0,administered,2718.158542945763,0.0,0.0,0.0
41d54d55ec72b5d04c502c2e,h7_reserve_0.20_unavailable_0.0,administered,2723.4657788356194,0.0,0.0,0.0
bf5b695f9e2a6cf4a8963720,h7_reserve_0.20_unavailable_0.0,administered,3408.9344267179963,0.0,0.0,0.0
8058352dd581340d88d7b0fe,h7_reserve_0.20_unavailable_0.0,administered,4490.237124770902,0.0,0.0,0.0
83cdfb8236fa247819808437,h7_reserve_0.20_unavailable_0.0,administered,2692.5536957794307,0.0,0.0,0.0
5af32b4c0b8f26fe2a1e6589,h7_reserve_0.20_unavailable_0.0,administered,2448.4778523598466,0.0,0.0,0.0
5783810d468a468bad8b82c5,h7_reserve_0.20_unavailable_0.0,administered,2417.582760894872,0.0,0.0,0.0
f7d98e7d72ae5a31223c2da7,h7_reserve_0.20_unavailable_0.0,administered,2460.7901244263758,0.0,0.0,0.0
96d8962305323365f0cdf871,h7_reserve_0.20_unavailable_0.0,administered,2292.3954481275464,0.0,0.0,0.0
38406dd8419faa880391f72f,h7_reserve_0.20_unavailable_0.0,administered,2701.0076577363943,0.0,0.0,0.0
012341b4572e9738ec009ea5,h7_reserve_0.20_unavailable_0.0,administered,2456.1798127096213,0.0,0.0,0.0
dafdae5a62e37cee1a7c62ed,h7_reserve_0.20_unavailable_0.0,administered,2743.63752135182,0.0,0.0,0.0
719145833effe2836bf2f590,h7_reserve_0.20_unavailable_0.0,administered,2687.176971607456,0.0,0.0,0.0
0e41ef7f544b3ccd0d489f0d,h7_reserve_0.20_unavailable_0.0,administered,2822.9065959664144,0.0,0.0,0.0
6bb1db70a79c94022ee92635,h7_reserve_0.20_unavailable_0.0,administered,2554.4036164000663,0.0,0.0,0.0
48f08dcc2ff83ba4c49dbcc4,h7_reserve_0.20_unavailable_0.0,administered,3540.290808323801,0.0,0.0,0.0
fc2f84291bd74f8f37b11f24,h7_reserve_0.20_unavailable_0.0,administered,3076.375291510268,0.0,0.0,0.0
c9ee9d67e0511c03627dc7f5,h7_reserve_0.20_unavailable_0.0,administered,2975.441750305411,0.0,0.0,0.0
7e13aaf52b4b397169eaf1cc,h7_reserve_0.20_unavailable_0.0,market,2643.5705366390766,0.0,0.0,0.0
9ee83e2c2cefb97f86bbe22a,h7_reserve_0.20_unavailable_0.0,market,2392.9925517353004,0.0,0.0,0.0
6824538c3141803145967427,h7_reserve_0.20_unavailable_0.0,market,2789.92278213841,0.0,0.0,0.0
c2a3dd663a367ebdae65f45c,h7_reserve_0.20_unavailable_0.0,market,2591.08485466116,0.0,0.0,0.0
8a6838755a1f44b697c64d16,h7_reserve_0.20_unavailable_0.0,market,2607.341024540987,0.0,0.0,0.0
2c54cbc5f9ed4a3d929db2ac,h7_reserve_0.20_unavailable_0.0,market,2185.65172281783,0.0,0.0,0.0
9315ec471cd37fbac3969473,h7_reserve_0.20_unavailable_0.0,market,2636.184202225486,0.0,0.0,0.0
6af740ee982d10783edd1332,h7_reserve_0.20_unavailable_0.0,market,2910.552188007505,0.0,0.0,0.0
fc5b7dac8b195064b4377f27,h7_reserve_0.20_unavailable_0.0,market,2430.283597412566,0.0,0.0,0.0
0d86e03c532a6c278a315188,h7_reserve_0.20_unavailable_0.0,market,2821.2371501692232,0.0,0.0,0.0
182608aeb6d17b5495361b40,h7_reserve_0.20_unavailable_0.0,market,2475.1620169407315,0.0,0.0,0.0
a113aa42f4b6368bf30652e7,h7_reserve_0.20_unavailable_0.0,market,2350.598054804678,0.0,0.0,0.0
a4da588e997b8e511d2fb62d,h7_reserve_0.20_unavailable_0.0,market,2914.5055102087504,0.0,0.0,0.0
6b4dd7a70263ec90f11fc920,h7_reserve_0.20_unavailable_0.0,market,2933.812388592606,0.0,0.0,0.0
e8419e16779c89468c8c27d1,h7_reserve_0.20_unavailable_0.0,market,2675.168730957385,0.0,0.0,0.0
018a5d81dd75713416aa556f,h7_reserve_0.20_unavailable_0.0,market,2560.374766442779,0.0,0.0,0.0
10803e761c1343a9b0dcf58b,h7_reserve_0.20_unavailable_0.0,market,4083.9535210129056,0.0,0.0,0.0
e67c272b225adc54b23a4b00,h7_reserve_0.20_unavailable_0.0,market,2614.390977483047,0.0,0.0,0.0
c21157d4aeb6b78ae4aabf34,h7_reserve_0.20_unavailable_0.0,market,2987.7777024704615,0.0,0.0,0.0
60da6f0c61aafba2a26c6dd1,h7_reserve_0.20_unavailable_0.0,market,2388.618470776289,0.0,0.0,0.0
f82c43f5723e97369818ca60,h7_reserve_0.20_unavailable_0.0,market,2812.375461794685,0.0,0.0,0.0
a5774bd8eb536a859b3029f1,h7_reserve_0.20_unavailable_0.0,market,2904.223337593905,0.0,0.0,0.0
590a6d2e6d8ab513432090f8,h7_reserve_0.20_unavailable_0.0,market,2708.28913364326,0.0,0.0,0.0
607b13d9ae8c341c7ce7729d,h7_reserve_0.20_unavailable_0.0,market,2718.050224925332,0.0,0.0,0.0
a32acb92299ed651478c57e3,h7_reserve_0.20_unavailable_0.0,market,3407.8163990544163,0.0,0.0,0.0
d285102aca67009331f65cac,h7_reserve_0.20_unavailable_0.0,market,4488.852802321385,0.0,0.0,0.0
af88a4d5bdf157ac637bf8d2,h7_reserve_0.20_unavailable_0.0,market,2683.6332889017426,0.0,0.0,0.0
87c80ae5da527eb23aa61386,h7_reserve_0.20_unavailable_0.0,market,2445.057079871429,0.0,0.0,0.0
ed85ad268e0ed0be7a8e48dd,h7_reserve_0.20_unavailable_0.0,market,2412.4719616616353,0.0,0.0,0.0
87b1c4e265925245cfbf9af5,h7_reserve_0.20_unavailable_0.0,market,2457.396428001318,0.0,0.0,0.0
baad9ae05c64f30fbaee18e4,h7_reserve_0.20_unavailable_0.0,market,2287.9087999199637,0.0,0.0,0.0
c41b08958abfd4e1f7403cdd,h7_reserve_0.20_unavailable_0.0,market,2690.966552346089,0.0,0.0,0.0
c323190b2cbc88d70efbd50d,h7_reserve_0.20_unavailable_0.0,market,2450.952727044694,0.0,0.0,0.0
8d3ce2b443ccc04b7f5e1de4,h7_reserve_0.20_unavailable_0.0,market,2733.4782710940644,0.0,0.0,0.0
7bcf71e99facf5326b0cdc6f,h7_reserve_0.20_unavailable_0.0,market,2674.878732979058,0.0,0.0,0.0
b8301916fc47daa1efeff626,h7_reserve_0.20_unavailable_0.0,market,2817.2073142472163,0.0,0.0,0.0
56dc71441dfe7011a7a7addf,h7_reserve_0.20_unavailable_0.0,market,2548.271524727739,0.0,0.0,0.0
ddf136ebaf2c466346ca7bdf,h7_reserve_0.20_unavailable_0.0,market,3535.4185544053444,0.0,0.0,0.0
81ff7c80075fe1f1df8e4f08,h7_reserve_0.20_unavailable_0.0,market,3072.0241166493897,0.0,0.0,0.0
48b67e11e7fd6d8c0a41848b,h7_reserve_0.20_unavailable_0.0,market,2967.6569356450586,0.0,0.0,0.0
b048121b964cab4cd4e25132,h7_reserve_0.35_limited_0.5,administered,2647.160954054194,0.0,0.0,0.0
57c9d2d7aa85e3cbe2cd0836,h7_reserve_0.35_limited_0.5,administered,2397.8916140387187,0.0,0.0,0.0
306091553f7d2bc744fbd7a2,h7_reserve_0.35_limited_0.5,administered,2799.011319733827,0.0,0.0,0.0
37185fafdb88468dfbd352cd,h7_reserve_0.35_limited_0.5,administered,2600.0769196553892,0.0,0.0,0.0
4c5ca9a3b5baf39f90530d08,h7_reserve_0.35_limited_0.5,administered,2613.574745572887,0.0,0.0,0.0
d9abd52641b2e82092384a49,h7_reserve_0.35_limited_0.5,administered,2190.3650508870746,0.0,0.0,0.0
4bdd2bfd72695be33881d885,h7_reserve_0.35_limited_0.5,administered,2642.1693710740283,0.0,0.0,0.0
8b808aaba03daf3f95d9c9b6,h7_reserve_0.35_limited_0.5,administered,2925.123173620602,0.0,0.0,0.0
f190cf0f9da8abc7f561de8b,h7_reserve_0.35_limited_0.5,administered,2435.129618670898,0.0,0.0,0.0
f95ccb5ba66d5d9c2175b468,h7_reserve_0.35_limited_0.5,administered,2830.140598627207,0.0,0.0,0.0
6c7ebb5b3aac7ff6633d5609,h7_reserve_0.35_limited_0.5,administered,2480.232995928481,0.0,0.0,0.0
5c16d6152b7b4f4067d355b8,h7_reserve_0.35_limited_0.5,administered,2352.64968605619,0.0,0.0,0.0
0afac638a5feb458ceb67737,h7_reserve_0.35_limited_0.5,administered,2917.672690538056,0.0,0.0,0.0
ad74c7bc2ed234415a3e3f05,h7_reserve_0.35_limited_0.5,administered,2934.1979167968293,0.0,0.0,0.0
c31e7009fda6875a0c91f04d,h7_reserve_0.35_limited_0.5,administered,2684.089743772888,0.0,0.0,0.0
1ac00db9b8128da69694e397,h7_reserve_0.35_limited_0.5,administered,2567.392690000403,0.0,0.0,0.0
7a29a81b1a66635131cce2be,h7_reserve_0.35_limited_0.5,administered,4086.939722729295,0.0,0.0,0.0
c3282eca83a8e5e95fdb42f8,h7_reserve_0.35_limited_0.5,administered,2618.3599319087994,0.0,0.0,0.0
c49c5840feae86d07eaab250,h7_reserve_0.35_limited_0.5,administered,2991.6752887224466,0.0,0.0,0.0
198b3ca44f487de23b84dfcb,h7_reserve_0.35_limited_0.5,administered,2390.263055158697,0.0,0.0,0.0
fd8393aabc7ed5d41b66d863,h7_reserve_0.35_limited_0.5,administered,2826.8913278791874,0.0,0.0,0.0
d7b20aec0072ced600dae3b6,h7_reserve_0.35_limited_0.5,administered,2916.8190387442864,0.0,0.0,0.0
9650ed70e5ebf6d7c5ea233b,h7_reserve_0.35_limited_0.5,administered,2718.1259324135694,0.0,0.0,0.0
be561c443e84266eccce00ea,h7_reserve_0.35_limited_0.5,administered,2723.4404552437163,0.0,0.0,0.0
8c0a7ad1810e12b278fa85fa,h7_reserve_0.35_limited_0.5,administered,3408.9344267179963,0.0,0.0,0.0
a34b4a4b915e6f2349e70a64,h7_reserve_0.35_limited_0.5,administered,4490.237124770902,0.0,0.0,0.0
496ba45836b982b07219b7d6,h7_reserve_0.35_limited_0.5,administered,2692.554621144246,0.0,0.0,0.0
82c84aff1455a5de253e170a,h7_reserve_0.35_limited_0.5,administered,2448.461889994207,0.0,0.0,0.0
bda4ad299517f5e42a5e314e,h7_reserve_0.35_limited_0.5,administered,2417.583018057895,0.0,0.0,0.0
d8dc0ce5193a77d6bc97f863,h7_reserve_0.35_limited_0.5,administered,2460.7464215638047,0.0,0.0,0.0
3a08d40e30cc73131c95aabf,h7_reserve_0.35_limited_0.5,administered,2292.438557022154,0.0,0.0,0.0
b135cf61882fd51aa18b70ac,h7_reserve_0.35_limited_0.5,administered,2701.005143635623,0.0,0.0,0.0
c1f14a48c8148fa2b6bf2e65,h7_reserve_0.35_limited_0.5,administered,2456.1657838223514,0.0,0.0,0.0
5e258c52a588610602095fcd,h7_reserve_0.35_limited_0.5,administered,2743.63752135182,0.0,0.0,0.0
d37ccaa2232fce402d51a42d,h7_reserve_0.35_limited_0.5,administered,2687.124360077686,0.0,0.0,0.0
971db29c2f3273d1a7e58728,h7_reserve_0.35_limited_0.5,administered,2822.881418627433,0.0,0.0,0.0
cbf43c8e1bf535be73fa7951,h7_reserve_0.35_limited_0.5,administered,2554.4036164000663,0.0,0.0,0.0
647ffdbe9bc8613fcaef0be4,h7_reserve_0.35_limited_0.5,administered,3540.2671424466716,0.0,0.0,0.0
e4ae2b8440ee8b8a18b9df6f,h7_reserve_0.35_limited_0.5,administered,3076.375291510268,0.0,0.0,0.0
e4fff9035a57d70883add841,h7_reserve_0.35_limited_0.5,administered,2975.384006557244,0.0,0.0,0.0
4534d8e158b159ed0e0dbdac,h7_reserve_0.35_limited_0.5,market,2643.260683548785,0.0,0.0,0.0
0582deb325b33a8a111f28d3,h7_reserve_0.35_limited_0.5,market,2393.336021131592,0.0,0.0,0.0
dd75401ddb65d48e25b1785d,h7_reserve_0.35_limited_0.5,market,2789.9944153181095,0.0,0.0,0.0
0cec49732cc92fd5268ee04b,h7_reserve_0.35_limited_0.5,market,2591.116677659141,0.0,0.0,0.0
032dd01c6f90850329c09cc8,h7_reserve_0.35_limited_0.5,market,2607.471116251821,0.0,0.0,0.0
040aea3b6db080b761632c14,h7_reserve_0.35_limited_0.5,market,2185.5596788039948,0.0,0.0,0.0
0326ea55b3cc625cc7fb7f72,h7_reserve_0.35_limited_0.5,market,2635.954006206952,0.0,0.0,0.0
7802f039dc9ae10e4d91ed0c,h7_reserve_0.35_limited_0.5,market,2910.4690077976675,0.0,0.0,0.0
01fb22eb3a72ec599397fe51,h7_reserve_0.35_limited_0.5,market,2430.288029642499,0.0,0.0,0.0
46b4bf61988f8665c742a883,h7_reserve_0.35_limited_0.5,market,2821.1976396174555,0.0,0.0,0.0
f4b237bc0743db454d265dbb,h7_reserve_0.35_limited_0.5,market,2474.8445292518595,0.0,0.0,0.0
813df234ccdaa50ecab4e008,h7_reserve_0.35_limited_0.5,market,2350.6147988682837,0.0,0.0,0.0
0df9c6049e25742c709bf0b1,h7_reserve_0.35_limited_0.5,market,2914.3677630185457,0.0,0.0,0.0
11b23217d12ae66a14b95a7d,h7_reserve_0.35_limited_0.5,market,2933.7418267660505,0.0,0.0,0.0
3a285fb1af7694c000263636,h7_reserve_0.35_limited_0.5,market,2675.168730957385,0.0,0.0,0.0
a53d0eba1d01b83b51aa9046,h7_reserve_0.35_limited_0.5,market,2560.2470407608903,0.0,0.0,0.0
df23d4219c32e15b410eaff4,h7_reserve_0.35_limited_0.5,market,4083.9535210129056,0.0,0.0,0.0
ac300f72c89dcb78123dad8d,h7_reserve_0.35_limited_0.5,market,2614.5123479875624,0.0,0.0,0.0
d1cad099301923d38966c593,h7_reserve_0.35_limited_0.5,market,2987.5972340975454,0.0,0.0,0.0
6fc93efcf3050ba1aa27598f,h7_reserve_0.35_limited_0.5,market,2388.6151506752753,0.0,0.0,0.0
297445effec45418ffa5bc95,h7_reserve_0.35_limited_0.5,market,2812.2631695866276,0.0,0.0,0.0
86953c128ed34992afbb4ada,h7_reserve_0.35_limited_0.5,market,2904.2002028367074,0.0,0.0,0.0
20dce3ee229dd262957acf37,h7_reserve_0.35_limited_0.5,market,2708.2464626757314,0.0,0.0,0.0
e61cc3b8d9823891ca4a1c55,h7_reserve_0.35_limited_0.5,market,2718.0359266589835,0.0,0.0,0.0
9b4febda6c533c58b387a2fd,h7_reserve_0.35_limited_0.5,market,3407.8163990544163,0.0,0.0,0.0
742fd745e10ea1597af91fba,h7_reserve_0.35_limited_0.5,market,4488.852802321385,0.0,0.0,0.0
80b58a70062202ba8ce0de42,h7_reserve_0.35_limited_0.5,market,2683.6332889017426,0.0,0.0,0.0
cf5f95392c059143102087bb,h7_reserve_0.35_limited_0.5,market,2445.025160246126,0.0,0.0,0.0
fad68fe8bf65d4524a8b5d75,h7_reserve_0.35_limited_0.5,market,2412.604369514054,0.0,0.0,0.0
adaa1a80a1a0e89f44ee6074,h7_reserve_0.35_limited_0.5,market,2457.1876027670896,0.0,0.0,0.0
4375d7d17f407a021bb79753,h7_reserve_0.35_limited_0.5,market,2288.064182008131,0.0,0.0,0.0
49cd00c6bbb4ac841f5935d9,h7_reserve_0.35_limited_0.5,market,2690.988009059875,0.0,0.0,0.0
c778c1bf33f49ab023e05ce9,h7_reserve_0.35_limited_0.5,market,2450.894291612071,0.0,0.0,0.0
d3c0372f24630e0d10a70404,h7_reserve_0.35_limited_0.5,market,2733.4782710940644,0.0,0.0,0.0
cddc1183cdafb1ddf9813c8c,h7_reserve_0.35_limited_0.5,market,2674.7193088888375,0.0,0.0,0.0
bdd639f7edfd9fcafd381c31,h7_reserve_0.35_limited_0.5,market,2817.23294478323,0.0,0.0,0.0
1500262e743a15775501e0cf,h7_reserve_0.35_limited_0.5,market,2548.271524727739,0.0,0.0,0.0
e0dca7ddac25af6ad02bf09e,h7_reserve_0.35_limited_0.5,market,3535.4185544053444,0.0,0.0,0.0
154fb355f3c5eb82056b6f5b,h7_reserve_0.35_limited_0.5,market,3072.0241166493897,0.0,0.0,0.0
3c00edfb7ed42f056bc6732a,h7_reserve_0.35_limited_0.5,market,2967.6569356450586,0.0,0.0,0.0
7e6bc10c50f24e139621c222,h7_reserve_0.35_limited_1.0,administered,2647.160954054194,0.0,0.0,0.0
6428bb265a0b13c49ab90d20,h7_reserve_0.35_limited_1.0,administered,2397.8916140387187,0.0,0.0,0.0
b9cef390295a5e2b4f3fc482,h7_reserve_0.35_limited_1.0,administered,2799.011319733827,0.0,0.0,0.0
9ac8abd299aa4908f291a42d,h7_reserve_0.35_limited_1.0,administered,2600.0769196553892,0.0,0.0,0.0
1a9d0fbf494503a1b434a2dd,h7_reserve_0.35_limited_1.0,administered,2613.574745572887,0.0,0.0,0.0
b9dc0c2cc733cc9d307a8a72,h7_reserve_0.35_limited_1.0,administered,2190.3650508870746,0.0,0.0,0.0
bbd670fad0d92a47675dbdf6,h7_reserve_0.35_limited_1.0,administered,2642.1693710740283,0.0,0.0,0.0
f33f8934f75f563b9b6ba991,h7_reserve_0.35_limited_1.0,administered,2925.123173620602,0.0,0.0,0.0
6cba8e6bd1b3f3e5fc4954fe,h7_reserve_0.35_limited_1.0,administered,2435.129618670898,0.0,0.0,0.0
f06ac3de6d4edfd7f0b717e9,h7_reserve_0.35_limited_1.0,administered,2830.140598627207,0.0,0.0,0.0
8906983be4e0c1bfd4ae55f1,h7_reserve_0.35_limited_1.0,administered,2480.232995928481,0.0,0.0,0.0
cf0c758816091ea23b1c7b7b,h7_reserve_0.35_limited_1.0,administered,2352.64968605619,0.0,0.0,0.0
7cbba616100197c430fb01dc,h7_reserve_0.35_limited_1.0,administered,2917.672690538056,0.0,0.0,0.0
0f40a782dbf85c5e37abfabe,h7_reserve_0.35_limited_1.0,administered,2934.1979167968293,0.0,0.0,0.0
75105bb77fe940746aa48384,h7_reserve_0.35_limited_1.0,administered,2684.089743772888,0.0,0.0,0.0
8d3862abda2b349819ff0e25,h7_reserve_0.35_limited_1.0,administered,2567.392690000403,0.0,0.0,0.0
96357afc2f104555c2fb3f73,h7_reserve_0.35_limited_1.0,administered,4086.939722729295,0.0,0.0,0.0
bc4d5e98010ada564ae5d3c7,h7_reserve_0.35_limited_1.0,administered,2618.3599319087994,0.0,0.0,0.0
0a1286c36999639f27dc596a,h7_reserve_0.35_limited_1.0,administered,2991.6752887224466,0.0,0.0,0.0
ca0aacafe75e39dac819eb1a,h7_reserve_0.35_limited_1.0,administered,2390.263055158697,0.0,0.0,0.0
51a231719f44d9cd1d36907a,h7_reserve_0.35_limited_1.0,administered,2826.8913278791874,0.0,0.0,0.0
5ce9181872da121b0632b49e,h7_reserve_0.35_limited_1.0,administered,2916.8190387442864,0.0,0.0,0.0
0bd7e2e66d4e4bc6bd09d57d,h7_reserve_0.35_limited_1.0,administered,2718.1259324135694,0.0,0.0,0.0
4ba11e6e85aec9274bb9ace8,h7_reserve_0.35_limited_1.0,administered,2723.4404552437163,0.0,0.0,0.0
13d56e4e668749057cbc0e00,h7_reserve_0.35_limited_1.0,administered,3408.9344267179963,0.0,0.0,0.0
76862c4c46d9703319243f12,h7_reserve_0.35_limited_1.0,administered,4490.237124770902,0.0,0.0,0.0
7a0d22d04075ea7a4d7a5ec4,h7_reserve_0.35_limited_1.0,administered,2692.554621144246,0.0,0.0,0.0
773e2758a83aad390c1eb10d,h7_reserve_0.35_limited_1.0,administered,2448.461889994207,0.0,0.0,0.0
53c00bda8006ef4499bb146d,h7_reserve_0.35_limited_1.0,administered,2417.583018057895,0.0,0.0,0.0
4718b9e622950c18a56c8701,h7_reserve_0.35_limited_1.0,administered,2460.7464215638047,0.0,0.0,0.0
55d637d20858f369d5f3368f,h7_reserve_0.35_limited_1.0,administered,2292.438557022154,0.0,0.0,0.0
55e1dc88fa13c0f6f5039f2c,h7_reserve_0.35_limited_1.0,administered,2701.005143635623,0.0,0.0,0.0
3d8b2d7b35b4ad71d401a65f,h7_reserve_0.35_limited_1.0,administered,2456.1657838223514,0.0,0.0,0.0
041701a5466a0c05cb710390,h7_reserve_0.35_limited_1.0,administered,2743.63752135182,0.0,0.0,0.0
f1c9905ecb798abd4988ac44,h7_reserve_0.35_limited_1.0,administered,2687.124360077686,0.0,0.0,0.0
2d04da931366391338c461b4,h7_reserve_0.35_limited_1.0,administered,2822.881418627433,0.0,0.0,0.0
e4633fd6ca43230416515933,h7_reserve_0.35_limited_1.0,administered,2554.4036164000663,0.0,0.0,0.0
a9df6505cd9b326be8cc5536,h7_reserve_0.35_limited_1.0,administered,3540.2671424466716,0.0,0.0,0.0
a51fc3c91c91206714d63a32,h7_reserve_0.35_limited_1.0,administered,3076.375291510268,0.0,0.0,0.0
bbe1ba37bd93c2c07e5fde60,h7_reserve_0.35_limited_1.0,administered,2975.384006557244,0.0,0.0,0.0
110c446a6287502b8764b92c,h7_reserve_0.35_limited_1.0,market,2643.260683548785,0.0,0.0,0.0
86c59106ab4ab90ec4fedb96,h7_reserve_0.35_limited_1.0,market,2393.336021131592,0.0,0.0,0.0
820c9f7cb0c3d592ff50774f,h7_reserve_0.35_limited_1.0,market,2789.9944153181095,0.0,0.0,0.0
b6d1054101fe621d6e1f42c9,h7_reserve_0.35_limited_1.0,market,2591.116677659141,0.0,0.0,0.0
2c825cc082863b1558c7d45b,h7_reserve_0.35_limited_1.0,market,2607.471116251821,0.0,0.0,0.0
411711683611b38df8e1f2f9,h7_reserve_0.35_limited_1.0,market,2185.5596788039948,0.0,0.0,0.0
a4093c17de217a5e5d426a7b,h7_reserve_0.35_limited_1.0,market,2635.954006206952,0.0,0.0,0.0
eefde75fbc3af5dbc95930e2,h7_reserve_0.35_limited_1.0,market,2910.4690077976675,0.0,0.0,0.0
51fc6205ba37a0c44001d39b,h7_reserve_0.35_limited_1.0,market,2430.288029642499,0.0,0.0,0.0
93ae0c8486a80de38f0942ed,h7_reserve_0.35_limited_1.0,market,2821.1976396174555,0.0,0.0,0.0
028996c5a710fbd4dd681a4e,h7_reserve_0.35_limited_1.0,market,2474.8445292518595,0.0,0.0,0.0
c4ef3b18ce931ed0ca2949a1,h7_reserve_0.35_limited_1.0,market,2350.6147988682837,0.0,0.0,0.0
c352c782c9bf8e2fb50ebbde,h7_reserve_0.35_limited_1.0,market,2914.3677630185457,0.0,0.0,0.0
c9bbf0c7866622c37ca44ae4,h7_reserve_0.35_limited_1.0,market,2933.7418267660505,0.0,0.0,0.0
1bcf01f29f6ced7397193675,h7_reserve_0.35_limited_1.0,market,2675.168730957385,0.0,0.0,0.0
7c41775293ac4bebf490274a,h7_reserve_0.35_limited_1.0,market,2560.2470407608903,0.0,0.0,0.0
431e0b8ef732fe81bd96c1ca,h7_reserve_0.35_limited_1.0,market,4083.9535210129056,0.0,0.0,0.0
9176112e674b3c5838f67f3c,h7_reserve_0.35_limited_1.0,market,2614.5123479875624,0.0,0.0,0.0
42c9f376219655bfa1e585f0,h7_reserve_0.35_limited_1.0,market,2987.5972340975454,0.0,0.0,0.0
bd8c88157fd335dbc5ab3b0a,h7_reserve_0.35_limited_1.0,market,2388.6151506752753,0.0,0.0,0.0
c13849f1f1cca6d4e003a87a,h7_reserve_0.35_limited_1.0,market,2812.2631695866276,0.0,0.0,0.0
288ccdf28161249b6864a960,h7_reserve_0.35_limited_1.0,market,2904.2002028367074,0.0,0.0,0.0
9f321ae4f8638162312d65b1,h7_reserve_0.35_limited_1.0,market,2708.2464626757314,0.0,0.0,0.0
2851edf5247454e93868236a,h7_reserve_0.35_limited_1.0,market,2718.0359266589835,0.0,0.0,0.0
361573508101e680c7d45680,h7_reserve_0.35_limited_1.0,market,3407.8163990544163,0.0,0.0,0.0
47440f8da979a124e92e4d9b,h7_reserve_0.35_limited_1.0,market,4488.852802321385,0.0,0.0,0.0
cebc3260acdc9b89afe5bf31,h7_reserve_0.35_limited_1.0,market,2683.6332889017426,0.0,0.0,0.0
85f6c8064de37ab467d07055,h7_reserve_0.35_limited_1.0,market,2445.025160246126,0.0,0.0,0.0
64873650094c2f0ba05f2661,h7_reserve_0.35_limited_1.0,market,2412.604369514054,0.0,0.0,0.0
c0db900732435a8cb00c0620,h7_reserve_0.35_limited_1.0,market,2457.1876027670896,0.0,0.0,0.0
d92059b18f6fee72cde20ee2,h7_reserve_0.35_limited_1.0,market,2288.064182008131,0.0,0.0,0.0
84a44b7f965a754caa21ef61,h7_reserve_0.35_limited_1.0,market,2690.988009059875,0.0,0.0,0.0
40306e5c1556c17ab6f588b8,h7_reserve_0.35_limited_1.0,market,2450.894291612071,0.0,0.0,0.0
8694effe0ac55b741f0b4a84,h7_reserve_0.35_limited_1.0,market,2733.4782710940644,0.0,0.0,0.0
81afc9adc018924fc2b291b7,h7_reserve_0.35_limited_1.0,market,2674.7193088888375,0.0,0.0,0.0
622f212a58abaef6bb613e20,h7_reserve_0.35_limited_1.0,market,2817.23294478323,0.0,0.0,0.0
f7bb4bc27ac2f87a1933d220,h7_reserve_0.35_limited_1.0,market,2548.271524727739,0.0,0.0,0.0
98ed6267afd78aa99b499275,h7_reserve_0.35_limited_1.0,market,3535.4185544053444,0.0,0.0,0.0
1f4aff38c6e67a1d005cfd03,h7_reserve_0.35_limited_1.0,market,3072.0241166493897,0.0,0.0,0.0
c82a818a7b896e33f51519b0,h7_reserve_0.35_limited_1.0,market,2967.6569356450586,0.0,0.0,0.0
92e0495726a2b2333e729cb0,h7_reserve_0.35_penalty_1.0,administered,2647.160954054194,0.0,0.0,0.0
1568cc29c97d4227262461fd,h7_reserve_0.35_penalty_1.0,administered,2397.8916140387187,0.0,0.0,0.0
e9a6c8cfe6651f9ef2281934,h7_reserve_0.35_penalty_1.0,administered,2799.011319733827,0.0,0.0,0.0
f82e0ae0dac9a780f2ff65b3,h7_reserve_0.35_penalty_1.0,administered,2600.0769196553892,0.0,0.0,0.0
0d8b109faadd12daa35040ae,h7_reserve_0.35_penalty_1.0,administered,2613.574745572887,0.0,0.0,0.0
dd55f218038600c4875948c6,h7_reserve_0.35_penalty_1.0,administered,2190.3650508870746,0.0,0.0,0.0
138c089a5fd7610625043c06,h7_reserve_0.35_penalty_1.0,administered,2642.1693710740283,0.0,0.0,0.0
2a4a183ac9a317c6eb523d69,h7_reserve_0.35_penalty_1.0,administered,2925.123173620602,0.0,0.0,0.0
a4ccf3c87c03a8344e9c493b,h7_reserve_0.35_penalty_1.0,administered,2435.129618670898,0.0,0.0,0.0
bee4d5d28a69c382f4824d12,h7_reserve_0.35_penalty_1.0,administered,2830.140598627207,0.0,0.0,0.0
2feb55e9b20e8031b045ba71,h7_reserve_0.35_penalty_1.0,administered,2480.232995928481,0.0,0.0,0.0
b493bc8d933b5eb353b12083,h7_reserve_0.35_penalty_1.0,administered,2352.64968605619,0.0,0.0,0.0
ea11061d2543fde15cad5b7d,h7_reserve_0.35_penalty_1.0,administered,2917.672690538056,0.0,0.0,0.0
2ef9dea7cd0dbe91760ba06d,h7_reserve_0.35_penalty_1.0,administered,2934.1979167968293,0.0,0.0,0.0
d085ca87da2ddf23e68dc3f6,h7_reserve_0.35_penalty_1.0,administered,2684.089743772888,0.0,0.0,0.0
3c61521764ddb742c782b673,h7_reserve_0.35_penalty_1.0,administered,2567.392690000403,0.0,0.0,0.0
6a36f909f1f8336c38d34047,h7_reserve_0.35_penalty_1.0,administered,4086.939722729295,0.0,0.0,0.0
4f8709f90f3ac30e618b4134,h7_reserve_0.35_penalty_1.0,administered,2618.3599319087994,0.0,0.0,0.0
767429ad8436e2215ddaab3c,h7_reserve_0.35_penalty_1.0,administered,2991.6752887224466,0.0,0.0,0.0
396f12d74f96d1dcae667a18,h7_reserve_0.35_penalty_1.0,administered,2390.263055158697,0.0,0.0,0.0
0172e1d451f1417f827b18d5,h7_reserve_0.35_penalty_1.0,administered,2826.8913278791874,0.0,0.0,0.0
bafe8aff173b753cf53f6b08,h7_reserve_0.35_penalty_1.0,administered,2916.8190387442864,0.0,0.0,0.0
18731e9fd3df6bd0035022b5,h7_reserve_0.35_penalty_1.0,administered,2718.1259324135694,0.0,0.0,0.0
fe337135720ff2d134517a23,h7_reserve_0.35_penalty_1.0,administered,2723.4404552437163,0.0,0.0,0.0
ca8b27dc17033d3d0fef568b,h7_reserve_0.35_penalty_1.0,administered,3408.9344267179963,0.0,0.0,0.0
e0d04a5cc8a7c4f3387e29b2,h7_reserve_0.35_penalty_1.0,administered,4490.237124770902,0.0,0.0,0.0
bc03458268149fe99295a7be,h7_reserve_0.35_penalty_1.0,administered,2692.554621144246,0.0,0.0,0.0
e51d4dd7e5f37a1023eb8dfc,h7_reserve_0.35_penalty_1.0,administered,2448.461889994207,0.0,0.0,0.0
08b9c96de63fc506b5e0c445,h7_reserve_0.35_penalty_1.0,administered,2417.583018057895,0.0,0.0,0.0
c0b0e31bf86848f494a27fe6,h7_reserve_0.35_penalty_1.0,administered,2460.7464215638047,0.0,0.0,0.0
7f987c595be2d4b639cfd6e4,h7_reserve_0.35_penalty_1.0,administered,2292.438557022154,0.0,0.0,0.0
02c34c4fb5cf3c841a5c9fdb,h7_reserve_0.35_penalty_1.0,administered,2701.005143635623,0.0,0.0,0.0
eb87dfe51ba7e27fd1dfe94b,h7_reserve_0.35_penalty_1.0,administered,2456.1657838223514,0.0,0.0,0.0
5a04231032f2b69e7a7b2485,h7_reserve_0.35_penalty_1.0,administered,2743.63752135182,0.0,0.0,0.0
d92ab347ef4b8b7f31e90144,h7_reserve_0.35_penalty_1.0,administered,2687.124360077686,0.0,0.0,0.0
dc8275cac396e140f245baf1,h7_reserve_0.35_penalty_1.0,administered,2822.881418627433,0.0,0.0,0.0
00ca31d578efe740873ebc96,h7_reserve_0.35_penalty_1.0,administered,2554.4036164000663,0.0,0.0,0.0
6f59f0716f81ed6e23d06577,h7_reserve_0.35_penalty_1.0,administered,3540.2671424466716,0.0,0.0,0.0
1b198f41f3c44b8c17bd223f,h7_reserve_0.35_penalty_1.0,administered,3076.375291510268,0.0,0.0,0.0
4aeb1d4425a76cc3e75a7ed3,h7_reserve_0.35_penalty_1.0,administered,2975.384006557244,0.0,0.0,0.0
01346fe35fa8fc27af6cb530,h7_reserve_0.35_penalty_1.0,market,2643.260683548785,0.0,0.0,0.0
7488c2797fc1235452ce410c,h7_reserve_0.35_penalty_1.0,market,2393.336021131592,0.0,0.0,0.0
54828061e7e538a518425b81,h7_reserve_0.35_penalty_1.0,market,2789.9944153181095,0.0,0.0,0.0
42d2a8fa65639e653f7eab4c,h7_reserve_0.35_penalty_1.0,market,2591.116677659141,0.0,0.0,0.0
fcc474ca3af8805072397996,h7_reserve_0.35_penalty_1.0,market,2607.471116251821,0.0,0.0,0.0
150a1bfa965dc5ed9be40cc0,h7_reserve_0.35_penalty_1.0,market,2185.5596788039948,0.0,0.0,0.0
ef4d0bc92e7b8478a4a316bd,h7_reserve_0.35_penalty_1.0,market,2635.954006206952,0.0,0.0,0.0
4948fff3adca3bbe5666b69a,h7_reserve_0.35_penalty_1.0,market,2910.4690077976675,0.0,0.0,0.0
afb66c52c68d9ec8bbe3a567,h7_reserve_0.35_penalty_1.0,market,2430.288029642499,0.0,0.0,0.0
350e5b6473b70a6f5450cb8f,h7_reserve_0.35_penalty_1.0,market,2821.1976396174555,0.0,0.0,0.0
692f135c43d4c4b1ecbf6fc6,h7_reserve_0.35_penalty_1.0,market,2474.8445292518595,0.0,0.0,0.0
4fe5f2af35545e45e4b7e6c6,h7_reserve_0.35_penalty_1.0,market,2350.6147988682837,0.0,0.0,0.0
b1589f66d226310d89d09c6e,h7_reserve_0.35_penalty_1.0,market,2914.3677630185457,0.0,0.0,0.0
75087849a2a0e74c7165a91c,h7_reserve_0.35_penalty_1.0,market,2933.7418267660505,0.0,0.0,0.0
9fef5ba8c91214eab37782aa,h7_reserve_0.35_penalty_1.0,market,2675.168730957385,0.0,0.0,0.0
87ec2ffffff1516724bbc8a7,h7_reserve_0.35_penalty_1.0,market,2560.2470407608903,0.0,0.0,0.0
dddefe31577b15c34cdb9cb7,h7_reserve_0.35_penalty_1.0,market,4083.9535210129056,0.0,0.0,0.0
b11e6403b2045e3ac4cb3e1e,h7_reserve_0.35_penalty_1.0,market,2614.5123479875624,0.0,0.0,0.0
7c0cd221a9dd5cdaae1213bf,h7_reserve_0.35_penalty_1.0,market,2987.5972340975454,0.0,0.0,0.0
7758f5904f1fe489fb259ae2,h7_reserve_0.35_penalty_1.0,market,2388.6151506752753,0.0,0.0,0.0
188f28261555cb99a9fe4732,h7_reserve_0.35_penalty_1.0,market,2812.2631695866276,0.0,0.0,0.0
22cb7b86fb166e7076e547b2,h7_reserve_0.35_penalty_1.0,market,2904.2002028367074,0.0,0.0,0.0
16a6534930e9726c715956d0,h7_reserve_0.35_penalty_1.0,market,2708.2464626757314,0.0,0.0,0.0
1d76369b57d44cce7074e2a0,h7_reserve_0.35_penalty_1.0,market,2718.0359266589835,0.0,0.0,0.0
65f49c676bcadda72ceb144a,h7_reserve_0.35_penalty_1.0,market,3407.8163990544163,0.0,0.0,0.0
41b64a77fdaf808aeac292e9,h7_reserve_0.35_penalty_1.0,market,4488.852802321385,0.0,0.0,0.0
e5cf557d809378a8a5825e54,h7_reserve_0.35_penalty_1.0,market,2683.6332889017426,0.0,0.0,0.0
59db0a7fac0981ab85b215f8,h7_reserve_0.35_penalty_1.0,market,2445.025160246126,0.0,0.0,0.0
469d357dcaecc87616ab5da9,h7_reserve_0.35_penalty_1.0,market,2412.604369514054,0.0,0.0,0.0
1a6a6c1da7ac4d670b429e36,h7_reserve_0.35_penalty_1.0,market,2457.1876027670896,0.0,0.0,0.0
f88c552976e2dd73ae4eb9a9,h7_reserve_0.35_penalty_1.0,market,2288.064182008131,0.0,0.0,0.0
0c7c08c86bffbaa51f24ebfe,h7_reserve_0.35_penalty_1.0,market,2690.988009059875,0.0,0.0,0.0
26c4cd8b5605c0af03075a4a,h7_reserve_0.35_penalty_1.0,market,2450.894291612071,0.0,0.0,0.0
4ddb57d443b83500aac5f846,h7_reserve_0.35_penalty_1.0,market,2733.4782710940644,0.0,0.0,0.0
5b1e5a09a2faa26019cf141f,h7_reserve_0.35_penalty_1.0,market,2674.7193088888375,0.0,0.0,0.0
796d0eb7fe5d59b9b2e5adfa,h7_reserve_0.35_penalty_1.0,market,2817.23294478323,0.0,0.0,0.0
7a503067338322deeca2ba84,h7_reserve_0.35_penalty_1.0,market,2548.271524727739,0.0,0.0,0.0
61ce5becb554bbe929c3dae7,h7_reserve_0.35_penalty_1.0,market,3535.4185544053444,0.0,0.0,0.0
6dbe9e912972adbd1b671739,h7_reserve_0.35_penalty_1.0,market,3072.0241166493897,0.0,0.0,0.0
3612fe8a4ac1d4b0b57b0356,h7_reserve_0.35_penalty_1.0,market,2967.6569356450586,0.0,0.0,0.0
0f1c43b789ecc2f2052a6ab1,h7_reserve_0.35_unavailable_0.0,administered,2647.160954054194,0.0,0.0,0.0
6c79283f0ef90805e9b9627d,h7_reserve_0.35_unavailable_0.0,administered,2397.8916140387187,0.0,0.0,0.0
d9c3f32ae8195e3d174b5e27,h7_reserve_0.35_unavailable_0.0,administered,2799.011319733827,0.0,0.0,0.0
0aa421dced8d3764ca762b9a,h7_reserve_0.35_unavailable_0.0,administered,2600.0769196553892,0.0,0.0,0.0
87220fb101a87e2261499c47,h7_reserve_0.35_unavailable_0.0,administered,2613.574745572887,0.0,0.0,0.0
b4cae965a54042846a56bb0d,h7_reserve_0.35_unavailable_0.0,administered,2190.3650508870746,0.0,0.0,0.0
a848484ea51908796daef1b0,h7_reserve_0.35_unavailable_0.0,administered,2642.1693710740283,0.0,0.0,0.0
ac8a0caa7e3906ce038fb6fe,h7_reserve_0.35_unavailable_0.0,administered,2925.123173620602,0.0,0.0,0.0
82895c286226da2e68000825,h7_reserve_0.35_unavailable_0.0,administered,2435.129618670898,0.0,0.0,0.0
115b58812d8ae372fb99fdca,h7_reserve_0.35_unavailable_0.0,administered,2830.140598627207,0.0,0.0,0.0
1bc1960e1552570b2853b88c,h7_reserve_0.35_unavailable_0.0,administered,2480.232995928481,0.0,0.0,0.0
47ec1fcbcd340bc22d426087,h7_reserve_0.35_unavailable_0.0,administered,2352.64968605619,0.0,0.0,0.0
4075e2b733dc24a02685497a,h7_reserve_0.35_unavailable_0.0,administered,2917.672690538056,0.0,0.0,0.0
d75d92340a03935b1a96bc6e,h7_reserve_0.35_unavailable_0.0,administered,2934.1979167968293,0.0,0.0,0.0
1fe777dab9ce7a5b4dbf8ddb,h7_reserve_0.35_unavailable_0.0,administered,2684.089743772888,0.0,0.0,0.0
d979aca7704a631f0b32125e,h7_reserve_0.35_unavailable_0.0,administered,2567.392690000403,0.0,0.0,0.0
a19d219e0675874ffee47be6,h7_reserve_0.35_unavailable_0.0,administered,4086.939722729295,0.0,0.0,0.0
89e3b39922c2aa9d6566c270,h7_reserve_0.35_unavailable_0.0,administered,2618.3599319087994,0.0,0.0,0.0
aba28bccda414a170e190665,h7_reserve_0.35_unavailable_0.0,administered,2991.6752887224466,0.0,0.0,0.0
fb4bb8acea8f21de2b7f608b,h7_reserve_0.35_unavailable_0.0,administered,2390.263055158697,0.0,0.0,0.0
501c30de81c93c147abc89c0,h7_reserve_0.35_unavailable_0.0,administered,2826.8913278791874,0.0,0.0,0.0
ac49b0efcce1f3deb0e496f6,h7_reserve_0.35_unavailable_0.0,administered,2916.8190387442864,0.0,0.0,0.0
5662090fcd36b3697d3102d2,h7_reserve_0.35_unavailable_0.0,administered,2718.1259324135694,0.0,0.0,0.0
7a2e7971cc01e79e8b5b5fc5,h7_reserve_0.35_unavailable_0.0,administered,2723.4404552437163,0.0,0.0,0.0
5aa7dc0ef1d88aa2c89d5684,h7_reserve_0.35_unavailable_0.0,administered,3408.9344267179963,0.0,0.0,0.0
1c584a89287277889bc0bdb0,h7_reserve_0.35_unavailable_0.0,administered,4490.237124770902,0.0,0.0,0.0
6fdac8deeb94a90a73e095f4,h7_reserve_0.35_unavailable_0.0,administered,2692.554621144246,0.0,0.0,0.0
adf1f829ac98f57e2698b0de,h7_reserve_0.35_unavailable_0.0,administered,2448.461889994207,0.0,0.0,0.0
629e4c8a9399fbe1e7269ed5,h7_reserve_0.35_unavailable_0.0,administered,2417.583018057895,0.0,0.0,0.0
0a542c652e7345fa862fc29b,h7_reserve_0.35_unavailable_0.0,administered,2460.7464215638047,0.0,0.0,0.0
aaaa71dbeb5ae87db9229dc3,h7_reserve_0.35_unavailable_0.0,administered,2292.438557022154,0.0,0.0,0.0
71e4e106866f53f5d9ea0734,h7_reserve_0.35_unavailable_0.0,administered,2701.005143635623,0.0,0.0,0.0
7d8eaf1ba71161f1994a7fd0,h7_reserve_0.35_unavailable_0.0,administered,2456.1657838223514,0.0,0.0,0.0
b84b5359feb8505fdc913277,h7_reserve_0.35_unavailable_0.0,administered,2743.63752135182,0.0,0.0,0.0
f21d5c7d7583d011f09eb55d,h7_reserve_0.35_unavailable_0.0,administered,2687.124360077686,0.0,0.0,0.0
cf3916f6f265f56fef963cc4,h7_reserve_0.35_unavailable_0.0,administered,2822.881418627433,0.0,0.0,0.0
ca3fdda9aff27a9896f6c7e3,h7_reserve_0.35_unavailable_0.0,administered,2554.4036164000663,0.0,0.0,0.0
02f5b7a204d5e2aa29ba8332,h7_reserve_0.35_unavailable_0.0,administered,3540.2671424466716,0.0,0.0,0.0
ee740eee10fb949a03483cdc,h7_reserve_0.35_unavailable_0.0,administered,3076.375291510268,0.0,0.0,0.0
a509e95496424c4356cf3165,h7_reserve_0.35_unavailable_0.0,administered,2975.384006557244,0.0,0.0,0.0
b0530994abcd8e031f04f81d,h7_reserve_0.35_unavailable_0.0,market,2643.260683548785,0.0,0.0,0.0
7e3754b1edc28e5540481d43,h7_reserve_0.35_unavailable_0.0,market,2393.336021131592,0.0,0.0,0.0
85ca316beaa1ae87a2848684,h7_reserve_0.35_unavailable_0.0,market,2789.9944153181095,0.0,0.0,0.0
56713e3d1061d6396102509b,h7_reserve_0.35_unavailable_0.0,market,2591.116677659141,0.0,0.0,0.0
ff8e5f05acf1fc6f09814d6a,h7_reserve_0.35_unavailable_0.0,market,2607.471116251821,0.0,0.0,0.0
0adff3de1b570ff689f5b8cf,h7_reserve_0.35_unavailable_0.0,market,2185.5596788039948,0.0,0.0,0.0
1f674f23b22ef3055f0e8a2f,h7_reserve_0.35_unavailable_0.0,market,2635.954006206952,0.0,0.0,0.0
8613832bd855b0afd927879f,h7_reserve_0.35_unavailable_0.0,market,2910.4690077976675,0.0,0.0,0.0
af1c2a573e002d2c10c32725,h7_reserve_0.35_unavailable_0.0,market,2430.288029642499,0.0,0.0,0.0
774330e42961be78edc160d7,h7_reserve_0.35_unavailable_0.0,market,2821.1976396174555,0.0,0.0,0.0
b0d37859e3c169b60b810351,h7_reserve_0.35_unavailable_0.0,market,2474.8445292518595,0.0,0.0,0.0
8edccbe2f06375376849f2fa,h7_reserve_0.35_unavailable_0.0,market,2350.6147988682837,0.0,0.0,0.0
06447e2a2be6febc7c6e6367,h7_reserve_0.35_unavailable_0.0,market,2914.3677630185457,0.0,0.0,0.0
a23d0f545bed750aa6eb6f2f,h7_reserve_0.35_unavailable_0.0,market,2933.7418267660505,0.0,0.0,0.0
61a934f8e8efeaff5e37d993,h7_reserve_0.35_unavailable_0.0,market,2675.168730957385,0.0,0.0,0.0
155881c4753f581dbf6cce48,h7_reserve_0.35_unavailable_0.0,market,2560.2470407608903,0.0,0.0,0.0
a0621ccf20f4261627347ad6,h7_reserve_0.35_unavailable_0.0,market,4083.9535210129056,0.0,0.0,0.0
2ffde387005a959448c07abe,h7_reserve_0.35_unavailable_0.0,market,2614.5123479875624,0.0,0.0,0.0
877b928fc865596e79ade6fa,h7_reserve_0.35_unavailable_0.0,market,2987.5972340975454,0.0,0.0,0.0
a5e1f55cd7307a22e48715ad,h7_reserve_0.35_unavailable_0.0,market,2388.6151506752753,0.0,0.0,0.0
39f8271c8b26af94bb131317,h7_reserve_0.35_unavailable_0.0,market,2812.2631695866276,0.0,0.0,0.0
8c5d530d9ba26b9cfc9e12da,h7_reserve_0.35_unavailable_0.0,market,2904.2002028367074,0.0,0.0,0.0
9c214000ff942c70e5d86a12,h7_reserve_0.35_unavailable_0.0,market,2708.2464626757314,0.0,0.0,0.0
9d613e2fbeb1c58f6caa638d,h7_reserve_0.35_unavailable_0.0,market,2718.0359266589835,0.0,0.0,0.0
f376981a7aedcb0b478641c2,h7_reserve_0.35_unavailable_0.0,market,3407.8163990544163,0.0,0.0,0.0
21463cccf339215b52aa8eb8,h7_reserve_0.35_unavailable_0.0,market,4488.852802321385,0.0,0.0,0.0
f945733c2b7d0d2bc066a7d4,h7_reserve_0.35_unavailable_0.0,market,2683.6332889017426,0.0,0.0,0.0
695adb5b6fc69fec93ae248c,h7_reserve_0.35_unavailable_0.0,market,2445.025160246126,0.0,0.0,0.0
d362944f7d62b14359b7a747,h7_reserve_0.35_unavailable_0.0,market,2412.604369514054,0.0,0.0,0.0
4d000712bbc77d706244cbb6,h7_reserve_0.35_unavailable_0.0,market,2457.1876027670896,0.0,0.0,0.0
6257c2bf4f6786d862f93067,h7_reserve_0.35_unavailable_0.0,market,2288.064182008131,0.0,0.0,0.0
5d8004c167a0fdd17bfcca1f,h7_reserve_0.35_unavailable_0.0,market,2690.988009059875,0.0,0.0,0.0
f9f86f866bfd3a9cf47eaea9,h7_reserve_0.35_unavailable_0.0,market,2450.894291612071,0.0,0.0,0.0
c756fa6173082eb6a1e5cfdf,h7_reserve_0.35_unavailable_0.0,market,2733.4782710940644,0.0,0.0,0.0
e71b830853958664952f4496,h7_reserve_0.35_unavailable_0.0,market,2674.7193088888375,0.0,0.0,0.0
69897eef1e191d6b9488414a,h7_reserve_0.35_unavailable_0.0,market,2817.23294478323,0.0,0.0,0.0
eb92cbe440b6faf1b6833854,h7_reserve_0.35_unavailable_0.0,market,2548.271524727739,0.0,0.0,0.0
d6ad1ac19b847cc0a502532d,h7_reserve_0.35_unavailable_0.0,market,3535.4185544053444,0.0,0.0,0.0
a01c999dd60d76bd947da318,h7_reserve_0.35_unavailable_0.0,market,3072.0241166493897,0.0,0.0,0.0
6218e5a9f4f44d084ed6364e,h7_reserve_0.35_unavailable_0.0,market,2967.6569356450586,0.0,0.0,0.0
423efdb4378192877c9a94ec,h7_reserve_0.50_limited_0.5,administered,2647.004743796804,0.0,0.0,0.0
5816b1236744feb46be3c63a,h7_reserve_0.50_limited_0.5,administered,2397.8670286442357,0.0,0.0,0.0
b78998dc6aa615e885fa2bc5,h7_reserve_0.50_limited_0.5,administered,2798.8558100492646,0.0,0.0,0.0
152cea0d4de53936d1396521,h7_reserve_0.50_limited_0.5,administered,2600.040385885022,0.0,0.0,0.0
8a02ff1225f9037b510d0fb2,h7_reserve_0.50_limited_0.5,administered,2613.4508017791895,0.0,0.0,0.0
5a6ca7dfdd8c6df49504d356,h7_reserve_0.50_limited_0.5,administered,2190.3359148510035,0.0,0.0,0.0
552e9fa0a8f3f4e5e02d2809,h7_reserve_0.50_limited_0.5,administered,2641.995900803409,0.0,0.0,0.0
e8b8b2d79845c6ddb9cb19c5,h7_reserve_0.50_limited_0.5,administered,2924.8561361328752,0.0,0.0,0.0
d300802d94179bfa7c19e889,h7_reserve_0.50_limited_0.5,administered,2435.0992435472454,0.0,0.0,0.0
f746a3f00a180349b9a0def2,h7_reserve_0.50_limited_0.5,administered,2829.9444406368775,0.0,0.0,0.0
7a4fed080fb756b3038db9bb,h7_reserve_0.50_limited_0.5,administered,2480.139954139437,0.0,0.0,0.0
429e74cb33a989232cd86aaa,h7_reserve_0.50_limited_0.5,administered,2352.4548935533403,0.0,0.0,0.0
0c4b380dc1bf69ce6ff8b316,h7_reserve_0.50_limited_0.5,administered,2917.5818972953443,0.0,0.0,0.0
c8c02f58f4b8a827908c8b36,h7_reserve_0.50_limited_0.5,administered,2934.197453226324,0.0,0.0,0.0
aeaea2bb12ebd9b076665e72,h7_reserve_0.50_limited_0.5,administered,2683.7621717828906,0.0,0.0,0.0
95cb8911f396f49eeedb2ac0,h7_reserve_0.50_limited_0.5,administered,2567.3271412170116,0.0,0.0,0.0
33f1867b4d0150563bd4ee23,h7_reserve_0.50_limited_0.5,administered,4086.939722729295,0.0,0.0,0.0
c9c6e7481a25b0f03aa8e344,h7_reserve_0.50_limited_0.5,administered,2618.325801365097,0.0,0.0,0.0
f30373225a16dc40a995471f,h7_reserve_0.50_limited_0.5,administered,2991.5350238237634,0.0,0.0,0.0
0d725dcd77cc348ab525d4ac,h7_reserve_0.50_limited_0.5,administered,2390.124085915808,0.0,0.0,0.0
222091d8a546dd298c45e2f1,h7_reserve_0.50_limited_0.5,administered,2826.8589554053874,0.0,0.0,0.0
a8ae28b75b45221ceb0b1f77,h7_reserve_0.50_limited_0.5,administered,2916.1898008139774,0.0,0.0,0.0
e67e6240e9f8382a0e8b3056,h7_reserve_0.50_limited_0.5,administered,2717.9713504747388,0.0,0.0,0.0
63c76799afd70f5eebdeaa1f,h7_reserve_0.50_limited_0.5,administered,2723.469805245059,0.0,0.0,0.0
ad72baa35b2e11d059991c28,h7_reserve_0.50_limited_0.5,administered,3408.9344267179963,0.0,0.0,0.0
918b94772f02dc72a6542a94,h7_reserve_0.50_limited_0.5,administered,4490.237124770902,0.0,0.0,0.0
5ceb7edb3bc15734169d34fa,h7_reserve_0.50_limited_0.5,administered,2692.480518201064,0.0,0.0,0.0
ab9c58634f8a77ea0a1be182,h7_reserve_0.50_limited_0.5,administered,2448.41052941495,0.0,0.0,0.0
6bf748e942c63856c40973e7,h7_reserve_0.50_limited_0.5,administered,2417.5246706950234,0.0,0.0,0.0
de1fd1571abe3f4e31d38fa8,h7_reserve_0.50_limited_0.5,administered,2460.639691009488,0.0,0.0,0.0
e493ca3f05b4c9e35dbbca80,h7_reserve_0.50_limited_0.5,administered,2292.4083396667374,0.0,0.0,0.0
958ca6b718c7ef25a8109aaa,h7_reserve_0.50_limited_0.5,administered,2700.931938985958,0.0,0.0,0.0
ca31e51b3e1bca4781d8f559,h7_reserve_0.50_limited_0.5,administered,2456.082099471322,0.0,0.0,0.0
47db6c4360792e98cf86a115,h7_reserve_0.50_limited_0.5,administered,2743.5510961567925,0.0,0.0,0.0
e8a4941a470f586bd7b1ffca,h7_reserve_0.50_limited_0.5,administered,2686.9786521098713,0.0,0.0,0.0
10b504bdec3a33274aea92b8,h7_reserve_0.50_limited_0.5,administered,2822.814969028133,0.0,0.0,0.0
43a674a79825c61d68940398,h7_reserve_0.50_limited_0.5,administered,2554.3781325492887,0.0,0.0,0.0
16265f94df740923899ed765,h7_reserve_0.50_limited_0.5,administered,3540.150215891085,0.0,0.0,0.0
1ac8750017211dde4946a41a,h7_reserve_0.50_limited_0.5,administered,3076.375291510268,0.0,0.0,0.0
2c92caf3e5716a1d6e258217,h7_reserve_0.50_limited_0.5,administered,2975.163596507119,0.0,0.0,0.0
b68946ccc73f017ebf3a54bd,h7_reserve_0.50_limited_0.5,market,2642.5690412451304,0.0,0.0,0.0
e8fcb34ebf2e4d149095a9d4,h7_reserve_0.50_limited_0.5,market,2393.336021131592,0.0,0.0,0.0
73b304a61f350cd795895fe3,h7_reserve_0.50_limited_0.5,market,2789.8011426619055,0.0,0.0,0.0
8aec4f7defb6180e040d60cb,h7_reserve_0.50_limited_0.5,market,2590.9327557596575,0.0,0.0,0.0
d817d833b43d6970e2cb10ae,h7_reserve_0.50_limited_0.5,market,2606.6174760763865,0.0,0.0,0.0
41a0772a72d9ec8ac8b44a67,h7_reserve_0.50_limited_0.5,market,2185.441221685897,0.0,0.0,0.0
104b67c784611400fda39a85,h7_reserve_0.50_limited_0.5,market,2635.95152761139,0.0,0.0,0.0
059db3c184765adf0e95478b,h7_reserve_0.50_limited_0.5,market,2910.1140224787873,0.0,0.0,0.0
c7b7728f0a49b29f5cb20683,h7_reserve_0.50_limited_0.5,market,2430.170540919666,0.0,0.0,0.0
298e4caab6d0116a494dd15b,h7_reserve_0.50_limited_0.5,market,2819.96284441501,0.0,0.0,0.0
588691d4f021f50c6afbf21c,h7_reserve_0.50_limited_0.5,market,2472.980270484102,0.0,0.0,0.0
c82290ebce47073ed90929cf,h7_reserve_0.50_limited_0.5,market,2349.7995424654546,0.0,0.0,0.0
16c57422f218080f17ee31fe,h7_reserve_0.50_limited_0.5,market,2913.2446733791608,0.0,0.0,0.0
9c580cfa885b45b0b1b200c6,h7_reserve_0.50_limited_0.5,market,2933.558790244797,0.0,0.0,0.0
2170b28cf40d2d15cd49cce4,h7_reserve_0.50_limited_0.5,market,2673.0819447769554,0.0,0.0,0.0
6aedb05ba2e0e1337c87e2c3,h7_reserve_0.50_limited_0.5,market,2559.6107590840716,0.0,0.0,0.0
d6706cb5f2e059ab8460ea4e,h7_reserve_0.50_limited_0.5,market,4083.9535210129056,0.0,0.0,0.0
5c8777d38708b6bf8b3175c3,h7_reserve_0.50_limited_0.5,market,2614.4372332492508,0.0,0.0,0.0
9e8fb6ae3fd840d4e0bfdb98,h7_reserve_0.50_limited_0.5,market,2987.252172435005,0.0,0.0,0.0
321f84e9138ecb2bcf02c939,h7_reserve_0.50_limited_0.5,market,2388.281733717834,0.0,0.0,0.0
b703ff5d76284ce587b6b002,h7_reserve_0.50_limited_0.5,market,2812.2631695866276,0.0,0.0,0.0
667cca2fcff33d2b26dd4eeb,h7_reserve_0.50_limited_0.5,market,2902.9826767317168,0.0,0.0,0.0
502615337312a99107dd6c2c,h7_reserve_0.50_limited_0.5,market,2707.5414343130387,0.0,0.0,0.0
23b1b6e399095d70286912af,h7_reserve_0.50_limited_0.5,market,2718.279806158974,0.0,0.0,0.0
549994be5b4df73d8d83e69e,h7_reserve_0.50_limited_0.5,market,3407.8163990544163,0.0,0.0,0.0
f331cfcc50e777363c91b3c8,h7_reserve_0.50_limited_0.5,market,4488.852802321385,0.0,0.0,0.0
23137488b34171440660811e,h7_reserve_0.50_limited_0.5,market,2683.417530444099,0.0,0.0,0.0
4193c977689a0a95e56d82e0,h7_reserve_0.50_limited_0.5,market,2444.874242625838,0.0,0.0,0.0
e5949e38795d5811e5ea5cc0,h7_reserve_0.50_limited_0.5,market,2411.7651311633003,0.0,0.0,0.0
231b738ae262b6e26667f9e4,h7_reserve_0.50_limited_0.5,market,2456.7423783617196,0.0,0.0,0.0
6a878c1a1aaa749c76e7572c,h7_reserve_0.50_limited_0.5,market,2288.1808511374984,0.0,0.0,0.0
405981cbc3852a996ab86fee,h7_reserve_0.50_limited_0.5,market,2690.496726830053,0.0,0.0,0.0
6fcc90ab1946680e00c0dd42,h7_reserve_0.50_limited_0.5,market,2449.5497897277583,0.0,0.0,0.0
c1b871357baabe8788a37cd6,h7_reserve_0.50_limited_0.5,market,2733.317969098977,0.0,0.0,0.0
53002313b5ba03b6b02e0049,h7_reserve_0.50_limited_0.5,market,2673.957773026999,0.0,0.0,0.0
9e44c52f499d0acd97b02bd1,h7_reserve_0.50_limited_0.5,market,2816.990152619623,0.0,0.0,0.0
d72d3ecb84910fb971e6164f,h7_reserve_0.50_limited_0.5,market,2548.127276796856,0.0,0.0,0.0
c3c89ddc219bb3e2688075b7,h7_reserve_0.50_limited_0.5,market,3535.402030161814,0.0,0.0,0.0
feb69cf5246aa3e3fefb9fa8,h7_reserve_0.50_limited_0.5,market,3071.958462299351,0.0,0.0,0.0
b13eb5144b0927de4610c8eb,h7_reserve_0.50_limited_0.5,market,2967.2037034341956,0.0,0.0,0.0
4642c86fd328a66b35cc06c6,h7_reserve_0.50_limited_1.0,administered,2647.004743796804,0.0,0.0,0.0
9b6e1142710f970446c475dc,h7_reserve_0.50_limited_1.0,administered,2397.8670286442357,0.0,0.0,0.0
7eac506d72685e9d5f761bee,h7_reserve_0.50_limited_1.0,administered,2798.8558100492646,0.0,0.0,0.0
379747f61c00b6ef1c929836,h7_reserve_0.50_limited_1.0,administered,2600.040385885022,0.0,0.0,0.0
a85c4616f705b1d9280db593,h7_reserve_0.50_limited_1.0,administered,2613.4508017791895,0.0,0.0,0.0
770c2a8c1c5150be42ea1d03,h7_reserve_0.50_limited_1.0,administered,2190.3359148510035,0.0,0.0,0.0
344c8b2d3a40cf56dc0c0f3e,h7_reserve_0.50_limited_1.0,administered,2641.995900803409,0.0,0.0,0.0
6fe08039a21167ef3a985388,h7_reserve_0.50_limited_1.0,administered,2924.8561361328752,0.0,0.0,0.0
5a9e6eff762dd96c64ba018f,h7_reserve_0.50_limited_1.0,administered,2435.0992435472454,0.0,0.0,0.0
8deb9207e1782bdae8c707c5,h7_reserve_0.50_limited_1.0,administered,2829.9444406368775,0.0,0.0,0.0
7118642c22c7bf3d42a665cf,h7_reserve_0.50_limited_1.0,administered,2480.139954139437,0.0,0.0,0.0
3adf62b6d1dd8718980bf303,h7_reserve_0.50_limited_1.0,administered,2352.4548935533403,0.0,0.0,0.0
2a8f053abbf2cb44b702d9c1,h7_reserve_0.50_limited_1.0,administered,2917.5818972953443,0.0,0.0,0.0
b52bf4df950af9dec1ebf62e,h7_reserve_0.50_limited_1.0,administered,2934.197453226324,0.0,0.0,0.0
68a705866eb1ebae789c147e,h7_reserve_0.50_limited_1.0,administered,2683.7621717828906,0.0,0.0,0.0
0f6b9c3e1153869a48d8a83f,h7_reserve_0.50_limited_1.0,administered,2567.3271412170116,0.0,0.0,0.0
4e225608911f0e119c935c9d,h7_reserve_0.50_limited_1.0,administered,4086.939722729295,0.0,0.0,0.0
6d42325ea165624171b9fe58,h7_reserve_0.50_limited_1.0,administered,2618.325801365097,0.0,0.0,0.0
7715077f0b714c365dca68c6,h7_reserve_0.50_limited_1.0,administered,2991.5350238237634,0.0,0.0,0.0
010497f8de6eb0a803957c83,h7_reserve_0.50_limited_1.0,administered,2390.124085915808,0.0,0.0,0.0
d5658f6bb2778a2a73829fc6,h7_reserve_0.50_limited_1.0,administered,2826.8589554053874,0.0,0.0,0.0
f256a10b0a444df443cbe1bf,h7_reserve_0.50_limited_1.0,administered,2916.1898008139774,0.0,0.0,0.0
c8e182283afb7e46777c43fd,h7_reserve_0.50_limited_1.0,administered,2717.9713504747388,0.0,0.0,0.0
183c00b899904868a8896cbd,h7_reserve_0.50_limited_1.0,administered,2723.469805245059,0.0,0.0,0.0
072b21d650d36ba382dfa3c5,h7_reserve_0.50_limited_1.0,administered,3408.9344267179963,0.0,0.0,0.0
0bafcb84e9ac5988d2595321,h7_reserve_0.50_limited_1.0,administered,4490.237124770902,0.0,0.0,0.0
d75df31553c3913ec6ce5b60,h7_reserve_0.50_limited_1.0,administered,2692.480518201064,0.0,0.0,0.0
14118c18ca12340e35233215,h7_reserve_0.50_limited_1.0,administered,2448.41052941495,0.0,0.0,0.0
f709023016eb863b0ac12694,h7_reserve_0.50_limited_1.0,administered,2417.5246706950234,0.0,0.0,0.0
89f129ae7d7a003f6025ad8c,h7_reserve_0.50_limited_1.0,administered,2460.639691009488,0.0,0.0,0.0
5b946f49651a1bceff11829e,h7_reserve_0.50_limited_1.0,administered,2292.4083396667374,0.0,0.0,0.0
4d0c0d2b24d769c5c2a95433,h7_reserve_0.50_limited_1.0,administered,2700.931938985958,0.0,0.0,0.0
f369fe2ab1f16b96f1654db2,h7_reserve_0.50_limited_1.0,administered,2456.082099471322,0.0,0.0,0.0
921ca54614588b11ce2eabf5,h7_reserve_0.50_limited_1.0,administered,2743.5510961567925,0.0,0.0,0.0
5dcc4d12ec1ea6fd045b9e27,h7_reserve_0.50_limited_1.0,administered,2686.9786521098713,0.0,0.0,0.0
2ca32e7fc65239c80315a212,h7_reserve_0.50_limited_1.0,administered,2822.814969028133,0.0,0.0,0.0
e135979a5e84a0a8edd2a1f5,h7_reserve_0.50_limited_1.0,administered,2554.3781325492887,0.0,0.0,0.0
29d3ad59319329f02ca72e94,h7_reserve_0.50_limited_1.0,administered,3540.150215891085,0.0,0.0,0.0
2d28827e8f0f3f6a71cb8378,h7_reserve_0.50_limited_1.0,administered,3076.375291510268,0.0,0.0,0.0
dadd83be62fcdb0a67ec8733,h7_reserve_0.50_limited_1.0,administered,2975.163596507119,0.0,0.0,0.0
c25f557c58566e3f5afcf172,h7_reserve_0.50_limited_1.0,market,2642.5690412451304,0.0,0.0,0.0
731184ccdc1e3c9ad88a2507,h7_reserve_0.50_limited_1.0,market,2393.336021131592,0.0,0.0,0.0
6627d6792fdeaeaa69148089,h7_reserve_0.50_limited_1.0,market,2789.8011426619055,0.0,0.0,0.0
cba1849d681dc4d3d01d0ddd,h7_reserve_0.50_limited_1.0,market,2590.9327557596575,0.0,0.0,0.0
3907b9cccae8b81e2f13acb5,h7_reserve_0.50_limited_1.0,market,2606.6174760763865,0.0,0.0,0.0
6657c0aea4e44049868cb967,h7_reserve_0.50_limited_1.0,market,2185.441221685897,0.0,0.0,0.0
78be4874fb0b130114f30d8e,h7_reserve_0.50_limited_1.0,market,2635.95152761139,0.0,0.0,0.0
7019c6ad7c58ac2e38c51c91,h7_reserve_0.50_limited_1.0,market,2910.1140224787873,0.0,0.0,0.0
2d1f785d150be9f101649734,h7_reserve_0.50_limited_1.0,market,2430.170540919666,0.0,0.0,0.0
18f7c424e2bbc37b4d9b37b6,h7_reserve_0.50_limited_1.0,market,2819.96284441501,0.0,0.0,0.0
46597879445f2405bfd567ab,h7_reserve_0.50_limited_1.0,market,2472.980270484102,0.0,0.0,0.0
13ffc45935f98d3332627c84,h7_reserve_0.50_limited_1.0,market,2349.7995424654546,0.0,0.0,0.0
c25e2622061d60a6e0356b41,h7_reserve_0.50_limited_1.0,market,2913.2446733791608,0.0,0.0,0.0
e573d3751895a9c08c9fed53,h7_reserve_0.50_limited_1.0,market,2933.558790244797,0.0,0.0,0.0
c1be969ec95e5e0b6ad6f558,h7_reserve_0.50_limited_1.0,market,2673.0819447769554,0.0,0.0,0.0
d4398288f036be3e81a0ac0a,h7_reserve_0.50_limited_1.0,market,2559.6107590840716,0.0,0.0,0.0
648e469579400ac49d03afaa,h7_reserve_0.50_limited_1.0,market,4083.9535210129056,0.0,0.0,0.0
591663d0568364619834e4f6,h7_reserve_0.50_limited_1.0,market,2614.4372332492508,0.0,0.0,0.0
ac987a4afa40c0f3f4849266,h7_reserve_0.50_limited_1.0,market,2987.252172435005,0.0,0.0,0.0
de151c7d084bcabb83130851,h7_reserve_0.50_limited_1.0,market,2388.281733717834,0.0,0.0,0.0
005b31d3307512cac7ad0e06,h7_reserve_0.50_limited_1.0,market,2812.2631695866276,0.0,0.0,0.0
fb1eb5bb2b0d114a2b209dc1,h7_reserve_0.50_limited_1.0,market,2902.9826767317168,0.0,0.0,0.0
c585ad9495d28183160e3d5e,h7_reserve_0.50_limited_1.0,market,2707.5414343130387,0.0,0.0,0.0
56f2d5c42f783522b31ab980,h7_reserve_0.50_limited_1.0,market,2718.279806158974,0.0,0.0,0.0
355b7b1d4ff623b6082e5765,h7_reserve_0.50_limited_1.0,market,3407.8163990544163,0.0,0.0,0.0
91f4d0978ac3038ef31a05d9,h7_reserve_0.50_limited_1.0,market,4488.852802321385,0.0,0.0,0.0
d277e3d590f93c2ecf93232c,h7_reserve_0.50_limited_1.0,market,2683.417530444099,0.0,0.0,0.0
1965b4327123f50fe442c029,h7_reserve_0.50_limited_1.0,market,2444.874242625838,0.0,0.0,0.0
f68a978aa21e9be0883dd090,h7_reserve_0.50_limited_1.0,market,2411.7651311633003,0.0,0.0,0.0
b33155edb63902c12014f98d,h7_reserve_0.50_limited_1.0,market,2456.7423783617196,0.0,0.0,0.0
7e326814f3f5b58d7c92398a,h7_reserve_0.50_limited_1.0,market,2288.1808511374984,0.0,0.0,0.0
9edbc69a19d4493d53ad1da2,h7_reserve_0.50_limited_1.0,market,2690.496726830053,0.0,0.0,0.0
80c0c17b22df356ecd48a281,h7_reserve_0.50_limited_1.0,market,2449.5497897277583,0.0,0.0,0.0
f10c228165074c197201e680,h7_reserve_0.50_limited_1.0,market,2733.317969098977,0.0,0.0,0.0
f986430731d441a309be7a83,h7_reserve_0.50_limited_1.0,market,2673.957773026999,0.0,0.0,0.0
67bd741f9b6bac041af63601,h7_reserve_0.50_limited_1.0,market,2816.990152619623,0.0,0.0,0.0
b0ce7047755be871edd2f013,h7_reserve_0.50_limited_1.0,market,2548.127276796856,0.0,0.0,0.0
abf43b0600c7dfb29e26bce4,h7_reserve_0.50_limited_1.0,market,3535.402030161814,0.0,0.0,0.0
83c25f3fe962e42b710f94ac,h7_reserve_0.50_limited_1.0,market,3071.958462299351,0.0,0.0,0.0
a43a1436f0bea0ea8193b757,h7_reserve_0.50_limited_1.0,market,2967.2037034341956,0.0,0.0,0.0
20acfebae1f7da80fea98661,h7_reserve_0.50_penalty_1.0,administered,2647.004743796804,0.0,0.0,0.0
3a205e3cf1b8af0159030c9c,h7_reserve_0.50_penalty_1.0,administered,2397.8670286442357,0.0,0.0,0.0
4f973d6e72439541ff118c72,h7_reserve_0.50_penalty_1.0,administered,2798.8558100492646,0.0,0.0,0.0
79bf5de6752c856fea911daf,h7_reserve_0.50_penalty_1.0,administered,2600.040385885022,0.0,0.0,0.0
66a2d78acd1bc77cc6b6cc6d,h7_reserve_0.50_penalty_1.0,administered,2613.4508017791895,0.0,0.0,0.0
a8c604703bc9848c4fc59874,h7_reserve_0.50_penalty_1.0,administered,2190.3359148510035,0.0,0.0,0.0
f9c6d19c0c432a187dbbb314,h7_reserve_0.50_penalty_1.0,administered,2641.995900803409,0.0,0.0,0.0
1cf5e7a0068358acd78bcc33,h7_reserve_0.50_penalty_1.0,administered,2924.8561361328752,0.0,0.0,0.0
c47f6132d6e25b2c0071a573,h7_reserve_0.50_penalty_1.0,administered,2435.0992435472454,0.0,0.0,0.0
f3e878e0b8704cbbd141ef84,h7_reserve_0.50_penalty_1.0,administered,2829.9444406368775,0.0,0.0,0.0
fcab190964e439c761898ce2,h7_reserve_0.50_penalty_1.0,administered,2480.139954139437,0.0,0.0,0.0
197d65b602c61adfe0127fca,h7_reserve_0.50_penalty_1.0,administered,2352.4548935533403,0.0,0.0,0.0
95eb9cbe7ab77f1cfce1a1ae,h7_reserve_0.50_penalty_1.0,administered,2917.5818972953443,0.0,0.0,0.0
9f21a16e5ee629a9e43730f1,h7_reserve_0.50_penalty_1.0,administered,2934.197453226324,0.0,0.0,0.0
218b27b66470c26e0259f560,h7_reserve_0.50_penalty_1.0,administered,2683.7621717828906,0.0,0.0,0.0
94b2c20a050cae838d26fc05,h7_reserve_0.50_penalty_1.0,administered,2567.3271412170116,0.0,0.0,0.0
64e47abd2918fc385b05a0ea,h7_reserve_0.50_penalty_1.0,administered,4086.939722729295,0.0,0.0,0.0
40388e60e5b0cfd59344169c,h7_reserve_0.50_penalty_1.0,administered,2618.325801365097,0.0,0.0,0.0
66a2871b8a108e2418d89e11,h7_reserve_0.50_penalty_1.0,administered,2991.5350238237634,0.0,0.0,0.0
ceb340a4685daaf4ee6ff019,h7_reserve_0.50_penalty_1.0,administered,2390.124085915808,0.0,0.0,0.0
eea2db20d03f6679f66b31e1,h7_reserve_0.50_penalty_1.0,administered,2826.8589554053874,0.0,0.0,0.0
40cc611dc612e47beaf780ba,h7_reserve_0.50_penalty_1.0,administered,2916.1898008139774,0.0,0.0,0.0
fb9927c2fb6431b0f5bf36c0,h7_reserve_0.50_penalty_1.0,administered,2717.9713504747388,0.0,0.0,0.0
fece6f3975812ff1628cfa42,h7_reserve_0.50_penalty_1.0,administered,2723.469805245059,0.0,0.0,0.0
93e39abea2b6e152b530c32b,h7_reserve_0.50_penalty_1.0,administered,3408.9344267179963,0.0,0.0,0.0
5bbcfbc26a19823aa46ddc79,h7_reserve_0.50_penalty_1.0,administered,4490.237124770902,0.0,0.0,0.0
2104268318c2a6aa1967125d,h7_reserve_0.50_penalty_1.0,administered,2692.480518201064,0.0,0.0,0.0
754a22e7f033510e89b5038a,h7_reserve_0.50_penalty_1.0,administered,2448.41052941495,0.0,0.0,0.0
c881de0f760d3e8f2323101f,h7_reserve_0.50_penalty_1.0,administered,2417.5246706950234,0.0,0.0,0.0
847919f95a0a9c646e5c4499,h7_reserve_0.50_penalty_1.0,administered,2460.639691009488,0.0,0.0,0.0
b1e55471c796b6493d7dc50c,h7_reserve_0.50_penalty_1.0,administered,2292.4083396667374,0.0,0.0,0.0
0d047e7366445f9048c6e7f1,h7_reserve_0.50_penalty_1.0,administered,2700.931938985958,0.0,0.0,0.0
d8089751cd76c486fd5b0750,h7_reserve_0.50_penalty_1.0,administered,2456.082099471322,0.0,0.0,0.0
18b4818a41319d040d784fbb,h7_reserve_0.50_penalty_1.0,administered,2743.5510961567925,0.0,0.0,0.0
bc517c19c30423f70c49f816,h7_reserve_0.50_penalty_1.0,administered,2686.9786521098713,0.0,0.0,0.0
ff39d106bcac5bed758a8d1d,h7_reserve_0.50_penalty_1.0,administered,2822.814969028133,0.0,0.0,0.0
8d49c7d5616bc2a012f4a710,h7_reserve_0.50_penalty_1.0,administered,2554.3781325492887,0.0,0.0,0.0
e4b31c27ed77b865e0d79408,h7_reserve_0.50_penalty_1.0,administered,3540.150215891085,0.0,0.0,0.0
7c0ca8142696963e74d138bd,h7_reserve_0.50_penalty_1.0,administered,3076.375291510268,0.0,0.0,0.0
69398d6d414bd99091d3e11f,h7_reserve_0.50_penalty_1.0,administered,2975.163596507119,0.0,0.0,0.0
e7cfbf4e841fec2c2e3a7efa,h7_reserve_0.50_penalty_1.0,market,2642.5690412451304,0.0,0.0,0.0
949fded75ba1c1a5aaeccd6e,h7_reserve_0.50_penalty_1.0,market,2393.336021131592,0.0,0.0,0.0
4cb5576deebecd39960ad29b,h7_reserve_0.50_penalty_1.0,market,2789.8011426619055,0.0,0.0,0.0
5c9577e857e26a756e3dcfad,h7_reserve_0.50_penalty_1.0,market,2590.9327557596575,0.0,0.0,0.0
89d576de53164b0a0cccf51b,h7_reserve_0.50_penalty_1.0,market,2606.6174760763865,0.0,0.0,0.0
ff7b99ba29878fc76cf2dd29,h7_reserve_0.50_penalty_1.0,market,2185.441221685897,0.0,0.0,0.0
31274d1e98d91e402a9addbb,h7_reserve_0.50_penalty_1.0,market,2635.95152761139,0.0,0.0,0.0
293d4d51180185b447f294ea,h7_reserve_0.50_penalty_1.0,market,2910.1140224787873,0.0,0.0,0.0
e16317a569642b70d32b1edb,h7_reserve_0.50_penalty_1.0,market,2430.170540919666,0.0,0.0,0.0
926d802e8a73a7f8bec55433,h7_reserve_0.50_penalty_1.0,market,2819.96284441501,0.0,0.0,0.0
dc8ae2ed4fe68230798a4b14,h7_reserve_0.50_penalty_1.0,market,2472.980270484102,0.0,0.0,0.0
13b2d3c8a014b2f562466164,h7_reserve_0.50_penalty_1.0,market,2349.7995424654546,0.0,0.0,0.0
9cab3c9e833d939156078791,h7_reserve_0.50_penalty_1.0,market,2913.2446733791608,0.0,0.0,0.0
5e83053cc8f709c35cf46f23,h7_reserve_0.50_penalty_1.0,market,2933.558790244797,0.0,0.0,0.0
b33ad042671299f08fb992a0,h7_reserve_0.50_penalty_1.0,market,2673.0819447769554,0.0,0.0,0.0
8332c9a551430b5c9437ac66,h7_reserve_0.50_penalty_1.0,market,2559.6107590840716,0.0,0.0,0.0
3ff4b7dbd42ccd9a06be9a1b,h7_reserve_0.50_penalty_1.0,market,4083.9535210129056,0.0,0.0,0.0
a720a4790a97a565d05c80d8,h7_reserve_0.50_penalty_1.0,market,2614.4372332492508,0.0,0.0,0.0
325dbb008307d0b0132ca8de,h7_reserve_0.50_penalty_1.0,market,2987.252172435005,0.0,0.0,0.0
430695f237959a6a1816f431,h7_reserve_0.50_penalty_1.0,market,2388.281733717834,0.0,0.0,0.0
014fea9f4e588982484f0c8c,h7_reserve_0.50_penalty_1.0,market,2812.2631695866276,0.0,0.0,0.0
00c7ff0bb05a931e38a4bc75,h7_reserve_0.50_penalty_1.0,market,2902.9826767317168,0.0,0.0,0.0
7a8c5208307f4bcbd41345eb,h7_reserve_0.50_penalty_1.0,market,2707.5414343130387,0.0,0.0,0.0
b6b8f2aef2325c476e96bc32,h7_reserve_0.50_penalty_1.0,market,2718.279806158974,0.0,0.0,0.0
9aac6d061793f675f07ebebb,h7_reserve_0.50_penalty_1.0,market,3407.8163990544163,0.0,0.0,0.0
2b35b76ca8435307d64f0b32,h7_reserve_0.50_penalty_1.0,market,4488.852802321385,0.0,0.0,0.0
60853dfc231a83739f42bfaa,h7_reserve_0.50_penalty_1.0,market,2683.417530444099,0.0,0.0,0.0
4be17a017ca35b8eae3c9079,h7_reserve_0.50_penalty_1.0,market,2444.874242625838,0.0,0.0,0.0
3cee9f5a09ec4e938384c7f0,h7_reserve_0.50_penalty_1.0,market,2411.7651311633003,0.0,0.0,0.0
0b3791df52335c6c6995ba6c,h7_reserve_0.50_penalty_1.0,market,2456.7423783617196,0.0,0.0,0.0
c7756fade74d37a7cebde745,h7_reserve_0.50_penalty_1.0,market,2288.1808511374984,0.0,0.0,0.0
c6bf8c04c790b2f49fcb0aa2,h7_reserve_0.50_penalty_1.0,market,2690.496726830053,0.0,0.0,0.0
2548f318bcbba8699947b27a,h7_reserve_0.50_penalty_1.0,market,2449.5497897277583,0.0,0.0,0.0
5ea1c7e4b40a37cbb815a751,h7_reserve_0.50_penalty_1.0,market,2733.317969098977,0.0,0.0,0.0
261f96504c9fc01d6da46e97,h7_reserve_0.50_penalty_1.0,market,2673.957773026999,0.0,0.0,0.0
c55130d82dd7129f49cf6486,h7_reserve_0.50_penalty_1.0,market,2816.990152619623,0.0,0.0,0.0
7e47450510de63dd538b7d43,h7_reserve_0.50_penalty_1.0,market,2548.127276796856,0.0,0.0,0.0
3a24ba5c64afd7d1e26c0a19,h7_reserve_0.50_penalty_1.0,market,3535.402030161814,0.0,0.0,0.0
4dfc56cf262a7fe8c7b75d72,h7_reserve_0.50_penalty_1.0,market,3071.958462299351,0.0,0.0,0.0
339f228524774424da331457,h7_reserve_0.50_penalty_1.0,market,2967.2037034341956,0.0,0.0,0.0
7f4d04416a18c5ea0a81a6a4,h7_reserve_0.50_unavailable_0.0,administered,2647.004743796804,0.0,0.0,0.0
422d45978bf1323a568fe645,h7_reserve_0.50_unavailable_0.0,administered,2397.8670286442357,0.0,0.0,0.0
207067913e31c2f9b62b6ddb,h7_reserve_0.50_unavailable_0.0,administered,2798.8558100492646,0.0,0.0,0.0
7343aed882db73604ea44c8d,h7_reserve_0.50_unavailable_0.0,administered,2600.040385885022,0.0,0.0,0.0
91375e32045215aa2d8cf821,h7_reserve_0.50_unavailable_0.0,administered,2613.4508017791895,0.0,0.0,0.0
9d93177238c2765c4471c78e,h7_reserve_0.50_unavailable_0.0,administered,2190.3359148510035,0.0,0.0,0.0
0ef9039c8000063947f92eb4,h7_reserve_0.50_unavailable_0.0,administered,2641.995900803409,0.0,0.0,0.0
2b602a20c3aa6b8bba5a907b,h7_reserve_0.50_unavailable_0.0,administered,2924.8561361328752,0.0,0.0,0.0
6d57dc2f0cb9c2ba9a95e824,h7_reserve_0.50_unavailable_0.0,administered,2435.0992435472454,0.0,0.0,0.0
af09a5cda92212db54e70818,h7_reserve_0.50_unavailable_0.0,administered,2829.9444406368775,0.0,0.0,0.0
89814a89975baa32de0cf74d,h7_reserve_0.50_unavailable_0.0,administered,2480.139954139437,0.0,0.0,0.0
92e74ccf2cc34e30e73b228b,h7_reserve_0.50_unavailable_0.0,administered,2352.4548935533403,0.0,0.0,0.0
dcbe44282156089de2cad1df,h7_reserve_0.50_unavailable_0.0,administered,2917.5818972953443,0.0,0.0,0.0
1092314dd84e314987487c6b,h7_reserve_0.50_unavailable_0.0,administered,2934.197453226324,0.0,0.0,0.0
48eb34569e378aed8b9581e5,h7_reserve_0.50_unavailable_0.0,administered,2683.7621717828906,0.0,0.0,0.0
933fdf6c50caee870579255d,h7_reserve_0.50_unavailable_0.0,administered,2567.3271412170116,0.0,0.0,0.0
dde1919f7091fc8848adf993,h7_reserve_0.50_unavailable_0.0,administered,4086.939722729295,0.0,0.0,0.0
7447c4f9219cd07ca2dcd159,h7_reserve_0.50_unavailable_0.0,administered,2618.325801365097,0.0,0.0,0.0
2d43d955289c6adca1a253c2,h7_reserve_0.50_unavailable_0.0,administered,2991.5350238237634,0.0,0.0,0.0
20d1c110b5eb1edcde46c619,h7_reserve_0.50_unavailable_0.0,administered,2390.124085915808,0.0,0.0,0.0
59f2c45ace7689b57558e240,h7_reserve_0.50_unavailable_0.0,administered,2826.8589554053874,0.0,0.0,0.0
1ebca60d0745adc87e3c4952,h7_reserve_0.50_unavailable_0.0,administered,2916.1898008139774,0.0,0.0,0.0
62a2378592f4edbc2247c3f4,h7_reserve_0.50_unavailable_0.0,administered,2717.9713504747388,0.0,0.0,0.0
05406e49e26a2dab5024eb52,h7_reserve_0.50_unavailable_0.0,administered,2723.469805245059,0.0,0.0,0.0
6ea3fc28bf891cc39e17889e,h7_reserve_0.50_unavailable_0.0,administered,3408.9344267179963,0.0,0.0,0.0
48e351acd0450d29743b2408,h7_reserve_0.50_unavailable_0.0,administered,4490.237124770902,0.0,0.0,0.0
bfc59bc8a9bc24ed742a9ae4,h7_reserve_0.50_unavailable_0.0,administered,2692.480518201064,0.0,0.0,0.0
847670cdc432e7f2b6e4cb19,h7_reserve_0.50_unavailable_0.0,administered,2448.41052941495,0.0,0.0,0.0
69d68f9de3ca07270da308fa,h7_reserve_0.50_unavailable_0.0,administered,2417.5246706950234,0.0,0.0,0.0
13f81d103cf208cb1556f44b,h7_reserve_0.50_unavailable_0.0,administered,2460.639691009488,0.0,0.0,0.0
811a28c239f061e260f9b393,h7_reserve_0.50_unavailable_0.0,administered,2292.4083396667374,0.0,0.0,0.0
944977df0fba0f623988dd7e,h7_reserve_0.50_unavailable_0.0,administered,2700.931938985958,0.0,0.0,0.0
14b4a48aa06c3d8f73dc623a,h7_reserve_0.50_unavailable_0.0,administered,2456.082099471322,0.0,0.0,0.0
e2197225499334988112547c,h7_reserve_0.50_unavailable_0.0,administered,2743.5510961567925,0.0,0.0,0.0
dfcd92e90b311b40e04149dc,h7_reserve_0.50_unavailable_0.0,administered,2686.9786521098713,0.0,0.0,0.0
b4f16126556f08240e35f05f,h7_reserve_0.50_unavailable_0.0,administered,2822.814969028133,0.0,0.0,0.0
a2ab83728b93bc66bed0c4b2,h7_reserve_0.50_unavailable_0.0,administered,2554.3781325492887,0.0,0.0,0.0
5c4b45665bf8f196b416fbf1,h7_reserve_0.50_unavailable_0.0,administered,3540.150215891085,0.0,0.0,0.0
8785b4662e100e59027d8774,h7_reserve_0.50_unavailable_0.0,administered,3076.375291510268,0.0,0.0,0.0
63e3c749049aadb016c044a6,h7_reserve_0.50_unavailable_0.0,administered,2975.163596507119,0.0,0.0,0.0
3bbacaa98e71a1294f8e804d,h7_reserve_0.50_unavailable_0.0,market,2642.5690412451304,0.0,0.0,0.0
2fc55ab3f6544c1a95f021ea,h7_reserve_0.50_unavailable_0.0,market,2393.336021131592,0.0,0.0,0.0
956d2251b6011860bb919cb1,h7_reserve_0.50_unavailable_0.0,market,2789.8011426619055,0.0,0.0,0.0
f6c4b97f1b6cd99e6d40b113,h7_reserve_0.50_unavailable_0.0,market,2590.9327557596575,0.0,0.0,0.0
08521d5ccb7ba6dfac231177,h7_reserve_0.50_unavailable_0.0,market,2606.6174760763865,0.0,0.0,0.0
ac9c1a785f357724c09a70b5,h7_reserve_0.50_unavailable_0.0,market,2185.441221685897,0.0,0.0,0.0
6c083e2399cd937f0b72bb65,h7_reserve_0.50_unavailable_0.0,market,2635.95152761139,0.0,0.0,0.0
ceae991d258130bf76483920,h7_reserve_0.50_unavailable_0.0,market,2910.1140224787873,0.0,0.0,0.0
c666d92fcbd3dc431e959ef8,h7_reserve_0.50_unavailable_0.0,market,2430.170540919666,0.0,0.0,0.0
a2122e9da488e95ff9b987a1,h7_reserve_0.50_unavailable_0.0,market,2819.96284441501,0.0,0.0,0.0
f26a62b9ac9e2145d7b46bcd,h7_reserve_0.50_unavailable_0.0,market,2472.980270484102,0.0,0.0,0.0
507ba4e4607ac150f790d1c9,h7_reserve_0.50_unavailable_0.0,market,2349.7995424654546,0.0,0.0,0.0
1025cc8425ed2d6c889f4888,h7_reserve_0.50_unavailable_0.0,market,2913.2446733791608,0.0,0.0,0.0
f7eaa03341c001577aacd124,h7_reserve_0.50_unavailable_0.0,market,2933.558790244797,0.0,0.0,0.0
dfaa47308ea5e5adc85d2918,h7_reserve_0.50_unavailable_0.0,market,2673.0819447769554,0.0,0.0,0.0
5d4db561a55732d4a996845e,h7_reserve_0.50_unavailable_0.0,market,2559.6107590840716,0.0,0.0,0.0
23e8b39a306534e59dc54483,h7_reserve_0.50_unavailable_0.0,market,4083.9535210129056,0.0,0.0,0.0
95efdb6034e14cbd22878578,h7_reserve_0.50_unavailable_0.0,market,2614.4372332492508,0.0,0.0,0.0
52088ebefa2d84f494e1ecbf,h7_reserve_0.50_unavailable_0.0,market,2987.252172435005,0.0,0.0,0.0
323c2f8f2767c07605283000,h7_reserve_0.50_unavailable_0.0,market,2388.281733717834,0.0,0.0,0.0
64b33bb2e47b96f903997106,h7_reserve_0.50_unavailable_0.0,market,2812.2631695866276,0.0,0.0,0.0
d75d7526abaf1af2d5a7423e,h7_reserve_0.50_unavailable_0.0,market,2902.9826767317168,0.0,0.0,0.0
66cc70e9c7e62cb716320211,h7_reserve_0.50_unavailable_0.0,market,2707.5414343130387,0.0,0.0,0.0
2bb9f878e3621945f78883f0,h7_reserve_0.50_unavailable_0.0,market,2718.279806158974,0.0,0.0,0.0
023f54c4f644f49036c94b0e,h7_reserve_0.50_unavailable_0.0,market,3407.8163990544163,0.0,0.0,0.0
199e6c1341fb4bb4651bfc25,h7_reserve_0.50_unavailable_0.0,market,4488.852802321385,0.0,0.0,0.0
1f9f98f9fdd95aef3279c23f,h7_reserve_0.50_unavailable_0.0,market,2683.417530444099,0.0,0.0,0.0
4fb18dda2ca91cf404ca2c7b,h7_reserve_0.50_unavailable_0.0,market,2444.874242625838,0.0,0.0,0.0
9e0c3ba4d2506911c4d82f26,h7_reserve_0.50_unavailable_0.0,market,2411.7651311633003,0.0,0.0,0.0
0f2d20a02990ab19d7dc02b9,h7_reserve_0.50_unavailable_0.0,market,2456.7423783617196,0.0,0.0,0.0
c60595bb4ba20c796f9c1fd0,h7_reserve_0.50_unavailable_0.0,market,2288.1808511374984,0.0,0.0,0.0
8b872d99590b842853630a4b,h7_reserve_0.50_unavailable_0.0,market,2690.496726830053,0.0,0.0,0.0
b3ed23299653f1bd0a6ee9c4,h7_reserve_0.50_unavailable_0.0,market,2449.5497897277583,0.0,0.0,0.0
b161e5d199b33bd8e31b0f42,h7_reserve_0.50_unavailable_0.0,market,2733.317969098977,0.0,0.0,0.0
9756500645638728a159c380,h7_reserve_0.50_unavailable_0.0,market,2673.957773026999,0.0,0.0,0.0
830cfdcff979672e351d6eab,h7_reserve_0.50_unavailable_0.0,market,2816.990152619623,0.0,0.0,0.0
ad089231102e90766871b572,h7_reserve_0.50_unavailable_0.0,market,2548.127276796856,0.0,0.0,0.0
9d80b3d8b57870103125252e,h7_reserve_0.50_unavailable_0.0,market,3535.402030161814,0.0,0.0,0.0
a73717cecf772d0a1b94070a,h7_reserve_0.50_unavailable_0.0,market,3071.958462299351,0.0,0.0,0.0
933fd2f991570f87d3cad38e,h7_reserve_0.50_unavailable_0.0,market,2967.2037034341956,0.0,0.0,0.0
452f3ce692d9e71aa019bf13,sensitivity_000_baseline,administered,2805.611282838042,0.0,0.0,0.0
3c96bca5beb286ead2947801,sensitivity_000_baseline,administered,2406.8078928461864,8.0,0.0,0.0
55bc0246a8c00db991a7a106,sensitivity_000_baseline,administered,3171.3571487935264,0.0,0.0,0.0
449f1ddbeb9b16d7c013bc75,sensitivity_000_baseline,administered,2876.5752300928334,1.0,0.0,0.0
d6efcedc9785ca377f246889,sensitivity_000_baseline,administered,2827.385983161355,0.0,0.0,0.0
2c38c890da3e2901918c2a19,sensitivity_000_baseline,market,2783.9745195311143,0.0,0.0,0.0
cb91423add200267835c99f7,sensitivity_000_baseline,market,2397.0500369715187,1.0,0.0,0.0
656937fdae4383a586fa2cc9,sensitivity_000_baseline,market,3102.30008777288,0.0,0.0,0.0
8a4948c3ab165b6c989f6861,sensitivity_000_baseline,market,2870.872736727514,0.0,0.0,0.0
84488fec90d8470fa7156e1b,sensitivity_000_baseline,market,2789.1958519744844,0.0,0.0,0.0
6a6edfbc9d08ce230dfbbb84,sensitivity_000_shock,administered,2960.9151305475525,0.0,0.0,0.0
ba2197c36fc96376f0e30cf3,sensitivity_000_shock,administered,2699.9976812073182,2.0,0.0,0.0
d12a61395290459ea50acc33,sensitivity_000_shock,administered,3292.654597585057,0.0,0.0,0.0
671734228d23b06236ac8147,sensitivity_000_shock,administered,3119.7981651026653,0.0,0.0,0.0
c472425951fefc9deeca72b4,sensitivity_000_shock,administered,2991.28812532977,0.0,0.0,0.0
842e9e3f3e069e6725ba6dad,sensitivity_000_shock,market,2933.5579045765444,0.0,0.0,0.0
54a14405b4405655ee46f4f0,sensitivity_000_shock,market,2675.527163889088,0.0,0.0,0.0
773d70cecd229243a2c31d95,sensitivity_000_shock,market,3217.115344295329,0.0,0.0,0.0
5c59e5dd5c5b7961c8c3bd8d,sensitivity_000_shock,market,3088.7482498333065,0.0,0.0,0.0
7871ab31d41291b97153d135,sensitivity_000_shock,market,2951.419015314696,0.0,0.0,0.0
a0227195921581eadc150261,sensitivity_001_baseline,administered,2722.80189505541,0.0,0.0,0.0
f714cdfbd41824ecfe955d54,sensitivity_001_baseline,administered,2472.8962866126326,47.0,0.0,0.0
d663cf7188c0f41bcc2b8caf,sensitivity_001_baseline,administered,2950.1740820028376,1.0,0.0,0.0
186df1ce8aca90e5b62f4a6f,sensitivity_001_baseline,administered,3168.163126322954,0.0,0.0,0.0
082968543823a87688e0f705,sensitivity_001_baseline,administered,2355.3057023525307,27.0,3.1436931777750727,0.0
b409a25e51ebbbbbc7ede90f,sensitivity_001_baseline,market,2681.0169417993393,0.0,0.0,0.0
674540940b3f942e5c5c4620,sensitivity_001_baseline,market,2478.2507902024718,4.0,5.422980644387918,0.0
09859d47c212496545fbc91f,sensitivity_001_baseline,market,2829.1727645657024,0.0,0.0,0.0
0f657a43ffba961b5de99dc0,sensitivity_001_baseline,market,3035.3949142883075,0.0,0.0,0.0
ba36ea4bc89212256d4cc97b,sensitivity_001_baseline,market,2382.9420801925676,0.0,0.0,0.0
4101fd4b24a0bf9669037abe,sensitivity_001_shock,administered,2955.418830224717,0.0,0.0,0.0
082b0aa13d8971d5d20a80ec,sensitivity_001_shock,administered,2790.9171912714805,6.0,0.0,0.0
1f9174107c2a8840453667ea,sensitivity_001_shock,administered,3157.829147707943,0.0,0.0,0.0
4944c4942541eabe7ea583f0,sensitivity_001_shock,administered,3337.764217709552,0.0,0.0,0.0
ffc902f96cd6d9eed95c71a1,sensitivity_001_shock,administered,2681.0816581632985,4.0,0.0,0.0
6358d92c5040c9d83faddf2e,sensitivity_001_shock,market,2845.1172877499166,0.0,0.0,0.0
423f652dbf8da14717182b13,sensitivity_001_shock,market,2778.7845959402985,2.0,0.5189308349142063,0.0
0e27fa3d66d4ca2eee86f5d9,sensitivity_001_shock,market,3014.6377240027036,0.0,0.0,0.0
2d3737388433c5f6a3c00d6f,sensitivity_001_shock,market,3256.6244154444703,0.0,0.0,0.0
843cff5287cfccf85134618b,sensitivity_001_shock,market,2692.080186356638,0.0,0.0,0.0
78107b8b83ae836b45d168b1,sensitivity_002_baseline,administered,2743.6882973669553,0.0,0.0,0.0
90fc33975be4b90399358524,sensitivity_002_baseline,administered,3027.4788380430023,0.0,0.0,0.0
889e0980276c4fc9fd1bed4d,sensitivity_002_baseline,administered,3120.0890541597355,0.0,0.0,0.0
fff4fa9c13258a480703283c,sensitivity_002_baseline,administered,3882.8768541949976,0.0,0.0,0.0
e41e4667c2fd235659323874,sensitivity_002_baseline,administered,3607.2806366086434,0.0,0.0,0.0
bfea7831ca1e111ae7282044,sensitivity_002_baseline,market,2658.042672432683,0.0,0.0,0.0
847245dacde3bf6a9b119279,sensitivity_002_baseline,market,2802.8797506846736,0.0,0.0,0.0
67b605b8e582fa3dcb3f2023,sensitivity_002_baseline,market,2923.5378904961203,0.0,0.0,0.0
5889303f694aa8b07c3d48de,sensitivity_002_baseline,market,3288.4822183180127,0.0,0.0,0.0
ab6992a8aa5bb206b9ea10de,sensitivity_002_baseline,market,3295.452642009727,0.0,0.0,0.0
1b4668056e7e673ab6d6dbd9,sensitivity_002_shock,administered,2990.8318925694807,0.0,0.0,0.0
19b9e075a92006bcf43296fa,sensitivity_002_shock,administered,3175.8938978795522,0.0,0.0,0.0
55634e004b653c1de9bf5bbf,sensitivity_002_shock,administered,3239.967848792799,0.0,0.0,0.0
85ae115da74f19b5a0828423,sensitivity_002_shock,administered,4198.533699858122,0.0,0.0,0.0
01a78e98c2f1faa7a2f26459,sensitivity_002_shock,administered,3781.529176540336,0.0,0.0,0.0
99fa630b48e2ad89c8c8533e,sensitivity_002_shock,market,2816.1055490262634,0.0,0.0,0.0
dfe1fb5d693f9a8c85dd4452,sensitivity_002_shock,market,2960.791485300226,0.0,0.0,0.0
fc7e84e89d3d4ab6e81faa7d,sensitivity_002_shock,market,3037.2057304836853,0.0,0.0,0.0
7df0e40dad5cc81c57b66f5c,sensitivity_002_shock,market,3466.2266718392807,0.0,0.0,0.0
38296883dc00df5574624e28,sensitivity_002_shock,market,3431.973491834279,0.0,0.0,0.0
290666efab0ce4ef14a10e3e,sensitivity_003_baseline,administered,3422.681731405363,0.0,0.0,0.0
5dafc98152251e676fe77242,sensitivity_003_baseline,administered,4287.542715075492,0.0,0.0,0.0
45a9fb093cf228b3f0577a06,sensitivity_003_baseline,administered,2666.5039392313506,0.0,0.0,0.0
9a939e14f56f8a9927b02879,sensitivity_003_baseline,administered,3044.0390055460834,0.0,0.0,0.0
f7cd96f87150ba3c6f089847,sensitivity_003_baseline,administered,3414.793272790701,0.0,0.0,0.0
23319c27ec84a351a8de0f2c,sensitivity_003_baseline,market,3038.859292314581,0.0,0.0,0.0
b03039b91f6e86fa914e4315,sensitivity_003_baseline,market,4149.7859593012845,0.0,0.0,0.0
55922dc6ff28d28f1d2c274c,sensitivity_003_baseline,market,2669.811943652072,0.0,0.0,0.0
20169a674263da96d1d4ee09,sensitivity_003_baseline,market,2889.1830175530577,0.0,0.0,0.0
0a241ee316a70a5afa564924,sensitivity_003_baseline,market,3136.279579727494,0.0,0.0,0.0
ebd48d049ece0a085f7d6b8c,sensitivity_003_shock,administered,3546.8502443486877,0.0,0.0,0.0
5dbd56b46c252d13cac6d9e0,sensitivity_003_shock,administered,4441.711285837667,0.0,0.0,0.0
ccefc500e41bb6b5e2cea1f8,sensitivity_003_shock,administered,2925.507178462358,0.0,0.0,0.0
44c65f901325b6bb787fe93d,sensitivity_003_shock,administered,3187.8181806791454,0.0,0.0,0.0
69abc541f7b2e2f514922b97,sensitivity_003_shock,administered,3517.685985759477,0.0,0.0,0.0
6a69b940ddfe0f02003d9fc2,sensitivity_003_shock,market,3202.8692414011525,0.0,0.0,0.0
055fcfdfc98984d7acc1702f,sensitivity_003_shock,market,4252.731323451756,0.0,0.0,0.0
a8eeff9c890c05b1503bd5b3,sensitivity_003_shock,market,2878.3635782263077,0.0,0.0,0.0
4ead83ceb9026692d8dd8e76,sensitivity_003_shock,market,3033.7928163838483,0.0,0.0,0.0
0548f9cf96f1febfb1cd68ae,sensitivity_003_shock,market,3259.2878560409486,0.0,0.0,0.0
1d3e7b1105451d6e47876abd,sensitivity_004_baseline,administered,3204.2579329928203,0.0,0.0,0.0
b40683e743b522ac5cd49afe,sensitivity_004_baseline,administered,3156.2304610997708,0.0,0.0,0.0
44417529aa171b8932dfdf0a,sensitivity_004_baseline,administered,3159.0321326137177,0.0,0.0,0.0
1c9e62008f351b2328be6e3d,sensitivity_004_baseline,administered,3018.3287038947765,0.0,0.0,0.0
46d084d8eda902b592cabc4c,sensitivity_004_baseline,administered,2975.5306632953834,0.0,0.0,0.0
5fbd88409d8a80a34846cfd8,sensitivity_004_baseline,market,2968.4561930411073,0.0,0.0,0.0
759050d99ac205241bf1faa7,sensitivity_004_baseline,market,3001.6254532072408,0.0,0.0,0.0
2a23d20792c5c4288af9e34d,sensitivity_004_baseline,market,2905.3982377091347,0.0,0.0,0.0
e630f75b607aebf6fc39810d,sensitivity_004_baseline,market,2807.6927183595444,0.0,0.0,0.0
defea59954f3326371a56522,sensitivity_004_baseline,market,2832.374212292509,0.0,0.0,0.0
36274190ca65e233b44b8b14,sensitivity_004_shock,administered,3329.3106221573594,0.0,0.0,0.0
1b77649934a5e42af425884d,sensitivity_004_shock,administered,3298.205826036082,0.0,0.0,0.0
5ff539a3b31fa66bed87b9b8,sensitivity_004_shock,administered,3278.675151801432,0.0,0.0,0.0
302e0342f9b2866fb776f970,sensitivity_004_shock,administered,3202.7449881405228,0.0,0.0,0.0
97b268ee887daf3b25ac1c9f,sensitivity_004_shock,administered,3108.8592898319757,0.0,0.0,0.0
81b1d0a5ace265d3ff75427a,sensitivity_004_shock,market,3101.0871669190246,0.0,0.0,0.0
840f76c1b09959e3958e3de2,sensitivity_004_shock,market,3147.627395689441,0.0,0.0,0.0
8f94a09cdc603e80b449ca78,sensitivity_004_shock,market,3039.955945086722,0.0,0.0,0.0
4bbf7e87d8789ba56dcfa4c3,sensitivity_004_shock,market,2983.6716274727537,0.0,0.0,0.0
41f8bd5e3c8f620079134116,sensitivity_004_shock,market,2963.0061091838843,0.0,0.0,0.0
7f299aa2a02e2b3bc94f6f78,sensitivity_005_baseline,administered,3128.6308895054003,0.0,0.0,0.0
a778eed13c0a81be60663d6c,sensitivity_005_baseline,administered,2626.6722578908775,2.0,0.0,0.0
8810020ac15b0f3e980db991,sensitivity_005_baseline,administered,3344.059974087377,0.0,0.0,0.0
b749efb089010415fbffa02e,sensitivity_005_baseline,administered,3708.7329663932774,0.0,0.0,0.0
b5dd8325059d07e3cf058ded,sensitivity_005_baseline,administered,3267.797621080779,0.0,0.0,0.0
192095064b9d416cd723efc7,sensitivity_005_baseline,market,3021.583310396394,0.0,0.0,0.0
0125dd4ea57fc7843dd5f265,sensitivity_005_baseline,market,2585.540641751404,0.0,0.0,0.0
b1daa743d36f91651979fd6d,sensitivity_005_baseline,market,3123.5716807202025,0.0,0.0,0.0
8812474cdbcc32caa77e4786,sensitivity_005_baseline,market,3430.1078216789465,0.0,0.0,0.0
8530b625e8d3c34b6798ce32,sensitivity_005_baseline,market,2937.2350966558383,0.0,0.0,0.0
4ee168ae292d3935e6101cc1,sensitivity_005_shock,administered,3219.0212901004634,0.0,0.0,0.0
f79ef28cd5dbdc61496b4455,sensitivity_005_shock,administered,2861.7465587367196,2.0,0.0,0.0
42f75f71bdd66e1aac12a459,sensitivity_005_shock,administered,3467.819619595023,0.0,0.0,0.0
7b03a863057c769a0e203944,sensitivity_005_shock,administered,3873.6327761788175,0.0,0.0,0.0
300109ddc7d16229e0fe7b20,sensitivity_005_shock,administered,3407.981665549626,0.0,0.0,0.0
ae898abc8a97cf51982fedc4,sensitivity_005_shock,market,3100.997436808102,0.0,0.0,0.0
dd7db9f76a0bdf32635a14fe,sensitivity_005_shock,market,2758.307369869503,0.0,0.0,0.0
f3efccc00b847bae010bd48d,sensitivity_005_shock,market,3279.516770533192,0.0,0.0,0.0
319d06b1aec7ca51392f8de1,sensitivity_005_shock,market,3588.7211077981506,0.0,0.0,0.0
feab1e7ce05a7c4d16275025,sensitivity_005_shock,market,3074.736041008656,0.0,0.0,0.0
80468e401bc2409b1a628157,sensitivity_006_baseline,administered,2489.124132223355,17.0,0.0,0.0
247faca25d8a1500d89bdbe5,sensitivity_006_baseline,administered,3544.758012293236,0.0,0.0,0.0
b9067367d60178b6f7f35dee,sensitivity_006_baseline,administered,1986.6074889751126,111.0,0.0,0.0
a779ad31ce6a38c0dca1c4e0,sensitivity_006_baseline,administered,3231.699264249034,0.0,0.0,0.0
e7d08fd4689a071a814c5329,sensitivity_006_baseline,administered,2193.2955680586,11.0,0.0,0.0
215046ff35cff335f924fec3,sensitivity_006_baseline,market,2594.6580510680656,0.0,0.0,0.0
55950bb8100be7168f3c69bb,sensitivity_006_baseline,market,3153.0026370649994,0.0,0.0,0.0
7ab2644500b2cf9d788a3399,sensitivity_006_baseline,market,2257.5739646413617,0.0,0.0,0.0
02394f3bbedfc8aeb8a04c5f,sensitivity_006_baseline,market,3107.8736004320617,0.0,0.0,0.0
41ed5dc91a11ae2739598faf,sensitivity_006_baseline,market,2491.945908250007,0.0,0.0,0.0
9714764a355fd391324146b6,sensitivity_006_shock,administered,2742.6138269894627,8.0,0.0,0.0
33a956b896e2dba6b8962c9e,sensitivity_006_shock,administered,3702.7711734941277,0.0,0.0,0.0
943c5878159140dbb0a9338c,sensitivity_006_shock,administered,2319.746094544081,50.0,0.0,0.0
629f89db849583f33c56640f,sensitivity_006_shock,administered,3352.7053736421535,0.0,0.0,0.0
1360b9e968b9a740da585ef6,sensitivity_006_shock,administered,2533.781204374516,2.0,0.0,0.0
ae0abda37e5d3072fa1a3305,sensitivity_006_shock,market,2774.23647178597,0.0,0.0,0.0
78883bbe7facbc5ca80124cf,sensitivity_006_shock,market,3355.468290540809,0.0,0.0,0.0
ace4950a4070a89074cc7c4d,sensitivity_006_shock,market,2508.568233624361,0.0,0.0,0.0
c3ff16efd96b033048caac2b,sensitivity_006_shock,market,3235.1155606795724,0.0,0.0,0.0
ed316623a35ad609e2cb3b94,sensitivity_006_shock,market,2709.0896242462563,0.0,0.0,0.0
84a429b5bd11235f52a96c66,sensitivity_007_baseline,administered,2732.957240608543,2.0,0.0,0.0
ae5cddf40fc08233a8b7151f,sensitivity_007_baseline,administered,2863.9156203194448,1.0,0.0,0.0
e28db3d1a38d92e8e3825185,sensitivity_007_baseline,administered,2716.834071497098,2.0,0.5397606846405107,0.0
230fe0c17ed53a2ea9bb3796,sensitivity_007_baseline,administered,2421.4197572488893,9.0,0.0,0.0
5a9d75fed2d8365ab4c4f9aa,sensitivity_007_baseline,administered,3200.781765610239,0.0,0.0,0.0
69e98724f54f1e9e0496e01c,sensitivity_007_baseline,market,2733.375108833748,0.0,0.0,0.0
0f61c13e8d3b38601d3f4f32,sensitivity_007_baseline,market,2818.883870212862,0.0,0.0,0.0
de4ce8dfdb84d32ab240c687,sensitivity_007_baseline,market,2642.122104139384,0.0,0.0,0.0
7560752af95c111f5c93772d,sensitivity_007_baseline,market,2545.773655443401,0.0,0.0,0.0
b41c413933e5c3242437e4ed,sensitivity_007_baseline,market,3027.826786119841,0.0,0.0,0.0
a65ad56fdc2042d86c214041,sensitivity_007_shock,administered,2985.3437328937757,1.0,0.0,0.0
96888d994bf7edb0b78af799,sensitivity_007_shock,administered,3092.2821692195625,0.0,0.0,0.0
1b5f434704ee2290c8d9e68f,sensitivity_007_shock,administered,2920.4425723957643,3.0,1.2000946368651375,0.0
8e979940904905a2b906bef2,sensitivity_007_shock,administered,2716.555870540174,3.0,0.0,0.0
3500a6b32e57f728db616d94,sensitivity_007_shock,administered,3383.5606980428506,0.0,0.0,0.0
fdb4ea35d59765d57903a8a2,sensitivity_007_shock,market,2924.9776430113516,0.0,0.0,0.0
6c7333d5967be28f16c6c2c7,sensitivity_007_shock,market,3018.26251171536,0.0,0.0,0.0
7204cac1b66e2ba827ece76b,sensitivity_007_shock,market,2819.459694759509,0.0,0.0,0.0
7c6ef0e7cf6114171d31aa0e,sensitivity_007_shock,market,2783.361758573195,0.0,0.0,0.0
22a6952570d02f02069f75fc,sensitivity_007_shock,market,3207.4917150366305,0.0,0.0,0.0
904f6a28fa386a7c687dd4cd,sensitivity_008_baseline,administered,2518.8398751287664,0.0,0.0,0.0
de7e28716e60089601421f7a,sensitivity_008_baseline,administered,2784.3218127125087,0.0,0.0,0.0
dc18bdc75df90e6386770313,sensitivity_008_baseline,administered,2489.548727602301,11.0,0.0,0.0
955bbcd7b53a031e481e3b77,sensitivity_008_baseline,administered,2328.8698819590745,38.0,0.0,0.0
0a6367cfcedc20d0221ac5cd,sensitivity_008_baseline,administered,3314.161599074767,0.0,0.0,0.0
91d0705e96a21a14ead6ce50,sensitivity_008_baseline,market,2563.8922356679273,0.0,0.0,0.0
69da21cdea8f992bb558060d,sensitivity_008_baseline,market,2755.4921236942278,0.0,0.0,0.0
624eca9287b66516b6abff8c,sensitivity_008_baseline,market,2536.9577212885374,0.0,0.0,0.0
c67646b1700267a6c6542c7d,sensitivity_008_baseline,market,2367.1021603345325,0.0,0.0,0.0
5dea4982e5bb0315f41a4a3f,sensitivity_008_baseline,market,3231.9706438877124,0.0,0.0,0.0
5748c88bf2ecb4287ca2769f,sensitivity_008_shock,administered,2812.4532952058785,0.0,0.0,0.0
2f89c0bdd2118e86f33b7bbc,sensitivity_008_shock,administered,2997.6977407036275,0.0,0.0,0.0
8c7961323e4564cd500557a5,sensitivity_008_shock,administered,2812.455374041255,0.0,0.0,0.0
67755742c655850da95d5269,sensitivity_008_shock,administered,2654.2457425714792,1.0,0.0,0.0
270629966e9d460b2bd0280e,sensitivity_008_shock,administered,3430.992111199777,0.0,0.0,0.0
895940cb62ee734cee5b4354,sensitivity_008_shock,market,2821.2967627030216,0.0,0.0,0.0
57987d5149423c3ac66cba79,sensitivity_008_shock,market,2942.3282406804306,0.0,0.0,0.0
fcfc24338fe9a06c08c64907,sensitivity_008_shock,market,2882.1996405420723,0.0,0.0,0.0
b080bd0eced386a9d077acb1,sensitivity_008_shock,market,2707.4195135282257,0.0,0.0,0.0
fe29f57707f6d45842fb4d57,sensitivity_008_shock,market,3361.0111451271546,0.0,0.0,0.0
7f996cb48b50b75d039be5f0,sensitivity_009_baseline,administered,2944.2619109423854,0.0,0.0,0.0
decab082ffbf67ddbc94f9e1,sensitivity_009_baseline,administered,3047.7268717942447,0.0,0.0,0.0
e4cf11b6f075904c9bff5f7b,sensitivity_009_baseline,administered,3064.3510032840786,0.0,0.0,0.0
30c0b3adf3b9e192b3b80957,sensitivity_009_baseline,administered,2975.594620288218,5.0,0.0,0.0
8bcb38b2be98fabaa6ffe030,sensitivity_009_baseline,administered,3194.3147093067064,0.0,0.0,0.0
822463f10f12454990715210,sensitivity_009_baseline,market,2852.0662698956717,0.0,0.0,0.0
05bddc9d7082aa06c4ed01ab,sensitivity_009_baseline,market,2935.3842245556298,0.0,0.0,0.0
ec78374ceb45f1db40edd729,sensitivity_009_baseline,market,2957.4139177092643,0.0,0.0,0.0
9953b5475ecb50be48f3e016,sensitivity_009_baseline,market,2889.7068641412716,0.0,0.0,0.0
c185ea676ba60a06dd7aa8da,sensitivity_009_baseline,market,3053.0253181167277,0.0,0.0,0.0
e13b321d2ca227872b455587,sensitivity_009_shock,administered,3086.9520703087182,0.0,0.0,0.0
fe04fab83bf6160298e782c3,sensitivity_009_shock,administered,3170.8388898755766,0.0,0.0,0.0
91b8efb1a259bb5904d69612,sensitivity_009_shock,administered,3213.5668077787996,0.0,0.0,0.0
c552fa8b57f95590aea79e45,sensitivity_009_shock,administered,3177.4040845463446,0.0,0.0,0.0
d87299ea0059c8de6e25dc21,sensitivity_009_shock,administered,3341.5956696591106,0.0,0.0,0.0
e6e808d9d1b43c11adebd018,sensitivity_009_shock,market,3006.1741220724207,0.0,0.0,0.0
1a537658755e66d6dce1e2c6,sensitivity_009_shock,market,3077.2789672193057,0.0,0.0,0.0
bc54d9cc8f0a128fc4a7fe67,sensitivity_009_shock,market,3089.9023184022835,0.0,0.0,0.0
da1803bf0f3712c5867f6fe3,sensitivity_009_shock,market,3100.8386899317597,0.0,0.0,0.0
30e01f853dc1ee6d333621d3,sensitivity_009_shock,market,3238.5369891720334,0.0,0.0,0.0
4e7824c9b445c319f229fc69,sensitivity_010_baseline,administered,2354.3716013530293,27.0,0.47644761647243605,0.0
a2aa91e2eae9f3ab86491f4b,sensitivity_010_baseline,administered,2160.6730074764655,81.0,0.0,0.0
8781d1e9d3bea7fbccc2d9bb,sensitivity_010_baseline,administered,2055.8912833813556,34.0,0.7631225242955217,0.0
8668de7a8b369309e5849634,sensitivity_010_baseline,administered,3115.079628193087,0.0,0.0,0.0
71564fa70d05c10007cffcb7,sensitivity_010_baseline,administered,3106.5284650868603,0.0,0.0,0.0
022eea4216595d60e337f729,sensitivity_010_baseline,market,2463.132581078369,0.0,0.0,0.0
6f2069495a72ba4e20b061e6,sensitivity_010_baseline,market,2374.012011493558,0.0,0.0,0.0
bcd219eeb16ee3cc16c3e881,sensitivity_010_baseline,market,2238.366656236931,1.0,0.45977324829734734,0.0
5105232010ff16ca5fa35b9a,sensitivity_010_baseline,market,2804.3976733979666,0.0,0.0,0.0
c504448572ee8f653335b0d9,sensitivity_010_baseline,market,2945.255988991919,0.0,0.0,0.0
c040c8d92eb15a8b55575689,sensitivity_010_shock,administered,2662.442928695464,12.0,3.7471486535656577,0.0
e3852c11d3b49fa22c31aa44,sensitivity_010_shock,administered,2449.29745918892,62.0,0.0,0.0
513ab9681ef72d4e81be4b68,sensitivity_010_shock,administered,2357.436668284282,27.0,0.3871122926979975,0.0
69ecadf1485c0955aca28885,sensitivity_010_shock,administered,3233.769357781733,0.0,0.0,0.0
cc7dd61f13a2c8a65b108c1a,sensitivity_010_shock,administered,3227.957175267153,0.0,0.0,0.0
32ad6b336146389df928457d,sensitivity_010_shock,market,2637.4625360768987,0.0,0.0,0.0
ca0047208596718d8add6263,sensitivity_010_shock,market,2632.9389596281785,0.0,0.0,0.0
7ad371fa7ec1003d5ec95a8c,sensitivity_010_shock,market,2504.718008471504,0.0,0.0,0.0
188330a3ed01075f76726bea,sensitivity_010_shock,market,2933.159151691617,0.0,0.0,0.0
632b19b91924c80d992bcd7b,sensitivity_010_shock,market,3067.416361808372,0.0,0.0,0.0
d3a99e12db2b3163161f1e4e,sensitivity_011_baseline,administered,2910.7689247600756,0.0,0.0,0.0
7a549ccc52fb2a8bbaed0cda,sensitivity_011_baseline,administered,3577.4901930249675,3.0,0.0,0.0
f5997d3fb57c3b200d4156ab,sensitivity_011_baseline,administered,3500.347933368071,0.0,0.0,0.0
63ddd2a4da2522f129d409ad,sensitivity_011_baseline,administered,3034.9296040147965,0.0,0.0,0.0
37f9f61016b3e79b4140a3be,sensitivity_011_baseline,administered,3466.4066455973352,0.0,0.0,0.0
38f31f1eebf7d6141433731d,sensitivity_011_baseline,market,2892.2977375587748,0.0,0.0,0.0
cdfedf2fe223baba7b57d40d,sensitivity_011_baseline,market,3530.165900983579,1.0,0.0,0.0
a6c4eb781cfaf0a45fbacdfb,sensitivity_011_baseline,market,3395.021081865616,0.0,0.0,0.0
5fddc43155d97cb01773edad,sensitivity_011_baseline,market,3023.1643435762876,0.0,0.0,0.0
311708cad73a11982a73545c,sensitivity_011_baseline,market,3379.6124509668516,0.0,0.0,0.0
7746d240f07da04b828a9232,sensitivity_011_shock,administered,3060.2256082984013,0.0,0.0,0.0
1a44ed37655678a3688e1f6b,sensitivity_011_shock,administered,3753.793602808122,2.0,0.0,0.0
ee4b4ba0a8773e6b9f71bad8,sensitivity_011_shock,administered,3634.891381079762,0.0,0.0,0.0
44a69696e5fcd513379f8d38,sensitivity_011_shock,administered,3157.244215685356,0.0,0.0,0.0
67539d4b13fe1283b5fd5f29,sensitivity_011_shock,administered,3579.5730055271406,0.0,0.0,0.0
a2929544d8c505ee5f8e2106,sensitivity_011_shock,market,3038.301510716754,0.0,0.0,0.0
f1de4772d99f22c1014fc3d9,sensitivity_011_shock,market,3696.2536126680816,1.0,0.0,0.0
042293f1f281b49851fe1881,sensitivity_011_shock,market,3525.143306910483,0.0,0.0,0.0
c20221c4159a0c61620d8ff9,sensitivity_011_shock,market,3143.2005810515834,0.0,0.0,0.0
b97caf19e9036b95dc36647f,sensitivity_011_shock,market,3501.470801376896,0.0,0.0,0.0
9e9cde6f2236fc38a6f3db85,sensitivity_012_baseline,administered,5388.5025698810705,0.0,0.0,0.0
54d2dd6c3ddca9b2509446b6,sensitivity_012_baseline,administered,3657.2511062921494,0.0,0.0,0.0
b150bca16e4584a45fa6683a,sensitivity_012_baseline,administered,4540.3636989295865,0.0,0.0,0.0
609b0360be7dc6593df63569,sensitivity_012_baseline,administered,2538.6080495569886,2.0,0.0,0.0
e0dbf2e30e0e073193402df7,sensitivity_012_baseline,administered,2925.2949398224537,0.0,0.0,0.0
f5d5642e8b2b818425fc7144,sensitivity_012_baseline,market,4779.438759084027,0.0,0.0,0.0
581bb7705987f3b8b280aa1d,sensitivity_012_baseline,market,3167.4685451565706,0.0,0.0,0.0
5c0faaa7aee0a16a5127150c,sensitivity_012_baseline,market,4111.9532983683785,0.0,0.0,0.0
ee10479decba63141975e9b8,sensitivity_012_baseline,market,2697.709453001412,0.0,0.0,0.0
c0e20cb4e8a76827565c2e1e,sensitivity_012_baseline,market,2784.236592114178,0.0,0.0,0.0
3e97e82cdf6c7bdcef987475,sensitivity_012_shock,administered,5648.99230429689,0.0,0.0,0.0
6c7541e5100bc54313221448,sensitivity_012_shock,administered,3840.180015361968,0.0,0.0,0.0
27a238a0f16f29264dea7940,sensitivity_012_shock,administered,4757.137221354603,0.0,0.0,0.0
6ca49109312108d1857e3b6e,sensitivity_012_shock,administered,2847.8529965810317,1.0,0.0,0.0
27318cd33eda9f22610ce4c0,sensitivity_012_shock,administered,3079.1845927135937,0.0,0.0,0.0
2affbe911775f8214f272109,sensitivity_012_shock,market,5050.112859262883,0.0,0.0,0.0
bc5c098cef900ec59af03cdf,sensitivity_012_shock,market,3508.838477738184,0.0,0.0,0.0
ff02e15f88e204814ef5bf8c,sensitivity_012_shock,market,4308.235965894874,0.0,0.0,0.0
caba9064fc5922ede0f1a98b,sensitivity_012_shock,market,2900.5221956404353,0.0,0.0,0.0
72b006b47e4ff9bb1ab68e20,sensitivity_012_shock,market,2916.528997523733,0.0,0.0,0.0
5674409854110f77d56b41ba,sensitivity_013_baseline,administered,3978.044547714627,0.0,0.0,0.0
1990d36599bb1899dc9f0cac,sensitivity_013_baseline,administered,2824.5185655151936,0.0,0.0,0.0
e2dab26a6ffde18fe62f0380,sensitivity_013_baseline,administered,3870.724975947048,0.0,0.0,0.0
46f71fce16896b05016cc4bc,sensitivity_013_baseline,administered,3087.416870693313,0.0,0.0,0.0
6c6de90068892745bc43a68c,sensitivity_013_baseline,administered,2485.499600795603,0.0,0.0,0.0
42b5ddcfca6adc9256fac89b,sensitivity_013_baseline,market,3855.2713064414775,0.0,0.0,0.0
b7db9b1a97cbd4e62a3de313,sensitivity_013_baseline,market,2789.275857404512,0.0,0.0,0.0
63aa78b3d3f111c71e51f911,sensitivity_013_baseline,market,3665.5495034205933,0.0,0.0,0.0
21919e241c59907c67facc20,sensitivity_013_baseline,market,2979.0826334790722,0.0,0.0,0.0
68ab92e5040bda8b2afac68d,sensitivity_013_baseline,market,2596.9938630746283,0.0,0.0,0.0
9fbb638bfa3fd5dc13f2f426,sensitivity_013_shock,administered,4112.709891214935,0.0,0.0,0.0
84effc7df2d2deffcfc98c48,sensitivity_013_shock,administered,3019.247223411481,0.0,0.0,0.0
d3daee6153dccf8a0e37db2b,sensitivity_013_shock,administered,4007.5578326611476,0.0,0.0,0.0
c3e66662776beb8bc0d22229,sensitivity_013_shock,administered,3278.2886993090224,0.0,0.0,0.0
195d0f27752e17b1870bcddf,sensitivity_013_shock,administered,2753.078533521935,0.0,0.0,0.0
d13513ac5e1e7cbc7a6f94f4,sensitivity_013_shock,market,3995.149243792374,0.0,0.0,0.0
e72607e69e34c7f169bcc2e0,sensitivity_013_shock,market,2952.315588441325,0.0,0.0,0.0
3aeff69bbdb831cb7e270a3a,sensitivity_013_shock,market,3808.185559535808,0.0,0.0,0.0
88fc4e9e5e7fb71dfd6f765f,sensitivity_013_shock,market,3174.90321742539,0.0,0.0,0.0
189e570566f38b7a81923c7f,sensitivity_013_shock,market,2790.143918187846,0.0,0.0,0.0
d27201d198755af55ca5d980,sensitivity_014_baseline,administered,3151.6282266943335,0.0,0.0,0.0
e4dd718d1ea0cf06ceffa5c5,sensitivity_014_baseline,administered,3382.929251848787,0.0,0.0,0.0
228977f82ce3915fba1c9f64,sensitivity_014_baseline,administered,2479.0877581992104,10.0,0.0,0.0
bae4a160fbcb766242bbae28,sensitivity_014_baseline,administered,2690.0193086461895,0.0,0.0,0.0
681c439a7f266549d05ac5dd,sensitivity_014_baseline,administered,2201.5107139302177,41.0,0.0,0.0
248edcb1a9a02bec3c501f25,sensitivity_014_baseline,market,3030.5417095411494,0.0,0.0,0.0
d9a8ae5ad23981c0aca6c087,sensitivity_014_baseline,market,3121.1307371662933,0.0,0.0,0.0
d84d621ea14a8eef218ddfd9,sensitivity_014_baseline,market,2624.268172958124,0.0,0.0,0.0
4b969e5ba51f09722b4b08f0,sensitivity_014_baseline,market,2657.4390300395407,0.0,0.0,0.0
a6cdd88a8297a42d4a9bcc58,sensitivity_014_baseline,market,2329.645889428752,0.0,0.0,0.0
b06efbd8389ba174dad958b2,sensitivity_014_shock,administered,3251.411731426788,0.0,0.0,0.0
3d5834656fb36880e110c0cc,sensitivity_014_shock,administered,3549.887335961179,0.0,0.0,0.0
a0dec637805304b623b3576b,sensitivity_014_shock,administered,2807.635722671923,0.0,0.0,0.0
79124b821f42fdc7ecdc8347,sensitivity_014_shock,administered,2927.571090291146,0.0,0.0,0.0
74dd5f83cd810f25398ffe7f,sensitivity_014_shock,administered,2549.3673431334037,0.0,0.0,0.0
ea668bcc97ca64fb8c47c1df,sensitivity_014_shock,market,3137.0476367258416,0.0,0.0,0.0
91f225729bb748939ef1f6d5,sensitivity_014_shock,market,3330.0005635048597,0.0,0.0,0.0
e6832625fba7fa2aa3d17160,sensitivity_014_shock,market,2885.165383063504,0.0,0.0,0.0
9969caff3eb6a43f056a4ed0,sensitivity_014_shock,market,2862.6793538416573,0.0,0.0,0.0
6e21511ee5a6dc5006111ffb,sensitivity_014_shock,market,2634.302106665212,0.0,0.0,0.0
88178cad456008f04c6c8cfc,sensitivity_015_baseline,administered,2253.512950051739,1.0,0.0,0.0
38f9404dcd9f6098a477fa9f,sensitivity_015_baseline,administered,3152.259156415139,0.0,0.0,0.0
4c3b8c7e0ef8bf9104d9c37b,sensitivity_015_baseline,administered,2215.745267818022,30.0,0.0,0.0
69cfaff0bc2d438884eade14,sensitivity_015_baseline,administered,3085.558987371304,0.0,0.0,0.0
23d75ae0c3b700bcfa24c548,sensitivity_015_baseline,administered,3422.39711395526,0.0,0.0,0.0
528555036c3ac374f67bf257,sensitivity_015_baseline,market,2494.57854649176,0.0,0.0,0.0
70be19a47a342ea3d6f2a3a9,sensitivity_015_baseline,market,2967.4955984834464,0.0,0.0,0.0
7465f7d8334486fa67c1158e,sensitivity_015_baseline,market,2403.4046193579798,0.0,0.0,0.0
99711713703270ee85af1464,sensitivity_015_baseline,market,2936.785010408265,0.0,0.0,0.0
89f2f19b4058b5b5d5842abd,sensitivity_015_baseline,market,3145.6104643025665,0.0,0.0,0.0
b1a750c68b47467b84dfb7de,sensitivity_015_shock,administered,2607.911311007657,0.0,0.0,0.0
c2adbe66d9d1c2f699e0fa4e,sensitivity_015_shock,administered,3284.662248340366,0.0,0.0,0.0
bcc21b08dcf0ccb1cf5cbeb9,sensitivity_015_shock,administered,2527.2761455821556,3.0,0.0,0.0
024295c00ca03bfc82a184ad,sensitivity_015_shock,administered,3201.5635274919296,0.0,0.0,0.0
08f857367e10d0b0469b39fc,sensitivity_015_shock,administered,3542.7872488646344,0.0,0.0,0.0
5c0eecf6fdb71c0285452864,sensitivity_015_shock,market,2708.6526550764484,0.0,0.0,0.0
7ab438a24758e781af4c18f1,sensitivity_015_shock,market,3092.652120215779,0.0,0.0,0.0
4baf04dd3d8170cc3d29f27f,sensitivity_015_shock,market,2653.9840683148495,0.0,0.0,0.0
14f8a30aa7b0a3e83dc7e1b6,sensitivity_015_shock,market,3053.866670005467,0.0,0.0,0.0
07efbe678bfa7b05dd8d25f8,sensitivity_015_shock,market,3267.2753072132173,0.0,0.0,0.0
f1b414fe2a3aa1416423468c,sensitivity_016_baseline,administered,2253.5980354887756,1.0,0.0,0.0
589647843f74788b0a7c2457,sensitivity_016_baseline,administered,4850.832702975916,0.0,0.0,0.0
ad799e517f2743b382ab5d46,sensitivity_016_baseline,administered,3074.5779787916567,0.0,0.0,0.0
c3d98c42715bf50a4af0893b,sensitivity_016_baseline,administered,3450.9490523906857,0.0,0.0,0.0
710160a742b80332c20e29ca,sensitivity_016_baseline,administered,2928.4888984638483,0.0,0.0,0.0
bbf9ea86dc05ddd1383de4fb,sensitivity_016_baseline,market,2405.9937541250615,0.0,0.0,0.0
97b1156e3a76ae0208dd0013,sensitivity_016_baseline,market,4564.255754545019,0.0,0.0,0.0
8d104019433cd1479a622c4d,sensitivity_016_baseline,market,2929.801427350939,0.0,0.0,0.0
2cb62791618a4d993167e9ae,sensitivity_016_baseline,market,3268.132473510178,0.0,0.0,0.0
885b2dbd48d1f8ccf4698f37,sensitivity_016_baseline,market,2869.3948416006924,0.0,0.0,0.0
d1cbfff4f60868def874637c,sensitivity_016_shock,administered,2602.9185818087917,0.0,0.0,0.0
84346b0ecf827cb83639dd20,sensitivity_016_shock,administered,5041.616722224106,0.0,0.0,0.0
df72333d6c0a3bfa3888e813,sensitivity_016_shock,administered,3208.3115520000883,0.0,0.0,0.0
a83b02db100eba894399721b,sensitivity_016_shock,administered,3603.0839936534544,0.0,0.0,0.0
ce4ef23bbe456b1f2e7058a9,sensitivity_016_shock,administered,3102.727140783171,0.0,0.0,0.0
f2cfead214a6797e1a5bde9d,sensitivity_016_shock,market,2657.232930508742,0.0,0.0,0.0
687a7e0f7d044505d580f803,sensitivity_016_shock,market,4783.392685819323,0.0,0.0,0.0
dfa2750f0d7c49a1ab6a51ba,sensitivity_016_shock,market,3065.1819729620725,0.0,0.0,0.0
114c931fbadc76eab9ef4cc8,sensitivity_016_shock,market,3432.8683666249226,0.0,0.0,0.0
5d7cf6b2e6eb0c1c0a50bb0d,sensitivity_016_shock,market,3025.0045649669414,0.0,0.0,0.0
bda4a99af6acbe1fd2b03f97,sensitivity_017_baseline,administered,3026.0148737383715,0.0,0.0,0.0
48361fb53997c239fd547b03,sensitivity_017_baseline,administered,4028.5304950995223,0.0,0.0,0.0
44ef642becc93ea05ed2fe79,sensitivity_017_baseline,administered,3224.5023257182465,0.0,0.0,0.0
c3a4e71e4422a4988b6f7a0e,sensitivity_017_baseline,administered,2876.391841890396,0.0,0.0,0.0
4c06d22676731693dca33a52,sensitivity_017_baseline,administered,3522.399049822511,0.0,0.0,0.0
ea38705f036ca0c32fe9d421,sensitivity_017_baseline,market,2927.573428540155,0.0,0.0,0.0
8cbd2c83bae8521f1730ad0c,sensitivity_017_baseline,market,3705.8479688097063,0.0,0.0,0.0
87e5aae1ee9c9d3301c9e7f0,sensitivity_017_baseline,market,3146.878529091341,0.0,0.0,0.0
3031987dd8d15ac5f0fb485a,sensitivity_017_baseline,market,2816.130181135566,0.0,0.0,0.0
9940f8f4618f4e2bb254510d,sensitivity_017_baseline,market,3263.9440291666897,0.0,0.0,0.0
346029dd0cf1a3ea9d07dd81,sensitivity_017_shock,administered,3188.0537980148924,0.0,0.0,0.0
cedc406abf84950dfcafb34b,sensitivity_017_shock,administered,4178.026436438194,0.0,0.0,0.0
aacacec9ac0b00b848f1d77d,sensitivity_017_shock,administered,3337.484179020812,0.0,0.0,0.0
432b0567d4937e45462b53e3,sensitivity_017_shock,administered,3046.0762112360444,0.0,0.0,0.0
b2e67a04eb446c23d0dbd137,sensitivity_017_shock,administered,3647.8806954122856,0.0,0.0,0.0
3c9565047ad28b4b08b1192b,sensitivity_017_shock,market,3112.6102027554243,0.0,0.0,0.0
0729808a4438b3e8ad518a98,sensitivity_017_shock,market,3886.558089484248,0.0,0.0,0.0
e8ed6af09e6d86f5ad1e7b99,sensitivity_017_shock,market,3254.595902646218,0.0,0.0,0.0
39d53e46af81b9e428c9234e,sensitivity_017_shock,market,2959.7265371633744,0.0,0.0,0.0
69bb39551a07ceac88a9632a,sensitivity_017_shock,market,3409.3780459121017,0.0,0.0,0.0
3dd7e9eac2f7a9fd898fd5fb,sensitivity_018_baseline,administered,2411.4294191594854,7.0,20.60476348997753,0.0
ad4aaac669242e2a781fdf1b,sensitivity_018_baseline,administered,3251.699428041424,0.0,0.0,0.0
3afd1a06b9a5c2c920288517,sensitivity_018_baseline,administered,3727.955088900315,0.0,0.0,0.0
33b1e7bf35f372f4bff680f9,sensitivity_018_baseline,administered,2447.4330986716964,2.0,0.0,0.0
9b1b0a16aff1953dd3efd5fe,sensitivity_018_baseline,administered,2345.9400606154713,98.0,1.5280638065502097,0.0
09014804212f8e453e185c27,sensitivity_018_baseline,market,2470.306484120685,3.0,9.162579527265821,0.0
308e3a583475a2ec7ffc7e1d,sensitivity_018_baseline,market,3117.505779526499,0.0,0.0,0.0
19a377ef8db6290aa0ae3434,sensitivity_018_baseline,market,3426.7220068807355,0.0,0.0,0.0
c576c6a5330c5d1997d56a48,sensitivity_018_baseline,market,2602.8954599348963,0.0,0.0,0.0
75da5063b8bf409f929acd0e,sensitivity_018_baseline,market,2461.5991182567245,0.0,0.0,0.0
f9702f0bcf1e261f00598fe9,sensitivity_018_shock,administered,2697.7000121976143,8.0,22.970467825803738,0.0
c04a0da8c78190b0b07b36c3,sensitivity_018_shock,administered,3365.709551566921,0.0,0.0,0.0
bc569fdb93bb2f6c90b954fb,sensitivity_018_shock,administered,3896.616167083409,0.0,0.0,0.0
81f34bfecb3ac1c85a3bd5c5,sensitivity_018_shock,administered,2769.0168332276126,0.0,0.0,0.0
cb29a492b3a95764b5e8a04a,sensitivity_018_shock,administered,2646.821199351655,50.0,4.581464591295866,0.0
7d8b7bcfd6f984e0d79a963f,sensitivity_018_shock,market,2694.9323492902163,2.0,7.5363860359720505,0.0
9795f4551e4c45f9f08c070d,sensitivity_018_shock,market,3238.186200156394,0.0,0.0,0.0
41f5fbf20018a95064c2508b,sensitivity_018_shock,market,3623.7849455940136,0.0,0.0,0.0
abaa2aa7c3bc9b88d3a34133,sensitivity_018_shock,market,2782.08651418099,0.0,0.0,0.0
915d463e8e6a64e3ff773d7d,sensitivity_018_shock,market,2741.973457115894,0.0,0.0,0.0
e69e1b8f3e1a23ae019a8ace,sensitivity_019_baseline,administered,3080.594311214019,0.0,0.0,0.0
2f5d0838f6d66588293ae0b0,sensitivity_019_baseline,administered,2955.3830782525097,0.0,0.0,0.0
0dc9c36ffc390e845f287482,sensitivity_019_baseline,administered,3105.093068806632,0.0,0.0,0.0
b415f6a0b3d684988e49f8f7,sensitivity_019_baseline,administered,3195.366156085769,0.0,0.0,0.0
647ab6a0d38103597f852104,sensitivity_019_baseline,administered,2951.0785941320255,0.0,0.0,0.0
bec1712e409f80f7a3649b74,sensitivity_019_baseline,market,2909.565047908797,0.0,0.0,0.0
ae77d8bc12f651c503b737f2,sensitivity_019_baseline,market,2822.0092476376813,0.0,0.0,0.0
c757bc3723f5891e155f865c,sensitivity_019_baseline,market,2909.9215564228007,0.0,0.0,0.0
e95796351bada06c54ab3253,sensitivity_019_baseline,market,2990.791506720918,0.0,0.0,0.0
51b25f2566dad4f3e084144a,sensitivity_019_baseline,market,2769.1551955994933,0.0,0.0,0.0
103937157d6aaa2aa792f48d,sensitivity_019_shock,administered,3201.5023186022254,0.0,0.0,0.0
5fe5ccef7ae570642724be65,sensitivity_019_shock,administered,3060.853583742234,0.0,0.0,0.0
7b2cfef51824a3bad6fc5758,sensitivity_019_shock,administered,3309.27021790925,0.0,0.0,0.0
8f5567af81cac528d771186b,sensitivity_019_shock,administered,3350.4444608871577,0.0,0.0,0.0
ea5203e3035a7783143ba40d,sensitivity_019_shock,administered,3104.9205495376996,0.0,0.0,0.0
d981f242cdddbe9c2577c020,sensitivity_019_shock,market,3039.2593012830325,0.0,0.0,0.0
050571eb64a364226835f33b,sensitivity_019_shock,market,2927.4120059363986,0.0,0.0,0.0
15f264e11a31c677f0f61816,sensitivity_019_shock,market,3093.9513030743105,0.0,0.0,0.0
5ccc19a896b6121c8d3a0088,sensitivity_019_shock,market,3167.037274591917,0.0,0.0,0.0
9af77fb39444a86ac691403b,sensitivity_019_shock,market,2915.170313311745,0.0,0.0,0.0
7d132cf88c68b5ea8221c9ac,sensitivity_020_baseline,administered,3086.6115800405196,0.0,0.0,0.0
aacbf7f196413e9a26bdf7eb,sensitivity_020_baseline,administered,2310.7283915942485,173.0,13.383997765715254,0.0
d14d1befa22ebe223ef1e0e3,sensitivity_020_baseline,administered,2602.081517858414,2.0,0.0,0.0
692f5ea54ac73d5dd08d5f8a,sensitivity_020_baseline,administered,2409.9653526654847,29.0,0.0,0.0
636b6cf1507ba2129b636d74,sensitivity_020_baseline,administered,3335.2866442744116,0.0,0.0,0.0
e9f4e00a91bfbad4a0cd3c2c,sensitivity_020_baseline,market,3069.3926754596787,0.0,0.0,0.0
480d241937b2a7a7162554f9,sensitivity_020_baseline,market,2218.901645491375,115.0,5.245324851908975,0.0
bf33ab0f458a35eb42791331,sensitivity_020_baseline,market,2654.237151677488,0.0,0.0,0.0
e0c894abd1bd2df8b05006d9,sensitivity_020_baseline,market,2433.862676825299,5.0,0.0,0.0
cad072997d72933eb3256766,sensitivity_020_baseline,market,3300.277849979339,0.0,0.0,0.0
b7c2757a09df9e6fdc71a7f8,sensitivity_020_shock,administered,3277.741017009019,0.0,0.0,0.0
f2a574589c4a369a3a11c652,sensitivity_020_shock,administered,2572.0621386386038,189.0,5.238692354992871,0.0
cc5e10cdcf8f728ebe054a3b,sensitivity_020_shock,administered,2868.256125645471,0.0,0.0,0.0
29f9a7945adab07e23ad9c4c,sensitivity_020_shock,administered,2701.8478362099368,8.0,0.0,0.0
6e498106e4e3aac16131dc25,sensitivity_020_shock,administered,3445.7166862818217,0.0,0.0,0.0
9f7c6040e031cc80a21016b0,sensitivity_020_shock,market,3240.1062861065498,0.0,0.0,0.0
106490e1cc8a4590b045e8b5,sensitivity_020_shock,market,2548.363635165067,139.0,4.311826829706502,0.0
cde66700c6c44f74971d85ca,sensitivity_020_shock,market,2878.533647395023,0.0,0.0,0.0
f182499a67894bf41d5ffb1d,sensitivity_020_shock,market,2707.8453178431805,1.0,0.0,0.0
a9f1b9eb03c56b49c5082dd1,sensitivity_020_shock,market,3407.7465875824078,0.0,0.0,0.0
ab8a51caa66331106da17af6,sensitivity_021_baseline,administered,2528.1966556739826,7.0,0.30047795674457456,0.0
a0ccb65d4dfaccf07f97f1c0,sensitivity_021_baseline,administered,3279.550786387067,0.0,0.0,0.0
a70ad2092af3c0a93501827c,sensitivity_021_baseline,administered,3696.485018214265,0.0,0.0,0.0
79571140a1ca1acfdbec5c05,sensitivity_021_baseline,administered,3357.0589479783007,0.0,0.0,0.0
d8abbd89e5a5f394f4e6a151,sensitivity_021_baseline,administered,2324.0215335243834,0.0,0.0,0.0
718ad6338e99074f85ddf51b,sensitivity_021_baseline,market,2527.632528711343,0.0,0.0,0.0
3521668d66c892459243870a,sensitivity_021_baseline,market,3180.373538944005,0.0,0.0,0.0
3cd97d6699f590897a1fb5a9,sensitivity_021_baseline,market,3363.208696598127,0.0,0.0,0.0
c29789774a0be40c2ef569f4,sensitivity_021_baseline,market,3135.4849813861656,0.0,0.0,0.0
79f630e5160e5249fd48bc30,sensitivity_021_baseline,market,2338.970054835298,0.0,0.0,0.0
0057795391e30ca143444f86,sensitivity_021_shock,administered,2828.581987032155,5.0,0.0,0.0
7971a5ce726842bcfd370d2b,sensitivity_021_shock,administered,3541.961202066788,0.0,0.0,0.0
c74d356fae3624ba3eac4e69,sensitivity_021_shock,administered,3856.9528659593716,0.0,0.0,0.0
16e3f8cfd456f47548fec0f5,sensitivity_021_shock,administered,3506.6565739625808,0.0,0.0,0.0
2c1b60fe2d57f72a021aced4,sensitivity_021_shock,administered,2658.6367952932887,0.0,0.0,0.0
4161c5a77aee474eaa2744c4,sensitivity_021_shock,market,2801.7586635784164,1.0,0.1755880667229035,0.0
11826e3d34ec6b19ce016e78,sensitivity_021_shock,market,3465.240911204135,0.0,0.0,0.0
dcddfed55e3cb32fa1e3617d,sensitivity_021_shock,market,3680.9425906097345,0.0,0.0,0.0
392e44d65e9ff54e58a89bcb,sensitivity_021_shock,market,3350.256098855185,0.0,0.0,0.0
4636b9385f3d0e27673cd7f1,sensitivity_021_shock,market,2648.6493793943387,0.0,0.0,0.0
868bc5d59fe8a0d54d67d23e,sensitivity_022_baseline,administered,3354.653875512603,0.0,0.0,0.0
85b6ab6963c09a3714c5eacd,sensitivity_022_baseline,administered,2881.108739460525,7.0,0.0,0.0
978b748034bd66130c9b9ab8,sensitivity_022_baseline,administered,3036.0179321233045,0.0,0.0,0.0
cd9ecc98f0f4b6212f4b8317,sensitivity_022_baseline,administered,2299.336810620593,133.0,7.952328172801504,0.0
515208317ea04ea27f3f2507,sensitivity_022_baseline,administered,2984.1852911872706,5.0,0.2204366938361959,0.0
a0baa51900c9f2dc17c68a8a,sensitivity_022_baseline,market,3294.8401849896713,0.0,0.0,0.0
197a9427bec9bce0dfdb0ef9,sensitivity_022_baseline,market,2862.751808646653,1.0,4.353283932694372,0.0
de5d837c78d77ebabd9afe37,sensitivity_022_baseline,market,3010.1710035268297,0.0,0.0,0.0
b6e62c352a483be07518e5d0,sensitivity_022_baseline,market,2255.602379306686,70.0,22.101533183433286,0.0
48c8c602e21e6a275e78099d,sensitivity_022_baseline,market,2947.195537926429,0.0,0.0,0.0
dc10d4fd90c8e5fda88d29c7,sensitivity_022_shock,administered,3509.2695632252467,0.0,0.0,0.0
23f8f705990bf8819f80c752,sensitivity_022_shock,administered,3053.233263904955,2.0,0.0,0.0
e61968e5dd1d17b854672ae2,sensitivity_022_shock,administered,3196.4477813830044,0.0,0.0,0.0
2093673e617c36fb7c0abadc,sensitivity_022_shock,administered,2596.5439096569535,75.0,11.27653867775359,0.0
519b0003299ea4cfacfdd219,sensitivity_022_shock,administered,3206.2811148866836,3.0,0.0,0.0
baf2af2d83cb2d7bdc742698,sensitivity_022_shock,market,3439.523375082664,0.0,0.0,0.0
3c93381535d70fbd7ceffc8b,sensitivity_022_shock,market,3012.2517615249362,0.0,0.0,0.0
a373b738500aa3d6cb8985f0,sensitivity_022_shock,market,3162.89855880268,0.0,0.0,0.0
cab3fd634ff41e318ad643fd,sensitivity_022_shock,market,2547.4108521107464,50.0,14.830807681421751,0.0
fc17ba2a961ae2e90ca0d600,sensitivity_022_shock,market,3161.0306962994073,2.0,0.0,0.0
8a59666985147f49581bc8fc,sensitivity_023_baseline,administered,2117.801336396271,0.0,0.0,0.0
f3a9b576b6a13efc90b64daa,sensitivity_023_baseline,administered,2590.2337032578407,13.0,0.0,0.0
4bb24b45f840778f24f92919,sensitivity_023_baseline,administered,2438.2694319501784,0.0,0.0,0.0
ebd750cdd6cb0229ab424ea6,sensitivity_023_baseline,administered,2897.10679621211,0.0,0.0,0.0
3fe38160a7dbd13565bb0cf3,sensitivity_023_baseline,administered,2420.298528778438,9.0,0.0,0.0
d12cf8ca9bbdf94c47c03ca5,sensitivity_023_baseline,market,2441.582077734699,0.0,0.0,0.0
b7ab05eff8b88402bdbd20f8,sensitivity_023_baseline,market,2578.0377716081694,0.0,0.0,0.0
10e53d3e5d2c916aef7bd6bc,sensitivity_023_baseline,market,2571.098035816672,0.0,0.0,0.0
45d89e1cc260fe47f8705440,sensitivity_023_baseline,market,2728.120184198956,0.0,0.0,0.0
d3abd607c7a7e0209bf8a170,sensitivity_023_baseline,market,2591.1660600783875,0.0,0.0,0.0
a9a4858f9696f26fd5fd4f8f,sensitivity_023_shock,administered,2481.157683259999,0.0,0.0,0.0
6a9ca67e022b01744cdd813a,sensitivity_023_shock,administered,2845.894586945723,10.0,0.0,0.0
6ba01816044f98c59d2208f7,sensitivity_023_shock,administered,2731.1275953351933,0.0,0.0,0.0
b5d5f285d6ae3e33e15fa877,sensitivity_023_shock,administered,3029.961156288272,0.0,0.0,0.0
6cc43797893d28adace51571,sensitivity_023_shock,administered,2733.5125028074267,0.0,0.0,0.0
65c5a78edae602f8959f2ee2,sensitivity_023_shock,market,2617.0717452228673,0.0,0.0,0.0
b2d023ec3b9a5277b5edec0c,sensitivity_023_shock,market,2760.13242677232,0.0,0.0,0.0
c989b7494f9096f5531854b5,sensitivity_023_shock,market,2733.002877819725,0.0,0.0,0.0
99aebb5a4f139d09becbe0b7,sensitivity_023_shock,market,2838.445450896207,0.0,0.0,0.0
fc9bbf25275b895fd0ee312b,sensitivity_023_shock,market,2765.393273145967,0.0,0.0,0.0
7c81d3767b0cf95977596f22,sensitivity_024_baseline,administered,3475.9281288831417,0.0,0.0,0.0
dc472674709ed6d8f92ed13b,sensitivity_024_baseline,administered,2480.925962574296,9.0,0.0,0.0
dcb4105a103887fbc550b316,sensitivity_024_baseline,administered,3095.7716735667755,0.0,0.0,0.0
0bcdac184ede4ea11abb969d,sensitivity_024_baseline,administered,2811.8269145760637,0.0,0.0,0.0
c5759c91c51846cc40535b12,sensitivity_024_baseline,administered,2625.4005774536517,0.0,0.0,0.0
5d9ce5b2ed613b2dc50f9b45,sensitivity_024_baseline,market,3405.1186809714327,0.0,0.0,0.0
84e5ee96533ef1b1bcf89dfb,sensitivity_024_baseline,market,2477.97476394677,4.0,10.905564827765575,0.0
4bd822e9f48519e884e9eae4,sensitivity_024_baseline,market,3063.955656977451,0.0,0.0,0.0
ce06426bed2d5fd14e7edf5d,sensitivity_024_baseline,market,2800.920390949255,0.0,0.0,0.0
568a7932e205d66614afe5c5,sensitivity_024_baseline,market,2611.6922723376556,0.0,0.0,0.0
d856805902b6fa1cc6969264,sensitivity_024_shock,administered,3606.087622088647,0.0,0.0,0.0
76a0fef4cd7c7310401ac431,sensitivity_024_shock,administered,2774.858766331019,6.0,0.1773693333817743,0.0
af73bc80f06c0f3b6712269e,sensitivity_024_shock,administered,3222.298254878052,0.0,0.0,0.0
a9a3f779da9ad30736c7a350,sensitivity_024_shock,administered,3039.865587810222,0.0,0.0,0.0
b0d3983a327f160ed9408b61,sensitivity_024_shock,administered,2881.976701878046,0.0,0.0,0.0
137bc6560e8f8736813141ad,sensitivity_024_shock,market,3532.723880587915,0.0,0.0,0.0
9cb3a0c1577cc89511b3ae3e,sensitivity_024_shock,market,2756.378639915988,2.0,6.216364304580607,0.0
e194d863d8cc934c81d18cd1,sensitivity_024_shock,market,3185.5441848087385,0.0,0.0,0.0
3bcb4d10080ffcfab3131105,sensitivity_024_shock,market,3013.3429362821817,0.0,0.0,0.0
5a2571e0134468496000cdc6,sensitivity_024_shock,market,2865.0450306017747,0.0,0.0,0.0
26479abd94084b60f85d4238,sensitivity_025_baseline,administered,3040.7779321700355,0.0,0.0,0.0
baed69d53bff4e057133f344,sensitivity_025_baseline,administered,3101.150693512112,1.0,0.0,0.0
97a75fe3ba2768b3c850830f,sensitivity_025_baseline,administered,3393.9093347496573,0.0,0.0,0.0
570252e47d19c5c80dc42405,sensitivity_025_baseline,administered,3001.6808284101508,0.0,0.0,0.0
200076c10e497ef54f818f3b,sensitivity_025_baseline,administered,2772.373928776494,0.0,0.0,0.0
d5edd5593d97b9277d773a21,sensitivity_025_baseline,market,3024.612328527967,0.0,0.0,0.0
d5a587c6e8969c1a4e043ba7,sensitivity_025_baseline,market,3075.146297007586,0.0,0.0,0.0
c80f480034fce0cefe0c41b8,sensitivity_025_baseline,market,3325.0232490886488,0.0,0.0,0.0
3e003c3bd79c125fadb800fc,sensitivity_025_baseline,market,2987.7393397737856,0.0,0.0,0.0
95ebf8fef6feeb08e5ff39df,sensitivity_025_baseline,market,2751.3487552729193,0.0,0.0,0.0
5ed73c1313172bb44e6df7bf,sensitivity_025_shock,administered,3190.143297845997,0.0,0.0,0.0
b078d70a97f66c8a06188230,sensitivity_025_shock,administered,3227.0129207109217,0.0,0.0,0.0
b3308b94086095ca8a3391ac,sensitivity_025_shock,administered,3493.7687372848336,0.0,0.0,0.0
738380acaeed3d67829489d2,sensitivity_025_shock,administered,3123.7986321221397,0.0,0.0,0.0
1aa2c53377f558f98d6ea55c,sensitivity_025_shock,administered,3021.052613453243,0.0,0.0,0.0
8614ca7b1411d7256571fea6,sensitivity_025_shock,market,3175.8650246345696,0.0,0.0,0.0
73219db0909b28a33471cbc1,sensitivity_025_shock,market,3198.8306923380114,0.0,0.0,0.0
5318c4ccad39b37bcd660348,sensitivity_025_shock,market,3422.807687909718,0.0,0.0,0.0
d83577ba571719faa0fa1454,sensitivity_025_shock,market,3105.7396916483945,0.0,0.0,0.0
995fbb37d9d630e38220dab9,sensitivity_025_shock,market,2985.96444843049,0.0,0.0,0.0
0a4dcbc6bea6def4aac66389,sensitivity_026_baseline,administered,2501.1331146522157,0.0,0.0,0.0
c289d68ef8767a52708782dd,sensitivity_026_baseline,administered,2968.823927000998,0.0,0.0,0.0
2a5a32b743931572505521cc,sensitivity_026_baseline,administered,2596.19180991109,3.0,0.0,0.0
12e8702de74fe80b6681c46b,sensitivity_026_baseline,administered,2891.5429845003187,0.0,0.0,0.0
696071ff059f6c97155e698c,sensitivity_026_baseline,administered,3111.709257701693,0.0,0.0,0.0
fdb4337db750eb83546d4d4f,sensitivity_026_baseline,market,2480.2050424216754,0.0,0.0,0.0
8988fc70ab97c0091741778e,sensitivity_026_baseline,market,2938.5162631291078,0.0,0.0,0.0
d89920af99d5d02b0c9c90ff,sensitivity_026_baseline,market,2589.3945337138207,0.0,0.0,0.0
b45cd94bf32c8e9d4c2efdc0,sensitivity_026_baseline,market,2878.775373566542,0.0,0.0,0.0
794f19562859d3214cfebbdb,sensitivity_026_baseline,market,3080.5426622749555,0.0,0.0,0.0
3193e2acd93852848cfb5995,sensitivity_026_shock,administered,2788.6857030845035,0.0,0.0,0.0
daf643329de3ad78464242f5,sensitivity_026_shock,administered,3172.2264329588465,0.0,0.0,0.0
9e907950ffae2450aa5a9ea5,sensitivity_026_shock,administered,2901.133359332434,0.0,0.0,0.0
5c84812744b980e9a3eaad90,sensitivity_026_shock,administered,3056.695943482093,0.0,0.0,0.0
a6cdb7bf4384c8e35a2e5dba,sensitivity_026_shock,administered,3360.43544851268,0.0,0.0,0.0
e465dadf026afbd2445c01e3,sensitivity_026_shock,market,2767.8584490590156,0.0,0.0,0.0
7be69acd285daddf14d433be,sensitivity_026_shock,market,3141.692808730134,0.0,0.0,0.0
588f068472f72415c9c7fb5a,sensitivity_026_shock,market,2880.253834030143,0.0,0.0,0.0
f8a7dfc9d3a6250ca8df976d,sensitivity_026_shock,market,3046.412725525102,0.0,0.0,0.0
3f58ef09907f27db195e9237,sensitivity_026_shock,market,3324.4125838345662,0.0,0.0,0.0
7512bee108159b0ef2d470dd,sensitivity_027_baseline,administered,2637.035400238399,0.0,0.0,0.0
de3f2b2a299d29b2653addcb,sensitivity_027_baseline,administered,2620.710905243912,1.0,0.0,0.0
965b58233b6f5feca73511ac,sensitivity_027_baseline,administered,2009.4382559941555,27.0,0.0,0.0
c6daccf3e391446135a3d889,sensitivity_027_baseline,administered,3617.0761006229372,0.0,0.0,0.0
324394f640d0b2c1043fb1b8,sensitivity_027_baseline,administered,2949.9212668284804,16.0,2.2290295985523527,0.0
7bb83edc1a5223066b1fd226,sensitivity_027_baseline,market,2614.9783779773907,0.0,0.0,0.0
147907025deba916077e4702,sensitivity_027_baseline,market,2592.3468751614887,0.0,0.0,0.0
973187c751bb69dc9174f81d,sensitivity_027_baseline,market,2045.8159867391519,0.0,0.0,0.0
a955046844abcf9cf86141ed,sensitivity_027_baseline,market,3519.261519816543,0.0,0.0,0.0
91ab39aafec796ec56ff3847,sensitivity_027_baseline,market,2907.2332351917007,7.0,3.0668429172360434,0.0
dae9060708867b94e9739888,sensitivity_027_shock,administered,2832.435905051879,0.0,0.0,0.0
4c5bb3de1d1f88238128fbb4,sensitivity_027_shock,administered,2923.918255587845,0.0,0.0,0.0
f5f6b3cfdfb19e381f280946,sensitivity_027_shock,administered,2353.242908386835,3.0,0.0,0.0
c51a2a5882aaa635b5422783,sensitivity_027_shock,administered,3735.641304061892,0.0,0.0,0.0
09127ad43ecbfb29f90b715f,sensitivity_027_shock,administered,3170.7847476243196,4.0,0.0,0.0
8d07e2237aebb651b1d52cce,sensitivity_027_shock,market,2802.854184346706,0.0,0.0,0.0
fef8c4a3c61c2719cd55faf9,sensitivity_027_shock,market,2888.527620380038,0.0,0.0,0.0
497bf8fdcb3c38c53e9d7622,sensitivity_027_shock,market,2379.5290724573615,0.0,0.0,0.0
f6f7a863265a3700cf05f5c8,sensitivity_027_shock,market,3659.528777849925,0.0,0.0,0.0
920840dcd95bbf8bb0652cb3,sensitivity_027_shock,market,3134.7137424518014,3.0,0.4551658574911208,0.0
1f3e42be44cdc238e01caf54,sensitivity_028_baseline,administered,3502.09418784323,0.0,0.0,0.0
4ac3aa3ad43addfd6320ea26,sensitivity_028_baseline,administered,3033.273757586516,0.0,0.0,0.0
70baef9f353d306b89e2c91d,sensitivity_028_baseline,administered,3553.7753124244973,0.0,0.0,0.0
925df1a512c1932307648d9a,sensitivity_028_baseline,administered,2974.0665621269454,0.0,0.0,0.0
21e5093b52974458d188b3c8,sensitivity_028_baseline,administered,2929.215895656963,0.0,0.0,0.0
cac40ad8e479aa2df26ae934,sensitivity_028_baseline,market,3388.5044568884787,0.0,0.0,0.0
35ad437e7595078d3e3b301b,sensitivity_028_baseline,market,2840.325319022874,0.0,0.0,0.0
0e18cc46e05cae7ea8cdc787,sensitivity_028_baseline,market,3390.238943257095,0.0,0.0,0.0
f1af76cb3bc0df05026517d9,sensitivity_028_baseline,market,2859.245815263248,0.0,0.0,0.0
cac62021aec28b5c20dc6549,sensitivity_028_baseline,market,2803.4741399370823,0.0,0.0,0.0
399acb34705af098d8d0b1db,sensitivity_028_shock,administered,3614.9032458545726,0.0,0.0,0.0
c384d8d7f43dde3af8f3d2c8,sensitivity_028_shock,administered,3171.3383586761383,0.0,0.0,0.0
89b8d196e581236629b51564,sensitivity_028_shock,administered,3699.693076171505,0.0,0.0,0.0
897b8d28cb982e4ebc76bffc,sensitivity_028_shock,administered,3132.019943054647,0.0,0.0,0.0
c54bcf58d87983245924cf85,sensitivity_028_shock,administered,3132.517620790209,0.0,0.0,0.0
aa678ecef996498ba8fd27ff,sensitivity_028_shock,market,3523.840199381158,0.0,0.0,0.0
b265565b9a1042ef590d07d5,sensitivity_028_shock,market,2948.823726288281,0.0,0.0,0.0
f3baca50b81ab908bdea2239,sensitivity_028_shock,market,3537.333023183338,0.0,0.0,0.0
8ab21901f72f2088eca8f38a,sensitivity_028_shock,market,2997.781838008171,0.0,0.0,0.0
0db14fcca5280ba3ad13fe48,sensitivity_028_shock,market,3053.231791404101,0.0,0.0,0.0
c3587dca99b36e58a4211579,sensitivity_029_baseline,administered,2688.164821158633,0.0,0.0,0.0
443bfe6f48d5a6e1d2ac0aaa,sensitivity_029_baseline,administered,2412.13707320052,22.0,1.306785945774239,0.0
f658fa1583898bbe5560ed83,sensitivity_029_baseline,administered,2134.5424605756434,41.0,4.333503960803561,0.0
41fdee091f4e48b7e2bfc561,sensitivity_029_baseline,administered,2760.4691571459575,0.0,0.0,0.0
602bbcec8a58275700477728,sensitivity_029_baseline,administered,2533.014368891558,0.0,0.0,0.0
17537c9417028c088e8a2024,sensitivity_029_baseline,market,2659.230924989705,0.0,0.0,0.0
2c133f4b57d7410311ff5039,sensitivity_029_baseline,market,2527.99586554356,0.0,0.0,0.0
4f1d37dda87312a7fef765a0,sensitivity_029_baseline,market,2226.867116884196,0.0,0.0,0.0
28565e80744a82ae3ba28795,sensitivity_029_baseline,market,2658.4981919322377,0.0,0.0,0.0
e35ce5a37e3fa0af04408299,sensitivity_029_baseline,market,2548.012580544357,0.0,0.0,0.0
0b20a085ca5b4be74c483338,sensitivity_029_shock,administered,2946.9266857309644,0.0,0.0,0.0
c3913cb7e733d5c86f8d8b99,sensitivity_029_shock,administered,2723.0839861005006,7.0,1.8963433511086683,0.0
75e713d2d5a39ab2880fc54e,sensitivity_029_shock,administered,2450.322018525812,13.0,6.5472516708311,0.0
cb94921e27b70462c72899ad,sensitivity_029_shock,administered,2934.2847011664862,0.0,0.0,0.0
9cd9b6ec2166ed729df53a1f,sensitivity_029_shock,administered,2802.594703348764,0.0,0.0,0.0
90e5e28eeed8929a728f26ac,sensitivity_029_shock,market,2839.1192641005605,0.0,0.0,0.0
68af905f79b1836ce46f24cc,sensitivity_029_shock,market,2753.8326037331494,0.0,0.0,0.0
86deee1c1769dbc08750596c,sensitivity_029_shock,market,2536.387246128433,0.0,0.0,0.0
2c7d1b3c7ab220694ac4aab4,sensitivity_029_shock,market,2810.6475203217824,0.0,0.0,0.0
90ec6f61fc963c60da33e8f9,sensitivity_029_shock,market,2747.6466171259817,0.0,0.0,0.0
ace35208d86f256011e2d359,sensitivity_030_baseline,administered,3502.386536917441,0.0,0.0,0.0
2b79af9dfc3d8b0db875c6f2,sensitivity_030_baseline,administered,2144.7902314749667,27.0,1.5181774839069488,0.0
2811af6c4a1f53818bbf9360,sensitivity_030_baseline,administered,2564.8404741266263,4.0,0.0,0.0
2dd710910d8092b370b996b2,sensitivity_030_baseline,administered,2253.7742630811736,57.0,0.0,0.0
a35df36be0cf0de35c3bca19,sensitivity_030_baseline,administered,2170.0151533568815,78.0,6.666305383928371,0.0
4ed585bfbacc5d074f954b3c,sensitivity_030_baseline,market,3279.8479024601793,0.0,0.0,0.0
885be51a7924c0ed04bee7f0,sensitivity_030_baseline,market,2162.161791058034,6.0,1.1008835968777735,0.0
10eb60ca87cffeb79de12918,sensitivity_030_baseline,market,2619.7288285860113,0.0,0.0,0.0
a6942b560e9a51d98c8ac8ea,sensitivity_030_baseline,market,2401.8292049538923,0.0,0.0,0.0
ab1cdca5ae2b7ced49ce0333,sensitivity_030_baseline,market,2226.1202573174332,11.0,12.552565595903621,0.0
7720b8baa6c68db2bd623984,sensitivity_030_shock,administered,3651.1195587198113,0.0,0.0,0.0
be3844ad633842acbb39699d,sensitivity_030_shock,administered,2491.155337297286,16.0,2.4958884676034634,0.0
8c262a36eecf0d342e02bcdb,sensitivity_030_shock,administered,2854.3768247593976,0.0,0.0,0.0
bb2156e9c477f80166fad63c,sensitivity_030_shock,administered,2568.522740343667,1.0,0.0,0.0
a8bd5e9d29c5e9186c86dabd,sensitivity_030_shock,administered,2497.0404616688634,83.0,7.338294970095051,0.0
6b7db346308569daf9017909,sensitivity_030_shock,market,3483.1148469887453,0.0,0.0,0.0
2ebfb7659b07b7dde1a86f6f,sensitivity_030_shock,market,2487.574888539506,3.0,0.13726863555228697,0.0
4e20b92bd92dc9ab812072b8,sensitivity_030_shock,market,2872.4997168920777,1.0,0.0,0.0
ea1cf4deeae63b589bd8d5f3,sensitivity_030_shock,market,2682.033776479185,0.0,0.0,0.0
8547d2c58f74fde542b650d1,sensitivity_030_shock,market,2500.8322559669477,13.0,4.288386257872528,0.0
dac9f9fc726af9aa2e029878,sensitivity_031_baseline,administered,3142.1734038245777,0.0,0.0,0.0
83bfade8ddb832e55d2f7586,sensitivity_031_baseline,administered,3175.761067149321,0.0,0.0,0.0
7c18999d52f2ea3cdc0b9cb7,sensitivity_031_baseline,administered,2356.72217703399,13.0,0.0,0.0
5f602e550476ea0e3e4fd850,sensitivity_031_baseline,administered,2637.518860819009,0.0,0.0,0.0
e061177eff96814826bac974,sensitivity_031_baseline,administered,2779.6146978581887,0.0,0.0,0.0
26055d5b7c91910197c2d68c,sensitivity_031_baseline,market,3061.957393750455,0.0,0.0,0.0
af71d1ae504805a1b906bdbb,sensitivity_031_baseline,market,3103.284290735065,0.0,0.0,0.0
90c440fabed4f7270e12a5b2,sensitivity_031_baseline,market,2402.587473114839,0.0,0.0,0.0
6438dc296e0bc7a7e95414f7,sensitivity_031_baseline,market,2642.689039771481,0.0,0.0,0.0
7d360011e3b468986a47dd88,sensitivity_031_baseline,market,2778.3266634391343,0.0,0.0,0.0
217dbd32446c8140fb708c41,sensitivity_031_shock,administered,3242.495926489907,0.0,0.0,0.0
526efd13bae9419f8ab79d0b,sensitivity_031_shock,administered,3331.7796763796377,0.0,0.0,0.0
c2fe1adfa3f974133b61cf3b,sensitivity_031_shock,administered,2694.076512252549,1.0,0.0,0.0
8f1c79d6661803a49f83e434,sensitivity_031_shock,administered,2860.79263306003,0.0,0.0,0.0
dbd0ea131802a14744430a39,sensitivity_031_shock,administered,2999.5739192234155,0.0,0.0,0.0
5d78e158a3a10cc98440d402,sensitivity_031_shock,market,3156.612795173256,0.0,0.0,0.0
94fd7971afc21df7ad42effc,sensitivity_031_shock,market,3241.1653967943316,0.0,0.0,0.0
4fe446da25f38e910ad9f2d5,sensitivity_031_shock,market,2722.691391692886,0.0,0.0,0.0
e3d55925e79f44485e4aa58e,sensitivity_031_shock,market,2841.133561377879,0.0,0.0,0.0
69eeb6f81923fb87eacda055,sensitivity_031_shock,market,2978.738370169966,0.0,0.0,0.0
be1147106d1beab2c88443dd,sensitivity_032_baseline,administered,2828.4132004372063,0.0,0.0,0.0
bb377275c908a062af529ee2,sensitivity_032_baseline,administered,3792.816489348481,0.0,0.0,0.0
b7b7f7b3eadcd9240a6d3321,sensitivity_032_baseline,administered,2183.9910051665397,4.0,0.0,0.0
df31e462bc8c5d4df5098436,sensitivity_032_baseline,administered,2759.880523847235,0.0,0.0,0.0
5f0e683233af3e899460daa7,sensitivity_032_baseline,administered,2282.8068365939666,0.0,0.0,0.0
6abd6601bad73e3d884911fa,sensitivity_032_baseline,market,2752.555470550126,0.0,0.0,0.0
15183bc738fe77962920e8cc,sensitivity_032_baseline,market,3501.5999267071907,0.0,0.0,0.0
840084b0e81f0460466d0f44,sensitivity_032_baseline,market,2319.1319155360648,0.0,0.0,0.0
65ebba6a3194e0ac9ea37035,sensitivity_032_baseline,market,2744.72513719311,0.0,0.0,0.0
c52f53520730c7f9280686c9,sensitivity_032_baseline,market,2397.291574119583,0.0,0.0,0.0
ec66209e10c43289d50be1b4,sensitivity_032_shock,administered,2991.3347251534838,0.0,0.0,0.0
03800e2a48b0a02cb5e58a0e,sensitivity_032_shock,administered,3923.8188935703997,0.0,0.0,0.0
2134a5b5bfce896d9abd7ddb,sensitivity_032_shock,administered,2526.038808994025,0.0,0.0,0.0
925b1838fba9d9448d0c9b92,sensitivity_032_shock,administered,2996.7556103317156,0.0,0.0,0.0
88b3620d51340e8a009d4cfe,sensitivity_032_shock,administered,2591.625867860672,0.0,0.0,0.0
553675128afd8f4c41b3b183,sensitivity_032_shock,market,2900.7475918479045,0.0,0.0,0.0
4ba46ba1fc7c0ba953148a9c,sensitivity_032_shock,market,3657.157835468755,0.0,0.0,0.0
80f17288c0bd6928d97de952,sensitivity_032_shock,market,2610.8953971150045,0.0,0.0,0.0
b05f8cf993569c700c6589ed,sensitivity_032_shock,market,2933.333778505793,0.0,0.0,0.0
d06fb8423cafe8d2f02b118e,sensitivity_032_shock,market,2638.815574501578,0.0,0.0,0.0
7012d80d328bfcb4cd725337,sensitivity_033_baseline,administered,2955.780131090989,0.0,0.0,0.0
4233e7df498fc1d9ae43ef8c,sensitivity_033_baseline,administered,2873.072600929477,0.0,0.0,0.0
6cba3d921a9725474237abd1,sensitivity_033_baseline,administered,2817.4638020752614,0.0,0.0,0.0
dc6d68e2a8d239fc662c6868,sensitivity_033_baseline,administered,2174.394498851985,7.0,0.0,0.0
0d4244da9548e15e01a2f41d,sensitivity_033_baseline,administered,2675.0184433565432,0.0,0.0,0.0
3c6d771a83b4942323e45041,sensitivity_033_baseline,market,2934.704313370534,0.0,0.0,0.0
c07d1feec18729abd455606e,sensitivity_033_baseline,market,2852.6051053479705,0.0,0.0,0.0
d97b7e1e38ea5fffa0fc67d8,sensitivity_033_baseline,market,2811.26391804497,0.0,0.0,0.0
0f5411452956a0523ab553b5,sensitivity_033_baseline,market,2164.651758457674,12.0,0.0,0.0
b113e4294f0a3c8406df62f3,sensitivity_033_baseline,market,2650.456589002406,0.0,0.0,0.0
dfdfdaf94485f9e97385fd6f,sensitivity_033_shock,administered,3170.2223525780405,0.0,0.0,0.0
75b8bd1ba4aa0cf47d056e07,sensitivity_033_shock,administered,3094.4635875826566,0.0,0.0,0.0
5ea2cfe349c4155a561362b6,sensitivity_033_shock,administered,3045.031702608046,0.0,0.0,0.0
7909b48c5aaf6d67a1736dd8,sensitivity_033_shock,administered,2538.83977485819,0.0,0.0,0.0
b59dabc5528c9b2d1d93edd4,sensitivity_033_shock,administered,2885.423221236186,0.0,0.0,0.0
ba7100f1fd26de8761698950,sensitivity_033_shock,market,3138.7994446436674,0.0,0.0,0.0
227b8dba06ae0c30115e17ca,sensitivity_033_shock,market,3063.7483997715603,0.0,0.0,0.0
76291063cf2549206cfc278c,sensitivity_033_shock,market,3020.624546934865,0.0,0.0,0.0
2fa1704fdbfad973d78fda53,sensitivity_033_shock,market,2510.5563941329747,0.0,0.0,0.0
db2292529467ed6eead62fa7,sensitivity_033_shock,market,2862.0443539435673,0.0,0.0,0.0
7b9e80f9b507db005c0efe86,sensitivity_034_baseline,administered,2697.894445717904,0.0,0.0,0.0
2620b1091d87ccfed7a33569,sensitivity_034_baseline,administered,3008.64888983677,0.0,0.0,0.0
c37df2dac7bbcb439f3c78d2,sensitivity_034_baseline,administered,2859.6431959942292,0.0,0.0,0.0
712e3f2c350f6fbd847d8dfc,sensitivity_034_baseline,administered,2182.364958151512,9.0,0.0,0.0
f19cc03b72202d5dc50a9b82,sensitivity_034_baseline,administered,3228.8071796905306,0.0,0.0,0.0
95a506f80592d0939d2bff9a,sensitivity_034_baseline,market,2602.81638840536,0.0,0.0,0.0
18924c46db06432f3f0e5001,sensitivity_034_baseline,market,2783.290653967311,0.0,0.0,0.0
5f29a6931a3814c1fe19ff55,sensitivity_034_baseline,market,2714.5265053788403,0.0,0.0,0.0
f18a1e25635c60ce970bdb8b,sensitivity_034_baseline,market,2227.2687463198577,0.0,0.0,0.0
b07b54c22f66c29b17f94138,sensitivity_034_baseline,market,3045.1347090190607,0.0,0.0,0.0
1fb57293de7d9dab8b8a3bdb,sensitivity_034_shock,administered,2898.948511730414,0.0,0.0,0.0
1af6b672509d21921ead11c8,sensitivity_034_shock,administered,3200.954824023826,0.0,0.0,0.0
63da767d721ed3a1e0f8540c,sensitivity_034_shock,administered,3002.4553070153243,0.0,0.0,0.0
b94231fd00ad110d9099f2cd,sensitivity_034_shock,administered,2489.9434904716722,0.0,0.0,0.0
643069289c7dd406de94f57e,sensitivity_034_shock,administered,3347.199238261933,0.0,0.0,0.0
e102d91c4a5002979a7e0103,sensitivity_034_shock,market,2767.883069923718,0.0,0.0,0.0
640c278ff8dae00736e41d3a,sensitivity_034_shock,market,2954.4343086469103,0.0,0.0,0.0
44a664e99dbf068fec891c76,sensitivity_034_shock,market,2826.895715166589,0.0,0.0,0.0
dea3674f83b2370b0eb64655,sensitivity_034_shock,market,2504.09332127773,0.0,0.0,0.0
6e1d5aa85462d426322321ef,sensitivity_034_shock,market,3169.101652455268,0.0,0.0,0.0
c8a28e55d6a231c913c5fcd9,sensitivity_035_baseline,administered,2236.805903430263,8.0,0.9131575785077648,0.0
adca00e967784fae3b8b6203,sensitivity_035_baseline,administered,2434.8097290506444,4.0,0.0,0.0
3419068c9ec8e7e2e54ac8e2,sensitivity_035_baseline,administered,2562.5395249244057,1.0,0.0,0.0
988ba4a49fa826fb847d1729,sensitivity_035_baseline,administered,3061.507912961528,0.0,0.0,0.0
5783b05446452f6bbf46f339,sensitivity_035_baseline,administered,2546.746882983818,1.0,0.0,0.0
7cd00a6cf2efaa5eb16c8a1c,sensitivity_035_baseline,market,2386.396431104146,0.0,0.0,0.0
a981f0f361a1f8063f516a75,sensitivity_035_baseline,market,2483.542704943553,0.0,0.0,0.0
70183597ecce0102b77ad10b,sensitivity_035_baseline,market,2547.7575132609572,0.0,0.0,0.0
ecef6d517f450fdb02c17802,sensitivity_035_baseline,market,2887.3578889900114,0.0,0.0,0.0
5f9ab520c1bd3a5320eef1fa,sensitivity_035_baseline,market,2579.2837413238017,0.0,0.0,0.0
1c872bb7ba033c7945da5157,sensitivity_035_shock,administered,2563.297625409059,5.0,0.46587564700590445,0.0
a122c6282310fcccc63ea185,sensitivity_035_shock,administered,2710.7877361887995,3.0,0.0,0.0
cb74cb453a59272df0773cda,sensitivity_035_shock,administered,2820.500142707206,0.0,0.0,0.0
cd81858d1e826897149494b9,sensitivity_035_shock,administered,3165.8006027729625,0.0,0.0,0.0
b5a716570a9b1b059f7d3d5e,sensitivity_035_shock,administered,2800.4369252658344,0.0,0.0,0.0
9bca079760cf4b4ed01ad59c,sensitivity_035_shock,market,2584.526876659486,0.0,0.0,0.0
19319014f83c134742282c55,sensitivity_035_shock,market,2702.5674997273827,0.0,0.0,0.0
b8c5043e1121dc2377956630,sensitivity_035_shock,market,2758.236170574181,0.0,0.0,0.0
3f9f759e561d78ea1d187cb9,sensitivity_035_shock,market,2994.5406706333465,0.0,0.0,0.0
a4d7d3fc5d7dc7c67daddb31,sensitivity_035_shock,market,2740.1849057846707,0.0,0.0,0.0
d2ed2addbf4a8ce11f8f1f5c,sensitivity_036_baseline,administered,3261.7399081399894,0.0,0.0,0.0
9b0b2e03a239718397ed1250,sensitivity_036_baseline,administered,2619.8643368095914,0.0,0.0,0.0
c186eacee9485888e7c6c49c,sensitivity_036_baseline,administered,3124.474151830603,0.0,0.0,0.0
361a8d4928c14eac5e9207ea,sensitivity_036_baseline,administered,2123.4709060000496,77.0,0.0,0.0
b8e3461d97041cec6a0de13b,sensitivity_036_baseline,administered,2900.71120623412,2.0,1.227883509856623,0.0
92cdbb2d51733da5ad54df8c,sensitivity_036_baseline,market,3063.831337399185,0.0,0.0,0.0
5603983bf708ac75b45f1369,sensitivity_036_baseline,market,2649.20152444856,0.0,0.0,0.0
3b712710c426634ceb777dba,sensitivity_036_baseline,market,2846.158457707463,0.0,0.0,0.0
db4953699b71a63d612e7273,sensitivity_036_baseline,market,2148.7782814661905,0.0,0.0,0.0
2e34b0cc6c78ef82168b2acc,sensitivity_036_baseline,market,2751.527150846098,0.0,0.0,0.0
278078b68f73efe00dd13cb1,sensitivity_036_shock,administered,3378.9547438532177,0.0,0.0,0.0
a10d3622eff18b131590c596,sensitivity_036_shock,administered,2896.51175181851,0.0,0.0,0.0
64185e8491f2f78cd1c54aa6,sensitivity_036_shock,administered,3228.34435425432,0.0,0.0,0.0
479e2ebdaf7d0bb74c4fa38f,sensitivity_036_shock,administered,2413.019277881482,35.0,0.0,0.0
0e510f8f51c1c01d425870b4,sensitivity_036_shock,administered,3123.241214262394,2.0,0.38468231056673474,0.0
e0e0c451b635827c4fb92253,sensitivity_036_shock,market,3213.054959290135,0.0,0.0,0.0
ef54adee49376baf4bdf6b60,sensitivity_036_shock,market,2882.0207565282176,0.0,0.0,0.0
3f4ac1c4da783a9116a537d3,sensitivity_036_shock,market,2960.6060269075497,0.0,0.0,0.0
73b5a714b13ae46fa730345d,sensitivity_036_shock,market,2481.6955523578217,0.0,0.0,0.0
44c824bb8f8d4f120ea020ff,sensitivity_036_shock,market,2989.35792029441,0.0,0.0,0.0
f026046dd3188654c819969f,sensitivity_037_baseline,administered,3005.6271292566444,0.0,0.0,0.0
f9fc8c22e0f09beaa37751d1,sensitivity_037_baseline,administered,3291.56739989437,0.0,0.0,0.0
3648ccb390fb14ab1d30a09b,sensitivity_037_baseline,administered,2599.9223454970675,1.0,0.0,0.0
5ce89f4ef03272400fdb17b5,sensitivity_037_baseline,administered,2149.792680961974,39.0,0.0,0.0
e595efef4e92a525bb866a07,sensitivity_037_baseline,administered,3187.630274163904,0.0,0.0,0.0
227eb7299f7247f487d55e84,sensitivity_037_baseline,market,2854.8634881132557,0.0,0.0,0.0
8fab2d893ddb6bba0a28c14f,sensitivity_037_baseline,market,3164.248679963275,0.0,0.0,0.0
d507c56674e7d62cfc577523,sensitivity_037_baseline,market,2709.561931972731,0.0,0.0,0.0
8a81029b24ac8e2bb0562955,sensitivity_037_baseline,market,2415.5219049689035,0.0,0.0,0.0
19d43533d046e4e828e4f66b,sensitivity_037_baseline,market,2994.1657462974977,0.0,0.0,0.0
922fa19f6d8cf5df7c6c5bc1,sensitivity_037_shock,administered,3150.9829278922434,0.0,0.0,0.0
d506b092aa5a2ad1dd188f1b,sensitivity_037_shock,administered,3419.65375580195,0.0,0.0,0.0
f8994621c1a8eedb5c5fa17a,sensitivity_037_shock,administered,2881.310445258126,1.0,0.0,0.0
3cd584e491d6bd97e79f85d9,sensitivity_037_shock,administered,2494.5653880076607,3.0,0.0,0.0
352cd4247c746f970e7b9d13,sensitivity_037_shock,administered,3382.6740507407626,0.0,0.0,0.0
0d54cf2dc526609bdf40f778,sensitivity_037_shock,market,3003.8771444794265,0.0,0.0,0.0
167a699acc08a4a22273b7db,sensitivity_037_shock,market,3297.54124781699,0.0,0.0,0.0
7d3203864b9a2fecf8fedec9,sensitivity_037_shock,market,2928.281859362006,0.0,0.0,0.0
ebb456dc2351935708736a10,sensitivity_037_shock,market,2676.4696946861195,0.0,0.0,0.0
73c36f0515e8d64681bb7967,sensitivity_037_shock,market,3189.505559507027,0.0,0.0,0.0
85b69bf8105379feb30bdb54,sensitivity_038_baseline,administered,2894.6244256138075,0.0,0.0,0.0
37ed22e24717cbef5660bc11,sensitivity_038_baseline,administered,2812.087834080006,3.0,8.902154767518908,0.0
5594f06437afe170caea6034,sensitivity_038_baseline,administered,2416.150496432103,1.0,0.0,0.0
1690f9e44f68f3805f4caffe,sensitivity_038_baseline,administered,2860.089332842793,0.0,0.0,0.0
b94865c43a6ea34f4b158525,sensitivity_038_baseline,administered,3096.996095934902,0.0,0.0,0.0
92c27f218e461a408c99e2c0,sensitivity_038_baseline,market,2801.135232890208,0.0,0.0,0.0
03fe35e3770c1617feb8bd2e,sensitivity_038_baseline,market,2717.43095433217,0.0,0.0,0.0
007f99f5a8cb1358b84d5851,sensitivity_038_baseline,market,2498.658001458306,0.0,0.0,0.0
1a602209e4d39881cee636fb,sensitivity_038_baseline,market,2767.1634526079556,0.0,0.0,0.0
ff9f3e9d38a19d2018c2c8aa,sensitivity_038_baseline,market,2819.233864020536,0.0,0.0,0.0
76c02ce299f7c493fc42bb85,sensitivity_038_shock,administered,3124.98240354529,0.0,0.0,0.0
af23f874b897ddbe3e1d3c5c,sensitivity_038_shock,administered,3031.983193017247,2.0,4.051505206732905,0.0
ceb373a26dfbd3d16d6797da,sensitivity_038_shock,administered,2730.5231109910956,0.0,0.0,0.0
2f7967dbe54077087dfaccef,sensitivity_038_shock,administered,3074.094030966888,0.0,0.0,0.0
77f90eec6a5736f4b47666bc,sensitivity_038_shock,administered,3200.82302946412,0.0,0.0,0.0
5748647e7a6bdb1c6a2b520e,sensitivity_038_shock,market,3019.196656484401,0.0,0.0,0.0
917c163576e81df5e689128f,sensitivity_038_shock,market,2942.662705089963,0.0,0.0,0.0
f4a767cdb430fd4bac4f369b,sensitivity_038_shock,market,2747.886299571369,0.0,0.0,0.0
99b6e5485c4748fc75d44933,sensitivity_038_shock,market,2898.029590134035,0.0,0.0,0.0
6a0b125d181ed2e6e7bcf34b,sensitivity_038_shock,market,2961.114113504385,0.0,0.0,0.0
08e8d4b473d29ba63eead248,sensitivity_039_baseline,administered,2611.5312483410053,0.0,0.0,0.0
84b8e67e63087f1fc4b2e1ab,sensitivity_039_baseline,administered,3026.666283221543,0.0,0.0,0.0
684c4795a59817213643d1ac,sensitivity_039_baseline,administered,4029.962903122254,0.0,0.0,0.0
ac50f66a80e98854bf77fa90,sensitivity_039_baseline,administered,2874.53503483562,0.0,0.0,0.0
2a73997d8577b9c7e27ed324,sensitivity_039_baseline,administered,2335.8095690685896,3.0,0.0,0.0
839302e2fa7e7dfb15cb5928,sensitivity_039_baseline,market,2639.20043581364,0.0,0.0,0.0
393389788e207dc7c3c83797,sensitivity_039_baseline,market,2822.6572956250006,0.0,0.0,0.0
60da96763f7902724fc14ee3,sensitivity_039_baseline,market,3662.0874612376583,0.0,0.0,0.0
459ccfe3b80de041411aaf1f,sensitivity_039_baseline,market,2713.8309603018815,0.0,0.0,0.0
244ddd34580c1a70973e66e4,sensitivity_039_baseline,market,2528.054698281649,0.0,0.0,0.0
1bb106f3891cdb3b570ff387,sensitivity_039_shock,administered,2816.8830520763145,0.0,0.0,0.0
a603f286ef09b859b860a7a6,sensitivity_039_shock,administered,3166.8023481364785,0.0,0.0,0.0
e3b1616897bc9fcecff30a41,sensitivity_039_shock,administered,4275.411557162393,0.0,0.0,0.0
27d42b6b27a380a46ea4f26c,sensitivity_039_shock,administered,3033.8487695084987,0.0,0.0,0.0
42295d111c6265589f2941eb,sensitivity_039_shock,administered,2637.7471733224115,0.0,0.0,0.0
2bae0226400c5028da2177f4,sensitivity_039_shock,market,2764.6617898545655,0.0,0.0,0.0
19db0e33c01f097f747bd1fe,sensitivity_039_shock,market,2954.6349841334054,0.0,0.0,0.0
a65d75bcab3aeeea785f4030,sensitivity_039_shock,market,3781.2879678712097,0.0,0.0,0.0
5ad33170f5a17cfd179367af,sensitivity_039_shock,market,2848.6961240304036,0.0,0.0,0.0
58fa4830401648f7a6714c6d,sensitivity_039_shock,market,2710.2985939533087,0.0,0.0,0.0
94bb5dd3ebbfd6004ed20a49,sensitivity_040_baseline,administered,2817.161743849158,0.0,0.0,0.0
1726d5e3b87289350cab292b,sensitivity_040_baseline,administered,2981.401221589497,0.0,0.0,0.0
b606c072f905852df34c359c,sensitivity_040_baseline,administered,2323.6048279076667,26.0,0.0,0.0
ac8baa26eb0ac642c2724e41,sensitivity_040_baseline,administered,2498.586840258135,0.0,0.0,0.0
12f164eced8e9b899619af2a,sensitivity_040_baseline,administered,2831.463887303919,0.0,0.0,0.0
e58790a910a91d09385b2dfb,sensitivity_040_baseline,market,2697.662789042596,0.0,0.0,0.0
69b00234e4584fcaf8b28b7a,sensitivity_040_baseline,market,2817.9965410565856,0.0,0.0,0.0
7fbb29c03bd588316e7e982b,sensitivity_040_baseline,market,2463.885874555916,0.0,0.0,0.0
39ec99153ebe06830faac186,sensitivity_040_baseline,market,2549.7076632061103,0.0,0.0,0.0
c03d411ae820829347b34dfe,sensitivity_040_baseline,market,2671.7735915972053,0.0,0.0,0.0
4610e275b32348b4df35030b,sensitivity_040_shock,administered,2955.6134191392052,0.0,0.0,0.0
8244bf2ae96426309dd760fb,sensitivity_040_shock,administered,3108.8883091885227,0.0,0.0,0.0
3c10bd6b80abae88947e4f34,sensitivity_040_shock,administered,2630.2193073334606,0.0,0.0,0.0
f4488250b18d2d8767d10aeb,sensitivity_040_shock,administered,2759.9151737271045,0.0,0.0,0.0
d9df55b78daa64173b7b23f5,sensitivity_040_shock,administered,2985.0767861137742,0.0,0.0,0.0
f5319e5cfe3ec2c8b5c934c4,sensitivity_040_shock,market,2809.8287251861652,0.0,0.0,0.0
438241a9bf2ef29d8f110501,sensitivity_040_shock,market,2936.4544598854764,0.0,0.0,0.0
1ba951099cbc5c640b6990d4,sensitivity_040_shock,market,2702.225866309346,0.0,0.0,0.0
36738bd36f706a1c46b62a0a,sensitivity_040_shock,market,2735.5973728302815,0.0,0.0,0.0
2f282087fed89d9d5976757a,sensitivity_040_shock,market,2784.7974250968023,0.0,0.0,0.0
19728f4b23675fdd7f850c9d,sensitivity_041_baseline,administered,3283.0617995738753,0.0,0.0,0.0
d41c91101294c6778861b01b,sensitivity_041_baseline,administered,2185.1795518289077,133.0,0.0,0.0
c93614bda20c2ef77852acbe,sensitivity_041_baseline,administered,2079.123128933448,140.0,5.132958331616751,0.0
25cfc0f7f27e5ec15a1a3b10,sensitivity_041_baseline,administered,2622.3497600666965,0.0,0.0,0.0
4b5a0a32cf8c7bd8f7c494bb,sensitivity_041_baseline,administered,3032.6068152284997,0.0,0.0,0.0
cdbea92b2f60d83773a6e6f1,sensitivity_041_baseline,market,3236.9546399616625,0.0,0.0,0.0
48f535d14a5a2f929194cb66,sensitivity_041_baseline,market,2116.124038934852,98.0,0.0,0.0
c1e6fb0efdda82376b6c43c2,sensitivity_041_baseline,market,2009.6692987522233,69.0,5.219610410958643,0.0
417ee9e10526afa81007d5be,sensitivity_041_baseline,market,2668.6182029409106,0.0,0.0,0.0
54e5ba890a09b2c33aeffb42,sensitivity_041_baseline,market,3008.26537216564,0.0,0.0,0.0
ba047177009293bee2a86a25,sensitivity_041_shock,administered,3408.886983131303,0.0,0.0,0.0
188f502983eb6e4ee7267cf9,sensitivity_041_shock,administered,2498.830455101486,110.0,0.0,0.0
355f67b11cce71ce9eb584d4,sensitivity_041_shock,administered,2357.775685541343,130.0,0.0,0.0
a1d0d47451925364aa89b414,sensitivity_041_shock,administered,2925.5797847817553,0.0,0.0,0.0
186155fd67f254144c142ea2,sensitivity_041_shock,administered,3179.3898472321853,0.0,0.0,0.0
1861d8136c9ef93be3ea22ea,sensitivity_041_shock,market,3355.2152516388724,0.0,0.0,0.0
e874a172c1c495440280b174,sensitivity_041_shock,market,2446.157204343472,89.0,0.5259079504546857,0.0
0ab0d62951b023de7b9c96e7,sensitivity_041_shock,market,2339.411536142542,94.0,7.207200751643737,0.0
77c522bf6f280bd2fa2e84a5,sensitivity_041_shock,market,2931.9634997052162,0.0,0.0,0.0
64277fe31fcab0b0785d99b0,sensitivity_041_shock,market,3139.310665507639,0.0,0.0,0.0
155f4688b425ee1dd570209f,sensitivity_042_baseline,administered,2337.4179330178495,25.0,0.0,0.0
efa96b6da84b5c8bf05ec612,sensitivity_042_baseline,administered,2620.745715402449,0.0,0.0,0.0
5521044d433d073ed30ec8ab,sensitivity_042_baseline,administered,3536.6795140558993,0.0,0.0,0.0
c07944a0d298bdbe7344b199,sensitivity_042_baseline,administered,3452.1314970571375,0.0,0.0,0.0
1864e4041724da885ed7febc,sensitivity_042_baseline,administered,3270.992634270632,0.0,0.0,0.0
33023f5bd72aa5b38a430f57,sensitivity_042_baseline,market,2285.033360931081,3.0,0.0,0.0
38f63477e67af3cc378a4122,sensitivity_042_baseline,market,2599.2780972694295,0.0,0.0,0.0
303a1de2cfa27fcf08c2792b,sensitivity_042_baseline,market,3515.7222260892845,0.0,0.0,0.0
c959995c1e22eeec0e16fcf2,sensitivity_042_baseline,market,3324.583714673743,0.0,0.0,0.0
fcc711987b7c6ffe9bc06d1f,sensitivity_042_baseline,market,3217.087179364043,0.0,0.0,0.0
cb4655f202f0f28b6d605260,sensitivity_042_shock,administered,2654.4020514180424,0.0,0.0,0.0
b3107a7bd87f6e43bc5ce914,sensitivity_042_shock,administered,2823.513360509113,0.0,0.0,0.0
32f1540a50176ecf97ce71e7,sensitivity_042_shock,administered,3668.53374876608,0.0,0.0,0.0
425bb7b825d870057f4a06b0,sensitivity_042_shock,administered,3550.736989558563,0.0,0.0,0.0
60fe2173b529a3d5c6af7a9f,sensitivity_042_shock,administered,3388.0154056230754,0.0,0.0,0.0
25d172cd333be5f568406137,sensitivity_042_shock,market,2655.9138408679382,0.0,0.0,0.0
8550869d5577a3681ae7f360,sensitivity_042_shock,market,2796.117270734255,0.0,0.0,0.0
dbbead8c856dfea792748a24,sensitivity_042_shock,market,3638.909037762831,0.0,0.0,0.0
35f092b01b0192a29dd2f55e,sensitivity_042_shock,market,3439.14355184047,0.0,0.0,0.0
8e21e89496bda0c13935ddc9,sensitivity_042_shock,market,3335.388007739945,0.0,0.0,0.0
538f589a1978e6247b0490c1,sensitivity_043_baseline,administered,2546.3472596809747,9.0,0.0,0.0
eada8671136fddf07bde57e6,sensitivity_043_baseline,administered,2773.8614295998027,0.0,0.0,0.0
08b38ad060902d4bb4050f4b,sensitivity_043_baseline,administered,3521.088168043693,0.0,0.0,0.0
806a9e7f8a98a2c789230f01,sensitivity_043_baseline,administered,3184.2483272372806,0.0,0.0,0.0
f69a9cbcaeeef53ed7a412e3,sensitivity_043_baseline,administered,2665.729047116294,0.0,0.0,0.0
8c21f2ea7bccc136a0082b43,sensitivity_043_baseline,market,2551.121574817817,2.0,0.12878899376881314,0.0
f1573020b8126724a2c3e3fc,sensitivity_043_baseline,market,2825.065707286391,0.0,0.0,0.0
43ef9858e935b5225dc3b3ec,sensitivity_043_baseline,market,3341.973282557097,0.0,0.0,0.0
687ce890425a07992abf69be,sensitivity_043_baseline,market,3080.610921851415,0.0,0.0,0.0
7686af40821dea6bcb429c57,sensitivity_043_baseline,market,2682.475545523272,0.0,0.0,0.0
45c7e8da6388b965cfa9a96b,sensitivity_043_shock,administered,2809.885226725165,7.0,0.0,0.0
d08f980c1ea2786fa1fdbdb3,sensitivity_043_shock,administered,3042.471603868411,0.0,0.0,0.0
02c6c4d9376c6098359bdb8f,sensitivity_043_shock,administered,3687.274569149484,0.0,0.0,0.0
2e79b439d8959a56a368874d,sensitivity_043_shock,administered,3299.3439924069776,0.0,0.0,0.0
04449689718f4ab01cdfa7a4,sensitivity_043_shock,administered,2890.076941515895,0.0,0.0,0.0
dddb691abe83156a69521a5b,sensitivity_043_shock,market,2786.0695753492428,0.0,0.0,0.0
2bcea5d836b3cba35889f989,sensitivity_043_shock,market,3024.970932295744,0.0,0.0,0.0
3be9dc361caf074b3c1ff369,sensitivity_043_shock,market,3554.3579174783695,0.0,0.0,0.0
e7fa0c966ea795d63c3067ce,sensitivity_043_shock,market,3192.789737873444,0.0,0.0,0.0
2825fe0bafe4c1ef016bc5c1,sensitivity_043_shock,market,2862.750582042605,0.0,0.0,0.0
29f4d10744a090e7a7b8f3ea,sensitivity_044_baseline,administered,2250.9466078462538,115.0,1.776234214126584,0.0
8b68ec3809f96665466efe37,sensitivity_044_baseline,administered,2656.3212931883836,0.0,0.0,0.0
541e41a7adfd81411f0531a4,sensitivity_044_baseline,administered,2467.0224625626247,0.0,0.0,0.0
4062cb5d8be8d40a51a0e63c,sensitivity_044_baseline,administered,2788.5286250128083,0.0,0.0,0.0
657ff19fdb9ecc7aafef649e,sensitivity_044_baseline,administered,3136.7314579654267,0.0,0.0,0.0
2eb63635949817981aa8b70f,sensitivity_044_baseline,market,2158.101331536072,73.0,7.70535021323127,0.0
4c4766c5341fdb4123f8e986,sensitivity_044_baseline,market,2646.962851248135,0.0,0.0,0.0
ecca1b40d4e81abdb369b6d9,sensitivity_044_baseline,market,2395.068089285109,0.0,0.0,0.0
7ca8b820c90ae6a2d69ea714,sensitivity_044_baseline,market,2762.2409186142436,0.0,0.0,0.0
6f9a33cdea057a1adffa8a5c,sensitivity_044_baseline,market,3051.240225296604,0.0,0.0,0.0
2b36b7b140f91f93eade078b,sensitivity_044_shock,administered,2535.18417572491,112.0,1.36908060654082,0.0
b3433568ff503c58ccf7784b,sensitivity_044_shock,administered,2868.204147795169,0.0,0.0,0.0
816e5825840a737b5c9329f5,sensitivity_044_shock,administered,2806.861377438887,0.0,0.0,0.0
e5a45cb8404792b0cd83baac,sensitivity_044_shock,administered,3010.5410898617843,0.0,0.0,0.0
2b38be56d15519f57c93900c,sensitivity_044_shock,administered,3244.222854651306,0.0,0.0,0.0
2604264d5c677d72f27ba757,sensitivity_044_shock,market,2444.770384448777,56.0,7.234562716880388,0.0
d2f6d18013c3cadfbdf63ecd,sensitivity_044_shock,market,2830.63583821155,0.0,0.0,0.0
ebc9938094d70ba18178de38,sensitivity_044_shock,market,2748.4773730318466,0.0,0.0,0.0
39670dbf50c0f212d54063aa,sensitivity_044_shock,market,2951.1750455353863,0.0,0.0,0.0
5cda8a6ae8336569c644cef5,sensitivity_044_shock,market,3151.5090717913135,0.0,0.0,0.0
bed8d59630c14f6e66f23836,sensitivity_045_baseline,administered,2379.543435081175,5.0,0.0,0.0
adbce4253f4048c6ec5a32af,sensitivity_045_baseline,administered,3250.8680323944336,33.0,1.2453645739868238,0.0
d6368dfb9982942f1525a09e,sensitivity_045_baseline,administered,2701.4261520035698,3.0,0.0,0.0
112b6ae5fcf8b6e1caf1f24d,sensitivity_045_baseline,administered,4145.520413387272,0.0,0.0,0.0
79927256d6b20d1585dd40ac,sensitivity_045_baseline,administered,2417.951936836444,5.0,0.0,0.0
780750eb5805bbf9b30feeea,sensitivity_045_baseline,market,2457.5417874086943,0.0,0.0,0.0
48d4b672a6eff5c357d431c3,sensitivity_045_baseline,market,3174.624668235582,0.0,0.0,0.0
c0802ab5419df4444524110d,sensitivity_045_baseline,market,2733.53146461412,0.0,0.0,0.0
a608912fa562238df8cf584a,sensitivity_045_baseline,market,4048.0053845638977,0.0,0.0,0.0
4970c60a0d78fe51aa02e7b2,sensitivity_045_baseline,market,2585.4856053554176,0.0,0.0,0.0
915fd1d547f8dbba4e911c7e,sensitivity_045_shock,administered,2658.4327380192503,0.0,0.0,0.0
f150d340f41617d031757f84,sensitivity_045_shock,administered,3447.6751353183477,12.0,0.0,0.0
49a7e2a1b2f6b95ac5b730b9,sensitivity_045_shock,administered,2937.69059972683,0.0,0.0,0.0
649038be64e06228a3508a70,sensitivity_045_shock,administered,4305.533174630976,0.0,0.0,0.0
9da2c64e17a9edbd0af6cedc,sensitivity_045_shock,administered,2727.6174522485903,0.0,0.0,0.0
11569720fad52e648e3d2aad,sensitivity_045_shock,market,2690.6680145466216,0.0,0.0,0.0
d13cb2652c4cc3b24286e71c,sensitivity_045_shock,market,3396.750738646539,1.0,0.0,0.0
f979abddf3987a08a921c8b4,sensitivity_045_shock,market,2935.622266651738,0.0,0.0,0.0
ac565737fcebccb324e23437,sensitivity_045_shock,market,4207.70077915119,0.0,0.0,0.0
43196fef72159794493b0f68,sensitivity_045_shock,market,2825.9702551627056,0.0,0.0,0.0
2c7189b7a50e6360cbf1db03,sensitivity_046_baseline,administered,3397.0620368952464,0.0,0.0,0.0
f70dd0422866e8e25d085ac7,sensitivity_046_baseline,administered,3080.000530721461,0.0,0.0,0.0
4b9143ac512b1cccaa222af0,sensitivity_046_baseline,administered,3049.0153000543605,0.0,0.0,0.0
023d177900b60021bd319cbf,sensitivity_046_baseline,administered,3647.9353501580454,0.0,0.0,0.0
fcee02eaf387deff6d6cba03,sensitivity_046_baseline,administered,2396.3548594228982,1.0,0.0,0.0
96cc5d9cf6127fb7d89007de,sensitivity_046_baseline,market,3260.250796481915,0.0,0.0,0.0
85ef19321cbee9631d0b5497,sensitivity_046_baseline,market,2868.365223787903,0.0,0.0,0.0
d9f048eda5f2904635a28d28,sensitivity_046_baseline,market,2891.9798786101064,0.0,0.0,0.0
df2c71110d433e9a69952f05,sensitivity_046_baseline,market,3105.46098567966,0.0,0.0,0.0
c236079132e4b46b39cab4c1,sensitivity_046_baseline,market,2485.3778326355346,0.0,0.0,0.0
fb3f92f4574a9a108872ec0f,sensitivity_046_shock,administered,3506.4488486022847,0.0,0.0,0.0
4319b1e1367c132a86fab41a,sensitivity_046_shock,administered,3196.7816322667563,0.0,0.0,0.0
98db0fe1dd9f8fe3274e4fa5,sensitivity_046_shock,administered,3180.0410928469323,0.0,0.0,0.0
7d3a2aa348add03a2fa0ee2f,sensitivity_046_shock,administered,3813.4675420137387,0.0,0.0,0.0
65863eb7cb8da6e35e3605ec,sensitivity_046_shock,administered,2724.520485336223,0.0,0.0,0.0
804f9b660cda4c92bdc02c6b,sensitivity_046_shock,market,3351.8445460254293,0.0,0.0,0.0
d937c2cf0c20d64a159e6bf9,sensitivity_046_shock,market,2988.050567739636,0.0,0.0,0.0
f037eb09113f7179e807f8df,sensitivity_046_shock,market,3022.2170994420667,0.0,0.0,0.0
5ec7f91bb61263a6c11275ff,sensitivity_046_shock,market,3302.6077724831835,0.0,0.0,0.0
ce6a38d018026f923755a4c4,sensitivity_046_shock,market,2745.531422597625,0.0,0.0,0.0
d9f1ebdb58cb3c37cefe9c4b,sensitivity_047_baseline,administered,3475.1425920244865,0.0,0.0,0.0
ec6a46d257de4895f6504341,sensitivity_047_baseline,administered,2448.1889187163774,5.0,0.0,0.0
1a4adcf03869795499e6bfe8,sensitivity_047_baseline,administered,3142.319099952292,0.0,0.0,0.0
a301ceff54e52b2e03e9595e,sensitivity_047_baseline,administered,3227.576495029851,0.0,0.0,0.0
fae8952febf0efb50e27a0ef,sensitivity_047_baseline,administered,1996.9435164832626,82.0,5.436185749435815,0.0
b7b61c2c1ad518429e5088d7,sensitivity_047_baseline,market,3183.637739876308,0.0,0.0,0.0
3cd2a7124a7a0b1a864ad860,sensitivity_047_baseline,market,2533.908478664882,0.0,0.0,0.0
e8c3e27e2bc70cfc61d67b38,sensitivity_047_baseline,market,2921.9202895344406,0.0,0.0,0.0
1fd78089e7abf32ac3d6c3c0,sensitivity_047_baseline,market,3158.9207647265453,0.0,0.0,0.0
80e5be67151997045a0831e9,sensitivity_047_baseline,market,2132.306848187846,0.0,0.0,0.0
7226d5d49c78de17fdbeb3c3,sensitivity_047_shock,administered,3633.781997242513,0.0,0.0,0.0
6f710e911a2dd010f470ed7b,sensitivity_047_shock,administered,2727.9639878668186,1.0,0.0,0.0
945fa7a4faec7d77437741a3,sensitivity_047_shock,administered,3268.3369024123326,0.0,0.0,0.0
21eac21e563989d1738b1115,sensitivity_047_shock,administered,3321.079644031958,0.0,0.0,0.0
8df16a885178ed7202ecbf14,sensitivity_047_shock,administered,2309.2639907094454,57.0,5.507125849889177,0.0
29a9cf9811d96c34fa438093,sensitivity_047_shock,market,3328.375365428863,0.0,0.0,0.0
deb82bfc64761ae450cf8268,sensitivity_047_shock,market,2735.0925061684634,0.0,0.0,0.0
978a03b58d0c87d25678e88d,sensitivity_047_shock,market,3056.618004637233,0.0,0.0,0.0
ce7a4ab94ae84d7e9f593d91,sensitivity_047_shock,market,3251.9998008151497,0.0,0.0,0.0
63e527593232ecdb568f3f53,sensitivity_047_shock,market,2440.7560406342523,0.0,0.0,0.0
6fa1e7550f2fd9f018321f2c,sensitivity_048_baseline,administered,2643.023823353654,7.0,0.0,0.0
e8c89519a7f9f751c70ac46d,sensitivity_048_baseline,administered,2447.597175328522,22.0,0.0,0.0
3e7a885ae97cca250b5a9865,sensitivity_048_baseline,administered,2745.918892454952,0.0,0.0,0.0
d305f4a50fdead83d8c1d23b,sensitivity_048_baseline,administered,3219.068121064011,0.0,0.0,0.0
96aa86f70505b49510220d4a,sensitivity_048_baseline,administered,3078.8339533730823,0.0,0.0,0.0
600ebe1c68d8ea0c792c4f71,sensitivity_048_baseline,market,2632.24409673629,0.0,0.0,0.0
449687bb0a990764b15057d2,sensitivity_048_baseline,market,2381.99132364194,15.0,0.0,0.0
ac7fbcaef8011c80f0a80606,sensitivity_048_baseline,market,2736.422180068741,0.0,0.0,0.0
2dc282dcfcb55e714d3aea4c,sensitivity_048_baseline,market,3197.254147395646,0.0,0.0,0.0
11d39f0316367376ff324ef6,sensitivity_048_baseline,market,3066.6009470610566,0.0,0.0,0.0
2277e5cf41ed6fb0b0d37fbe,sensitivity_048_shock,administered,2892.534496083937,0.0,0.0,0.0
87c376945f4a63567cfd3dde,sensitivity_048_shock,administered,2761.1348029263227,5.0,0.0,0.0
2c0666dec8424e7281285bda,sensitivity_048_shock,administered,2995.9915613543517,0.0,0.0,0.0
e60d5f731e3380f386a44872,sensitivity_048_shock,administered,3339.5757847480745,0.0,0.0,0.0
995aeea4a5f0f6d434773b56,sensitivity_048_shock,administered,3210.071353138558,0.0,0.0,0.0
41c1597ee7fd77c0ee73a46b,sensitivity_048_shock,market,2880.650634333579,0.0,0.0,0.0
4017750d6a833465ad23e612,sensitivity_048_shock,market,2698.2168856467024,2.0,0.0,0.0
02ace1d51584f0fe9a52ca6f,sensitivity_048_shock,market,2983.3403719955877,0.0,0.0,0.0
52ed2965b4e7277f8ba41232,sensitivity_048_shock,market,3318.78461344405,0.0,0.0,0.0
953e6a51308c3db2ba31229a,sensitivity_048_shock,market,3192.1798503352993,0.0,0.0,0.0
6b1f9e4d563bf8883ec62139,sensitivity_049_baseline,administered,2036.9250106121417,4.0,0.0,0.0
a8a0623047dec2916085073e,sensitivity_049_baseline,administered,2020.6649457398887,76.0,1.984270600848968,0.0
1210ebee8579178e91396a36,sensitivity_049_baseline,administered,2435.7180144318027,1.0,0.0,0.0
c2ae7496d79fe49fb60873e5,sensitivity_049_baseline,administered,2849.660872526687,0.0,0.0,0.0
8cc7cfd9d41c917e78504ad2,sensitivity_049_baseline,administered,1805.8344761974015,66.0,6.109007091661783,0.0
e26d721c029d3b0896f6e0a5,sensitivity_049_baseline,market,2285.407209938188,0.0,0.0,0.0
c453fd39495bb53ce3370e11,sensitivity_049_baseline,market,2152.3060539758676,0.0,0.0,0.0
f23d6e416b567a2a9038fd55,sensitivity_049_baseline,market,2530.653558224913,0.0,0.0,0.0
8b2f77cff9f2ca50ccba54a0,sensitivity_049_baseline,market,2705.6416411488613,0.0,0.0,0.0
7c13b9c10d4f7e8b45e8964a,sensitivity_049_baseline,market,1852.8983778640081,5.0,0.4136157962844078,0.0
a871fd64668c19f44cce848e,sensitivity_049_shock,administered,2387.0297166542514,0.0,0.0,0.0
e9a5e379e7e662b959118fd3,sensitivity_049_shock,administered,2355.4567664486676,71.0,0.5453196799358233,0.0
e16e62efb4b2f8df4a80da27,sensitivity_049_shock,administered,2741.3814987076535,0.0,0.0,0.0
1ed748b399790023ab25367e,sensitivity_049_shock,administered,2977.6755155400174,0.0,0.0,0.0
52fe2410e733388bffa213f8,sensitivity_049_shock,administered,2156.0677997462553,69.0,6.652197890608556,0.0
c6622c55e7d397ad9079da9f,sensitivity_049_shock,market,2517.16052198367,0.0,0.0,0.0
c9ac93b5911d734d000257eb,sensitivity_049_shock,market,2455.4062817809067,0.0,0.0,0.0
046fe9d51c05a727dbfd52dc,sensitivity_049_shock,market,2706.603742350378,0.0,0.0,0.0
6eaabbb40d5276b107ced3f4,sensitivity_049_shock,market,2821.8082050117573,0.0,0.0,0.0
8e355e671d6c0883ddb2d5ad,sensitivity_049_shock,market,2157.1255531431516,3.0,0.0,0.0
c069049d5de83e7bd5b17096,sensitivity_050_baseline,administered,2459.4316050429115,0.0,0.0,0.0
e8dcc7bc113ba06e0ecb842b,sensitivity_050_baseline,administered,3219.9560073201337,0.0,0.0,0.0
c1445c1ab8c9f7a5f75fa429,sensitivity_050_baseline,administered,3273.1493763883805,0.0,0.0,0.0
140c685ffefb6acae4ad92d0,sensitivity_050_baseline,administered,3504.156680922099,0.0,0.0,0.0
674d7ca469706133e5b671c8,sensitivity_050_baseline,administered,3616.132676557869,0.0,0.0,0.0
b14eecca0370715b0f3b3aa1,sensitivity_050_baseline,market,2566.5430026229974,0.0,0.0,0.0
056ed84a97eef3a6857ace52,sensitivity_050_baseline,market,3027.904050946449,0.0,0.0,0.0
da048290db36b3c5f727a49e,sensitivity_050_baseline,market,3121.1801053886725,0.0,0.0,0.0
5c8a8fb62db0bfed54a1724e,sensitivity_050_baseline,market,3273.809977228437,0.0,0.0,0.0
73600609aeaf23c00575fee4,sensitivity_050_baseline,market,3488.79139279416,0.0,0.0,0.0
808eedf1dd4e310e5abf6ed6,sensitivity_050_shock,administered,2732.692561105559,0.0,0.0,0.0
d6dfb279706a106a26db0ac3,sensitivity_050_shock,administered,3336.0282699921945,0.0,0.0,0.0
753bd97dfe11ba667733861a,sensitivity_050_shock,administered,3420.6065976804216,0.0,0.0,0.0
dc04fe9051fc03a9587c6b7e,sensitivity_050_shock,administered,3660.529087730388,0.0,0.0,0.0
84b5041f0d8b2c82a9619210,sensitivity_050_shock,administered,3746.7239383735687,0.0,0.0,0.0
0717b03300db408f9675fac2,sensitivity_050_shock,market,2761.624234790701,0.0,0.0,0.0
8ca18615bfb914289ee62d7c,sensitivity_050_shock,market,3162.499249494866,0.0,0.0,0.0
c58f548111e11dfdf8d499d9,sensitivity_050_shock,market,3305.794356967844,0.0,0.0,0.0
4db12dc2e49b65b1f381e749,sensitivity_050_shock,market,3479.8444034436,0.0,0.0,0.0
eb39ed1c9feb64e51998cded,sensitivity_050_shock,market,3621.487256085061,0.0,0.0,0.0
0c02d639660bb12cf670fb00,sensitivity_051_baseline,administered,2372.973813140236,4.0,0.0,0.0
9dc710b08f487fbfabb3bb02,sensitivity_051_baseline,administered,3126.3372353599575,0.0,0.0,0.0
ee5c1e11b31618b64c1c6d33,sensitivity_051_baseline,administered,3188.426830205216,0.0,0.0,0.0
5d1a62f786540e0510b897ae,sensitivity_051_baseline,administered,2329.836068615589,13.0,0.0,0.0
f831defa523cdb4fb05c545c,sensitivity_051_baseline,administered,2670.107623832834,0.0,0.0,0.0
614c46b7362029e91ddb9a5f,sensitivity_051_baseline,market,2523.277090567803,0.0,0.0,0.0
1d6947cd83055ec10393d969,sensitivity_051_baseline,market,2941.09590493632,0.0,0.0,0.0
3ade0985351355469e3c4d6e,sensitivity_051_baseline,market,2855.884239118139,0.0,0.0,0.0
876cdd0de3f9f14e78420cb2,sensitivity_051_baseline,market,2534.9989205129696,0.0,0.0,0.0
7221dfbacb3baf7667f1fca2,sensitivity_051_baseline,market,2626.773971994282,0.0,0.0,0.0
9814ee260e075f6581750b6e,sensitivity_051_shock,administered,2672.2695636856097,0.0,0.0,0.0
d67a682ede9bf9ac0794cfc6,sensitivity_051_shock,administered,3237.0177158390297,0.0,0.0,0.0
2b9896361d269cabd9a124a5,sensitivity_051_shock,administered,3340.156644864962,0.0,0.0,0.0
0cb1da235ba7af3d707abc4a,sensitivity_051_shock,administered,2665.7479498744037,0.0,0.0,0.0
500c38ce03d7f6122c11ac14,sensitivity_051_shock,administered,2882.8201033455816,0.0,0.0,0.0
187e32b54ca130dc52fa1128,sensitivity_051_shock,market,2741.4569006822935,0.0,0.0,0.0
ab68ad5e9da974ca94e450f6,sensitivity_051_shock,market,3059.8908057875674,0.0,0.0,0.0
bbc026ee0707d3195c4b9da4,sensitivity_051_shock,market,3050.9205081244986,0.0,0.0,0.0
69d0536e811b972b1dcb95e9,sensitivity_051_shock,market,2767.829745816911,0.0,0.0,0.0
a4c2f7d4aca732adb44d5d21,sensitivity_051_shock,market,2790.039030641291,0.0,0.0,0.0
61d8b149cbc3ee7e796419e7,sensitivity_052_baseline,administered,2954.886624252787,0.0,0.0,0.0
e517cd853f902963de89c4f1,sensitivity_052_baseline,administered,2760.9557121027005,0.0,0.0,0.0
6bd3b66d95eb8b58780eb6ba,sensitivity_052_baseline,administered,2235.929650120532,34.0,0.0,0.0
f1d37145216d116dfd68418d,sensitivity_052_baseline,administered,3685.0547042152616,0.0,0.0,0.0
085265dc999484b23f734289,sensitivity_052_baseline,administered,2954.540359800553,2.0,0.0,0.0
e1dc0cb80a034c915a53b6e3,sensitivity_052_baseline,market,2917.7685205011176,0.0,0.0,0.0
7392cb3b2fbcfb29600ae784,sensitivity_052_baseline,market,2748.391735880099,0.0,0.0,0.0
d17c838c0f61207aa71b9b3e,sensitivity_052_baseline,market,2273.8464875496907,0.0,0.0,0.0
c0f88703878c21bdf7bcec9b,sensitivity_052_baseline,market,3640.9599588355877,0.0,0.0,0.0
0e1040022248227ed8898781,sensitivity_052_baseline,market,2921.4148361628813,0.0,0.0,0.0
9d83a8654558bf6a28a6620f,sensitivity_052_shock,administered,3101.993364349414,0.0,0.0,0.0
180d7d0fa63155173eb5f4fa,sensitivity_052_shock,administered,3010.5341538286334,0.0,0.0,0.0
ce9e165057397136c7052d98,sensitivity_052_shock,administered,2571.3801092981244,0.0,0.0,0.0
726969bd897c7498c8f75813,sensitivity_052_shock,administered,3827.4511693080617,0.0,0.0,0.0
5f4af60761118872a5ff26c8,sensitivity_052_shock,administered,3176.1806895747254,1.0,0.0,0.0
d1a5536918d67a7e69df2338,sensitivity_052_shock,market,3050.9975254277274,0.0,0.0,0.0
22b699383d6099cfcbde3c49,sensitivity_052_shock,market,2966.4196965350297,0.0,0.0,0.0
7b0f432df9ad05a1d762d684,sensitivity_052_shock,market,2605.4510325556002,0.0,0.0,0.0
9d1df0102684f77aae46cfd9,sensitivity_052_shock,market,3782.311471364505,0.0,0.0,0.0
47aeee2828157041af069590,sensitivity_052_shock,market,3107.3656326291184,0.0,0.0,0.0
5414d2e36ca1cabd8cf3a796,sensitivity_053_baseline,administered,2680.8501484908375,0.0,0.0,0.0
a18935fc11dfb807eb65690e,sensitivity_053_baseline,administered,2311.7622703716415,34.0,0.0,0.0
9db8fd064a3b9afea8b923dc,sensitivity_053_baseline,administered,2797.2781262806525,0.0,0.0,0.0
589319fb9d5696fa2baa2234,sensitivity_053_baseline,administered,3256.8474601703333,0.0,0.0,0.0
c81c99a4d13012341d987393,sensitivity_053_baseline,administered,3083.08029435364,0.0,0.0,0.0
488febd40696eae6efba86f4,sensitivity_053_baseline,market,2764.0726795590967,0.0,0.0,0.0
190e53409090b203d4d72d20,sensitivity_053_baseline,market,2446.3004310599836,0.0,0.0,0.0
d87a6bdcde3d9d71704f6eb6,sensitivity_053_baseline,market,2761.729935816057,0.0,0.0,0.0
b851172d31725b6fbb3acfc8,sensitivity_053_baseline,market,3171.9854281707767,0.0,0.0,0.0
1fe521eee1cdd39a312a62e7,sensitivity_053_baseline,market,3021.3383433941262,0.0,0.0,0.0
125f08b47156bbfaa003100c,sensitivity_053_shock,administered,2950.2194491824225,0.0,0.0,0.0
2f210706aee2f53c8164343f,sensitivity_053_shock,administered,2655.6218578252633,0.0,0.0,0.0
5cd365dc73cd0eccbefe9f11,sensitivity_053_shock,administered,2979.969388540072,0.0,0.0,0.0
41ba0a1c73b5ada13c1fcac8,sensitivity_053_shock,administered,3388.1582458424446,0.0,0.0,0.0
f2bcb1201ede8e8ca8185df7,sensitivity_053_shock,administered,3203.091088044641,0.0,0.0,0.0
13f2a985fe08945fe14bcbf5,sensitivity_053_shock,market,2938.405160946303,0.0,0.0,0.0
33d40f138663816de4614d3a,sensitivity_053_shock,market,2754.3493288570166,0.0,0.0,0.0
252901ca1d680572f9545b75,sensitivity_053_shock,market,2912.0873175736897,0.0,0.0,0.0
b6d0f185ca616b85f83bdb63,sensitivity_053_shock,market,3300.8456681968682,0.0,0.0,0.0
7fe9e0d63dd9fc84b4fe4ffe,sensitivity_053_shock,market,3147.038769306546,0.0,0.0,0.0
3f87822d858e5b8fa24c21a4,sensitivity_054_baseline,administered,3595.6906533105603,0.0,0.0,0.0
23bf0e4daa42a652daf23ab1,sensitivity_054_baseline,administered,2566.436946484666,0.0,0.0,0.0
3722a43938a99f22c3735482,sensitivity_054_baseline,administered,2223.687785953644,24.0,0.0,0.0
8f521408a8a31ef635ee3f3d,sensitivity_054_baseline,administered,3292.1487693745466,0.0,0.0,0.0
4e9a83ae86e275fb785fbdd9,sensitivity_054_baseline,administered,2409.5002198435786,2.0,5.847027048148459,0.0
e9c687f6d37f87f45d8a7100,sensitivity_054_baseline,market,3428.292929972847,0.0,0.0,0.0
50fe6e59254c1a09c3f9547d,sensitivity_054_baseline,market,2590.946011894186,0.0,0.0,0.0
60b564bbef88a37c6881f31c,sensitivity_054_baseline,market,2239.817207751371,0.0,0.0,0.0
8a315fc9b6f49810b8142134,sensitivity_054_baseline,market,3149.344700201547,0.0,0.0,0.0
6a743524d8630a2144475c42,sensitivity_054_baseline,market,2428.6866867306508,0.0,0.0,0.0
91da9d7200bca546a19d1f2e,sensitivity_054_shock,administered,3715.635536441484,0.0,0.0,0.0
c94fdc33a06ae2f6be4b0db9,sensitivity_054_shock,administered,2794.281457134395,0.0,0.0,0.0
d658af883361ae39e8c28c16,sensitivity_054_shock,administered,2553.875829667427,1.0,0.0,0.0
8f787eb40e21a0f6a4924888,sensitivity_054_shock,administered,3404.0514609154457,0.0,0.0,0.0
297a306a2fb415304639f743,sensitivity_054_shock,administered,2693.8020791051895,0.0,0.0,0.0
c93f2f49764b98debb1cff73,sensitivity_054_shock,market,3560.882408286592,0.0,0.0,0.0
7c08f1b0959103ae98a2f3a2,sensitivity_054_shock,market,2788.864674606306,0.0,0.0,0.0
f05632f98e46a74306c91e93,sensitivity_054_shock,market,2576.89049336758,0.0,0.0,0.0
e6938b17b5c222979bc819f2,sensitivity_054_shock,market,3309.9781001007564,0.0,0.0,0.0
ed10ef980d568b540ce7b157,sensitivity_054_shock,market,2684.5503265165376,0.0,0.0,0.0
f8d51029c6752dcdb1565dd6,sensitivity_055_baseline,administered,2959.402136545642,0.0,0.0,0.0
16cdc6a71909aa1741225315,sensitivity_055_baseline,administered,2618.8135331137505,0.0,0.0,0.0
40c294110e6fbafa65c752a1,sensitivity_055_baseline,administered,2557.5198478704674,9.0,0.0,0.0
490b7bdc428fea1c781e35f1,sensitivity_055_baseline,administered,2038.1749378603288,56.0,1.7458267508589218,0.0
7f92b36a4f999a7e89299c26,sensitivity_055_baseline,administered,2710.853418565441,0.0,0.0,0.0
08e926892312e74fa5d665b0,sensitivity_055_baseline,market,2807.7754927739743,0.0,0.0,0.0
cc246030d253a7df1d6b75b8,sensitivity_055_baseline,market,2690.7549106676574,0.0,0.0,0.0
29f545aaf6c9ab5821f8f4fc,sensitivity_055_baseline,market,2594.403043548172,0.0,0.0,0.0
14920083dba23230dc7bb0b5,sensitivity_055_baseline,market,2216.488545782456,0.0,0.0,0.0
b9721a1dc82f3f8e38e2fca5,sensitivity_055_baseline,market,2657.7738917255388,0.0,0.0,0.0
09923633fe1b8f46a9ef9614,sensitivity_055_shock,administered,3085.2611951554654,0.0,0.0,0.0
04b96758c6f9b1a87f6af28d,sensitivity_055_shock,administered,2908.609418089808,0.0,0.0,0.0
b448425da444e83eed7fa8c5,sensitivity_055_shock,administered,2781.110675373462,6.0,0.0,0.0
629093d2880274d04e872f56,sensitivity_055_shock,administered,2377.8932938263474,53.0,1.6096852301808005,0.0
5a4d34e9859b2f045dc7b9b1,sensitivity_055_shock,administered,2935.8095861722163,2.0,0.0,0.0
65754b61e96ec25273902810,sensitivity_055_shock,market,2916.2611232931454,0.0,0.0,0.0
20bdd9482bff6b3378b99e37,sensitivity_055_shock,market,2853.005993453882,0.0,0.0,0.0
8a0148206216b184308674c5,sensitivity_055_shock,market,2743.8081162350995,0.0,0.0,0.0
78237f751a06c53188075231,sensitivity_055_shock,market,2433.5895071364835,0.0,0.0,0.0
119cddea36bf4a1945c5152b,sensitivity_055_shock,market,2791.887896816221,0.0,0.0,0.0
e83385f6e54be07051098674,sensitivity_056_baseline,administered,2809.607829930476,0.0,0.0,0.0
e89f3ffeb3063caa108815a5,sensitivity_056_baseline,administered,2258.4825259879294,16.0,0.0,0.0
b9de5e5ffb193cec44421e38,sensitivity_056_baseline,administered,3856.3318117293934,0.0,0.0,0.0
66fe41428412f3f11d46ec0e,sensitivity_056_baseline,administered,2906.161045782437,0.0,0.0,0.0
789d24287ad11c977853f379,sensitivity_056_baseline,administered,2908.238681292255,0.0,0.0,0.0
d1e54be80c9c8cc498790c74,sensitivity_056_baseline,market,2654.15668486716,0.0,0.0,0.0
45a247d762cdb303773b365f,sensitivity_056_baseline,market,2300.0134555909303,0.0,0.0,0.0
d270031b35d01ef7357237f8,sensitivity_056_baseline,market,3786.3644908580864,0.0,0.0,0.0
1a9fb822e07d1f1a6de90f49,sensitivity_056_baseline,market,2791.3301658033643,0.0,0.0,0.0
e268ef393c5102bb47771be8,sensitivity_056_baseline,market,2833.3318882402573,0.0,0.0,0.0
005ebf85297bbac3a4d013e9,sensitivity_056_shock,administered,2957.212359952226,0.0,0.0,0.0
e5f50577f2d585b8a3a845f7,sensitivity_056_shock,administered,2601.469187418042,0.0,0.0,0.0
42550e8dd741edceeffa89e3,sensitivity_056_shock,administered,3980.1248459925782,0.0,0.0,0.0
471dd18d5eec49008bf82d82,sensitivity_056_shock,administered,3081.70098411952,0.0,0.0,0.0
5b54b8367d9bd8404334a81d,sensitivity_056_shock,administered,3150.979766449962,0.0,0.0,0.0
5908552802899852f4834659,sensitivity_056_shock,market,2768.25639042933,0.0,0.0,0.0
45d7391731b812fa1033436b,sensitivity_056_shock,market,2608.4826644398686,0.0,0.0,0.0
83be651784549b7c80a50311,sensitivity_056_shock,market,3912.557107408107,0.0,0.0,0.0
3c654b946e9f1f2bb22795d3,sensitivity_056_shock,market,2964.457972879123,0.0,0.0,0.0
b24cf45f7b75708c4b44bb7a,sensitivity_056_shock,market,3113.866260974404,0.0,0.0,0.0
507284c35d7b4ce16633f2c3,sensitivity_057_baseline,administered,3228.2740592493333,0.0,0.0,0.0
a79492f0e320317983b22c3d,sensitivity_057_baseline,administered,3271.611172789517,0.0,0.0,0.0
d65b9ddd0859e246b41ef982,sensitivity_057_baseline,administered,3077.494603191897,0.0,0.0,0.0
37432096f437895e49c54449,sensitivity_057_baseline,administered,2257.9452193030684,35.0,0.0,0.0
0378180c5708fcd5198c87b5,sensitivity_057_baseline,administered,3227.7853156508277,0.0,0.0,0.0
ab66a4354437bfde5d61a8cd,sensitivity_057_baseline,market,3102.9818911698485,0.0,0.0,0.0
bb2f2382e0d1430fb867f106,sensitivity_057_baseline,market,3034.0413607063397,0.0,0.0,0.0
5275a2d18315840f9215e7b2,sensitivity_057_baseline,market,2941.053038642344,0.0,0.0,0.0
fb6fe354d81def6d622a371a,sensitivity_057_baseline,market,2357.9458878416654,0.0,0.0,0.0
e789d5a7f4ce0244cc16c728,sensitivity_057_baseline,market,3066.453901689076,0.0,0.0,0.0
184ba3dd474f67e449f9f4a7,sensitivity_057_shock,administered,3351.707080655367,0.0,0.0,0.0
ad549941f4006b6dd0269b9e,sensitivity_057_shock,administered,3401.5250945251564,0.0,0.0,0.0
3b3eb5d756f69307aa1c73e0,sensitivity_057_shock,administered,3219.9078614786395,0.0,0.0,0.0
7416450a8d248a86ef53a95e,sensitivity_057_shock,administered,2591.6794327702987,1.0,0.0,0.0
c4b4314348244e28cebcf735,sensitivity_057_shock,administered,3352.044962656554,0.0,0.0,0.0
3c05b3f97997e8206add1c56,sensitivity_057_shock,market,3226.0063034421023,0.0,0.0,0.0
70c553be6511b15293a7cdf0,sensitivity_057_shock,market,3195.907998023869,0.0,0.0,0.0
0803a79a0948d21e5a11dc73,sensitivity_057_shock,market,3109.9715049575134,0.0,0.0,0.0
7fd03eb6d13a690b57841d7d,sensitivity_057_shock,market,2650.4865288181786,0.0,0.0,0.0
b055447fe0dec6b172dc44cb,sensitivity_057_shock,market,3204.0081394833746,0.0,0.0,0.0
f45ab93b5fd431940cb1f038,sensitivity_058_baseline,administered,2355.7844451665505,0.0,0.0,0.0
aea59b53a8685462a111fb38,sensitivity_058_baseline,administered,2969.938468364446,0.0,0.0,0.0
82eabb0b8946eddd1648f34c,sensitivity_058_baseline,administered,2864.8567091030586,1.0,0.0,0.0
27ce7c0ece0ff05fac003094,sensitivity_058_baseline,administered,2660.401105799446,5.0,1.064951209183743,0.0
c84486b4925b33a579f7c5c5,sensitivity_058_baseline,administered,2493.425592062334,0.0,0.0,0.0
fb1d8d20dc046cf9d9def151,sensitivity_058_baseline,market,2332.468066281673,0.0,0.0,0.0
c9e6e4b39d17a1b5c81b80d9,sensitivity_058_baseline,market,2921.0701194913336,0.0,0.0,0.0
c58e975bc733681567f59f99,sensitivity_058_baseline,market,2845.468799370679,0.0,0.0,0.0
12d6a162b8f188c2a6dba4af,sensitivity_058_baseline,market,2638.041712761726,0.0,0.0,0.0
943c3a540833f23f584bbe0f,sensitivity_058_baseline,market,2521.709403535686,0.0,0.0,0.0
5b92b547efa544c6539b9203,sensitivity_058_shock,administered,2670.0971593812405,0.0,0.0,0.0
accb1a2f12575b89b072be54,sensitivity_058_shock,administered,3103.5607511281814,0.0,0.0,0.0
8730cdeddbb2755a01595323,sensitivity_058_shock,administered,3100.325471716165,0.0,0.0,0.0
ff91e01b31bdec4cfd9b236c,sensitivity_058_shock,administered,2915.1326768077142,3.0,0.0,0.0
9a7683da5bc31d8b58ef6a12,sensitivity_058_shock,administered,2735.6251366303795,0.0,0.0,0.0
954668c602387898d9ff7afd,sensitivity_058_shock,market,2640.9482432621885,0.0,0.0,0.0
686768e2b38036ff37d7abd8,sensitivity_058_shock,market,3049.2969748813675,0.0,0.0,0.0
f61de9785a40e760ab062f9d,sensitivity_058_shock,market,3056.8450802221705,0.0,0.0,0.0
adb39cdb547fe81b9da9add9,sensitivity_058_shock,market,2883.743217123293,0.0,0.0,0.0
41b83bf7a019a0199345f431,sensitivity_058_shock,market,2735.0423533977428,0.0,0.0,0.0
1f9890abefc05389e592e881,sensitivity_059_baseline,administered,3236.375043832193,0.0,0.0,0.0
554442f0692f0465a2e6ea66,sensitivity_059_baseline,administered,2072.9886679777837,69.0,0.0,0.0
1e31463477942123df7860cc,sensitivity_059_baseline,administered,2892.87263213069,3.0,0.0,0.0
7e944a7e8cff05f495021836,sensitivity_059_baseline,administered,2363.502317946372,13.0,0.0,0.0
ced66dced1e6960ef77058f4,sensitivity_059_baseline,administered,2538.515562930502,0.0,0.0,0.0
6d7989e7a1f27353087747d9,sensitivity_059_baseline,market,3051.4266970988433,0.0,0.0,0.0
923d5057ea4b331b3c359819,sensitivity_059_baseline,market,2168.9968886088996,0.0,0.0,0.0
801bec185075212787e49d85,sensitivity_059_baseline,market,2905.693700004698,0.0,0.0,0.0
7f2aef13427f4f2c432defa9,sensitivity_059_baseline,market,2542.6933285359087,0.0,0.0,0.0
a3068cdf72cf0289d9bb032e,sensitivity_059_baseline,market,2574.413933822174,0.0,0.0,0.0
9e482c8b549239cc73147d8c,sensitivity_059_shock,administered,3376.331507596052,0.0,0.0,0.0
c620a6de1867ded778216d53,sensitivity_059_shock,administered,2376.1155061055447,36.0,0.0,0.0
656e3a8a6ef0e45713fef881,sensitivity_059_shock,administered,3115.8524141614744,0.0,0.0,0.0
2210c85a87e93c0a03351353,sensitivity_059_shock,administered,2705.7459263521387,3.0,0.0,0.0
498b29edaff3c49a017b9c87,sensitivity_059_shock,administered,2791.6413939846993,0.0,0.0,0.0
16b3e24b6712e70800821433,sensitivity_059_shock,market,3291.0769770574684,0.0,0.0,0.0
6d2934e39a0ec2d8778289e8,sensitivity_059_shock,market,2481.6507221998413,0.0,0.0,0.0
06e9220c9e36c544da16db5f,sensitivity_059_shock,market,3106.1002022767484,0.0,0.0,0.0
84c488c5b83b98440d5d5005,sensitivity_059_shock,market,2778.550326075654,0.0,0.0,0.0
a2b747a12b5060fb33a89f64,sensitivity_059_shock,market,2787.7172580674237,0.0,0.0,0.0
79fa5f44f7d98b35c707661e,sensitivity_060_baseline,administered,3448.6872558715413,0.0,0.0,0.0
b89a89ce84423294bd15d31c,sensitivity_060_baseline,administered,3199.723622174212,0.0,0.0,0.0
e9ccfe69473fff9fee846c23,sensitivity_060_baseline,administered,2139.4824858266143,65.0,0.0,0.0
dbbc1d3e668981cb4149a741,sensitivity_060_baseline,administered,3095.8374270470663,0.0,0.0,0.0
f6538aed8a9e305f1e42677d,sensitivity_060_baseline,administered,2993.4290319281795,0.0,0.0,0.0
04e96b1aead7573687992d5d,sensitivity_060_baseline,market,2984.6509172832684,0.0,0.0,0.0
86cf6c8c97b7d8c219b91377,sensitivity_060_baseline,market,3096.17936723707,0.0,0.0,0.0
13f6259ddcb8dd1d91f33a8e,sensitivity_060_baseline,market,2331.172126515224,0.0,0.0,0.0
f5408dc6cc122e248af3b597,sensitivity_060_baseline,market,2833.980537574436,0.0,0.0,0.0
06c1f5b8516e0b2786237c65,sensitivity_060_baseline,market,2803.6440429068093,0.0,0.0,0.0
a65cc3fcb49ce2a654d3c4aa,sensitivity_060_shock,administered,3568.3346270658617,0.0,0.0,0.0
0832d531236c81fd1289cc1a,sensitivity_060_shock,administered,3304.002623976723,0.0,0.0,0.0
f20030c339c92d16a4020f7d,sensitivity_060_shock,administered,2463.270641069757,10.0,0.0,0.0
aaa3038df4520aa4fe23f90b,sensitivity_060_shock,administered,3264.513203358182,0.0,0.0,0.0
61ada4cc8e07f1b6efa7cce0,sensitivity_060_shock,administered,3108.999054205152,0.0,0.0,0.0
afba51f4b3e1a7f20d40906d,sensitivity_060_shock,market,3182.144876131091,0.0,0.0,0.0
13e6a11b901327de882d4665,sensitivity_060_shock,market,3206.0381124657606,0.0,0.0,0.0
2ec62e8ff8c2949d56b160cc,sensitivity_060_shock,market,2611.49915616457,0.0,0.0,0.0
e9210077ece35ba044e42af7,sensitivity_060_shock,market,2992.1698805640885,0.0,0.0,0.0
df98ee418bc3bec4798dd5d7,sensitivity_060_shock,market,2955.950384337342,0.0,0.0,0.0
cc8a2489c826271c6b8f16b4,sensitivity_061_baseline,administered,2459.651170713807,30.0,1.40609208296586,0.0
5ca2ba26cf4e1f6353dc3901,sensitivity_061_baseline,administered,2931.6474908924633,0.0,0.0,0.0
d9eb03666083933dcdbadd01,sensitivity_061_baseline,administered,4061.0837158381537,0.0,0.0,0.0
a526301e803896e994877c84,sensitivity_061_baseline,administered,2604.245120788397,0.0,0.0,0.0
29acb9cd2fb1e4fd41b0fdda,sensitivity_061_baseline,administered,2215.688346719657,6.0,0.0,0.0
701caecda4b4fb333382be84,sensitivity_061_baseline,market,2429.3694255680216,3.0,0.0,0.0
e4b442266721dec2b9707f36,sensitivity_061_baseline,market,2916.274512664853,0.0,0.0,0.0
17913d6d31cfda3bc27e921e,sensitivity_061_baseline,market,3986.423409841948,0.0,0.0,0.0
20d5daab89e2bc43cfa29325,sensitivity_061_baseline,market,2595.0177804528626,0.0,0.0,0.0
7b3f7f5919f50cf2cfc96f87,sensitivity_061_baseline,market,2283.3200595681615,0.0,0.0,0.0
cece9191412153984da524fc,sensitivity_061_shock,administered,2739.637848823696,12.0,0.0,0.0
26a8e719f263d1f02646994c,sensitivity_061_shock,administered,3128.562869549297,0.0,0.0,0.0
e7f1c4783b5109b7100f574e,sensitivity_061_shock,administered,4183.568107048729,0.0,0.0,0.0
2388967939265137ce052222,sensitivity_061_shock,administered,2875.4413812071966,0.0,0.0,0.0
9962922d522dd4c22fa6795e,sensitivity_061_shock,administered,2541.4267151765534,0.0,0.0,0.0
5568447197b633480377bb45,sensitivity_061_shock,market,2716.8612496014885,2.0,0.0,0.0
8d1e2b01d909e693bb797399,sensitivity_061_shock,market,3095.7143788723274,0.0,0.0,0.0
f88fc782ae08d01eeedf8c8f,sensitivity_061_shock,market,4113.49276726073,0.0,0.0,0.0
a46eace1d66a04c0cc48f2b1,sensitivity_061_shock,market,2857.8789317144133,0.0,0.0,0.0
1c225a3c24f12d732cc586cf,sensitivity_061_shock,market,2583.8736756549065,0.0,0.0,0.0
2a7490fd221a91ce35577327,sensitivity_062_baseline,administered,3566.5506475072375,0.0,0.0,0.0
87f49043765161c692517ce9,sensitivity_062_baseline,administered,3315.4762624424347,0.0,0.0,0.0
5bf4dc298b4b910cd8354d7c,sensitivity_062_baseline,administered,2546.582613983226,14.0,0.0,0.0
e3e586a10b96e1b5a640e7db,sensitivity_062_baseline,administered,3002.659274242691,0.0,0.0,0.0
4ab63f56eb9fb2ed73713a8d,sensitivity_062_baseline,administered,2694.135190832137,0.0,0.0,0.0
c99c7cb391aacc56d8d1d7c6,sensitivity_062_baseline,market,3420.9366584172985,0.0,0.0,0.0
8b83a6edaf9319d4aad34492,sensitivity_062_baseline,market,3212.6391286382327,0.0,0.0,0.0
75ccdec75c8677fd11e11243,sensitivity_062_baseline,market,2533.2830045984865,0.0,0.0,0.0
4ec7534ebf6e89c319d3b6d2,sensitivity_062_baseline,market,2962.78209123678,0.0,0.0,0.0
72267bf7d249e245c43ff032,sensitivity_062_baseline,market,2700.485122380156,0.0,0.0,0.0
0c1c43adca422cd9c743cc8c,sensitivity_062_shock,administered,3718.0343635767745,0.0,0.0,0.0
a40bff8abc7f356aa0fdc20d,sensitivity_062_shock,administered,3432.221525997118,0.0,0.0,0.0
b18c9dd55edfec8aa13a4e15,sensitivity_062_shock,administered,2858.533406077561,2.0,0.0,0.0
2ea4949611d07e908d965029,sensitivity_062_shock,administered,3133.6447899922223,1.0,0.0,0.0
d2855c838462c141d722f738,sensitivity_062_shock,administered,2902.880360121916,0.0,0.0,0.0
1b28edb8bb1ab95c6f0075c8,sensitivity_062_shock,market,3616.9651829659265,0.0,0.0,0.0
78b9300d5c9b86ba8ddec3b1,sensitivity_062_shock,market,3323.7729866480704,0.0,0.0,0.0
ce38662394816430703f2bd2,sensitivity_062_shock,market,2839.489582080745,0.0,0.0,0.0
e868f89f7490c2f886857f53,sensitivity_062_shock,market,3075.6684177915113,0.0,0.0,0.0
f9461486437cf6a7deaa8b6e,sensitivity_062_shock,market,2879.4378225361643,0.0,0.0,0.0
1b42678068603b07ecac946e,sensitivity_063_baseline,administered,3365.977377422311,0.0,0.0,0.0
d5c038795318fe203b94441b,sensitivity_063_baseline,administered,2367.736286414255,4.0,3.7226332961054487,0.0
f217c244501bb7b287faa961,sensitivity_063_baseline,administered,2110.8582838941816,86.0,0.8187837933049158,0.0
2474af85c97ede35cf4c383a,sensitivity_063_baseline,administered,3075.0651434105425,0.0,0.0,0.0
bddd3acc0d45c7d4ce7e2331,sensitivity_063_baseline,administered,3040.108682925887,0.0,0.0,0.0
439e29333691c70fbce84df8,sensitivity_063_baseline,market,3014.8285030270195,0.0,0.0,0.0
743568257186b6bb8b65e5cc,sensitivity_063_baseline,market,2414.07509794013,0.0,0.0,0.0
8d2030371858ce8667f7b027,sensitivity_063_baseline,market,2048.6055882472,2.0,0.0,0.0
32a47f182b72d76960184ead,sensitivity_063_baseline,market,2870.4254552138846,0.0,0.0,0.0
4224e8da27624cf364a7ca67,sensitivity_063_baseline,market,2779.2676499603217,0.0,0.0,0.0
f07ed2ee4103dfe13a720afd,sensitivity_063_shock,administered,3491.5508057733964,0.0,0.0,0.0
62410c64dd02011b99f683d9,sensitivity_063_shock,administered,2671.8491201475426,2.0,1.4786684974309257,0.0
536bd9a09db91135a771870a,sensitivity_063_shock,administered,2385.3531464623543,56.0,0.722479867824263,0.0
6ec73cc351b43a9e2d12b6ca,sensitivity_063_shock,administered,3218.8265653759017,0.0,0.0,0.0
73d64813128c13fca8f9fd03,sensitivity_063_shock,administered,3194.2667792245547,0.0,0.0,0.0
40bdc5d6d0d4d48d7fbe8771,sensitivity_063_shock,market,3184.319714628925,0.0,0.0,0.0
4e26a4a7f81e11983d057964,sensitivity_063_shock,market,2664.4171761236303,0.0,0.0,0.0
6520b9c024169253d85412b9,sensitivity_063_shock,market,2436.915555182515,0.0,0.0,0.0
6f6f3fbbb310280de916d570,sensitivity_063_shock,market,3006.2294130143955,0.0,0.0,0.0
955b81ef7f19d7cc36c4f398,sensitivity_063_shock,market,2949.1386177241316,0.0,0.0,0.0
450ab156d0356e3036e28839,sensitivity_064_baseline,administered,3246.326584077022,0.0,0.0,0.0
0ba4f5b5eb26066f48c7af76,sensitivity_064_baseline,administered,2933.3114644546145,0.0,0.0,0.0
b53f00e08d6517af5c3dcc25,sensitivity_064_baseline,administered,3090.4568865877886,0.0,0.0,0.0
fd61cb9242adbb31de0a7610,sensitivity_064_baseline,administered,3883.6734807778766,0.0,0.0,0.0
4fd797d6bacdcd16740e1cce,sensitivity_064_baseline,administered,3342.7845145698,0.0,0.0,0.0
192b22051c41148f00fa3763,sensitivity_064_baseline,market,2876.5119939017254,0.0,0.0,0.0
cf29a5189ee3b357b81a44ff,sensitivity_064_baseline,market,2734.0767273994197,0.0,0.0,0.0
a5daa311a4b52d290038669c,sensitivity_064_baseline,market,2743.9423744990445,0.0,0.0,0.0
fbbc8087659e5bcf76754157,sensitivity_064_baseline,market,3630.070075631269,0.0,0.0,0.0
7f701c478feb94c6a7c6bfc2,sensitivity_064_baseline,market,3264.5008378865136,0.0,0.0,0.0
5928022711d09e4c3c56c16c,sensitivity_064_shock,administered,3350.130225903473,0.0,0.0,0.0
cd284c506cc1cc79b143f3d6,sensitivity_064_shock,administered,3106.4325346457044,0.0,0.0,0.0
913cd7480547ae5f74a94c33,sensitivity_064_shock,administered,3212.152644839578,0.0,0.0,0.0
f8e7cf9c05b52628d0edcf86,sensitivity_064_shock,administered,4042.0040541508597,0.0,0.0,0.0
5861229e0ccfb5cb54362c38,sensitivity_064_shock,administered,3446.6993620016856,0.0,0.0,0.0
997c5749226c64141216e120,sensitivity_064_shock,market,3041.2947835757573,0.0,0.0,0.0
3eeefda1d830e5107b284e39,sensitivity_064_shock,market,2875.4462083663384,0.0,0.0,0.0
7b80c0171031c416caab259e,sensitivity_064_shock,market,2912.7092737854455,0.0,0.0,0.0
68a793e2340145ef90708872,sensitivity_064_shock,market,3789.098141176722,0.0,0.0,0.0
72455fee096293a1843206b0,sensitivity_064_shock,market,3360.8667891012988,0.0,0.0,0.0
700da1a4d40f8a48d2908c33,sensitivity_065_baseline,administered,3059.0176191769124,0.0,0.0,0.0
44350a115263ad82bc847e66,sensitivity_065_baseline,administered,2943.042757676644,2.0,0.0,0.0
19dc562c48f1e33358098a5d,sensitivity_065_baseline,administered,3204.485905119077,0.0,0.0,0.0
5c8d7ff87fb115e3aa7e2c42,sensitivity_065_baseline,administered,1924.2022722931895,97.0,0.0,0.0
0c27a88b67fa8392293b75d6,sensitivity_065_baseline,administered,2232.4773110490255,55.0,0.0,0.0
7e20000e0ed29cb91d8b4922,sensitivity_065_baseline,market,3031.446272081311,0.0,0.0,0.0
66b9c0a2b9f95ba413bbf119,sensitivity_065_baseline,market,2919.22022916279,0.0,0.0,0.0
9c7d8a0919b5a6200dcca2be,sensitivity_065_baseline,market,3175.7083097594527,0.0,0.0,0.0
072d243d9f0a7ae8f5b94962,sensitivity_065_baseline,market,1844.0482300333529,57.0,0.0,0.0
f3dd57ed75d1ffaf1f6ab5d4,sensitivity_065_baseline,market,2255.809708712576,8.0,0.0,0.0
bc26e38dd582182d9ba836c8,sensitivity_065_shock,administered,3181.2282070997107,0.0,0.0,0.0
6064a0c12d8ef160d07a8ca9,sensitivity_065_shock,administered,3080.0176016350492,0.0,0.0,0.0
72d7bc6c026e9ec52c4d4de3,sensitivity_065_shock,administered,3309.502517197971,0.0,0.0,0.0
83f8571ce6ad8af006b59cc8,sensitivity_065_shock,administered,2214.00264053205,113.0,0.0,0.0
9b1796b10b3e5c9f40fd38f6,sensitivity_065_shock,administered,2557.9096152369093,14.0,0.0,0.0
0bc4702e0e8896693f6ea9a7,sensitivity_065_shock,market,3146.7769149117694,0.0,0.0,0.0
a1b8f1fd2cbe0e3259c916ba,sensitivity_065_shock,market,3035.1391440059742,0.0,0.0,0.0
2740d328b904cb10fa495b9e,sensitivity_065_shock,market,3275.0314617150843,0.0,0.0,0.0
9664941ed0a33f95d6241481,sensitivity_065_shock,market,2154.3398137515715,64.0,0.27427650054593133,0.0
c273c9ef33903d4788705693,sensitivity_065_shock,market,2604.1193781634033,0.0,0.0,0.0
6abba9f15015619808f2d63d,sensitivity_066_baseline,administered,2499.8789134417048,9.0,1.8755490352416926,0.0
d7178d0277f714a1c160ac82,sensitivity_066_baseline,administered,3642.6306533951383,0.0,0.0,0.0
3919b82cc11a164ac13c262f,sensitivity_066_baseline,administered,3791.9214472198723,0.0,0.0,0.0
7deffbf85ed06aab140380b2,sensitivity_066_baseline,administered,2794.711304448115,0.0,0.0,0.0
75ed230dc749614fd4878e2b,sensitivity_066_baseline,administered,3214.688702746067,0.0,0.0,0.0
5b2f5d146dbf908418f728d6,sensitivity_066_baseline,market,2572.3405136658607,0.0,0.0,0.0
782501ef1235ce34ec1857c4,sensitivity_066_baseline,market,3232.08534608262,0.0,0.0,0.0
ae963fc704a3c211318735f2,sensitivity_066_baseline,market,3351.4252240435,0.0,0.0,0.0
7af0ddce6d72de154b481dbc,sensitivity_066_baseline,market,2741.2943179602744,0.0,0.0,0.0
2f9390dbb776c3c973eee444,sensitivity_066_baseline,market,3139.055121615281,0.0,0.0,0.0
c870e9f4f23cff64e66d3aca,sensitivity_066_shock,administered,2784.102329247924,0.0,0.0,0.0
de24bf991e2bb35689ddc598,sensitivity_066_shock,administered,3830.423280213866,0.0,0.0,0.0
81a9632359fda07339e6790b,sensitivity_066_shock,administered,3990.3534014874513,0.0,0.0,0.0
86dc5c30f913d0f5ac30a994,sensitivity_066_shock,administered,2979.271229806343,0.0,0.0,0.0
8f51bdd1a52d0bf89b0c6359,sensitivity_066_shock,administered,3304.773729962681,0.0,0.0,0.0
c1927ff851633424d13e57c6,sensitivity_066_shock,market,2793.1975162802614,0.0,0.0,0.0
c05f1009aa118eb519956909,sensitivity_066_shock,market,3434.669153290817,0.0,0.0,0.0
50f7727df1412bea00d30598,sensitivity_066_shock,market,3631.0972551235186,0.0,0.0,0.0
8b63fb380ce0e58a410b7d63,sensitivity_066_shock,market,2903.6163718471394,0.0,0.0,0.0
d90697a7d289d8749ef8c3c3,sensitivity_066_shock,market,3220.821054122665,0.0,0.0,0.0
0c46dd87f89bf1cfc20efc6a,sensitivity_067_baseline,administered,2044.6756488928247,84.0,0.0,0.0
fed99af2a99d0b6507e499a1,sensitivity_067_baseline,administered,2184.9924809591494,165.0,0.8173091681291496,0.0
74e821a64b0dd6564b55f527,sensitivity_067_baseline,administered,2966.7387420689224,0.0,0.0,0.0
8af84d31717412d098c05fed,sensitivity_067_baseline,administered,2063.648602106537,38.0,0.8535393093963162,0.0
6bb1fb6d53a7c571422eee3f,sensitivity_067_baseline,administered,2840.959913270791,0.0,0.0,0.0
485b108c1cba87045df8da7b,sensitivity_067_baseline,market,2289.6686268903036,0.0,0.0,0.0
e892fe95a38191c7811497c9,sensitivity_067_baseline,market,2421.984726662755,0.0,0.0,0.0
1fb75884229798bff9748286,sensitivity_067_baseline,market,2822.8038750079772,0.0,0.0,0.0
b4a4f0aae61f2b0eb68a68e3,sensitivity_067_baseline,market,2263.8586081851386,0.0,0.0,0.0
6ac86de1c85384ed08046fee,sensitivity_067_baseline,market,2758.4198540891466,0.0,0.0,0.0
47a8045bd89da6a3ece36308,sensitivity_067_shock,administered,2343.2194722609615,46.0,0.0,0.0
efd4a3c462355356ec4fddeb,sensitivity_067_shock,administered,2455.7790559351465,128.0,0.4185973240343053,0.0
2006a0be556326981ae05267,sensitivity_067_shock,administered,3117.7891452505783,0.0,0.0,0.0
516550ba9d9cf268ee4ff8bd,sensitivity_067_shock,administered,2354.923898268424,18.0,0.9241140274491668,0.0
01c5fd798300187a5da64070,sensitivity_067_shock,administered,3010.1290669698683,0.0,0.0,0.0
8cb5a58a9cb1452bc121e4a9,sensitivity_067_shock,market,2527.993822209447,0.0,0.0,0.0
bed474798288eda203da48fd,sensitivity_067_shock,market,2680.4863374584884,0.0,0.0,0.0
690c01d4d4ff5fbc61e4b65c,sensitivity_067_shock,market,2954.7427357812458,0.0,0.0,0.0
65a9276fd4de84fe0ff06cf9,sensitivity_067_shock,market,2485.3174698859775,1.0,0.0,0.0
3beb78297358eb05a6e2278f,sensitivity_067_shock,market,2891.2362444560013,0.0,0.0,0.0
92a9b37a5e7afdbcdfe99d87,sensitivity_068_baseline,administered,3765.0436003431305,0.0,0.0,0.0
0da8d70306f45167d5897554,sensitivity_068_baseline,administered,3612.0159547054404,0.0,0.0,0.0
7bb2aba8bb0a0afabd311bed,sensitivity_068_baseline,administered,2491.434171131666,16.0,0.0,0.0
ed8a6db05a9b5f862b37b4ab,sensitivity_068_baseline,administered,2743.189968958466,1.0,0.0,0.0
fdea83bc0dd29dea037dc4bc,sensitivity_068_baseline,administered,2691.177047224884,3.0,0.0,0.0
60891f721803ad3e9b46b338,sensitivity_068_baseline,market,3451.394198815941,0.0,0.0,0.0
268441bc3b070a0ca7220da6,sensitivity_068_baseline,market,3563.039868544199,0.0,0.0,0.0
7b479a1b0422383def78a445,sensitivity_068_baseline,market,2458.035599602841,7.0,0.0,0.0
bd7c6adbc73c1e784748ba5b,sensitivity_068_baseline,market,2723.468511220709,0.0,0.0,0.0
dafb04beb118d0afaebe7897,sensitivity_068_baseline,market,2674.225496484811,0.0,0.0,0.0
fcd385c186aed5a8e292f33e,sensitivity_068_shock,administered,3913.3227371676126,0.0,0.0,0.0
fb04bc8efd3e8047028decc2,sensitivity_068_shock,administered,3738.719285200644,0.0,0.0,0.0
06efc7c4fa26450ed7355cf7,sensitivity_068_shock,administered,2810.5150931037397,5.0,0.0,0.0
70246abb56c70478dd6e6ad9,sensitivity_068_shock,administered,2934.02454446002,1.0,0.0,0.0
61a73981f4dff0285365f34b,sensitivity_068_shock,administered,3007.312662578135,0.0,0.0,0.0
c1138552dd410266c091ef90,sensitivity_068_shock,market,3745.3893694307144,0.0,0.0,0.0
07bc40493d5a3fd7e8ae79d7,sensitivity_068_shock,market,3689.2041990005864,0.0,0.0,0.0
f4a5034a83d4840bfcfbc864,sensitivity_068_shock,market,2776.7485355913145,0.0,0.0,0.0
671c035883650691e20278af,sensitivity_068_shock,market,2897.980658823156,0.0,0.0,0.0
ec77751821677298d2dd15fe,sensitivity_068_shock,market,2965.3035001840385,0.0,0.0,0.0
b00959e70107e5d79f54e043,sensitivity_069_baseline,administered,2875.3219479833347,0.0,0.0,0.0
95b32cde7ca0acc56e802425,sensitivity_069_baseline,administered,3229.982011611936,0.0,0.0,0.0
225ee25e73179ae8797832f1,sensitivity_069_baseline,administered,3536.862945858377,0.0,0.0,0.0
b8ec1b0f63c11a9373761afb,sensitivity_069_baseline,administered,3774.576869644697,0.0,0.0,0.0
4d655bb05f153b22785d0e5f,sensitivity_069_baseline,administered,3110.118617086859,0.0,0.0,0.0
90739827a9cf374392b3a990,sensitivity_069_baseline,market,2768.67912540524,0.0,0.0,0.0
2026e712a96fc97f60e6ee33,sensitivity_069_baseline,market,3092.249017171394,0.0,0.0,0.0
d435d424ba3b18d194d7608f,sensitivity_069_baseline,market,3468.131941186192,0.0,0.0,0.0
869f993dfbeff8b4d643a53e,sensitivity_069_baseline,market,3497.698146260196,0.0,0.0,0.0
1fdd22e82733fae2456b589a,sensitivity_069_baseline,market,2921.2568820909423,0.0,0.0,0.0
35aff95ece024ea98c3993ed,sensitivity_069_shock,administered,3024.1100119706643,0.0,0.0,0.0
bb81a50bbeba5a73b1fa44fd,sensitivity_069_shock,administered,3334.287792756544,0.0,0.0,0.0
9b143950e03e6f96ed1be09a,sensitivity_069_shock,administered,3663.8411752069887,0.0,0.0,0.0
1b2f0ef736c16de92b8160d2,sensitivity_069_shock,administered,3962.5121953072357,0.0,0.0,0.0
aa321dbe0a0edaaed47513b4,sensitivity_069_shock,administered,3240.8862472178566,0.0,0.0,0.0
55a4513c1653ab21d4f86d57,sensitivity_069_shock,market,2936.1149478134475,0.0,0.0,0.0
d8a1b90d6e191b6f84653b72,sensitivity_069_shock,market,3212.421900540735,0.0,0.0,0.0
4d8f83e7a89656350ab19d0e,sensitivity_069_shock,market,3577.9385156730036,0.0,0.0,0.0
e6b703b9212794e51e1ea4fe,sensitivity_069_shock,market,3719.451359621164,0.0,0.0,0.0
418532202c651ed027527930,sensitivity_069_shock,market,3075.74397079281,0.0,0.0,0.0
a36d83f3ca14590a13c2cd1a,sensitivity_070_baseline,administered,2344.1178597470666,12.0,0.0,0.0
964ccc70c0f9a0696eb29ad2,sensitivity_070_baseline,administered,3701.3042306548077,0.0,0.0,0.0
d4f2a2fcc3ff5b8f5c6aefd6,sensitivity_070_baseline,administered,3208.605111263974,0.0,0.0,0.0
82c17af8c8a49b8ab12c059f,sensitivity_070_baseline,administered,2159.720716442027,26.0,0.0,0.0
b30fdc50cc2bce6ede897af3,sensitivity_070_baseline,administered,2612.640571476951,4.0,0.0,0.0
cc9ca2c7d630f6783ea67b57,sensitivity_070_baseline,market,2397.8064400029593,0.0,0.0,0.0
26807c9aaaaf54d1da96d2fd,sensitivity_070_baseline,market,3509.9509884566637,0.0,0.0,0.0
c7f60c980edb0cdaa28e902f,sensitivity_070_baseline,market,3107.5312469474097,0.0,0.0,0.0
755c855e97fced1cabdb3bfc,sensitivity_070_baseline,market,2217.7109175637793,0.0,0.0,0.0
d59dfda592d2b1f74c1af97b,sensitivity_070_baseline,market,2621.031307579221,0.0,0.0,0.0
3417723bd32fdd66efa42d44,sensitivity_070_shock,administered,2664.559113816844,2.0,0.0,0.0
9d44020ba7cd7a5cce373757,sensitivity_070_shock,administered,3834.7234607290766,0.0,0.0,0.0
665f11e4734d200305e9bcee,sensitivity_070_shock,administered,3335.7447360340016,0.0,0.0,0.0
9327e398cdc6c47b6a9bbb37,sensitivity_070_shock,administered,2487.1324800846814,6.0,0.0,0.0
c5db1d884519d3ace9197fb0,sensitivity_070_shock,administered,2897.2998623469575,0.0,0.0,0.0
7d169b903f57ea50d39fedb0,sensitivity_070_shock,market,2675.4338610939612,0.0,0.0,0.0
52ef9b94bed32f855263f7c5,sensitivity_070_shock,market,3670.990234155921,0.0,0.0,0.0
0ad0504a63bab1f4a7ebba7b,sensitivity_070_shock,market,3246.444093435022,0.0,0.0,0.0
91cd2752b5dc46e233428d43,sensitivity_070_shock,market,2533.891999239534,0.0,0.0,0.0
0041139901628bc2ae524269,sensitivity_070_shock,market,2876.443877872262,0.0,0.0,0.0
3eb85b6e4cb2c99ceab0a458,sensitivity_071_baseline,administered,2847.380472811784,0.0,0.0,0.0
ec503adfd8a4849debb4b2a8,sensitivity_071_baseline,administered,2357.9046149665264,22.0,0.0,0.0
4151762932483658b9111c0f,sensitivity_071_baseline,administered,3039.5482223743534,0.0,0.0,0.0
3ed03feac5efcfdc1d83d649,sensitivity_071_baseline,administered,2989.382578158826,0.0,0.0,0.0
5e6c6ae86e5cba13d79f3f3a,sensitivity_071_baseline,administered,2212.704885480976,93.0,0.0,0.0
ec8fd17bd1e5c22651fb8590,sensitivity_071_baseline,market,2839.312102286109,0.0,0.0,0.0
777bc72d0ec0f2e144a63377,sensitivity_071_baseline,market,2323.1371695022017,15.0,0.0,0.0
a577bea8e7d7a29e6d3d02d7,sensitivity_071_baseline,market,3026.4912648787777,0.0,0.0,0.0
bb90d37933a01ddd3c2ebcca,sensitivity_071_baseline,market,2960.6920315262164,0.0,0.0,0.0
f09d5b1e73a8a578b7ab030f,sensitivity_071_baseline,market,2189.63697818599,81.0,0.0,0.0
f5b1454dc6b9e053872c2f53,sensitivity_071_shock,administered,3036.660195632347,0.0,0.0,0.0
662c2200a674f18f404ed5ad,sensitivity_071_shock,administered,2667.2548732355835,2.0,0.0,0.0
da9d3d63699c2a0eb71b9f6d,sensitivity_071_shock,administered,3199.7411608182106,0.0,0.0,0.0
36c7d9db18713571b5278e01,sensitivity_071_shock,administered,3129.697058558237,0.0,0.0,0.0
1526e6b48773c0583fe8229e,sensitivity_071_shock,administered,2502.7428386843167,27.0,0.0,0.0
3e0d0a2ef818832ac4921c77,sensitivity_071_shock,market,3022.5822857445037,0.0,0.0,0.0
7cc479b70770c1c34571b440,sensitivity_071_shock,market,2638.84495854673,2.0,0.0,0.0
59fe390c0118e4c486aa8915,sensitivity_071_shock,market,3181.509732781051,0.0,0.0,0.0
9e70fdc6ec73438ad553d4a4,sensitivity_071_shock,market,3100.745475749585,0.0,0.0,0.0
f86f365dadffe0b30fcb074e,sensitivity_071_shock,market,2479.115445431458,12.0,0.0,0.0
d3db3faead000a5f5e7fed51,sensitivity_072_baseline,administered,2492.771548812492,4.0,0.0,0.0
767e113cbe005adbe26279b6,sensitivity_072_baseline,administered,2918.00009521514,0.0,0.0,0.0
f8388196f0ffae96096c602e,sensitivity_072_baseline,administered,3384.574780594843,0.0,0.0,0.0
6a125754106af4184cfbccfa,sensitivity_072_baseline,administered,2258.4742692721966,102.0,1.3383555088887849,0.0
2781bd6a06349d631f2a6c40,sensitivity_072_baseline,administered,2587.962401759199,1.0,0.0,0.0
f0bdbd19a1393a822a6339a1,sensitivity_072_baseline,market,2502.2697159459276,0.0,0.0,0.0
41081ce0cb429c05e80ca720,sensitivity_072_baseline,market,2744.035201707431,0.0,0.0,0.0
336f14d734f7771f138f13f4,sensitivity_072_baseline,market,2980.2640088451417,0.0,0.0,0.0
70ad4c3199dd7542e827f409,sensitivity_072_baseline,market,2158.7197650018525,28.0,25.144148061253468,0.0
2de5a59e6129c0439beb709e,sensitivity_072_baseline,market,2634.7604659715557,0.0,0.0,0.0
be787c367d8b43a31d72a229,sensitivity_072_shock,administered,2789.142700605399,0.0,0.0,0.0
984705be1ad5f0a6fec40724,sensitivity_072_shock,administered,3062.345078323825,0.0,0.0,0.0
24b78db296ed1c2893359f1b,sensitivity_072_shock,administered,3490.4983699383783,0.0,0.0,0.0
1a460821f9c94facce187775,sensitivity_072_shock,administered,2532.9832628484382,52.0,2.925925769577785,0.0
7b45d5cba63ff17bac807783,sensitivity_072_shock,administered,2880.8926796378682,0.0,0.0,0.0
bf0a3617e85e812bd732a342,sensitivity_072_shock,market,2762.019421208193,0.0,0.0,0.0
9ecd73354c05644e48aff0f9,sensitivity_072_shock,market,2857.673884801909,0.0,0.0,0.0
61996095d8cc8160851d38cf,sensitivity_072_shock,market,3138.468471623175,0.0,0.0,0.0
13988796c86895bfc927fd2e,sensitivity_072_shock,market,2587.2657306620104,22.0,24.228131912409864,0.0
bd6b42456170b34589dfb1c6,sensitivity_072_shock,market,2830.9138114672755,0.0,0.0,0.0
de12fbbcd3026413e7f2caaf,sensitivity_073_baseline,administered,2199.2913333585734,77.0,0.7007594046221728,0.0
9d616e26db7fbe576ab7cccd,sensitivity_073_baseline,administered,2498.585140143801,2.0,0.0,0.0
a5360d981bd703feb39f6caa,sensitivity_073_baseline,administered,2908.6728817839607,0.0,0.0,0.0
885ee74790ea3e7a9b7c8fea,sensitivity_073_baseline,administered,3951.2869300622947,0.0,0.0,0.0
b215d3a506b202d896528f3a,sensitivity_073_baseline,administered,4504.977588086227,0.0,0.0,0.0
ced89825f61620c75128ca8c,sensitivity_073_baseline,market,2266.3959856126153,0.0,0.0,0.0
02bc7b65d3b77b2ceb2c9c25,sensitivity_073_baseline,market,2671.8838368853185,0.0,0.0,0.0
00474d51b096cc7f0cda9e9c,sensitivity_073_baseline,market,2806.67683282129,0.0,0.0,0.0
27857d58ba956075e63cc8fb,sensitivity_073_baseline,market,3854.6067548368846,0.0,0.0,0.0
18e2c96dac9c69c6ca5a2429,sensitivity_073_baseline,market,4004.5720212477854,0.0,0.0,0.0
cfb4352b6f4b0d3ab7bb1b71,sensitivity_073_shock,administered,2469.040034630408,60.0,0.0,0.0
04a518dcab9f0e5ccc01c291,sensitivity_073_shock,administered,2805.6966508388427,1.0,0.0,0.0
29b56621e290efe1d8c21291,sensitivity_073_shock,administered,3075.5882310029197,0.0,0.0,0.0
c8631f8fcb5e270a225f04f7,sensitivity_073_shock,administered,4093.520614468558,0.0,0.0,0.0
847d6b7afe8f76bdc9e567ea,sensitivity_073_shock,administered,4537.67535208064,0.0,0.0,0.0
357a022f06248e1801b8394a,sensitivity_073_shock,market,2583.164215958919,0.0,0.0,0.0
d487a823c54a0c676b9ac321,sensitivity_073_shock,market,2821.039880105902,0.0,0.0,0.0
cda43bc55ab4031eaff31c06,sensitivity_073_shock,market,2921.694057212992,0.0,0.0,0.0
fa1aba427663c9073339ac2d,sensitivity_073_shock,market,3992.224113210535,0.0,0.0,0.0
51ab9bb309b5d1dcb896630c,sensitivity_073_shock,market,4076.1552360041055,0.0,0.0,0.0
dec48ea27f3897a1b7a9b4b5,sensitivity_074_baseline,administered,2912.6804429876197,0.0,0.0,0.0
50326c51081a88973a3840d8,sensitivity_074_baseline,administered,2562.3521215441297,8.0,0.0,0.0
176839d608bc6a4cd80eae75,sensitivity_074_baseline,administered,2359.247351669236,39.0,0.0,0.0
e97d624e4b5ec79cf4e703d0,sensitivity_074_baseline,administered,2666.956468646121,2.0,0.0,0.0
af3df2629f78fc21b7fcded5,sensitivity_074_baseline,administered,3465.993337153958,0.0,0.0,0.0
b2cfb4129bf30fb997388e49,sensitivity_074_baseline,market,2797.0071410868286,0.0,0.0,0.0
01c958f33bd2d900e9304156,sensitivity_074_baseline,market,2611.4858100524534,0.0,0.0,0.0
a627a1fe8b1ce212ce0d7d38,sensitivity_074_baseline,market,2587.419981330374,0.0,0.0,0.0
4ef804bbbaa0fa6b45d8c2dd,sensitivity_074_baseline,market,2674.7524413933756,0.0,0.0,0.0
2f2035eeb625586fb8b01638,sensitivity_074_baseline,market,3144.143563325699,0.0,0.0,0.0
792bb63a715c4a0f45708570,sensitivity_074_shock,administered,3061.3668131586073,0.0,0.0,0.0
87ef35d5ce4ae1e90558d095,sensitivity_074_shock,administered,2847.7695235671895,0.0,0.0,0.0
e075772e36c420f759e816a6,sensitivity_074_shock,administered,2690.9956587806814,0.0,0.0,0.0
b281c49be9917656335d3071,sensitivity_074_shock,administered,2924.0043143407847,0.0,0.0,0.0
1ccdde7a72876a6dfef3d7e0,sensitivity_074_shock,administered,3590.490689878636,0.0,0.0,0.0
82714aa6b151b14ef325ff36,sensitivity_074_shock,market,2957.7184296888686,0.0,0.0,0.0
c0dfd1578a9dc5dbe2367a1b,sensitivity_074_shock,market,2864.3232811766466,0.0,0.0,0.0
b20b0c0dc8fac7b72921222c,sensitivity_074_shock,market,2827.792048105356,0.0,0.0,0.0
5d0517a4658775ab2629468e,sensitivity_074_shock,market,2875.657393158299,0.0,0.0,0.0
887f5e6c497010e575c99714,sensitivity_074_shock,market,3297.991507845263,0.0,0.0,0.0
216439cce62e4f1e3369fa9a,sensitivity_075_baseline,administered,2096.995141786556,35.0,0.0,0.0
f1a89a7b6668c4f5810c06ec,sensitivity_075_baseline,administered,2436.5140403090813,0.0,0.0,0.0
f5f3ce7cbf1210618dbfa0c1,sensitivity_075_baseline,administered,3103.5169465643357,0.0,0.0,0.0
64877308ad544ba0229d2478,sensitivity_075_baseline,administered,2699.3017477966646,1.0,0.0,0.0
b9a89815cf3e3cb098f1a748,sensitivity_075_baseline,administered,4763.14032910047,0.0,0.0,0.0
c91a1b8dbc3e9831570b3a86,sensitivity_075_baseline,market,2344.1791278069813,0.0,0.0,0.0
96293b913e4240ee296ad4f3,sensitivity_075_baseline,market,2544.536344524046,0.0,0.0,0.0
9e62124cb7e1c00b952947f8,sensitivity_075_baseline,market,2911.6096585906685,0.0,0.0,0.0
25528afdec49d56f97a78afc,sensitivity_075_baseline,market,2657.287932483103,0.0,0.0,0.0
e2f8991bdef47fc922d9da7f,sensitivity_075_baseline,market,4294.241868953526,0.0,0.0,0.0
b86fbb8cc2a5ad0ec0f59f8d,sensitivity_075_shock,administered,2434.383029557024,22.0,0.0,0.0
80d4af02d82ffa48a90eb42b,sensitivity_075_shock,administered,2705.7923281053477,0.0,0.0,0.0
fc2a55c80c3c256491d9e6f9,sensitivity_075_shock,administered,3228.041357642577,0.0,0.0,0.0
534e49498ea37944c821d9de,sensitivity_075_shock,administered,2863.6959320496308,3.0,0.0,0.0
af44f40ffaec3ec9b5cf33f5,sensitivity_075_shock,administered,4982.70993393685,0.0,0.0,0.0
7d4fe5fe466f0ca5a42bf6f2,sensitivity_075_shock,market,2579.003055260993,0.0,0.0,0.0
65bf4128155848d97b178dc9,sensitivity_075_shock,market,2715.154105061784,0.0,0.0,0.0
afe1c26a211067d59f1ca003,sensitivity_075_shock,market,3066.3964939144457,0.0,0.0,0.0
fc5314ecd53c9eb1af9289c9,sensitivity_075_shock,market,2793.4396155995482,1.0,0.0,0.0
faf5c2d0125f6c227051241e,sensitivity_075_shock,market,4499.492786386117,0.0,0.0,0.0
8118c195cff2d940b69fb243,sensitivity_076_baseline,administered,3088.836348262486,0.0,0.0,0.0
affc4d083083d4911c3cbe42,sensitivity_076_baseline,administered,3004.707919123482,0.0,0.0,0.0
fd6a3bf5537e5dcce1940d78,sensitivity_076_baseline,administered,2471.4235215936255,0.0,0.0,0.0
71e60eeb6c82a128108a35b4,sensitivity_076_baseline,administered,2562.095943711457,6.0,0.0,0.0
4feee36ae541a5b2a2d2d2a1,sensitivity_076_baseline,administered,3292.8695733574355,0.0,0.0,0.0
1d4a1f241dc652ca8f38a668,sensitivity_076_baseline,market,2827.200572159536,0.0,0.0,0.0
8a39fab1a6f438c70773485b,sensitivity_076_baseline,market,2819.1048967457286,0.0,0.0,0.0
e67ac9232140a87b36aec9f0,sensitivity_076_baseline,market,2498.364640595803,0.0,0.0,0.0
511e078fe7283ac07dbad343,sensitivity_076_baseline,market,2559.595992145227,0.0,0.0,0.0
a34cf18d31685b7b68d79a12,sensitivity_076_baseline,market,3063.7827688659568,0.0,0.0,0.0
2845dfa20265663eaaefa0ec,sensitivity_076_shock,administered,3218.29613429535,0.0,0.0,0.0
8b21b841a0a4bd6ad2bdc702,sensitivity_076_shock,administered,3147.4936884428175,0.0,0.0,0.0
62b6649028e523febd221686,sensitivity_076_shock,administered,2766.019820059258,0.0,0.0,0.0
412075f537e4337af398793e,sensitivity_076_shock,administered,2828.958334991025,1.0,0.0,0.0
04b7d98b6ca9af97ac0a27b1,sensitivity_076_shock,administered,3433.753656150457,0.0,0.0,0.0
6d311814c172d8f770fed19e,sensitivity_076_shock,market,2967.1790102444215,0.0,0.0,0.0
7d869d076d8b8e4ba42566f1,sensitivity_076_shock,market,2968.01589241368,0.0,0.0,0.0
a0ef1ded88a2ebdf16b3dbd1,sensitivity_076_shock,market,2731.61403908398,0.0,0.0,0.0
925e53cb987603eb3b653e27,sensitivity_076_shock,market,2762.6902638558495,0.0,0.0,0.0
0916e5511e9f7b8bcd115b16,sensitivity_076_shock,market,3186.630049412183,0.0,0.0,0.0
87aca840f9610f03a1fb864b,sensitivity_077_baseline,administered,2423.0995421347825,16.0,0.0,0.0
68081240f47f0a6f771c40ac,sensitivity_077_baseline,administered,2895.1059625353973,0.0,0.0,0.0
fb2344f40855910b892496cb,sensitivity_077_baseline,administered,3171.9353309076646,0.0,0.0,0.0
4840761b8b48517f6135f52a,sensitivity_077_baseline,administered,3227.643939937158,0.0,0.0,0.0
b764ab09d48843c3e40c8e1c,sensitivity_077_baseline,administered,2187.6036479842064,68.0,3.5358077599460342,0.0
71a61ab20679fd8a7b3ef857,sensitivity_077_baseline,market,2496.3618381218953,0.0,0.0,0.0
48ec321c2f9f2195db418b88,sensitivity_077_baseline,market,2729.9059401362674,0.0,0.0,0.0
8ad4d1a69d511e0d15fb76e8,sensitivity_077_baseline,market,2927.130391209232,0.0,0.0,0.0
c6d71b327922df87591b2762,sensitivity_077_baseline,market,2879.6181966331465,0.0,0.0,0.0
9624b7b55618a5f50d80bc50,sensitivity_077_baseline,market,2337.1785718837295,0.0,0.0,0.0
a3cba5b6b062c986db0c178d,sensitivity_077_shock,administered,2730.3348024901625,8.0,0.0,0.0
fbf27e58b2079d7f064261d2,sensitivity_077_shock,administered,3041.121157597316,0.0,0.0,0.0
7954d1473b57934a771a9308,sensitivity_077_shock,administered,3361.6271360193273,0.0,0.0,0.0
f450235d747a4b72ef0485c3,sensitivity_077_shock,administered,3366.9854968578707,0.0,0.0,0.0
a81cb89f3e0e381f809c4f01,sensitivity_077_shock,administered,2493.6080801210655,9.0,0.3636317363497712,0.0
3cd9fdb171491867250acd2f,sensitivity_077_shock,market,2741.867129468963,0.0,0.0,0.0
9cfbde3ae02c5238057af7e4,sensitivity_077_shock,market,2844.835587955475,0.0,0.0,0.0
6500412b1df09dc870563fb2,sensitivity_077_shock,market,3114.1848471510234,0.0,0.0,0.0
b55e3f37979b14d9316e365a,sensitivity_077_shock,market,3038.2149861150447,0.0,0.0,0.0
995506cf05e770a5bb361306,sensitivity_077_shock,market,2601.7535844948766,0.0,0.0,0.0
8e0fd05f7e8e2a9ca479fa5b,sensitivity_078_baseline,administered,3376.8711958911354,0.0,0.0,0.0
eefaef4f22fd21c9af30fae1,sensitivity_078_baseline,administered,2470.13926421514,19.0,0.0,0.0
2629b73b5f632e8382227dc1,sensitivity_078_baseline,administered,3317.4580604096213,0.0,0.0,0.0
3f7e9c650398ab1782fa01db,sensitivity_078_baseline,administered,2058.221792645915,60.0,1.7865192993812298,0.0
dd6082af2614fafa8a2a22d9,sensitivity_078_baseline,administered,2292.790310106644,51.0,0.0,0.0
8c11859c9687378e7dc3b1e7,sensitivity_078_baseline,market,3320.500702107549,0.0,0.0,0.0
8f9ab098530b8443105a6987,sensitivity_078_baseline,market,2471.6184462091587,0.0,0.0,0.0
a3b7dfc5f193c5b80e1544ce,sensitivity_078_baseline,market,3148.43795710181,0.0,0.0,0.0
3affad8432db066db2cb4195,sensitivity_078_baseline,market,2033.4767389704868,10.0,3.039924779660342,0.0
a101199149cbe425bc6027cd,sensitivity_078_baseline,market,2269.7803184280574,5.0,0.0,0.0
83c64c22ccb2af6c9bf359da,sensitivity_078_shock,administered,3497.810693982188,0.0,0.0,0.0
927ab72b5eb7c455c6671937,sensitivity_078_shock,administered,2762.3378915531835,5.0,1.9734254564192728,0.0
cca56e0ffe9ee3fdd6234fb9,sensitivity_078_shock,administered,3436.4582403822606,0.0,0.0,0.0
185b643bbc905ead2205bab3,sensitivity_078_shock,administered,2403.3939174084967,27.0,3.855675859733874,0.0
3f65a273b3e4000c760abe22,sensitivity_078_shock,administered,2579.4770456886777,18.0,0.0,0.0
f97e819b00b4207bc9ba705b,sensitivity_078_shock,market,3443.920639338727,0.0,0.0,0.0
0680958ccbfc6492b8cd1657,sensitivity_078_shock,market,2735.245396357358,0.0,0.0,0.0
fd9b560d4288e0fc6728f2c8,sensitivity_078_shock,market,3254.8036561075005,0.0,0.0,0.0
48bb939c3638864309cac245,sensitivity_078_shock,market,2360.2646168034757,5.0,0.36628818209645164,0.0
1ec53dd6c801a6745a3bae42,sensitivity_078_shock,market,2579.6597435481913,0.0,0.0,0.0
c91ec5682f44b6e8359ea0ce,sensitivity_079_baseline,administered,2482.109483216706,37.0,0.0644151594177993,0.0
6789118025430e1383574165,sensitivity_079_baseline,administered,2999.6954621269656,0.0,0.0,0.0
acbaf7d97dfafb131b7f0fda,sensitivity_079_baseline,administered,2821.845411825326,0.0,0.0,0.0
916132f2d193e39f5adb6b6d,sensitivity_079_baseline,administered,2165.969324436364,117.0,0.0,0.0
595ac6e98dc31b770c8dadf9,sensitivity_079_baseline,administered,3098.555379541705,0.0,0.0,0.0
19a1dc697c078789f741006c,sensitivity_079_baseline,market,2555.300462456573,0.0,0.0,0.0
5c87097ea7ef2ed2d90dfa61,sensitivity_079_baseline,market,2933.6935215719855,0.0,0.0,0.0
b5cf4aa8362cbb2538932354,sensitivity_079_baseline,market,2812.343747715825,0.0,0.0,0.0
c2a486573d37c5b446ffc9f3,sensitivity_079_baseline,market,2104.4743963945107,39.0,0.5153533806376025,0.0
f15dd835f400bd6a276352a0,sensitivity_079_baseline,market,3040.67346204394,0.0,0.0,0.0
2f4268338014d09007b00e0a,sensitivity_079_shock,administered,2783.342901248794,14.0,0.0,0.0
699df24167cb7f46b6842312,sensitivity_079_shock,administered,3167.906478921066,0.0,0.0,0.0
2c33bdf1af5ee513d16e42dc,sensitivity_079_shock,administered,3002.9148743174665,0.0,0.0,0.0
feafa7d82069c136e3d3327e,sensitivity_079_shock,administered,2487.2384826173407,87.0,0.0,0.0
aa55ff32a39c44904c98a0ec,sensitivity_079_shock,administered,3284.687002733908,0.0,0.0,0.0
fdbfa07e61356d16148ff968,sensitivity_079_shock,market,2823.248213723241,0.0,0.0,0.0
1854045232017f6bb653c27e,sensitivity_079_shock,market,3083.4667348017747,0.0,0.0,0.0
86e1a48ed0cee24b869b1697,sensitivity_079_shock,market,2954.3341961812202,0.0,0.0,0.0
550da6a6fa9c96a5f6df2f18,sensitivity_079_shock,market,2449.5043982806674,26.0,0.1721359745045561,0.0
b96d614d9fc015b9aea1b1ad,sensitivity_079_shock,market,3195.766333784665,0.0,0.0,0.0
27772d3e192f284e91d06e34,sensitivity_080_baseline,administered,3507.164607807461,0.0,0.0,0.0
456eaf5e0ea47197d4f11de2,sensitivity_080_baseline,administered,2403.707191608035,0.0,0.0,0.0
82cedf5a42a9ca1cd72b70d3,sensitivity_080_baseline,administered,3176.7559298889837,0.0,0.0,0.0
2b46f8d45a6e4c7de6396713,sensitivity_080_baseline,administered,3225.100746595922,0.0,0.0,0.0
b057a98f4abb387a92fa0c08,sensitivity_080_baseline,administered,2481.583313109554,7.0,1.0786422613978228,0.0
c11c51badc285a236fb5d187,sensitivity_080_baseline,market,3350.2244171546163,0.0,0.0,0.0
46f08c55288073bb65e1b09e,sensitivity_080_baseline,market,2553.5062634834385,0.0,0.0,0.0
88f5472d92b51dd9020545f3,sensitivity_080_baseline,market,2966.046880499178,0.0,0.0,0.0
01ff4e11e35a5fc7a418562a,sensitivity_080_baseline,market,3049.8273268794865,0.0,0.0,0.0
e8ba1df1ef96de7c3bf59785,sensitivity_080_baseline,market,2485.8132360781688,0.0,0.0,0.0
f85b2443265be49bd5b412e3,sensitivity_080_shock,administered,3626.0873559020893,0.0,0.0,0.0
70241979cf6a96ce0ea942c2,sensitivity_080_shock,administered,2711.361179076451,0.0,0.0,0.0
ac66fd0371d994bfd9d2d921,sensitivity_080_shock,administered,3323.3801495427347,0.0,0.0,0.0
7e875b8f13778aa3775054a3,sensitivity_080_shock,administered,3332.2466446424646,0.0,0.0,0.0
a562e5d392f957b5697e2b57,sensitivity_080_shock,administered,2736.96616129804,6.0,3.676918527852603,0.0
2d9ab10671ed9a12a3f5c84a,sensitivity_080_shock,market,3462.3764666088387,0.0,0.0,0.0
cbca9f0f1efed51fe3abb59d,sensitivity_080_shock,market,2725.563643422856,0.0,0.0,0.0
19d842d6eff525f4284b1de3,sensitivity_080_shock,market,3107.212612191417,0.0,0.0,0.0
bd1d60f3a198665d53f790e0,sensitivity_080_shock,market,3153.843696242515,0.0,0.0,0.0
67de8c9fc6819682bfe4d4ca,sensitivity_080_shock,market,2638.51220048411,0.0,0.0,0.0
28cb058b6da3625ac7ec71f2,sensitivity_081_baseline,administered,2497.182222665153,4.0,0.0,0.0
51fc3d12f7afea571cf28bf4,sensitivity_081_baseline,administered,2058.0125884216363,4.0,0.0,0.0
5c7a77a00a243f077d985105,sensitivity_081_baseline,administered,2842.5335198541948,0.0,0.0,0.0
d2f2ef52f24155582018bd04,sensitivity_081_baseline,administered,2271.7554166989858,66.0,0.0,0.0
334a19f27e788af68ac1f679,sensitivity_081_baseline,administered,2942.140554253408,0.0,0.0,0.0
d193736ef21423938f52de6d,sensitivity_081_baseline,market,2475.7479976809127,0.0,0.0,0.0
eaa0c144d2b09b2207da428f,sensitivity_081_baseline,market,2017.9058656068194,0.0,0.0,0.0
bf3f2b908f12d0bcb416779e,sensitivity_081_baseline,market,2811.6558233777732,0.0,0.0,0.0
d43c5d521fa20a49de7b4210,sensitivity_081_baseline,market,2228.8895236169196,3.0,0.0,0.0
b2facc8015df0af974267344,sensitivity_081_baseline,market,2901.712020184464,0.0,0.0,0.0
058fab55c93cd81934d0fd29,sensitivity_081_shock,administered,2806.7051687805406,0.0,0.0,0.0
4d7ec1771e5c3f8f15a8eec3,sensitivity_081_shock,administered,2442.2802069530035,2.0,0.0,0.0
8c67e8b8762e759e87e3cc63,sensitivity_081_shock,administered,3034.975848519012,0.0,0.0,0.0
291b90ae386ff57618cedf9f,sensitivity_081_shock,administered,2570.388831795813,16.0,0.0,0.0
3538823a9e048c80ac971b23,sensitivity_081_shock,administered,3168.767166067709,0.0,0.0,0.0
e4ec7fc94787c2ae0363912c,sensitivity_081_shock,market,2774.6342464043682,0.0,0.0,0.0
01f370b0d840052672dfbef1,sensitivity_081_shock,market,2394.924066054637,0.0,0.0,0.0
b5db7d3b1ed07d02fcab992c,sensitivity_081_shock,market,2988.8260506401284,0.0,0.0,0.0
59e76462340284916800ba7d,sensitivity_081_shock,market,2571.5098297524055,0.0,0.0,0.0
9e826678e6e93d80c4b3fbb8,sensitivity_081_shock,market,3102.3812744621205,0.0,0.0,0.0
76fa97e2eb2f3d57e6a763f6,sensitivity_082_baseline,administered,3128.475493450807,0.0,0.0,0.0
acf4c522dc1308d3bc7ac180,sensitivity_082_baseline,administered,3121.694040665076,0.0,0.0,0.0
785df07b312a8206004b1f76,sensitivity_082_baseline,administered,2535.0470412609843,0.0,0.0,0.0
c324d14992d7d01ddadf99a8,sensitivity_082_baseline,administered,2032.7267338287336,58.0,0.0,0.0
2d2950ae9d1f1f62dedb7a1d,sensitivity_082_baseline,administered,2790.1162541918347,2.0,0.0,0.0
c180cb598969973796831a3f,sensitivity_082_baseline,market,2946.2950999523373,0.0,0.0,0.0
c31aaaf9e1630d152702f729,sensitivity_082_baseline,market,2979.04200079431,0.0,0.0,0.0
561f3fb7746db97059a2f263,sensitivity_082_baseline,market,2614.880678917069,0.0,0.0,0.0
534f2c63248a205f1eb38169,sensitivity_082_baseline,market,2103.439412167702,0.0,0.0,0.0
f177b271aef699d88bd78ce7,sensitivity_082_baseline,market,2770.4160773116437,0.0,0.0,0.0
ee4535e235a75595136461f8,sensitivity_082_shock,administered,3269.944407287903,0.0,0.0,0.0
c49edc5abb08e8d830482981,sensitivity_082_shock,administered,3268.733434662293,0.0,0.0,0.0
17dbcd1a6b5f95380088a601,sensitivity_082_shock,administered,2822.892604107767,0.0,0.0,0.0
7c9b689966529f0ecb43f0fc,sensitivity_082_shock,administered,2340.9739196913397,3.0,0.0,0.0
10304157958f057aa77ee616,sensitivity_082_shock,administered,3019.2043799177795,0.0,0.0,0.0
b31bc237e55792a2d6635e19,sensitivity_082_shock,market,3093.36848609738,0.0,0.0,0.0
b345e6bcab4fba32aa0b89c7,sensitivity_082_shock,market,3182.5715740277305,0.0,0.0,0.0
7a036fdee974938e2cac5f81,sensitivity_082_shock,market,2832.015533808679,0.0,0.0,0.0
622183e7b837aa7ec4d84980,sensitivity_082_shock,market,2418.202299447147,0.0,0.0,0.0
5122c18e9280bf721a5e7200,sensitivity_082_shock,market,2924.693472070285,0.0,0.0,0.0
4295713c6417b97ba4ef1eeb,sensitivity_083_baseline,administered,2135.377717916728,68.0,0.0,0.0
6de51365956884589af07906,sensitivity_083_baseline,administered,2261.5806015463104,0.0,0.0,0.0
6730925f7ab2fb979da8e804,sensitivity_083_baseline,administered,3439.4877176476407,0.0,0.0,0.0
dbfe9214c67417cc13bc53f8,sensitivity_083_baseline,administered,2768.9053726160787,0.0,0.0,0.0
cfaee33ed93ac32ad356b711,sensitivity_083_baseline,administered,2299.7334544255627,1.0,0.0,0.0
2628f278253b9d37d40a6c9b,sensitivity_083_baseline,market,2359.2648916974804,0.0,0.0,0.0
eed95ac873db1afc7498543a,sensitivity_083_baseline,market,2527.957593266647,0.0,0.0,0.0
4c8cd0f0d83ffafa12c86b24,sensitivity_083_baseline,market,3137.7464991847255,0.0,0.0,0.0
21410f4f03b2302bb067837b,sensitivity_083_baseline,market,2707.8670622066843,0.0,0.0,0.0
019a1d1885a42a023e38fe74,sensitivity_083_baseline,market,2563.570555191588,0.0,0.0,0.0
86fc0520b8c7877caf70acd9,sensitivity_083_shock,administered,2450.979448816379,32.0,0.0,0.0
47987e69e706103e8ce4eff0,sensitivity_083_shock,administered,2613.223572092601,0.0,0.0,0.0
4d2f30b5bffae424c90a5f65,sensitivity_083_shock,administered,3599.6606878096045,0.0,0.0,0.0
f2de8c85f67896016630ef16,sensitivity_083_shock,administered,2973.149310042161,0.0,0.0,0.0
41a68f289a2ee378ed446006,sensitivity_083_shock,administered,2641.7856363942647,0.0,0.0,0.0
d1200118cf2e4473faf9cf74,sensitivity_083_shock,market,2607.5559803330457,0.0,0.0,0.0
efe1be7050fc129cfad2ae9a,sensitivity_083_shock,market,2716.4385966913014,0.0,0.0,0.0
cf5d7e7ef9f20bfa3f89967f,sensitivity_083_shock,market,3301.3213218469273,0.0,0.0,0.0
7e4052d802039938d4166429,sensitivity_083_shock,market,2870.3149074252824,0.0,0.0,0.0
6aa7008071d999ea42ce97f1,sensitivity_083_shock,market,2719.839620995501,0.0,0.0,0.0
ccf4ae5873159517c49b8eb0,sensitivity_084_baseline,administered,2264.0250844369866,95.0,2.1048414906719075,0.0
8114c1eb0cfc94540dd796ff,sensitivity_084_baseline,administered,2836.966297665107,0.0,0.0,0.0
876f89162a95f058643d0a73,sensitivity_084_baseline,administered,2153.636124218033,29.0,0.0,0.0
75e25927486563f2274c5a33,sensitivity_084_baseline,administered,2090.0050632590437,92.0,0.0,0.0
7cf92d78e0371bb2c65e45cb,sensitivity_084_baseline,administered,2712.0555954758092,87.0,3.04985300369297,0.0
a2f91e8933df55f7118c715e,sensitivity_084_baseline,market,2237.061568963462,34.0,14.09046330986148,0.0
0af35a14838612dc156c2624,sensitivity_084_baseline,market,2815.028451374185,0.0,0.0,0.0
f543a00e8f30e94cb718fcc7,sensitivity_084_baseline,market,2136.0001419488685,9.0,0.0,0.0
a95acc4d9b10f12870535ad6,sensitivity_084_baseline,market,2037.846871174047,56.0,0.0,0.0
415d43f4178f9c3c45222c8d,sensitivity_084_baseline,market,2671.452136504365,40.0,4.359562169775095,0.0
a575d7ff3e0c3a22cc866c51,sensitivity_084_shock,administered,2547.8222662373687,52.0,0.532054041279566,0.0
f2829ffd1a8494fc1ef302a2,sensitivity_084_shock,administered,3022.9010884119793,0.0,0.0,0.0
f8d9c1ee868bee7d466d8fb2,sensitivity_084_shock,administered,2499.4391451040765,16.0,0.0,0.0
ff6a5cfb3c5c3752a910aa31,sensitivity_084_shock,administered,2382.902867038198,25.0,0.0,0.0
c747c27040e237c1efb229ec,sensitivity_084_shock,administered,2977.303057234679,39.0,1.108027128083938,0.0
44a805d2317b020dfa44411e,sensitivity_084_shock,market,2554.18263493307,8.0,10.489851467250606,0.0
87400d9dd5d01e7780c3a4e4,sensitivity_084_shock,market,2965.932535951022,0.0,0.0,0.0
2b3e9a50d8d3d8f708c2abbd,sensitivity_084_shock,market,2479.2735698714423,0.0,0.0,0.0
324fb31a024c8acad223f85f,sensitivity_084_shock,market,2323.229313744026,6.0,0.0,0.0
6a7e656d050ea2545bdc9406,sensitivity_084_shock,market,2954.4565450547607,27.0,0.964646410644038,0.0
549a75e4a16e114b919fc436,sensitivity_085_baseline,administered,3126.6131276539277,0.0,0.0,0.0
0c3c60745641dc0ed4f3fcc9,sensitivity_085_baseline,administered,2704.5036322634796,9.0,0.0,0.0
4068f699bbb2d1bec5288c40,sensitivity_085_baseline,administered,3241.3585199555446,0.0,0.0,0.0
18b5f7f53bfe8a0fb92bb5bd,sensitivity_085_baseline,administered,3455.101725048456,0.0,0.0,0.0
d7053920101f74e438bf2b0e,sensitivity_085_baseline,administered,3119.0104700471084,0.0,0.0,0.0
5a0663ed567f4f11a5f0d5e8,sensitivity_085_baseline,market,3009.2243755423183,0.0,0.0,0.0
6b416173db21cb7deb1d2240,sensitivity_085_baseline,market,2658.849298407639,0.0,0.0,0.0
ad2db71ea597779b0fc605b1,sensitivity_085_baseline,market,3140.70369875257,0.0,0.0,0.0
ff61c60934e7a9ec6adefd60,sensitivity_085_baseline,market,3274.645480992554,0.0,0.0,0.0
81090939ea1f1d16216e4171,sensitivity_085_baseline,market,3036.416921747938,0.0,0.0,0.0
b129f8526232da874015a1c6,sensitivity_085_shock,administered,3233.9016853477865,0.0,0.0,0.0
309b8212239d45aa364084e7,sensitivity_085_shock,administered,2889.765480536319,3.0,0.0,0.0
a6b0ddcd0cca3a7d907c70ae,sensitivity_085_shock,administered,3360.290128245562,0.0,0.0,0.0
752b0386cc342606f9667d91,sensitivity_085_shock,administered,3591.8460805436735,0.0,0.0,0.0
e42cf1610bd6841e8705676a,sensitivity_085_shock,administered,3289.061760881089,0.0,0.0,0.0
a05277879715c1b707d890cf,sensitivity_085_shock,market,3120.930212695408,0.0,0.0,0.0
693bb95f71b35e366446c0eb,sensitivity_085_shock,market,2841.0249063695646,0.0,0.0,0.0
f63c8948c38c3c04d51da612,sensitivity_085_shock,market,3255.056242164714,0.0,0.0,0.0
77d9370aa0a29f9f8bdebb54,sensitivity_085_shock,market,3446.854676233467,0.0,0.0,0.0
52df6e26725d94e6d8dd5a95,sensitivity_085_shock,market,3212.501179587886,0.0,0.0,0.0
8d90d5e887173565b0b6ee99,sensitivity_086_baseline,administered,2875.682755828936,0.0,0.0,0.0
e20585c22b913d7c7f7384d4,sensitivity_086_baseline,administered,3403.387444645851,0.0,0.0,0.0
0d275d2e3c61d7d5855b04fc,sensitivity_086_baseline,administered,2291.909797240379,20.0,0.0,0.0
625dcd53b023a5352bf06684,sensitivity_086_baseline,administered,3211.1482207190584,0.0,0.0,0.0
b9f15e00231509595201b2db,sensitivity_086_baseline,administered,3279.3547978149963,0.0,0.0,0.0
1bf18493216818b0c808be39,sensitivity_086_baseline,market,2853.7958054737596,0.0,0.0,0.0
948bae81036ec2f422688398,sensitivity_086_baseline,market,3392.948074096474,0.0,0.0,0.0
2e6ad2ce12f1c30654ce43e2,sensitivity_086_baseline,market,2268.622767631156,31.0,0.0,0.0
89da556ea0d647acbf4a8104,sensitivity_086_baseline,market,3192.3129777407044,0.0,0.0,0.0
6533ec77dbe0e4c14563228a,sensitivity_086_baseline,market,3266.239739425568,0.0,0.0,0.0
2956ee3d8a4cba4ce849ced9,sensitivity_086_shock,administered,3125.687964445929,0.0,0.0,0.0
a51f74aea305b27dd24d949e,sensitivity_086_shock,administered,3536.1240900060325,0.0,0.0,0.0
9587bd842b41eae1cf9d505c,sensitivity_086_shock,administered,2636.522293873429,0.0,0.0,0.0
1993122357d84f5c0f006ac5,sensitivity_086_shock,administered,3381.598144372169,0.0,0.0,0.0
7ef26b3b7aed00066e71bd80,sensitivity_086_shock,administered,3406.4758040423403,0.0,0.0,0.0
2669bbf407881c706b182fe6,sensitivity_086_shock,market,3106.3415081101853,0.0,0.0,0.0
453bfc20acf3238717e381e7,sensitivity_086_shock,market,3522.8691402777804,0.0,0.0,0.0
500533e4157889f3eba8a71a,sensitivity_086_shock,market,2599.1632889619723,0.0,0.0,0.0
5f0f8a75e1255372a575fa17,sensitivity_086_shock,market,3362.871364846874,0.0,0.0,0.0
5f9aefc6d29f25fef2588ea0,sensitivity_086_shock,market,3393.3671660910913,0.0,0.0,0.0
f9fb122e7d6e590b6634e893,sensitivity_087_baseline,administered,3030.3974063591018,0.0,0.0,0.0
51ff9c7911dc6a12659c0e2a,sensitivity_087_baseline,administered,2493.2541810611606,0.0,0.0,0.0
97548eb026ad98a7bca83b39,sensitivity_087_baseline,administered,3418.6844674039426,0.0,0.0,0.0
54c04dc0d1567f26c3769652,sensitivity_087_baseline,administered,3044.0619898166997,0.0,0.0,0.0
86118fffed798a9a289cc58b,sensitivity_087_baseline,administered,2508.9240704094373,0.0,0.0,0.0
dc5318d563c11f3b48c32757,sensitivity_087_baseline,market,2952.7465777810426,0.0,0.0,0.0
d50744bf5a4fb0226d04485e,sensitivity_087_baseline,market,2574.5482446358355,0.0,0.0,0.0
b7414d7c54e3568a32edf532,sensitivity_087_baseline,market,3352.5665515372125,0.0,0.0,0.0
1d61b78fa5fbbdb2a2e2bca7,sensitivity_087_baseline,market,2906.4288557635027,0.0,0.0,0.0
26207c0c4bbbf26c2a4afc06,sensitivity_087_baseline,market,2577.044859837841,0.0,0.0,0.0
6a6dfbf63f1daf14a4847caa,sensitivity_087_shock,administered,3164.590394835359,0.0,0.0,0.0
d0bd5d6bee384217dbf08845,sensitivity_087_shock,administered,2802.1380736749766,0.0,0.0,0.0
b88bea57b9e802995794b573,sensitivity_087_shock,administered,3527.2724497090367,0.0,0.0,0.0
b418cfd1352563cd993f3d34,sensitivity_087_shock,administered,3163.182484043059,0.0,0.0,0.0
17934168391af52ff708d2f5,sensitivity_087_shock,administered,2813.9141819132637,0.0,0.0,0.0
0fe735f7e43cfeaa5e426c5d,sensitivity_087_shock,market,3097.932221214428,0.0,0.0,0.0
1e7a62e5eda7ffb5b7c27955,sensitivity_087_shock,market,2818.7939655012447,0.0,0.0,0.0
6a3701ec98a3345b2a579b6c,sensitivity_087_shock,market,3467.8586789274577,0.0,0.0,0.0
a109093d9fc9bfa02b18872a,sensitivity_087_shock,market,3017.3706902247754,0.0,0.0,0.0
bde3dade5d3f996edfedbe6e,sensitivity_087_shock,market,2826.64240084805,0.0,0.0,0.0
6cecad7d1a1c8d328deed1c8,sensitivity_088_baseline,administered,3033.405038476993,0.0,0.0,0.0
bfc2b163bffd4985ce95fd8b,sensitivity_088_baseline,administered,3044.9490000383744,0.0,0.0,0.0
daac84c975bf4ea0dbd46c5e,sensitivity_088_baseline,administered,1996.9463503766665,143.0,0.5315281612136191,0.0
fab2ce80f6d88bd82c614608,sensitivity_088_baseline,administered,2250.8662219226153,193.0,1.8081534586629617,0.0
bb9b6838b693c0f6432ced68,sensitivity_088_baseline,administered,2539.5045261473592,47.0,0.0,0.0
bae5016942ebeaea0938c36a,sensitivity_088_baseline,market,2916.2611726747523,0.0,0.0,0.0
e0a9df1c1584f9c817bf0d2c,sensitivity_088_baseline,market,3013.865484279924,0.0,0.0,0.0
a8674e3eb94d8823efac6f4f,sensitivity_088_baseline,market,1971.7534613668615,25.0,0.0249927448934395,0.0
66393f5d7d169a640be38815,sensitivity_088_baseline,market,2087.8894940227847,45.0,0.0,0.0
b1bdbc04da6c491302b83ef1,sensitivity_088_baseline,market,2639.080708037046,0.0,0.0,0.0
7b53ec39503780a24c4ad82d,sensitivity_088_shock,administered,3155.8079519778244,0.0,0.0,0.0
c1516f7c6f911612ee1a6829,sensitivity_088_shock,administered,3272.1548856546037,0.0,0.0,0.0
20b84728171152e73654a8fe,sensitivity_088_shock,administered,2275.112611515382,127.0,0.980573772196621,0.0
b0bae8fa43c87f9e0946a836,sensitivity_088_shock,administered,2630.9831162484593,295.0,0.0,0.0
3dc30ecf86896e5df68b2749,sensitivity_088_shock,administered,2802.3400974585866,20.0,0.0,0.0
0b85cca888701aa02408c342,sensitivity_088_shock,market,3048.180731080801,0.0,0.0,0.0
6e968d131c1d3df77e80bcc4,sensitivity_088_shock,market,3241.816891093338,0.0,0.0,0.0
c45821e70057cc4b5a0c0eaf,sensitivity_088_shock,market,2293.148088834892,31.0,0.32013030329956127,0.0
9c6827c397fc7d87a9c8a6a5,sensitivity_088_shock,market,2567.935590324137,92.0,2.3989671416164278,0.0
991016cda58723739da91789,sensitivity_088_shock,market,2818.751545173384,0.0,0.0,0.0
269fd2d95998e5c86d146a55,sensitivity_089_baseline,administered,3263.484066197774,0.0,0.0,0.0
a4007956a51b9078408446cb,sensitivity_089_baseline,administered,2620.434769949788,0.0,0.0,0.0
329939ec78bca9fe37636988,sensitivity_089_baseline,administered,3064.7396935971706,0.0,0.0,0.0
198359d26a9d6685f13c47ee,sensitivity_089_baseline,administered,2605.9443029103,0.0,0.0,0.0
15cda6287a484cbfa6c87d4e,sensitivity_089_baseline,administered,2231.7974596197587,1.0,0.0,0.0
559a9fbabc71f6c047ae5f57,sensitivity_089_baseline,market,3104.9579017471797,0.0,0.0,0.0
0a4b51eb1e1419745eb7e76d,sensitivity_089_baseline,market,2601.0917514394578,0.0,0.0,0.0
6e0d69843a0f67f5e7fb3021,sensitivity_089_baseline,market,2791.50808356971,0.0,0.0,0.0
1747b310ca80782c73a9c289,sensitivity_089_baseline,market,2664.7574868427237,0.0,0.0,0.0
9cf6986a7ae1677867a5f73d,sensitivity_089_baseline,market,2389.4473913199818,0.0,0.0,0.0
c3c896ef9824a83bf0751872,sensitivity_089_shock,administered,3372.7700727732363,0.0,0.0,0.0
7b1fc8fbac50247ad1309b89,sensitivity_089_shock,administered,2863.0990013326514,0.0,0.0,0.0
2e6db0f05afafed6214883d0,sensitivity_089_shock,administered,3182.0923329273255,0.0,0.0,0.0
5071e99e8472fa0486db72bc,sensitivity_089_shock,administered,2876.9634298870974,0.0,0.0,0.0
0d4f9b77633e39fc8744a2b6,sensitivity_089_shock,administered,2560.675351019604,0.0,0.0,0.0
1b39782aab0489db376743d0,sensitivity_089_shock,market,3213.991814820254,0.0,0.0,0.0
caef1b0146909845a933b017,sensitivity_089_shock,market,2813.0811470920207,0.0,0.0,0.0
96c5de5a723f2c632002e136,sensitivity_089_shock,market,2919.9777679235867,0.0,0.0,0.0
5beba30b16c6bf4d256a4e20,sensitivity_089_shock,market,2871.1220158470587,0.0,0.0,0.0
6288c4b06073085d8ec32e6c,sensitivity_089_shock,market,2651.4575871623674,0.0,0.0,0.0
aee09e234641ec0223f3c8ef,sensitivity_090_baseline,administered,2683.822271184736,0.0,0.0,0.0
5c9e49884ce33d9a60ddd0c0,sensitivity_090_baseline,administered,3027.5122951319527,0.0,0.0,0.0
07febf5207c5b3267df6fed7,sensitivity_090_baseline,administered,2163.7148407644713,37.0,3.7087500761470062,0.0
75f2c18f8d084e3cf72e8b75,sensitivity_090_baseline,administered,3275.802063900448,0.0,0.0,0.0
0caf085f12d34eb2501a85cd,sensitivity_090_baseline,administered,2721.6039594715166,0.0,0.0,0.0
cb991d8b0b0221f90bc514f8,sensitivity_090_baseline,market,2700.249719463453,0.0,0.0,0.0
3d69c57e5fc1d10eda70ac25,sensitivity_090_baseline,market,2988.50480783977,0.0,0.0,0.0
8c2e19fb200c74a31c11528a,sensitivity_090_baseline,market,2117.420564299713,43.0,7.334550445251542,0.0
d6dd9cc268c3fcf7bb877a7b,sensitivity_090_baseline,market,3245.2676717630957,0.0,0.0,0.0
406bd505d341067ecdbbead0,sensitivity_090_baseline,market,2708.534305121194,0.0,0.0,0.0
447f9a86214607b6ddaccfbe,sensitivity_090_shock,administered,2943.7353358439473,0.0,0.0,0.0
198959b3d9dbe7bcb5f32037,sensitivity_090_shock,administered,3139.2680989130345,0.0,0.0,0.0
3585bbb711e30936c5220a10,sensitivity_090_shock,administered,2452.3308162214353,4.0,1.2397903815687772,0.0
0e724efd2e0e76e09ceeb492,sensitivity_090_shock,administered,3399.5798996603285,0.0,0.0,0.0
7353a17624b07c2b4a00dae2,sensitivity_090_shock,administered,2984.3005449270313,0.0,0.0,0.0
3c8d1c70288b05c3b9b12704,sensitivity_090_shock,market,2936.9495382854934,0.0,0.0,0.0
21f9901abc076c996774bf7e,sensitivity_090_shock,market,3097.6981548787735,0.0,0.0,0.0
c16d60720f1e0c3f41e33c34,sensitivity_090_shock,market,2393.6863606350425,9.0,0.0,0.0
81683bacaa3baef72f7b4b6b,sensitivity_090_shock,market,3368.5608683157598,0.0,0.0,0.0
6ad9736e92f9feb449e90946,sensitivity_090_shock,market,2966.765412741884,0.0,0.0,0.0
b2b64514a091c97c749f8081,sensitivity_091_baseline,administered,2446.463218643127,160.0,1.378394109905548,0.0
296be2df1037619b9767b694,sensitivity_091_baseline,administered,3087.0812113506577,0.0,0.0,0.0
00cdd328da456b8a1a38d000,sensitivity_091_baseline,administered,3197.0704354374784,0.0,0.0,0.0
8425974f8b8a46d098ed4970,sensitivity_091_baseline,administered,3360.121445415779,0.0,0.0,0.0
9a772948970b2e0336aa4a11,sensitivity_091_baseline,administered,2049.802842606007,46.0,0.0,0.0
514551f69b9e70c6d50e43b6,sensitivity_091_baseline,market,2385.3462019812314,0.0,0.0,0.0
f055000d8ba76a2cf7c3d04b,sensitivity_091_baseline,market,2887.386356145351,0.0,0.0,0.0
a4ad19521f129924b5be0e74,sensitivity_091_baseline,market,3080.295310660777,0.0,0.0,0.0
ea9a7448799ed55ec9d50cff,sensitivity_091_baseline,market,3036.587377265443,0.0,0.0,0.0
892f93547554c9a3db5cac13,sensitivity_091_baseline,market,2145.264755473943,0.0,0.0,0.0
919715d11641aa10e25c5315,sensitivity_091_shock,administered,2720.0359581167672,162.0,0.4315270565841427,0.0
54cf25725fd34f0075b478fb,sensitivity_091_shock,administered,3242.087854446645,0.0,0.0,0.0
51c961afa9b7946178f63e24,sensitivity_091_shock,administered,3303.383500362588,0.0,0.0,0.0
7010e4db40c69cc98bd9e739,sensitivity_091_shock,administered,3482.1029391747034,0.0,0.0,0.0
4df1bfd21159d506e7bf3033,sensitivity_091_shock,administered,2382.4360319342472,18.0,0.10209321766693069,0.0
56870a274a8a8bad53c32bbc,sensitivity_091_shock,market,2697.6000832573823,0.0,0.0,0.0
d712e84b391b50c4f4a267f4,sensitivity_091_shock,market,3040.3035257214033,0.0,0.0,0.0
7244cfdf546ebbeb8b0e674f,sensitivity_091_shock,market,3177.960412344277,0.0,0.0,0.0
c9d00dc600fa3580690cc0ce,sensitivity_091_shock,market,3165.8876374843085,0.0,0.0,0.0
051bac75a775749fecc38ab7,sensitivity_091_shock,market,2431.6918118170224,0.0,0.0,0.0
cf8083ddf2e43636ab3f2edf,sensitivity_092_baseline,administered,2380.623458332579,0.0,0.0,0.0
d7e925de5cfccb5840452df4,sensitivity_092_baseline,administered,2948.6107708413388,0.0,0.0,0.0
7612d512deefaba732ffad4e,sensitivity_092_baseline,administered,2908.718084625988,4.0,0.0,0.0
5538578090e0f8367086a1b9,sensitivity_092_baseline,administered,2573.4747534108087,0.0,0.0,0.0
78e2dbae0f718d60b56a3f34,sensitivity_092_baseline,administered,2124.804687335119,13.0,0.0,0.0
7114850be5625b1febee487a,sensitivity_092_baseline,market,2506.00173473559,0.0,0.0,0.0
90e6370ac6643338e5f0fb34,sensitivity_092_baseline,market,2847.59449572718,0.0,0.0,0.0
a08e78890cb23dac2021bf98,sensitivity_092_baseline,market,2798.3730918165616,0.0,0.0,0.0
41d71227e4e5b8f7a2b39582,sensitivity_092_baseline,market,2646.457570489891,0.0,0.0,0.0
92a291269a1298b2f697c336,sensitivity_092_baseline,market,2327.688864896063,0.0,0.0,0.0
51fa647cee0d9ed09dffc537,sensitivity_092_shock,administered,2655.299701701959,0.0,0.0,0.0
9d65a1fbd98e0d8bf99153e0,sensitivity_092_shock,administered,3133.6998280866765,0.0,0.0,0.0
840058baec6cbb38d2ccdc18,sensitivity_092_shock,administered,3071.692299450293,4.0,0.0,0.0
1ee400228c6f269ff0dc5e5f,sensitivity_092_shock,administered,2849.6966435553436,0.0,0.0,0.0
809619f3a3bd698a6e207dad,sensitivity_092_shock,administered,2466.943551899118,2.0,0.0,0.0
930cac01fdaaed8f7ea69a20,sensitivity_092_shock,market,2683.1017956789315,0.0,0.0,0.0
4c60d905a04aa0f6618c3076,sensitivity_092_shock,market,3022.0127666854846,0.0,0.0,0.0
3f86ca045a11809624899171,sensitivity_092_shock,market,2944.9558747119,0.0,0.0,0.0
cdb137ba6b9f9eef7f4454d1,sensitivity_092_shock,market,2859.703676487664,0.0,0.0,0.0
f1ad5378d6208f81cb19f7b3,sensitivity_092_shock,market,2607.210376023257,0.0,0.0,0.0
918e3051a6c1c0bd230fb199,sensitivity_093_baseline,administered,2994.9262627549247,0.0,0.0,0.0
25bb502ec8bef119646c60ee,sensitivity_093_baseline,administered,2611.908672756346,0.0,0.0,0.0
bf4cebbffd878d9558000d55,sensitivity_093_baseline,administered,2793.0707629611306,0.0,0.0,0.0
cca3cd6c6cd88f9d9d840b11,sensitivity_093_baseline,administered,3602.3065942765566,0.0,0.0,0.0
ec0c9c2d44dad8bee3addfbd,sensitivity_093_baseline,administered,3793.808295561773,0.0,0.0,0.0
587724b54df67e00a9889dc4,sensitivity_093_baseline,market,2903.7881623912613,0.0,0.0,0.0
af167bed5aeb88fb1e509c0c,sensitivity_093_baseline,market,2633.2192302241187,0.0,0.0,0.0
482bb7c4a71ea770b72843c2,sensitivity_093_baseline,market,2702.0356069466397,0.0,0.0,0.0
67f3b61f8f6e329f6c0ca1a3,sensitivity_093_baseline,market,3410.2119093885008,0.0,0.0,0.0
3d5fc59d071ed60808c8df29,sensitivity_093_baseline,market,3324.7761987021745,0.0,0.0,0.0
5e5d3da1ee2bb380cb1b9905,sensitivity_093_shock,administered,3098.6764437682396,0.0,0.0,0.0
45303e2a4c572cc383d82fb7,sensitivity_093_shock,administered,2892.365659113977,0.0,0.0,0.0
4ab0cf3397de29c77f54bc16,sensitivity_093_shock,administered,3027.782958746414,0.0,0.0,0.0
68dce867736b4ac78ac86d5d,sensitivity_093_shock,administered,3724.594368963745,0.0,0.0,0.0
b55660c3d78c216c5f065cdd,sensitivity_093_shock,administered,3948.9921366359363,0.0,0.0,0.0
ae1b39dbb2d1fd44a182919d,sensitivity_093_shock,market,3032.2977670696914,0.0,0.0,0.0
5791c7023eeec855d6d9dfd2,sensitivity_093_shock,market,2838.514071496511,0.0,0.0,0.0
d30ed5a959f3071c842699c1,sensitivity_093_shock,market,2911.6729099447675,0.0,0.0,0.0
42474874788e56d6f5882868,sensitivity_093_shock,market,3526.8089404272127,0.0,0.0,0.0
9f650e0934dca6adb5afef8f,sensitivity_093_shock,market,3610.323529799547,0.0,0.0,0.0
67e445c1371aa8061fdcee12,sensitivity_094_baseline,administered,2884.0539996105367,0.0,0.0,0.0
95ffe357f2c16a8ca4af0207,sensitivity_094_baseline,administered,2477.3275209026806,0.0,0.0,0.0
f336f6fc5842f2a9c0adf38f,sensitivity_094_baseline,administered,2764.181232893129,0.0,0.0,0.0
eead75e98befa0b2e91ba114,sensitivity_094_baseline,administered,3209.832950193948,0.0,0.0,0.0
11e9d9c26b32acd77f0e6364,sensitivity_094_baseline,administered,2803.375314375332,6.0,0.0,0.0
20871c2d941d023aa47d2c23,sensitivity_094_baseline,market,2752.805609973516,0.0,0.0,0.0
2382f631dc1ee90fbd75990f,sensitivity_094_baseline,market,2430.7271571474334,0.0,0.0,0.0
87b4c9b8954f6bc55804d147,sensitivity_094_baseline,market,2621.0284300602048,0.0,0.0,0.0
f5b9a5e279da8f3d9e8f6f05,sensitivity_094_baseline,market,3074.4877781284845,0.0,0.0,0.0
da87d5311900757e98a6e233,sensitivity_094_baseline,market,2701.756969699142,0.0,0.0,0.0
d9b2bb879d1350f975bcc6ba,sensitivity_094_shock,administered,3105.1995457210032,0.0,0.0,0.0
5ccef6e1a7aece34bb87dbf0,sensitivity_094_shock,administered,2713.1037346773073,0.0,0.0,0.0
b4666b2b86fc063e48364f82,sensitivity_094_shock,administered,2969.6639811670625,0.0,0.0,0.0
7b728222b9a5a3ec59586e3f,sensitivity_094_shock,administered,3315.2745559758764,0.0,0.0,0.0
623b9ab6f9402adab2ce5e43,sensitivity_094_shock,administered,3082.530041342392,3.0,0.0,0.0
3c1db2afaf931dc5a87c9302,sensitivity_094_shock,market,2964.4592020903324,0.0,0.0,0.0
ccdbddd8fe693589081231e2,sensitivity_094_shock,market,2674.501005430497,0.0,0.0,0.0
6966d889f5133dba6782cf37,sensitivity_094_shock,market,2803.197394059207,0.0,0.0,0.0
1097396f27c19f28385f705f,sensitivity_094_shock,market,3175.8281592894423,0.0,0.0,0.0
0c4870eea98a4d554b857fd1,sensitivity_094_shock,market,3008.8771965013343,0.0,0.0,0.0
df42c1fcb7157f96cbf10abf,sensitivity_095_baseline,administered,3072.651482507316,0.0,0.0,0.0
5852ca507e53fda519d182c7,sensitivity_095_baseline,administered,2407.110094566374,18.0,1.8746006998940468,0.0
0dae23ed3f308824601afaed,sensitivity_095_baseline,administered,2039.6361980027245,111.0,4.843905572047132,0.0
8ba2b514fd2a6795ad2b67cd,sensitivity_095_baseline,administered,2432.7759199348034,1.0,0.0,0.0
892bbfd342dd11c1a72e2eca,sensitivity_095_baseline,administered,2938.479262925387,0.0,0.0,0.0
f0e189b310b62ec0e9d7121f,sensitivity_095_baseline,market,3057.0370355917175,0.0,0.0,0.0
624842704c4fa94228ecb344,sensitivity_095_baseline,market,2489.2475572736753,6.0,4.360210943689855,0.0
229f82beab6c392d27d342d7,sensitivity_095_baseline,market,2022.83018271866,102.0,1.3260377977069746,0.0
54f7da035f90ebec2f6ec1b3,sensitivity_095_baseline,market,2428.7349646190687,1.0,0.0,0.0
aa2790e37e0ee8f659244d4a,sensitivity_095_baseline,market,2946.9371781239965,0.0,0.0,0.0
bf37670e193d1dd6e028f9f5,sensitivity_095_shock,administered,3214.439289679545,0.0,0.0,0.0
d4747c3d3d71548093bed5a5,sensitivity_095_shock,administered,2665.8223412872935,8.0,0.0,0.0
96486a0f491a7c809b3a2414,sensitivity_095_shock,administered,2353.5719684194496,126.0,5.341649228214051,0.0
518a76e5851f9bd6ef4a16d0,sensitivity_095_shock,administered,2744.7931242818213,0.0,0.0,0.0
fd974dd0c258dd1d4decbdf5,sensitivity_095_shock,administered,3127.877277554292,0.0,0.0,0.0
00404883a4ea20523168b816,sensitivity_095_shock,market,3193.6745108080586,0.0,0.0,0.0
baa495fa4e192a59deffae51,sensitivity_095_shock,market,2719.000378010737,3.0,0.8704542178360581,0.0
b2b6c466250bf151dd97811b,sensitivity_095_shock,market,2328.2085217228096,104.0,10.224481461145114,0.0
206b742e5f015c93b12cf0a9,sensitivity_095_shock,market,2727.241455496237,0.0,0.0,0.0
476ea10387194003fd1df459,sensitivity_095_shock,market,3115.1516569697296,0.0,0.0,0.0
437c852eedad01cd382e8325,sensitivity_096_baseline,administered,3117.3188558706415,10.0,0.0,0.0
329af6a482ddc7d997e42bc4,sensitivity_096_baseline,administered,2502.694806808162,3.0,0.0,0.0
ba4a8885a01bd3b31de85d80,sensitivity_096_baseline,administered,3419.549797526929,0.0,0.0,0.0
95746fcf7d118ec3db217415,sensitivity_096_baseline,administered,2780.5311642972424,2.0,0.0,0.0
1a573465cbf0109108dd0513,sensitivity_096_baseline,administered,1905.4565418629425,59.0,0.0,0.0
15449fe144b01a861e9ed7ee,sensitivity_096_baseline,market,3100.8637285251707,3.0,0.0,0.0
b6faa48788df4405fec05544,sensitivity_096_baseline,market,2486.898574125887,0.0,0.0,0.0
963a3ccb6436d718d9f27d20,sensitivity_096_baseline,market,3417.549266812466,0.0,0.0,0.0
9ea89970840033c916048692,sensitivity_096_baseline,market,2790.138991139183,0.0,0.0,0.0
f8741a460fbe590ad9ac2b26,sensitivity_096_baseline,market,1884.1454128463129,50.0,0.2993082596175256,0.0
020fe6e5453004c9a03df8ef,sensitivity_096_shock,administered,3267.0921619480496,11.0,0.0,0.0
5f6e8e8a1231599f547200fe,sensitivity_096_shock,administered,2805.8349736082114,2.0,0.0,0.0
f1833fca9edfc2d3273675e5,sensitivity_096_shock,administered,3534.7193664371944,0.0,0.0,0.0
fc3b6702882ea57501ef296b,sensitivity_096_shock,administered,2974.3860795349588,1.0,0.0,0.0
0111e753d9e5798327248017,sensitivity_096_shock,administered,2226.731896831373,38.0,0.23858127663184225,0.0
c17a68efe7ffe5128ea080ab,sensitivity_096_shock,market,3248.4896484693186,8.0,0.0,0.0
1db903d576afcc4649652c26,sensitivity_096_shock,market,2792.6239115996286,0.0,0.0,0.0
91927baa577a8336e97e5326,sensitivity_096_shock,market,3530.5877106833377,0.0,0.0,0.0
ca90ba2ffa38f6a2a86cb839,sensitivity_096_shock,market,2977.121595903636,0.0,0.0,0.0
f8b6ae374e515e6d851c32d9,sensitivity_096_shock,market,2205.024582884971,32.0,1.0813137217271183,0.0
063d0afd9bb7ee32dc972a7b,sensitivity_097_baseline,administered,3160.247117979687,0.0,0.0,0.0
3cec8f48d30fcbf4cdc29075,sensitivity_097_baseline,administered,2631.061553878928,3.0,0.0,0.0
fc6a92d7f0fb257e45720a91,sensitivity_097_baseline,administered,2992.9622973668165,0.0,0.0,0.0
641b152ba8f3ef961cc92ab2,sensitivity_097_baseline,administered,3149.565953903141,0.0,0.0,0.0
b3d64a23966e21905167da62,sensitivity_097_baseline,administered,2687.7100533423873,0.0,0.0,0.0
3d4b7131bc40c9172e14db1a,sensitivity_097_baseline,market,3048.579491539148,0.0,0.0,0.0
81d9a073ace38200b48d248d,sensitivity_097_baseline,market,2640.7877729636853,0.0,0.0,0.0
0273e6d66d8e1cb33020c97f,sensitivity_097_baseline,market,2883.208609823964,0.0,0.0,0.0
77e4b97b1c7dc26f402106c6,sensitivity_097_baseline,market,2927.3448779256623,0.0,0.0,0.0
771b1c4ab670b7872321e13f,sensitivity_097_baseline,market,2676.370600288277,0.0,0.0,0.0
7c5705ea063c378b88471f69,sensitivity_097_shock,administered,3278.5970999466595,0.0,0.0,0.0
e159be1c3b565ba5ca3778ae,sensitivity_097_shock,administered,2915.49553884632,0.0,0.0,0.0
db18f415e74327a0ce42acbc,sensitivity_097_shock,administered,3115.4874384819313,0.0,0.0,0.0
0421280ca5db3515f7c7e904,sensitivity_097_shock,administered,3252.593559130651,0.0,0.0,0.0
6015291be2b48c4f973be0b1,sensitivity_097_shock,administered,2933.2565106022616,0.0,0.0,0.0
9774b1960ad208d20d528187,sensitivity_097_shock,market,3184.0264513274146,0.0,0.0,0.0
e8a4c04084b4e449ca252fc6,sensitivity_097_shock,market,2892.6311858713007,0.0,0.0,0.0
096e6b528c62e55b7958e2dc,sensitivity_097_shock,market,3011.247433735531,0.0,0.0,0.0
bc1c8acaf4884fbc828a185d,sensitivity_097_shock,market,3036.248434197989,0.0,0.0,0.0
86e131d024e36c7f7bbdafdd,sensitivity_097_shock,market,2912.491726678425,0.0,0.0,0.0
2f65195305df8726fa49bef1,sensitivity_098_baseline,administered,3704.834305843204,0.0,0.0,0.0
21942aa051e387eed96e4600,sensitivity_098_baseline,administered,2797.28813345616,0.0,0.0,0.0
327defbf1d5a9ff093b64aa4,sensitivity_098_baseline,administered,2264.3270308168067,32.0,0.0,0.0
3cf026d839aaaa09a70e7b90,sensitivity_098_baseline,administered,3346.970897305963,0.0,0.0,0.0
0245fccf6bc4e9a1d61d7d9f,sensitivity_098_baseline,administered,2421.483973798354,30.0,0.0,0.0
4bb2eb2b8e1e6e1d74e7c3dc,sensitivity_098_baseline,market,3436.406261451423,0.0,0.0,0.0
fdbd5a18eb228d6c576d1a54,sensitivity_098_baseline,market,2779.566499223974,0.0,0.0,0.0
4830f3149347e186756bf018,sensitivity_098_baseline,market,2203.6021132645387,6.0,0.0,0.0
866077396eb36fdf2321b525,sensitivity_098_baseline,market,3099.3733524244158,0.0,0.0,0.0
ce73d9577e88818c0b117108,sensitivity_098_baseline,market,2357.9319254012457,5.0,0.6668523371624415,0.0
b737281e35dc8fe7444af69f,sensitivity_098_shock,administered,3807.6339981078586,0.0,0.0,0.0
094c8081c860086623cf66c9,sensitivity_098_shock,administered,2981.0643502520843,0.0,0.0,0.0
215a0a7d70c761fc7d7a487f,sensitivity_098_shock,administered,2581.282097089133,7.0,0.0,0.0
28f4201dcb99b1f00d41e3df,sensitivity_098_shock,administered,3469.59008504799,0.0,0.0,0.0
dd4e21af8ea0282945c0512f,sensitivity_098_shock,administered,2710.789318265539,4.0,0.0,0.0
118f62a3664ef88d288d5174,sensitivity_098_shock,market,3554.9668080075826,0.0,0.0,0.0
2414d70253bf30ca4debf1d4,sensitivity_098_shock,market,2937.1025115952752,0.0,0.0,0.0
760217194174622693ad1c8f,sensitivity_098_shock,market,2547.700415360322,0.0,0.0,0.0
ad2ffbf92def3a2874ba0b0e,sensitivity_098_shock,market,3256.1889741279156,0.0,0.0,0.0
a91670354211ca621521e956,sensitivity_098_shock,market,2664.2806246070113,1.0,0.41894263346218885,0.0
7dc8eb1a4f2ede7fdba74e1b,sensitivity_099_baseline,administered,2234.5093297638596,79.0,3.0751841980968986,0.0
eb1cae18732d402f4953cd61,sensitivity_099_baseline,administered,3118.8114306154152,0.0,0.0,0.0
f70d73a8f0aa2e5dca5c7dc8,sensitivity_099_baseline,administered,3782.4629927546457,0.0,0.0,0.0
7035542ca27cf5619c8fe148,sensitivity_099_baseline,administered,2929.8018539264544,0.0,0.0,0.0
4de15a0b1aca3d5c2b3293c7,sensitivity_099_baseline,administered,3145.722860555392,0.0,0.0,0.0
4136701826a4a08c73c194ea,sensitivity_099_baseline,market,2119.5512667414027,3.0,0.0,0.0
a7063ce039fb6471227c6bfe,sensitivity_099_baseline,market,2855.8722506639815,0.0,0.0,0.0
2f17d4a885dcf5d1c1fb9840,sensitivity_099_baseline,market,3439.6384913482016,0.0,0.0,0.0
d478f03b69c7e988accc431d,sensitivity_099_baseline,market,2825.7940449394796,0.0,0.0,0.0
27d8a255f7487dd7b8d19656,sensitivity_099_baseline,market,2848.5125234857087,0.0,0.0,0.0
c84db2ba92591e25dcdfbad4,sensitivity_099_shock,administered,2564.2553795674557,82.0,14.264322369143523,0.0
454b633e8fdcdd39da68487f,sensitivity_099_shock,administered,3227.443561826004,0.0,0.0,0.0
297df7d9a5bd6b505054c2b4,sensitivity_099_shock,administered,3929.6224804276353,0.0,0.0,0.0
473cdbb1a30886aa4f93fd7d,sensitivity_099_shock,administered,3080.216455300115,0.0,0.0,0.0
ad1618e68623b177775c77a7,sensitivity_099_shock,administered,3255.9519463116058,0.0,0.0,0.0
d6010f052b67394966dc0a56,sensitivity_099_shock,market,2692.8909931848507,26.0,25.32033663554872,0.0
f13518a9972ca68935cb0fb1,sensitivity_099_shock,market,2963.540407487915,0.0,0.0,0.0
c629177bdeba679151f60f74,sensitivity_099_shock,market,3574.495211831166,0.0,0.0,0.0
8e1a73f5a2182ce18b3208f7,sensitivity_099_shock,market,2953.1372217825747,0.0,0.0,0.0
fa5acc69f792ce0dd513504d,sensitivity_099_shock,market,2975.3346012561024,0.0,0.0,0.0
ff1211c6b8c527f962c96eda,topology_100_5_empirical,administered,4260.919800278249,0.0,0.0,0.0
2565c069f308db899b7f6a08,topology_100_5_empirical,administered,3235.5683700176205,0.0,0.0,0.0
764060d4ef35ab950302a694,topology_100_5_empirical,administered,5695.022598167219,0.0,0.0,0.0
9c9f68b8e95919b0e0a8b958,topology_100_5_empirical,administered,4291.662337936302,0.0,0.0,0.0
c0c896e83889a49de793673c,topology_100_5_empirical,administered,4348.102893435966,0.0,0.0,0.0
dd8ca2bb811b87dfa3484c93,topology_100_5_empirical,administered,2711.4501880754838,0.0,0.0,0.0
d7daa4ae892734b393ebc0d6,topology_100_5_empirical,administered,4440.771566920819,0.0,0.0,0.0
5d8fb40cbc46890ceffd2943,topology_100_5_empirical,administered,7643.323008922502,0.0,0.0,0.0
1f316e0bd1a990fc4bef3314,topology_100_5_empirical,administered,3288.9531179231753,0.0,0.0,0.0
60e4000828aaeef0658bbdc6,topology_100_5_empirical,administered,5768.802874427903,0.0,0.0,0.0
f19475e3c8f4f43c4bdbda19,topology_100_5_empirical,administered,3509.6158179571294,0.0,0.0,0.0
d530e585fd30785fb6e8e7ff,topology_100_5_empirical,administered,3093.4456554232247,0.0,0.0,0.0
a2bb934047ff1efb9231f12c,topology_100_5_empirical,administered,6694.360678794507,0.0,0.0,0.0
01b12fba82fa261e617b47db,topology_100_5_empirical,administered,7027.585469685491,0.0,0.0,0.0
ca0d54977d437d2fbae987f1,topology_100_5_empirical,administered,4839.246625093343,0.0,0.0,0.0
20d142541c8844b285869824,topology_100_5_empirical,administered,4059.2372983525265,0.0,0.0,0.0
43505ee9ed621953301800c6,topology_100_5_empirical,administered,9870.089841559,0.0,0.0,0.0
717360a25ef23cb4dff237c1,topology_100_5_empirical,administered,4313.5584763167135,0.0,0.0,0.0
c7492e3c229eb0ae5738b4f4,topology_100_5_empirical,administered,7767.147048237617,0.0,0.0,0.0
9071601f531ecb19cac5136e,topology_100_5_empirical,administered,3271.214319364041,0.0,0.0,0.0
023f3dce0c77601f5a72ad30,topology_100_5_empirical,administered,6550.398995742927,0.0,0.0,0.0
6c9926c66f567fde66dc26d2,topology_100_5_empirical,administered,7487.974359403603,0.0,0.0,0.0
8435317960d0bd30236e701b,topology_100_5_empirical,administered,4991.754694063631,0.0,0.0,0.0
27b3d0246298fb60e02a3446,topology_100_5_empirical,administered,5148.760745708995,0.0,0.0,0.0
d1737e49f29435b0e6db798c,topology_100_5_empirical,administered,9080.628127104172,0.0,0.0,0.0
8c8fcc1ec178592983f1581d,topology_100_5_empirical,market,4204.434015811935,0.0,0.0,0.0
7dfaa3c3ae5df800c89e5ac1,topology_100_5_empirical,market,3187.873584271296,0.0,0.0,0.0
5354c72b5c97bad4d7929c7c,topology_100_5_empirical,market,5652.011682522532,0.0,0.0,0.0
b73362e9b40b9fd2fd3b5a3e,topology_100_5_empirical,market,4242.650981013762,0.0,0.0,0.0
a6ffdc0d2d36a9d798745cd5,topology_100_5_empirical,market,4276.638426581037,0.0,0.0,0.0
33d34d86dc2af1a22794ee77,topology_100_5_empirical,market,2700.649655953669,0.0,0.0,0.0
4143534300d6c17b65bf40b0,topology_100_5_empirical,market,4365.294678697844,0.0,0.0,0.0
2605be14b2949a9df2330820,topology_100_5_empirical,market,7631.412218291893,0.0,0.0,0.0
936c792e15c7d09c9733adcc,topology_100_5_empirical,market,3263.6225118261245,0.0,0.0,0.0
521540608ff8f503c158d4d4,topology_100_5_empirical,market,5737.860738886859,0.0,0.0,0.0
e1fe68aaa644f1c13cc6b91c,topology_100_5_empirical,market,3453.562802005048,0.0,0.0,0.0
554d981c70a3e422ebae2031,topology_100_5_empirical,market,3039.5333275062108,0.0,0.0,0.0
b2f760aacef4a01ce7c4e2de,topology_100_5_empirical,market,6691.124944359446,0.0,0.0,0.0
7eb6ce91bc33be01df5f3e60,topology_100_5_empirical,market,7031.1824796612145,0.0,0.0,0.0
121f8119a404bbf0e18dd13a,topology_100_5_empirical,market,4765.066728659034,0.0,0.0,0.0
220aa31ec4fde496b3a61aed,topology_100_5_empirical,market,4004.367803645166,0.0,0.0,0.0
44794e5f853bbd09165a7f4a,topology_100_5_empirical,market,9838.313614814326,0.0,0.0,0.0
9afb0dcbe4ff20d4e87a1fbd,topology_100_5_empirical,market,4257.429203494663,0.0,0.0,0.0
94e3d1d758764321b191b501,topology_100_5_empirical,market,7755.366368897385,0.0,0.0,0.0
3641e9db5b2323dc35f09778,topology_100_5_empirical,market,3223.3514030520005,0.0,0.0,0.0
709dae192640d0de28122981,topology_100_5_empirical,market,6526.593814606792,0.0,0.0,0.0
4833bf74faf2c20247ff8a19,topology_100_5_empirical,market,7476.191345962021,0.0,0.0,0.0
09f5d64b3c826c8904428ce0,topology_100_5_empirical,market,4927.368272470956,0.0,0.0,0.0
4cb94255311e5427b8c8dc22,topology_100_5_empirical,market,5106.977936610904,0.0,0.0,0.0
6c07ad6f78c658c0c2a9bb7e,topology_100_5_empirical,market,9057.04586939747,0.0,0.0,0.0
73863d8e9a192d027ed0acfc,topology_100_5_high,administered,4260.919800278249,0.0,0.0,0.0
b4cddab63139dd95304bcc60,topology_100_5_high,administered,3235.5683700176205,0.0,0.0,0.0
77b7335930a8dcec18a82472,topology_100_5_high,administered,5695.022598167219,0.0,0.0,0.0
0f6af53a4985fd6f873c8e99,topology_100_5_high,administered,4291.662337936302,0.0,0.0,0.0
2c986522bedf93f1b38b10c8,topology_100_5_high,administered,4348.102893435966,0.0,0.0,0.0
555247c9873e4285d3c87992,topology_100_5_high,administered,2711.4501880754838,0.0,0.0,0.0
05702636a5228e9c4dc9d1ea,topology_100_5_high,administered,4440.771566920819,0.0,0.0,0.0
a0e618d58e8bd1ce45d9bdc6,topology_100_5_high,administered,7643.323008922502,0.0,0.0,0.0
e5a0a475e985090899036483,topology_100_5_high,administered,3288.9531179231753,0.0,0.0,0.0
6ac37c09b837af241948c8ba,topology_100_5_high,administered,5768.802874427903,0.0,0.0,0.0
6cf6022f0188b42cbbeef1e8,topology_100_5_high,administered,3509.6158179571294,0.0,0.0,0.0
c343536da3b6274407e46f1c,topology_100_5_high,administered,3093.4456554232247,0.0,0.0,0.0
e823eae976bf7ee7018a56cf,topology_100_5_high,administered,6694.360678794507,0.0,0.0,0.0
f1fb09ab523aa50be094c15c,topology_100_5_high,administered,7027.585469685491,0.0,0.0,0.0
5d20f8ac24b8322b0a0e81a6,topology_100_5_high,administered,4839.246625093343,0.0,0.0,0.0
6a5b57962cee06dda3352881,topology_100_5_high,administered,4059.2372983525265,0.0,0.0,0.0
0960e603b2a7f1dc5e30f527,topology_100_5_high,administered,9870.089841559,0.0,0.0,0.0
3f969f14c20bd79a14af8bd7,topology_100_5_high,administered,4313.5584763167135,0.0,0.0,0.0
44123744a474faee4d21c681,topology_100_5_high,administered,7767.147048237617,0.0,0.0,0.0
71116eabc4e37a1e5ccd2d82,topology_100_5_high,administered,3271.214319364041,0.0,0.0,0.0
2a420ec270992ac7efc864be,topology_100_5_high,administered,6550.398995742927,0.0,0.0,0.0
4f915464e8079a27a84b5965,topology_100_5_high,administered,7487.974359403603,0.0,0.0,0.0
b7c1b3acd2f3f980e3e026b3,topology_100_5_high,administered,4991.754694063631,0.0,0.0,0.0
ba94a68166ec49be911b5e25,topology_100_5_high,administered,5148.760745708995,0.0,0.0,0.0
956a216d8eb8e4afcb62c68c,topology_100_5_high,administered,9080.628127104172,0.0,0.0,0.0
c8953fc13b00cb9784a93c75,topology_100_5_high,market,4204.434015811935,0.0,0.0,0.0
b12161638ebf6a916b899d3a,topology_100_5_high,market,3187.873584271296,0.0,0.0,0.0
ee8a621962b72a3dcdadf44e,topology_100_5_high,market,5652.011682522532,0.0,0.0,0.0
f2af65f1349365b98d23ca2f,topology_100_5_high,market,4242.650981013762,0.0,0.0,0.0
02f55316ccb29cab57b92ac3,topology_100_5_high,market,4276.638426581037,0.0,0.0,0.0
80b941fe2fa7945dd3857d62,topology_100_5_high,market,2700.649655953669,0.0,0.0,0.0
abe9d42280ac44a13fa20442,topology_100_5_high,market,4365.294678697844,0.0,0.0,0.0
ace33d6e3c52f54db20490ff,topology_100_5_high,market,7631.412218291893,0.0,0.0,0.0
66975a65b9a502630ed3171b,topology_100_5_high,market,3263.6225118261245,0.0,0.0,0.0
39ee7e04317eec1b43e085af,topology_100_5_high,market,5737.860738886859,0.0,0.0,0.0
c09c8e4a012a56636a154883,topology_100_5_high,market,3453.562802005048,0.0,0.0,0.0
a970b2d9ae8fad7f062149b9,topology_100_5_high,market,3039.5333275062108,0.0,0.0,0.0
1c23bcdef156a9708ce1c5ed,topology_100_5_high,market,6691.124944359446,0.0,0.0,0.0
d2e998830a375f51ce462e4c,topology_100_5_high,market,7031.1824796612145,0.0,0.0,0.0
2ddde3342b7212ee0dc99267,topology_100_5_high,market,4765.066728659034,0.0,0.0,0.0
aaded017ab85f621a61e012d,topology_100_5_high,market,4004.367803645166,0.0,0.0,0.0
9a524d330508875f3d3e901a,topology_100_5_high,market,9838.313614814326,0.0,0.0,0.0
165dd8869004e2c72fb3025f,topology_100_5_high,market,4257.429203494663,0.0,0.0,0.0
85c89a61235072e5f79b32e8,topology_100_5_high,market,7755.366368897385,0.0,0.0,0.0
bfae1ca606e199027a87aee8,topology_100_5_high,market,3223.3514030520005,0.0,0.0,0.0
7d816f92861b99a14eb07356,topology_100_5_high,market,6526.593814606792,0.0,0.0,0.0
eb7ca1c96e62d77b4807692e,topology_100_5_high,market,7476.191345962021,0.0,0.0,0.0
e4f7078b37756375ef2a4fd6,topology_100_5_high,market,4927.368272470956,0.0,0.0,0.0
a0e8b721dd7952ead827c892,topology_100_5_high,market,5106.977936610904,0.0,0.0,0.0
ebb22a8a36c78e94d0e32da5,topology_100_5_high,market,9057.04586939747,0.0,0.0,0.0
7cd6f4749d77165a99bc47fc,topology_30_3_empirical,administered,2809.1259042992388,0.0,0.0,0.0
751484881675b1528db66d5f,topology_30_3_empirical,administered,2589.607212226701,0.0,0.0,0.0
4fb3af3b44838428be93a6fa,topology_30_3_empirical,administered,2166.0344061199016,0.0,0.0,0.0
8820400ba6f81017be802b2d,topology_30_3_empirical,administered,1592.7979336258957,0.0,0.0,0.0
15ad2cf08c44d6e476375f70,topology_30_3_empirical,administered,2054.8935092106376,0.0,0.0,0.0
9f4a75239951854b4f1b6cea,topology_30_3_empirical,administered,1747.8396669676242,0.0,0.0,0.0
f33ebe1fece627c8c019f668,topology_30_3_empirical,administered,2042.4739940784195,0.0,0.0,0.0
820c13e87c7243756914bcec,topology_30_3_empirical,administered,2865.600410791098,0.0,0.0,0.0
011014cee162c41f7959e6bf,topology_30_3_empirical,administered,1895.1072983703245,0.0,0.0,0.0
0080829cd4b735d26ee9cc0e,topology_30_3_empirical,administered,2727.4179869103436,0.0,0.0,0.0
48534751e9af875b404fb853,topology_30_3_empirical,administered,1777.1292553744556,0.0,0.0,0.0
bff871390312d34760267f97,topology_30_3_empirical,administered,1770.0125766211304,0.0,0.0,0.0
72c3ca93596686d16107e4fa,topology_30_3_empirical,administered,1894.4623926087659,0.0,0.0,0.0
b69279c238167b66a0746c0d,topology_30_3_empirical,administered,1755.3397957157415,0.0,0.0,0.0
49fcce78f86f913af39d1209,topology_30_3_empirical,administered,2454.6328834483124,0.0,0.0,0.0
fbe7803282335633aef8ff69,topology_30_3_empirical,administered,2348.666624202235,0.0,0.0,0.0
7b141b9bf8467ab2617b3d16,topology_30_3_empirical,administered,2485.6705071480214,0.0,0.0,0.0
abe69a26ef05a81a4a3fe52c,topology_30_3_empirical,administered,1746.6173855415984,0.0,0.0,0.0
cb506311e19de32105a2f038,topology_30_3_empirical,administered,2912.8287014613147,0.0,0.0,0.0
a628e5c0b0fee11adbc0b6c2,topology_30_3_empirical,administered,1953.1024193087999,0.0,0.0,0.0
d9d6fa9f9a7cc47cf73fea6e,topology_30_3_empirical,administered,2368.484862494794,0.0,0.0,0.0
c82445c5e4f98c98cbbfa521,topology_30_3_empirical,administered,1923.9358388778337,0.0,0.0,0.0
ac66ce0097d786c2d6351b8e,topology_30_3_empirical,administered,2523.550928096721,0.0,0.0,0.0
cfc5b1a7906dc883eaa1a47c,topology_30_3_empirical,administered,2399.065140028468,0.0,0.0,0.0
5dfa7cb7385f979dc15f1c5c,topology_30_3_empirical,administered,3069.1398192126167,0.0,0.0,0.0
0a5c990333a50fe04c5d198e,topology_30_3_empirical,market,2806.714393625487,0.0,0.0,0.0
cd466fc4387d6f71ff83b3c2,topology_30_3_empirical,market,2583.3471038490547,0.0,0.0,0.0
1edaf8ed5b710aa539b0be4e,topology_30_3_empirical,market,2160.728841234036,0.0,0.0,0.0
1bdca585d33fbc00d45cd58b,topology_30_3_empirical,market,1574.2572467176108,0.0,0.0,0.0
72e0272a494d8bca0c1bb6fe,topology_30_3_empirical,market,2055.675462746532,0.0,0.0,0.0
9f9f81efc104022ae25dc08a,topology_30_3_empirical,market,1732.6837288035124,0.0,0.0,0.0
762d5a3bde2ae1b0623d843f,topology_30_3_empirical,market,2043.2201212476336,0.0,0.0,0.0
49c2eaf8518afbecb79d2db4,topology_30_3_empirical,market,2851.6694015027983,0.0,0.0,0.0
f8334f35d0456f8716545121,topology_30_3_empirical,market,1887.4017083426897,0.0,0.0,0.0
3020db2d503d971fefbd2a7b,topology_30_3_empirical,market,2722.912028285606,0.0,0.0,0.0
f82530b672c3a6643007e748,topology_30_3_empirical,market,1768.987223455648,0.0,0.0,0.0
a0e8449514042fb9d1814f14,topology_30_3_empirical,market,1763.7781230663381,0.0,0.0,0.0
8b0224eed6fa7e95fa5b33e3,topology_30_3_empirical,market,1894.925675265906,0.0,0.0,0.0
66116ba3b837dd81555876c6,topology_30_3_empirical,market,1755.691851113501,0.0,0.0,0.0
83394ff15619709496cfd77c,topology_30_3_empirical,market,2449.7020285801013,0.0,0.0,0.0
cb963c78de4b2b7b7e5c6a86,topology_30_3_empirical,market,2343.031715333678,0.0,0.0,0.0
c38f3f452796c8de47d453a2,topology_30_3_empirical,market,2480.218364045309,0.0,0.0,0.0
0ec416916c476ea367860645,topology_30_3_empirical,market,1735.7696287669855,0.0,0.0,0.0
041c8ae7e3b6dab7684b0317,topology_30_3_empirical,market,2906.5403297320786,0.0,0.0,0.0
dc9459c99a97975ccbd97d5e,topology_30_3_empirical,market,1949.788499989027,0.0,0.0,0.0
92a29e82ebc9159b3b92ee38,topology_30_3_empirical,market,2365.3965785076466,0.0,0.0,0.0
449efae630514f0126cf5bd5,topology_30_3_empirical,market,1916.6286790091965,0.0,0.0,0.0
3b8c4c4016cd5d126c13103f,topology_30_3_empirical,market,2517.117609859755,0.0,0.0,0.0
b5b7c594496e003e9c63b399,topology_30_3_empirical,market,2392.9247494778233,0.0,0.0,0.0
af2afd20f6b1a14fbefb782b,topology_30_3_empirical,market,3067.26967215852,0.0,0.0,0.0
8429f554daa9659419d5bc52,topology_30_5_empirical,administered,2647.249454920656,0.0,0.0,0.0
6dcf5b69560eeb9bbb53514c,topology_30_5_empirical,administered,2397.885453941479,0.0,0.0,0.0
6e3fed9b788ccf4439fc87e1,topology_30_5_empirical,administered,2799.0099773061693,0.0,0.0,0.0
89b449c46f6bac233a62f4be,topology_30_5_empirical,administered,2600.076890923386,0.0,0.0,0.0
60e5b63e4f077e4912bda70b,topology_30_5_empirical,administered,2613.6145235682557,0.0,0.0,0.0
c24a03e74ccbe6c861490c7e,topology_30_5_empirical,administered,2190.4919461889526,0.0,0.0,0.0
fa1ee4160d41fd9c20242328,topology_30_5_empirical,administered,2642.3766237549585,0.0,0.0,0.0
569a4a26d055e556802367e0,topology_30_5_empirical,administered,2925.1345329550913,0.0,0.0,0.0
000c5e91f0174d8da86dde7d,topology_30_5_empirical,administered,2435.131168800235,0.0,0.0,0.0
81a6abfb41cca52b8fe5a236,topology_30_5_empirical,administered,2830.140598627207,0.0,0.0,0.0
82a044524e2bc3fc63eba4ea,topology_30_5_empirical,administered,2480.27257626416,0.0,0.0,0.0
6906f64003496b2121b03ccb,topology_30_5_empirical,administered,2352.7510301268962,0.0,0.0,0.0
7dc4ada7d68bef8656c60630,topology_30_5_empirical,administered,2917.6758668817197,0.0,0.0,0.0
b2da9d4e7a0bb2827a6fec54,topology_30_5_empirical,administered,2934.1782149565993,0.0,0.0,0.0
95f0684b963b70a549d89422,topology_30_5_empirical,administered,2684.102003455358,0.0,0.0,0.0
e4d1121ad8743ecad888d915,topology_30_5_empirical,administered,2567.419290520579,0.0,0.0,0.0
8c270570cea081eceb038d21,topology_30_5_empirical,administered,4086.939722729295,0.0,0.0,0.0
43b3dfe569502f8692c3c8bc,topology_30_5_empirical,administered,2618.399472728436,0.0,0.0,0.0
595cd6191fb0f7e94eb281e8,topology_30_5_empirical,administered,2991.7800997055097,0.0,0.0,0.0
3d278d6502fdcb5811bcd44e,topology_30_5_empirical,administered,2390.269421012753,0.0,0.0,0.0
d3145f9a4aaad29ba27c48c3,topology_30_5_empirical,administered,2826.9475550014304,0.0,0.0,0.0
4d96a8778f975cba3035cd20,topology_30_5_empirical,administered,2916.818873512652,0.0,0.0,0.0
2d58f264e78b05b7de906d66,topology_30_5_empirical,administered,2718.127746746345,0.0,0.0,0.0
c8db274b33e3510751994c37,topology_30_5_empirical,administered,2723.4854336846724,0.0,0.0,0.0
d87af921cc1d32dc470016a6,topology_30_5_empirical,administered,3408.9344267179963,0.0,0.0,0.0
82ccdfa7fda96d8d9a4ed7c3,topology_30_5_empirical,market,2643.5401405668886,0.0,0.0,0.0
a12a28d41d2f7ade93e0edea,topology_30_5_empirical,market,2392.980956762196,0.0,0.0,0.0
9b64d8d56b0cc094a76f52dd,topology_30_5_empirical,market,2789.868780784711,0.0,0.0,0.0
04bf99b552068979121d90ea,topology_30_5_empirical,market,2591.116660116128,0.0,0.0,0.0
5ad627ceb99ae6915f4bf86a,topology_30_5_empirical,market,2607.5497021541264,0.0,0.0,0.0
b9fef9fbbf37344cd028e693,topology_30_5_empirical,market,2185.6626256216227,0.0,0.0,0.0
9cf920ba3d56fd5603c09988,topology_30_5_empirical,market,2636.13529888771,0.0,0.0,0.0
d4418f41a845653b1c2f2015,topology_30_5_empirical,market,2910.5181484709815,0.0,0.0,0.0
7e8e0f6afd17454198e234ce,topology_30_5_empirical,market,2430.2841565388617,0.0,0.0,0.0
71cb621436c68f089f39fbe4,topology_30_5_empirical,market,2821.2371501692232,0.0,0.0,0.0
d7443da49bfa8318fd08146b,topology_30_5_empirical,market,2475.159366314683,0.0,0.0,0.0
c44e2271eb0ec5e78ed9375c,topology_30_5_empirical,market,2350.635893816797,0.0,0.0,0.0
fb04313ee676b50fef0b0207,topology_30_5_empirical,market,2914.505506675185,0.0,0.0,0.0
206b0620ba1fed1781d0cafb,topology_30_5_empirical,market,2933.7803835147442,0.0,0.0,0.0
656a3acd7617998c86fcef99,topology_30_5_empirical,market,2675.098294661597,0.0,0.0,0.0
abffe1d03f837a985ca286e4,topology_30_5_empirical,market,2560.2527533949637,0.0,0.0,0.0
74023c5e6438acd5fb0dac4b,topology_30_5_empirical,market,4083.9535210129056,0.0,0.0,0.0
695b25ce416cd3ba8b054bfc,topology_30_5_empirical,market,2614.509542199416,0.0,0.0,0.0
f97e6127f15981623828f214,topology_30_5_empirical,market,2987.754036593332,0.0,0.0,0.0
63ad77025205aed9c14c3e33,topology_30_5_empirical,market,2388.607912895509,0.0,0.0,0.0
ec9923ad35f31fdb8c7567c3,topology_30_5_empirical,market,2812.35178810548,0.0,0.0,0.0
f347cf55aa64a3afdee8bfde,topology_30_5_empirical,market,2904.1733425489456,0.0,0.0,0.0
d29151ea1ee68bbb4c63bd49,topology_30_5_empirical,market,2708.256879583919,0.0,0.0,0.0
4e0cb5c52223fe08a47eda65,topology_30_5_empirical,market,2718.072929184389,0.0,0.0,0.0
62f5b1240a5b33a1f31ba513,topology_30_5_empirical,market,3407.7927331772885,0.0,0.0,0.0
0332cd33d47b45bbe9069fc4,topology_30_5_high,administered,2647.249454920656,0.0,0.0,0.0
38a41a764d71be99d79f8d3b,topology_30_5_high,administered,2397.885453941479,0.0,0.0,0.0
5720295000d7d755df21389a,topology_30_5_high,administered,2799.0099773061693,0.0,0.0,0.0
97f06870bb2ee9bde6b58086,topology_30_5_high,administered,2600.076890923386,0.0,0.0,0.0
bfad9b9ce1a45fe3e7cf45ba,topology_30_5_high,administered,2613.6145235682557,0.0,0.0,0.0
f7bb680ba808c9abb84e5f78,topology_30_5_high,administered,2190.4919461889526,0.0,0.0,0.0
92c407941b86ebc7c6d88bda,topology_30_5_high,administered,2642.3766237549585,0.0,0.0,0.0
1263d463400a873f9133d217,topology_30_5_high,administered,2925.1345329550913,0.0,0.0,0.0
15dba1c690007c6f1a7f54ea,topology_30_5_high,administered,2435.131168800235,0.0,0.0,0.0
dbf52b5978272b65709f2577,topology_30_5_high,administered,2830.140598627207,0.0,0.0,0.0
b570a430c95897497842e496,topology_30_5_high,administered,2480.27257626416,0.0,0.0,0.0
93a1f777984702c0cb4a4015,topology_30_5_high,administered,2352.7510301268962,0.0,0.0,0.0
db515d127153d97516851621,topology_30_5_high,administered,2917.6758668817197,0.0,0.0,0.0
7ca5328e0e721847d92f3909,topology_30_5_high,administered,2934.1782149565993,0.0,0.0,0.0
b82b13c70b4bfc10c7764774,topology_30_5_high,administered,2684.102003455358,0.0,0.0,0.0
d18ff3022b1dfd13a74c22d1,topology_30_5_high,administered,2567.419290520579,0.0,0.0,0.0
4d47cbb3276eaef3789d9cb0,topology_30_5_high,administered,4086.939722729295,0.0,0.0,0.0
49f2f11b1e6a759872fed53b,topology_30_5_high,administered,2618.399472728436,0.0,0.0,0.0
d3aa7c49aeeb25ec6f11bc1b,topology_30_5_high,administered,2991.7800997055097,0.0,0.0,0.0
cadaa1a5e357d5503d055f33,topology_30_5_high,administered,2390.269421012753,0.0,0.0,0.0
3e199d61fe45bea7af631f76,topology_30_5_high,administered,2826.9475550014304,0.0,0.0,0.0
5ea5443e6471f570c8234f76,topology_30_5_high,administered,2916.818873512652,0.0,0.0,0.0
2717adb25deac37a485214f3,topology_30_5_high,administered,2718.127746746345,0.0,0.0,0.0
f90d274be1f9f45e63e4dec7,topology_30_5_high,administered,2723.4854336846724,0.0,0.0,0.0
14e73a3012cc001e8017dd64,topology_30_5_high,administered,3408.9344267179963,0.0,0.0,0.0
eef492a043ff1de6e9938b49,topology_30_5_high,market,2643.5401405668886,0.0,0.0,0.0
ac965ebc06e002b8161f9df3,topology_30_5_high,market,2392.980956762196,0.0,0.0,0.0
72922bf483510500fb44a2bd,topology_30_5_high,market,2789.868780784711,0.0,0.0,0.0
cacb3349c7cccf8528111d57,topology_30_5_high,market,2591.116660116128,0.0,0.0,0.0
d7eba9861b54e3fd6db7a070,topology_30_5_high,market,2607.5497021541264,0.0,0.0,0.0
cefc4c5a0a04969ae9e036c8,topology_30_5_high,market,2185.6626256216227,0.0,0.0,0.0
1a4c1d99dd0f0d408d970b30,topology_30_5_high,market,2636.13529888771,0.0,0.0,0.0
d8b30899b32bdc762934a73c,topology_30_5_high,market,2910.5181484709815,0.0,0.0,0.0
8383c4881bcab088a472f5ff,topology_30_5_high,market,2430.2841565388617,0.0,0.0,0.0
a197d1dd2c20a53b2143e73a,topology_30_5_high,market,2821.2371501692232,0.0,0.0,0.0
81209be606b252a4e86d8892,topology_30_5_high,market,2475.159366314683,0.0,0.0,0.0
9ba0bf2a41da93c5e4ae9f07,topology_30_5_high,market,2350.635893816797,0.0,0.0,0.0
6c2677881f419cd91d64f555,topology_30_5_high,market,2914.505506675185,0.0,0.0,0.0
fbbf89ed401326be2eff6c7b,topology_30_5_high,market,2933.7803835147442,0.0,0.0,0.0
154f8912ef12d1d6ccfc0223,topology_30_5_high,market,2675.098294661597,0.0,0.0,0.0
c7ce52d7354ff3c2e81daf38,topology_30_5_high,market,2560.2527533949637,0.0,0.0,0.0
1352aa80c1a66fe93b82060f,topology_30_5_high,market,4083.9535210129056,0.0,0.0,0.0
6c7ea308c311a29e6d86a63c,topology_30_5_high,market,2614.509542199416,0.0,0.0,0.0
b97e36e9f89c1e84c0e9248c,topology_30_5_high,market,2987.754036593332,0.0,0.0,0.0
e949dda00f8a9892f900312f,topology_30_5_high,market,2388.607912895509,0.0,0.0,0.0
9dd4d0cf5ee33faac20f37c0,topology_30_5_high,market,2812.35178810548,0.0,0.0,0.0
097db7ba2b75e078c1ae3cd1,topology_30_5_high,market,2904.1733425489456,0.0,0.0,0.0
4886eef8409ada506a093880,topology_30_5_high,market,2708.256879583919,0.0,0.0,0.0
4e8c165ae917fba28f1b52be,topology_30_5_high,market,2718.072929184389,0.0,0.0,0.0
af614a3b480036ad426044d6,topology_30_5_high,market,3407.7927331772885,0.0,0.0,0.0
a548501ec78959afe0a28841,topology_30_5_low,administered,2647.249454920656,0.0,0.0,0.0
a0f99327de54bb82a58393e1,topology_30_5_low,administered,2397.885453941479,0.0,0.0,0.0
9ff426829bd2b7cdc50c2818,topology_30_5_low,administered,2799.0099773061693,0.0,0.0,0.0
f2223304ab3c90ee10c2020f,topology_30_5_low,administered,2600.076890923386,0.0,0.0,0.0
2f36a9b7d7dcc00e6809a5b7,topology_30_5_low,administered,2613.6145235682557,0.0,0.0,0.0
bfbb6f44f8ffed545abb91f3,topology_30_5_low,administered,2190.4919461889526,0.0,0.0,0.0
7a20758aa664d1e68a014e55,topology_30_5_low,administered,2642.3766237549585,0.0,0.0,0.0
5321210edb743d558c989334,topology_30_5_low,administered,2925.1345329550913,0.0,0.0,0.0
bbfef65c89fc041d514d51ff,topology_30_5_low,administered,2435.131168800235,0.0,0.0,0.0
6fb92f71d1cb7a4c3223dd36,topology_30_5_low,administered,2830.140598627207,0.0,0.0,0.0
0767a547d3cce13480e03b69,topology_30_5_low,administered,2480.27257626416,0.0,0.0,0.0
b2c7eab61f674e3ababd3bf2,topology_30_5_low,administered,2352.7510301268962,0.0,0.0,0.0
1c074f47165e309d2fd1486a,topology_30_5_low,administered,2917.6758668817197,0.0,0.0,0.0
50a2b5218f6f12a1a40166cd,topology_30_5_low,administered,2934.1782149565993,0.0,0.0,0.0
c8adec9ba63423917f789454,topology_30_5_low,administered,2684.102003455358,0.0,0.0,0.0
34a0727967d2c7ac374dea1a,topology_30_5_low,administered,2567.419290520579,0.0,0.0,0.0
db0486414fbe04d9d37ac584,topology_30_5_low,administered,4086.939722729295,0.0,0.0,0.0
4412691c65607f51e2c895d4,topology_30_5_low,administered,2618.399472728436,0.0,0.0,0.0
04ece2e3c08018f512787e75,topology_30_5_low,administered,2991.7800997055097,0.0,0.0,0.0
0ce46d55b752cd2a7e34c838,topology_30_5_low,administered,2390.269421012753,0.0,0.0,0.0
20cf4f5c14db45ef79e1587e,topology_30_5_low,administered,2826.9475550014304,0.0,0.0,0.0
b51871ce78809eaa89000e3c,topology_30_5_low,administered,2916.818873512652,0.0,0.0,0.0
cce748bb36fba286e51c1022,topology_30_5_low,administered,2718.127746746345,0.0,0.0,0.0
3c2011c08cfe3ef15f7e0b2b,topology_30_5_low,administered,2723.4854336846724,0.0,0.0,0.0
4ba8b731a620359fbe0f2e7f,topology_30_5_low,administered,3408.9344267179963,0.0,0.0,0.0
3ba25a732fdb3683df9641b0,topology_30_5_low,market,2643.5401405668886,0.0,0.0,0.0
6bb26c21ffaa254410e1850c,topology_30_5_low,market,2392.980956762196,0.0,0.0,0.0
52f342f56523b104afdfcd1a,topology_30_5_low,market,2789.868780784711,0.0,0.0,0.0
f06f6602606bb6053d805e89,topology_30_5_low,market,2591.116660116128,0.0,0.0,0.0
e7027260ad72c0ee9acb7f2e,topology_30_5_low,market,2607.5497021541264,0.0,0.0,0.0
b32c19824e51b1c0e37723fe,topology_30_5_low,market,2185.6626256216227,0.0,0.0,0.0
cc1db6190ca2a0da963738e6,topology_30_5_low,market,2636.13529888771,0.0,0.0,0.0
c5bec09eec11b5768a5b19a1,topology_30_5_low,market,2910.5181484709815,0.0,0.0,0.0
9183feb8d7524569a3d3ff12,topology_30_5_low,market,2430.2841565388617,0.0,0.0,0.0
52fb1e5f4035812102dd2f72,topology_30_5_low,market,2821.2371501692232,0.0,0.0,0.0
02ee1b3d8caa6e20c1dd985c,topology_30_5_low,market,2475.159366314683,0.0,0.0,0.0
9452df91949773a3f9222b0a,topology_30_5_low,market,2350.635893816797,0.0,0.0,0.0
7f43fb826ef91caab4113c8f,topology_30_5_low,market,2914.505506675185,0.0,0.0,0.0
7900411a67e02218c9838796,topology_30_5_low,market,2933.7803835147442,0.0,0.0,0.0
7e6b7afad7454d5cebff1056,topology_30_5_low,market,2675.098294661597,0.0,0.0,0.0
9fd58b3728ffe4f4ccc53533,topology_30_5_low,market,2560.2527533949637,0.0,0.0,0.0
b447216798343f85066c1ade,topology_30_5_low,market,4083.9535210129056,0.0,0.0,0.0
4cf2f543c11397b645976bdf,topology_30_5_low,market,2614.509542199416,0.0,0.0,0.0
d2cf810a73793530ca9b2b2a,topology_30_5_low,market,2987.754036593332,0.0,0.0,0.0
5dc836b85137a9e83bb307e4,topology_30_5_low,market,2388.607912895509,0.0,0.0,0.0
a4b9c86c411abfd853fbcef3,topology_30_5_low,market,2812.35178810548,0.0,0.0,0.0
824ed60dd4e169479d606281,topology_30_5_low,market,2904.1733425489456,0.0,0.0,0.0
69fbbc230dbb956f951a6325,topology_30_5_low,market,2708.256879583919,0.0,0.0,0.0
68a61a9ed36c6df9c57bde3f,topology_30_5_low,market,2718.072929184389,0.0,0.0,0.0
f22e59201d7469217dfcbcbc,topology_30_5_low,market,3407.7927331772885,0.0,0.0,0.0
